"log_ell","log_sigma_f","log_sigma_n","source","chain","retained_draw"
-2.16958041232104,-1.2851155164639,-8.29239119405992,"ring",1,1
-1.43228172972293,-1.25133405587347,-8.02172664806487,"ring",1,2
-2.06540580156743,-1.45556817461011,-8.18403010102336,"ring",1,3
-2.06540580156743,-1.45556817461011,-8.18403010102336,"ring",1,4
-2.06540580156743,-1.45556817461011,-8.18403010102336,"ring",1,5
-2.06540580156743,-1.45556817461011,-8.18403010102336,"ring",1,6
-1.64058100704954,-1.32154003417293,-8.82633701849376,"ring",1,7
-1.98533765442744,-1.19982774098252,-9.17166678164038,"ring",1,8
-1.98533765442744,-1.19982774098252,-9.17166678164038,"ring",1,9
-1.55747146529076,-1.05151447799264,-9.21786494131107,"ring",1,10
-1.38327920675357,-1.04420186287175,-8.35337045057362,"ring",1,11
-1.54828946412794,-1.13550181684556,-9.20033997900548,"ring",1,12
-1.50876706962119,-0.9871886023664,-8.96679807850859,"ring",1,13
-1.21877275976453,-1.18849289991745,-8.2476218433331,"ring",1,14
-1.21877275976453,-1.18849289991745,-8.2476218433331,"ring",1,15
-1.77369389663137,-1.36324921846402,-8.21681217842664,"ring",1,16
-1.89206992773412,-1.10091696881227,-8.56208678178181,"ring",1,17
-1.89206992773412,-1.10091696881227,-8.56208678178181,"ring",1,18
-1.89206992773412,-1.10091696881227,-8.56208678178181,"ring",1,19
-1.59567179722198,-1.47272853433505,-8.26725745365462,"ring",1,20
-1.59567179722198,-1.47272853433505,-8.26725745365462,"ring",1,21
-1.59567179722198,-1.47272853433505,-8.26725745365462,"ring",1,22
-2.15356460504362,-1.44680425984995,-7.8959930441761,"ring",1,23
-2.32414135976416,-1.59060006496993,-8.27229337852441,"ring",1,24
-1.69116141801194,-1.52686152421183,-8.05657534327197,"ring",1,25
-1.34491028731369,-1.22222710847256,-8.24062236189021,"ring",1,26
-1.34491028731369,-1.22222710847256,-8.24062236189021,"ring",1,27
-1.96123136161102,-1.30323027764551,-8.17158933036386,"ring",1,28
-1.96123136161102,-1.30323027764551,-8.17158933036386,"ring",1,29
-1.96123136161102,-1.30323027764551,-8.17158933036386,"ring",1,30
-1.0604906976055,-1.27768934754836,-7.73218830469658,"ring",1,31
-1.07516761049306,-1.18122372755178,-7.95923686219785,"ring",1,32
-2.07975374458978,-1.57432224906252,-8.24175507983045,"ring",1,33
-1.19440145208712,-1.20859890905252,-8.39127231199085,"ring",1,34
-1.20928173717846,-1.25591482420789,-7.76433101801821,"ring",1,35
-0.425983642972896,-0.90613226702352,-8.34106510960463,"ring",1,36
-0.425983642972896,-0.90613226702352,-8.34106510960463,"ring",1,37
-0.425983642972896,-0.90613226702352,-8.34106510960463,"ring",1,38
-0.565484456023728,-0.780723297427854,-9.14011499358459,"ring",1,39
-0.565484456023728,-0.780723297427854,-9.14011499358459,"ring",1,40
-1.69092288865663,-1.24387796504339,-7.77048959115985,"ring",1,41
-1.69092288865663,-1.24387796504339,-7.77048959115985,"ring",1,42
-2.1559836430322,-1.0860550738076,-9.21300126330845,"ring",1,43
-1.9715194689764,-1.21255438533809,-8.73538338343743,"ring",1,44
-1.55643013900869,-1.11804142406151,-8.47339948481692,"ring",1,45
-1.54750739806086,-1.19220345099033,-8.65640379847946,"ring",1,46
-1.54750739806086,-1.19220345099033,-8.65640379847946,"ring",1,47
-1.75974908553275,-1.16536162386402,-8.2814785240819,"ring",1,48
-1.80468438818174,-1.23248008832178,-8.69945224065692,"ring",1,49
-1.80468438818174,-1.23248008832178,-8.69945224065692,"ring",1,50
-1.80468438818174,-1.23248008832178,-8.69945224065692,"ring",1,51
-2.20309210600395,-1.22707454100637,-8.49703148182489,"ring",1,52
-1.87478630318642,-1.04728793145817,-8.50644576663082,"ring",1,53
-2.10054087127474,-1.11198562847721,-9.2772182232116,"ring",1,54
-1.96429281233257,-1.56622497354224,-8.67850227186435,"ring",1,55
-1.96429281233257,-1.56622497354224,-8.67850227186435,"ring",1,56
-1.58889005843926,-1.62287829654649,-7.79769232822473,"ring",1,57
-1.0651534876795,-1.10792133946622,-8.1527693436009,"ring",1,58
-1.54697263836346,-1.35602382665125,-8.65612602778368,"ring",1,59
-1.54697263836346,-1.35602382665125,-8.65612602778368,"ring",1,60
-2.45846976384198,-1.18605752644996,-8.58428946726565,"ring",1,61
-2.45846976384198,-1.18605752644996,-8.58428946726565,"ring",1,62
-2.45846976384198,-1.18605752644996,-8.58428946726565,"ring",1,63
-2.45846976384198,-1.18605752644996,-8.58428946726565,"ring",1,64
-1.61307180648059,-1.146210342512,-8.96092564829576,"ring",1,65
-1.61744299961164,-1.27029477470578,-8.42172657922331,"ring",1,66
-1.61744299961164,-1.27029477470578,-8.42172657922331,"ring",1,67
-1.61744299961164,-1.27029477470578,-8.42172657922331,"ring",1,68
-1.61744299961164,-1.27029477470578,-8.42172657922331,"ring",1,69
-1.61744299961164,-1.27029477470578,-8.42172657922331,"ring",1,70
-1.5054820094656,-1.19999218467276,-8.13120495986004,"ring",1,71
-1.5054820094656,-1.19999218467276,-8.13120495986004,"ring",1,72
-2.32178530323238,-1.11639128519048,-8.94088989738635,"ring",1,73
-2.32178530323238,-1.11639128519048,-8.94088989738635,"ring",1,74
-2.03274164970628,-1.22323745810811,-8.35578580779263,"ring",1,75
-2.03274164970628,-1.22323745810811,-8.35578580779263,"ring",1,76
-2.03274164970628,-1.22323745810811,-8.35578580779263,"ring",1,77
-2.03274164970628,-1.22323745810811,-8.35578580779263,"ring",1,78
-2.03274164970628,-1.22323745810811,-8.35578580779263,"ring",1,79
-2.03274164970628,-1.22323745810811,-8.35578580779263,"ring",1,80
-2.03274164970628,-1.22323745810811,-8.35578580779263,"ring",1,81
-2.23724848124754,-1.35415688856465,-8.56144133472352,"ring",1,82
-2.23724848124754,-1.35415688856465,-8.56144133472352,"ring",1,83
-2.23724848124754,-1.35415688856465,-8.56144133472352,"ring",1,84
-2.64308632237007,-1.14206958632848,-8.54089944727063,"ring",1,85
-2.66687102574249,-1.19335476019221,-8.52743741148796,"ring",1,86
-2.66687102574249,-1.19335476019221,-8.52743741148796,"ring",1,87
-2.66687102574249,-1.19335476019221,-8.52743741148796,"ring",1,88
-2.05981182471916,-1.16154699686968,-8.17255606693898,"ring",1,89
-1.32689901411778,-1.19626806858155,-8.25433712984702,"ring",1,90
-1.32310537493999,-1.11915426324718,-8.49462409703017,"ring",1,91
-1.32310537493999,-1.11915426324718,-8.49462409703017,"ring",1,92
-1.32310537493999,-1.11915426324718,-8.49462409703017,"ring",1,93
-1.71365982839938,-1.08637924638151,-9.04965655051651,"ring",1,94
-2.46738463323146,-1.18155934612866,-9.50981248092907,"ring",1,95
-1.85634346511231,-1.29416291107987,-8.46341727090731,"ring",1,96
-1.85634346511231,-1.29416291107987,-8.46341727090731,"ring",1,97
-0.675002909359491,-0.945859216533299,-8.21680996810191,"ring",1,98
-1.10413444107014,-1.35916044027898,-7.75459584883679,"ring",1,99
-1.88172858418238,-1.28617783243033,-8.43777030964378,"ring",1,100
-2.09299860752703,-1.32419704752464,-8.73459185072071,"ring",1,101
-2.09299860752703,-1.32419704752464,-8.73459185072071,"ring",1,102
-2.09299860752703,-1.32419704752464,-8.73459185072071,"ring",1,103
-2.00508903430256,-1.2901846822618,-8.61110292693429,"ring",1,104
-2.00508903430256,-1.2901846822618,-8.61110292693429,"ring",1,105
-2.29887798748204,-1.26567902951991,-9.49442549814962,"ring",1,106
-1.67244278462375,-1.5998288995159,-8.10425277067067,"ring",1,107
-1.13065741856268,-1.003696404599,-8.38858407273905,"ring",1,108
-1.13065741856268,-1.003696404599,-8.38858407273905,"ring",1,109
-0.713957401414386,-0.863159166447209,-8.52262000212572,"ring",1,110
-0.507080010920525,-0.909761859259047,-8.24560914680168,"ring",1,111
-0.507080010920525,-0.909761859259047,-8.24560914680168,"ring",1,112
-0.507080010920525,-0.909761859259047,-8.24560914680168,"ring",1,113
-2.20230516385103,-1.53831952806864,-8.25063294787287,"ring",1,114
-2.24649360269022,-1.21239118071892,-8.76509216245517,"ring",1,115
-2.24649360269022,-1.21239118071892,-8.76509216245517,"ring",1,116
-1.60980103530383,-1.30782339502949,-8.83203304010404,"ring",1,117
-2.5979651847866,-1.28140393354559,-9.3369471924623,"ring",1,118
-2.5979651847866,-1.28140393354559,-9.3369471924623,"ring",1,119
-2.44645164751414,-1.11722049758026,-8.95934974060922,"ring",1,120
-1.65646281647549,-0.948469960433208,-8.68317689760941,"ring",1,121
-2.20467544397643,-1.3692636925453,-8.45516750491155,"ring",1,122
-2.20467544397643,-1.3692636925453,-8.45516750491155,"ring",1,123
-2.20467544397643,-1.3692636925453,-8.45516750491155,"ring",1,124
-2.20467544397643,-1.3692636925453,-8.45516750491155,"ring",1,125
-2.20467544397643,-1.3692636925453,-8.45516750491155,"ring",1,126
-1.73883145294619,-1.24877141919462,-8.40169728827142,"ring",1,127
-1.61053039296419,-1.24460405623545,-7.66510430648225,"ring",1,128
-1.72178663721441,-1.19915396651017,-7.76732127669329,"ring",1,129
-1.34345969317506,-1.26939915220189,-7.74602951014584,"ring",1,130
-1.34345969317506,-1.26939915220189,-7.74602951014584,"ring",1,131
-2.35727464129925,-1.35627295804701,-8.33482845399867,"ring",1,132
-2.52680643295525,-1.22014695180536,-8.24706471055585,"ring",1,133
-2.05176005663686,-1.06285997241142,-8.55735747679003,"ring",1,134
-2.05176005663686,-1.06285997241142,-8.55735747679003,"ring",1,135
-1.44087597125508,-1.06277844750684,-8.69366402958096,"ring",1,136
-1.44087597125508,-1.06277844750684,-8.69366402958096,"ring",1,137
-1.44087597125508,-1.06277844750684,-8.69366402958096,"ring",1,138
-1.623835383136,-1.20321911841817,-8.15608122716831,"ring",1,139
-1.623835383136,-1.20321911841817,-8.15608122716831,"ring",1,140
-1.71725459334614,-1.39528072643031,-7.91033108480404,"ring",1,141
-1.71725459334614,-1.39528072643031,-7.91033108480404,"ring",1,142
-1.71725459334614,-1.39528072643031,-7.91033108480404,"ring",1,143
-1.24683477748134,-1.24693831478706,-8.37908198545643,"ring",1,144
-0.759084103196967,-1.09368015192108,-7.9110584560877,"ring",1,145
-0.95457411487869,-1.10006970877556,-8.49718643285186,"ring",1,146
-0.435179365465542,-0.960206237045556,-7.73379315915812,"ring",1,147
-0.435179365465542,-0.960206237045556,-7.73379315915812,"ring",1,148
-0.881449250901728,-0.898185432115228,-8.26192184643009,"ring",1,149
-1.84195246598615,-0.917249203247892,-8.7695482111165,"ring",1,150
-2.20811152249017,-1.00867665616686,-8.13558933047473,"ring",1,151
-1.75504727200727,-0.961734017965272,-8.99547630574816,"ring",1,152
-2.04102383942979,-1.10111105233595,-7.89658495006977,"ring",1,153
-2.21459863852568,-1.52322000733461,-8.19033421287553,"ring",1,154
-1.90460897067752,-1.22697602153695,-8.29333386046464,"ring",1,155
-2.32433848045516,-1.17179936181781,-8.9800807085888,"ring",1,156
-2.32433848045516,-1.17179936181781,-8.9800807085888,"ring",1,157
-2.4252293121921,-1.32760418256805,-8.71783416886317,"ring",1,158
-1.99719963432521,-1.45723907087057,-8.52240368301226,"ring",1,159
-2.40601242549799,-1.39733559251055,-8.15285020081203,"ring",1,160
-2.21923029000469,-1.45335050386821,-8.78903792244632,"ring",1,161
-1.89869135527793,-1.52594943689516,-8.57764605280002,"ring",1,162
-1.32824575652575,-1.50705143487295,-8.18174295371573,"ring",1,163
-1.6364465403418,-1.40267017745729,-8.80299701317984,"ring",1,164
-0.79998841370065,-1.29151045466386,-7.97959509197737,"ring",1,165
-0.79998841370065,-1.29151045466386,-7.97959509197737,"ring",1,166
-1.21172053618359,-0.828526727953338,-8.61076417801881,"ring",1,167
-1.21172053618359,-0.828526727953338,-8.61076417801881,"ring",1,168
-1.21172053618359,-0.828526727953338,-8.61076417801881,"ring",1,169
-1.21172053618359,-0.828526727953338,-8.61076417801881,"ring",1,170
-1.33163039796452,-1.20562859823877,-8.69104237464005,"ring",1,171
-1.30851795540698,-0.963974091323246,-8.89131028904054,"ring",1,172
-1.20866497250539,-0.916075772897877,-8.8548001119201,"ring",1,173
-1.20866497250539,-0.916075772897877,-8.8548001119201,"ring",1,174
-1.65446009538802,-0.923472637440131,-8.66916327313277,"ring",1,175
-2.46387853138187,-1.61626837655677,-8.81821944192445,"ring",1,176
-2.37810314159118,-1.33671059924559,-8.87846960281643,"ring",1,177
-2.37810314159118,-1.33671059924559,-8.87846960281643,"ring",1,178
-1.54148670709729,-1.46839699462031,-8.22585649991282,"ring",1,179
-1.37643744587991,-1.24652860848487,-8.03058091362611,"ring",1,180
-1.41451986177717,-1.28110630996969,-8.26405455478605,"ring",1,181
-1.91178960057651,-1.41416822390717,-8.44022821599576,"ring",1,182
-1.91178960057651,-1.41416822390717,-8.44022821599576,"ring",1,183
-1.9571112887569,-1.19718940333889,-8.753846535704,"ring",1,184
-1.9571112887569,-1.19718940333889,-8.753846535704,"ring",1,185
-2.84390155832382,-1.36329521858823,-8.93218654909831,"ring",1,186
-2.37972651282529,-1.46149174621133,-8.50861557899146,"ring",1,187
-2.37972651282529,-1.46149174621133,-8.50861557899146,"ring",1,188
-2.10950198219057,-1.29983921111109,-8.84045977538222,"ring",1,189
-1.56892314845092,-1.34789608342941,-8.3424326058481,"ring",1,190
-2.0716322129909,-1.44440710667832,-8.50330789256018,"ring",1,191
-2.0716322129909,-1.44440710667832,-8.50330789256018,"ring",1,192
-2.0716322129909,-1.44440710667832,-8.50330789256018,"ring",1,193
-1.27172896047413,-1.43438770173439,-7.75598382741517,"ring",1,194
-1.6322899820017,-1.46803022065874,-8.52932221989266,"ring",1,195
-1.6322899820017,-1.46803022065874,-8.52932221989266,"ring",1,196
-1.84105677848763,-1.37725808952333,-9.11354674670466,"ring",1,197
-1.91070396746886,-1.61073443259579,-8.43421872113259,"ring",1,198
-2.33253797524937,-1.43660559743942,-8.28907927277218,"ring",1,199
-2.23616215181121,-1.45550926883187,-8.78566759150967,"ring",1,200
-2.19881544117014,-1.40512584835458,-8.85551371125758,"ring",1,201
-2.18639543735777,-1.22283599521535,-8.68951291364331,"ring",1,202
-2.18639543735777,-1.22283599521535,-8.68951291364331,"ring",1,203
-1.91730598719353,-1.24823561493248,-8.50474675832006,"ring",1,204
-1.91730598719353,-1.24823561493248,-8.50474675832006,"ring",1,205
-2.31819004729165,-1.20449228953574,-8.92046566598467,"ring",1,206
-2.31819004729165,-1.20449228953574,-8.92046566598467,"ring",1,207
-2.31819004729165,-1.20449228953574,-8.92046566598467,"ring",1,208
-2.31819004729165,-1.20449228953574,-8.92046566598467,"ring",1,209
-2.31819004729165,-1.20449228953574,-8.92046566598467,"ring",1,210
-1.99597334116031,-1.32511640227543,-8.74619114821213,"ring",1,211
-1.23778300667549,-1.16358215657384,-8.59200379387439,"ring",1,212
-1.56508931068761,-1.21012082449057,-8.28049629901368,"ring",1,213
-1.76058117097341,-1.39211354903183,-8.1475723463253,"ring",1,214
-1.76058117097341,-1.39211354903183,-8.1475723463253,"ring",1,215
-1.26545985168991,-1.15205467788987,-8.29674528001368,"ring",1,216
-1.26545985168991,-1.15205467788987,-8.29674528001368,"ring",1,217
-1.31635952793342,-1.0894083362779,-8.38244544233076,"ring",1,218
-1.31635952793342,-1.0894083362779,-8.38244544233076,"ring",1,219
-1.61191787180154,-0.977672155269941,-8.7417804793017,"ring",1,220
-2.09555971866045,-1.1815648629034,-8.69373110356332,"ring",1,221
-1.86613240684349,-1.20464244075135,-8.63517743922979,"ring",1,222
-1.86613240684349,-1.20464244075135,-8.63517743922979,"ring",1,223
-2.30641348668834,-1.31141524119516,-8.99507682887962,"ring",1,224
-2.03041096750274,-1.12228484926938,-8.58668526733107,"ring",1,225
-2.05040699634833,-1.34877499189201,-8.25538805528667,"ring",1,226
-1.97637668315794,-1.43706045781353,-9.22500066239757,"ring",1,227
-1.97637668315794,-1.43706045781353,-9.22500066239757,"ring",1,228
-1.76545419783926,-1.20989364859934,-9.31760335514513,"ring",1,229
-1.70658427207745,-1.11682202500676,-9.19296757382589,"ring",1,230
-1.88202110645279,-1.2655008608272,-8.64851902799706,"ring",1,231
-2.42207388892448,-1.27344019272768,-8.39613913286331,"ring",1,232
-2.42207388892448,-1.27344019272768,-8.39613913286331,"ring",1,233
-2.42207388892448,-1.27344019272768,-8.39613913286331,"ring",1,234
-2.33721881588357,-1.19149234697283,-8.68412995996114,"ring",1,235
-2.33721881588357,-1.19149234697283,-8.68412995996114,"ring",1,236
-1.76491439619125,-1.21962495387004,-7.99543290369914,"ring",1,237
-0.884502406944674,-1.10615975782114,-7.9224542158129,"ring",1,238
-0.884502406944674,-1.10615975782114,-7.9224542158129,"ring",1,239
-1.16831685978525,-1.32431644104546,-7.73426336059545,"ring",1,240
-1.16831685978525,-1.32431644104546,-7.73426336059545,"ring",1,241
-2.40229642183307,-1.55399422334535,-8.49507454459213,"ring",1,242
-2.02199183199522,-1.4143958516378,-8.22513136819125,"ring",1,243
-2.02199183199522,-1.4143958516378,-8.22513136819125,"ring",1,244
-1.96143114499546,-1.28797023777451,-8.44878282880455,"ring",1,245
-1.96143114499546,-1.28797023777451,-8.44878282880455,"ring",1,246
-1.96143114499546,-1.28797023777451,-8.44878282880455,"ring",1,247
-1.96143114499546,-1.28797023777451,-8.44878282880455,"ring",1,248
-1.96143114499546,-1.28797023777451,-8.44878282880455,"ring",1,249
-1.96143114499546,-1.28797023777451,-8.44878282880455,"ring",1,250
-1.96143114499546,-1.28797023777451,-8.44878282880455,"ring",1,251
-1.96143114499546,-1.28797023777451,-8.44878282880455,"ring",1,252
-1.96143114499546,-1.28797023777451,-8.44878282880455,"ring",1,253
-1.96143114499546,-1.28797023777451,-8.44878282880455,"ring",1,254
-1.96143114499546,-1.28797023777451,-8.44878282880455,"ring",1,255
-1.96143114499546,-1.28797023777451,-8.44878282880455,"ring",1,256
-1.96143114499546,-1.28797023777451,-8.44878282880455,"ring",1,257
-2.00904627416603,-1.51623061152292,-8.25754371854826,"ring",1,258
-2.00904627416603,-1.51623061152292,-8.25754371854826,"ring",1,259
-2.00904627416603,-1.51623061152292,-8.25754371854826,"ring",1,260
-1.85600764492102,-1.28579543759413,-8.64313285853692,"ring",1,261
-2.7269883113294,-1.04956735253995,-9.14908235291411,"ring",1,262
-0.87136057447241,-0.965047270832315,-8.37578808918542,"ring",1,263
-1.31845528044944,-1.17310537967076,-8.16078385649575,"ring",1,264
-1.43379855691189,-1.15382918931988,-7.82020835910372,"ring",1,265
-1.43379855691189,-1.15382918931988,-7.82020835910372,"ring",1,266
-1.43379855691189,-1.15382918931988,-7.82020835910372,"ring",1,267
-1.4049679857099,-1.0654605609195,-8.10906833637328,"ring",1,268
-1.70422914441645,-1.07283441695148,-8.67689749611137,"ring",1,269
-0.965899498556299,-0.907189126032354,-9.47700020700234,"ring",1,270
-1.54640737140591,-0.717148335765099,-9.06200697066728,"ring",1,271
-2.45147352340305,-1.25434932658912,-7.87770469622954,"ring",1,272
-1.63100943244633,-1.20056914970481,-8.61493004904568,"ring",1,273
-1.63100943244633,-1.20056914970481,-8.61493004904568,"ring",1,274
-1.96094176919573,-1.34237429241434,-8.94123931842322,"ring",1,275
-2.4853869598616,-1.29489564593592,-8.45228018354183,"ring",1,276
-2.4853869598616,-1.29489564593592,-8.45228018354183,"ring",1,277
-2.4853869598616,-1.29489564593592,-8.45228018354183,"ring",1,278
-2.4853869598616,-1.29489564593592,-8.45228018354183,"ring",1,279
-2.4853869598616,-1.29489564593592,-8.45228018354183,"ring",1,280
-1.68059337086371,-1.13033205184467,-8.84561734373664,"ring",1,281
-1.68059337086371,-1.13033205184467,-8.84561734373664,"ring",1,282
-1.15575395992107,-1.03559574471898,-8.12770578637262,"ring",1,283
-2.27520641182412,-1.22758951875202,-9.23010320795948,"ring",1,284
-1.89199385612292,-1.07837256271358,-9.49894422608556,"ring",1,285
-1.59652202928603,-1.36392264176716,-8.74317800464983,"ring",1,286
-1.29665129720514,-1.35051881113985,-8.3308816740603,"ring",1,287
-1.50777660142256,-1.55021683165673,-8.58695875417038,"ring",1,288
-2.02932785865756,-1.06054110866243,-8.59556382274734,"ring",1,289
-1.28704689306394,-1.02811651219146,-7.97431440837684,"ring",1,290
-0.94587717626157,-1.43279871336632,-7.935115107094,"ring",1,291
-2.36782762884873,-1.41506106926225,-8.50441229296023,"ring",1,292
-2.36782762884873,-1.41506106926225,-8.50441229296023,"ring",1,293
-2.36782762884873,-1.41506106926225,-8.50441229296023,"ring",1,294
-2.36782762884873,-1.41506106926225,-8.50441229296023,"ring",1,295
-2.36782762884873,-1.41506106926225,-8.50441229296023,"ring",1,296
-2.36782762884873,-1.41506106926225,-8.50441229296023,"ring",1,297
-2.36782762884873,-1.41506106926225,-8.50441229296023,"ring",1,298
-2.36782762884873,-1.41506106926225,-8.50441229296023,"ring",1,299
-2.36782762884873,-1.41506106926225,-8.50441229296023,"ring",1,300
-2.49865922115886,-1.37783328033129,-8.78938412162645,"ring",1,301
-2.49865922115886,-1.37783328033129,-8.78938412162645,"ring",1,302
-2.08973462494844,-1.22645523146097,-8.99039957583946,"ring",1,303
-2.08973462494844,-1.22645523146097,-8.99039957583946,"ring",1,304
-2.08973462494844,-1.22645523146097,-8.99039957583946,"ring",1,305
-2.08973462494844,-1.22645523146097,-8.99039957583946,"ring",1,306
-2.08973462494844,-1.22645523146097,-8.99039957583946,"ring",1,307
-2.07810766029824,-1.25793704213821,-8.72705495774961,"ring",1,308
-2.07810766029824,-1.25793704213821,-8.72705495774961,"ring",1,309
-2.07810766029824,-1.25793704213821,-8.72705495774961,"ring",1,310
-2.36611060661042,-1.43909798887504,-9.00109740011217,"ring",1,311
-2.36611060661042,-1.43909798887504,-9.00109740011217,"ring",1,312
-2.09354129276354,-1.39421290526673,-8.80999645763085,"ring",1,313
-2.09354129276354,-1.39421290526673,-8.80999645763085,"ring",1,314
-2.09354129276354,-1.39421290526673,-8.80999645763085,"ring",1,315
-2.09354129276354,-1.39421290526673,-8.80999645763085,"ring",1,316
-1.46723606251316,-1.19289140880793,-8.73906200285709,"ring",1,317
-2.51588056615903,-1.30791482717777,-9.2681061823052,"ring",1,318
-2.13592682955816,-1.12332290088691,-8.40126296406409,"ring",1,319
-2.13592682955816,-1.12332290088691,-8.40126296406409,"ring",1,320
-2.13592682955816,-1.12332290088691,-8.40126296406409,"ring",1,321
-2.13592682955816,-1.12332290088691,-8.40126296406409,"ring",1,322
-2.36261592294286,-1.18722814809468,-8.56722698103711,"ring",1,323
-2.36261592294286,-1.18722814809468,-8.56722698103711,"ring",1,324
-1.96103728039826,-1.18934688757975,-8.48560154693271,"ring",1,325
-1.96103728039826,-1.18934688757975,-8.48560154693271,"ring",1,326
-1.96103728039826,-1.18934688757975,-8.48560154693271,"ring",1,327
-2.25716981567166,-1.09050926373851,-8.8272203370408,"ring",1,328
-2.25716981567166,-1.09050926373851,-8.8272203370408,"ring",1,329
-2.25716981567166,-1.09050926373851,-8.8272203370408,"ring",1,330
-1.80293938503455,-1.25476804599498,-8.57968438508649,"ring",1,331
-1.80293938503455,-1.25476804599498,-8.57968438508649,"ring",1,332
-1.80293938503455,-1.25476804599498,-8.57968438508649,"ring",1,333
-1.80293938503455,-1.25476804599498,-8.57968438508649,"ring",1,334
-1.79449759150736,-1.31982967252031,-8.32726100362091,"ring",1,335
-1.79449759150736,-1.31982967252031,-8.32726100362091,"ring",1,336
-1.89800567106738,-1.31554483024116,-8.59040052657439,"ring",1,337
-2.57114281652804,-1.2976293340508,-8.51824410161682,"ring",1,338
-2.43932157020784,-1.24017646953076,-8.79157981638072,"ring",1,339
-2.14709209549564,-1.1409335969419,-8.56410915777031,"ring",1,340
-2.14709209549564,-1.1409335969419,-8.56410915777031,"ring",1,341
-2.36054497101017,-1.40040970618366,-8.48479598882484,"ring",1,342
-2.40799944091539,-1.23722453997024,-8.76378047938606,"ring",1,343
-2.40799944091539,-1.23722453997024,-8.76378047938606,"ring",1,344
-2.40799944091539,-1.23722453997024,-8.76378047938606,"ring",1,345
-2.40799944091539,-1.23722453997024,-8.76378047938606,"ring",1,346
-2.40799944091539,-1.23722453997024,-8.76378047938606,"ring",1,347
-2.40799944091539,-1.23722453997024,-8.76378047938606,"ring",1,348
-1.67678152752337,-1.24812146151803,-8.3088027234033,"ring",1,349
-2.25810045540823,-1.43829694000578,-8.16791064945641,"ring",1,350
-2.25810045540823,-1.43829694000578,-8.16791064945641,"ring",1,351
-2.25810045540823,-1.43829694000578,-8.16791064945641,"ring",1,352
-1.31225368007788,-1.13343084268191,-8.23936697634299,"ring",1,353
-1.31225368007788,-1.13343084268191,-8.23936697634299,"ring",1,354
-1.31225368007788,-1.13343084268191,-8.23936697634299,"ring",1,355
-1.91061298436476,-1.13241720254864,-9.02408169545162,"ring",1,356
-2.15214098769395,-1.49028349916831,-8.86500951806813,"ring",1,357
-2.15214098769395,-1.49028349916831,-8.86500951806813,"ring",1,358
-2.01863546532057,-1.28342508868093,-9.36764912857486,"ring",1,359
-2.25643420491889,-1.43370380402094,-8.99959463575094,"ring",1,360
-2.25643420491889,-1.43370380402094,-8.99959463575094,"ring",1,361
-2.25643420491889,-1.43370380402094,-8.99959463575094,"ring",1,362
-2.25643420491889,-1.43370380402094,-8.99959463575094,"ring",1,363
-2.25643420491889,-1.43370380402094,-8.99959463575094,"ring",1,364
-2.25643420491889,-1.43370380402094,-8.99959463575094,"ring",1,365
-1.03263018035904,-1.06947965233971,-8.61162148898945,"ring",1,366
-1.45597228654908,-1.33886719938566,-8.64512648359259,"ring",1,367
-1.68572855452462,-1.22782049001665,-8.73891981472889,"ring",1,368
-1.70241291048255,-1.27237184483357,-8.75553076051211,"ring",1,369
-2.25821074236919,-1.45055505584966,-8.43862946097246,"ring",1,370
-2.25821074236919,-1.45055505584966,-8.43862946097246,"ring",1,371
-2.25821074236919,-1.45055505584966,-8.43862946097246,"ring",1,372
-1.62060666592432,-1.4641040352165,-7.91016116868605,"ring",1,373
-2.16170583834973,-1.08506929016053,-9.13590719490704,"ring",1,374
-2.44473094953284,-1.16995876514268,-9.25041414773922,"ring",1,375
-2.21774401344552,-1.09055156159672,-9.04853120308242,"ring",1,376
-2.21774401344552,-1.09055156159672,-9.04853120308242,"ring",1,377
-2.32657163902943,-1.54695706401284,-8.47525551048248,"ring",1,378
-1.40939373907258,-1.23151077836237,-8.78188694019263,"ring",1,379
-1.24455448276996,-1.03892021964511,-8.21669198599656,"ring",1,380
-2.34562757730282,-1.42703039687301,-8.17506861719632,"ring",1,381
-2.34562757730282,-1.42703039687301,-8.17506861719632,"ring",1,382
-2.34562757730282,-1.42703039687301,-8.17506861719632,"ring",1,383
-2.48015291549839,-1.44583812831895,-8.45418858600804,"ring",1,384
-1.56825115711436,-1.17094421255304,-8.27728821469308,"ring",1,385
-2.0696323088356,-1.46508681641032,-8.83690308932941,"ring",1,386
-1.48276539862954,-1.32820856502393,-8.57939109004532,"ring",1,387
-1.369590257803,-1.36168222147435,-7.96657689005344,"ring",1,388
-2.17039771967245,-1.48894696906319,-8.16825177802352,"ring",1,389
-2.17039771967245,-1.48894696906319,-8.16825177802352,"ring",1,390
-2.81627504653658,-1.08009298501662,-8.58754128488287,"ring",1,391
-1.51015687661764,-1.14045838314449,-8.82590770419051,"ring",1,392
-1.49030148013889,-1.01330462850704,-8.55301097514654,"ring",1,393
-1.49030148013889,-1.01330462850704,-8.55301097514654,"ring",1,394
-1.49030148013889,-1.01330462850704,-8.55301097514654,"ring",1,395
-1.49030148013889,-1.01330462850704,-8.55301097514654,"ring",1,396
-1.30361204356051,-1.15311993491272,-8.55730435837097,"ring",1,397
-1.30361204356051,-1.15311993491272,-8.55730435837097,"ring",1,398
-1.36435441584419,-1.33557562856985,-8.45572590161214,"ring",1,399
-1.87280166343764,-1.30966654296283,-9.1041288699759,"ring",1,400
-1.98877031475198,-1.28903544612035,-8.72961845460972,"ring",1,401
-2.01197263569477,-1.48991298730469,-8.66037870565746,"ring",1,402
-2.01197263569477,-1.48991298730469,-8.66037870565746,"ring",1,403
-2.01197263569477,-1.48991298730469,-8.66037870565746,"ring",1,404
-2.01197263569477,-1.48991298730469,-8.66037870565746,"ring",1,405
-2.20808309685686,-1.2448337208418,-8.85705455348644,"ring",1,406
-2.32494402540659,-1.17766298832536,-8.46792992084469,"ring",1,407
-1.6103811253244,-1.22973136693811,-8.21596021036418,"ring",1,408
-1.8375452899216,-1.29589763673663,-8.09483807802902,"ring",1,409
-1.8375452899216,-1.29589763673663,-8.09483807802902,"ring",1,410
-1.18942290214174,-1.23792737612464,-8.44785420124332,"ring",1,411
-1.78661193718616,-1.55957670820247,-8.38869749193485,"ring",1,412
-1.78661193718616,-1.55957670820247,-8.38869749193485,"ring",1,413
-1.76891485196599,-1.63258043991261,-8.08375521686444,"ring",1,414
-1.76891485196599,-1.63258043991261,-8.08375521686444,"ring",1,415
-1.3944012429547,-1.15037991165231,-8.26653605483218,"ring",1,416
-1.73631569777286,-1.16298475872928,-8.06507255079821,"ring",1,417
-2.49263572838435,-1.44575470068729,-8.41978432470295,"ring",1,418
-1.40328824261509,-1.30502805498862,-7.86732326139656,"ring",1,419
-0.823264033478755,-0.96302096008796,-7.94553584393173,"ring",1,420
-1.31023391448718,-1.08485316747468,-8.7098449664464,"ring",1,421
-2.16359934888553,-1.65205306203882,-7.73649450453581,"ring",1,422
-2.16359934888553,-1.65205306203882,-7.73649450453581,"ring",1,423
-1.79748848042694,-1.47503449220968,-7.83974984616601,"ring",1,424
-1.67321988623517,-1.15269244646519,-8.71131356914923,"ring",1,425
-1.26864557805648,-1.05824808318941,-8.46048998388491,"ring",1,426
-1.26864557805648,-1.05824808318941,-8.46048998388491,"ring",1,427
-1.72132121005148,-1.32984049502085,-8.31996585742202,"ring",1,428
-1.72132121005148,-1.32984049502085,-8.31996585742202,"ring",1,429
-1.57432457649936,-1.52794008319796,-8.78645003453281,"ring",1,430
-1.51021774489134,-1.1742969098555,-8.15939101389585,"ring",1,431
-1.88690335095883,-1.24501899323593,-8.63776758078366,"ring",1,432
-1.60037580705264,-1.29822083039681,-8.53262566816749,"ring",1,433
-1.63342694602296,-1.28046784601089,-8.73896761061384,"ring",1,434
-0.86170348758049,-1.2298213292743,-8.11658159943673,"ring",1,435
-0.86170348758049,-1.2298213292743,-8.11658159943673,"ring",1,436
-2.25300973676759,-1.23369851043114,-8.79941511225292,"ring",1,437
-2.25300973676759,-1.23369851043114,-8.79941511225292,"ring",1,438
-2.13981840393805,-1.32621753032037,-8.36402202798508,"ring",1,439
-2.13981840393805,-1.32621753032037,-8.36402202798508,"ring",1,440
-2.13981840393805,-1.32621753032037,-8.36402202798508,"ring",1,441
-2.21182777838231,-1.52040428988703,-7.99709142141228,"ring",1,442
-2.21182777838231,-1.52040428988703,-7.99709142141228,"ring",1,443
-2.23530092471692,-1.5710315096787,-8.39228785352499,"ring",1,444
-2.23530092471692,-1.5710315096787,-8.39228785352499,"ring",1,445
-2.25872067702659,-1.52648199315935,-8.46160909888087,"ring",1,446
-2.49061138986379,-1.43276369822991,-8.92211117577604,"ring",1,447
-2.10629386921938,-1.13389848727731,-8.06227488201238,"ring",1,448
-1.76126998630526,-0.982630873767304,-8.38943393636008,"ring",1,449
-2.78087803423632,-1.23271370507852,-8.72411346586943,"ring",1,450
-1.77767645332728,-1.05291285754945,-8.62794492621715,"ring",1,451
-1.77767645332728,-1.05291285754945,-8.62794492621715,"ring",1,452
-2.0448988607741,-1.26998379723044,-8.17146945760124,"ring",1,453
-2.0448988607741,-1.26998379723044,-8.17146945760124,"ring",1,454
-2.0448988607741,-1.26998379723044,-8.17146945760124,"ring",1,455
-2.0448988607741,-1.26998379723044,-8.17146945760124,"ring",1,456
-1.40167358705411,-0.875166399525602,-8.0482503166613,"ring",1,457
-2.15452609644724,-1.27942178741328,-8.63125949504483,"ring",1,458
-2.15452609644724,-1.27942178741328,-8.63125949504483,"ring",1,459
-2.15452609644724,-1.27942178741328,-8.63125949504483,"ring",1,460
-1.54362442156476,-1.52600500275988,-7.90401054528116,"ring",1,461
-0.967177254014275,-1.01517829648555,-8.40008234917089,"ring",1,462
-0.936364337425075,-1.21515883541466,-7.92075662672756,"ring",1,463
-0.936364337425075,-1.21515883541466,-7.92075662672756,"ring",1,464
-1.74159356104352,-1.09670465997925,-9.17153736685123,"ring",1,465
-1.76883444123039,-1.15265204722449,-8.96595852743571,"ring",1,466
-2.49562386110719,-1.22551030204164,-9.2752927301925,"ring",1,467
-2.23944401087103,-1.16341401425431,-9.23195362981205,"ring",1,468
-1.17638797082325,-1.33987882643034,-8.05326448470375,"ring",1,469
-1.17638797082325,-1.33987882643034,-8.05326448470375,"ring",1,470
-2.54117022880348,-1.20268085122143,-8.29119318125224,"ring",1,471
-1.92526555714975,-1.17696713437651,-7.81153031908021,"ring",1,472
-1.92526555714975,-1.17696713437651,-7.81153031908021,"ring",1,473
-2.41511706931623,-0.992782725534836,-8.42239909635254,"ring",1,474
-2.6076714802777,-1.15019832176094,-8.32092862084806,"ring",1,475
-2.17554913931441,-1.25001930409258,-8.78610825223258,"ring",1,476
-2.17554913931441,-1.25001930409258,-8.78610825223258,"ring",1,477
-2.17554913931441,-1.25001930409258,-8.78610825223258,"ring",1,478
-2.17554913931441,-1.25001930409258,-8.78610825223258,"ring",1,479
-2.17554913931441,-1.25001930409258,-8.78610825223258,"ring",1,480
-1.90108429157789,-1.23243922299591,-7.96845092748951,"ring",1,481
-1.26143007676242,-1.33704288056921,-7.92266232917854,"ring",1,482
-1.26143007676242,-1.33704288056921,-7.92266232917854,"ring",1,483
-1.84023802157696,-1.41734633528522,-8.06383185044118,"ring",1,484
-1.54252427158434,-1.14662998225205,-8.48800759529254,"ring",1,485
-1.36040186190853,-1.14816623512983,-9.0130862679912,"ring",1,486
-1.9802993231151,-1.37942806244314,-8.37902517176217,"ring",1,487
-1.9802993231151,-1.37942806244314,-8.37902517176217,"ring",1,488
-2.46834091735999,-1.20852115081036,-9.02300575825428,"ring",1,489
-2.46834091735999,-1.20852115081036,-9.02300575825428,"ring",1,490
-1.99935184167447,-1.43870821621023,-8.63015862709367,"ring",1,491
-2.18304515766745,-1.41992362460465,-8.27315689473805,"ring",1,492
-2.18304515766745,-1.41992362460465,-8.27315689473805,"ring",1,493
-2.39656905212822,-1.29322560334174,-8.63974402447132,"ring",1,494
-2.39656905212822,-1.29322560334174,-8.63974402447132,"ring",1,495
-2.26117706603585,-1.31728062499858,-8.49392596951143,"ring",1,496
-2.59199446308712,-1.08224724809549,-8.36008275221475,"ring",1,497
-1.73086166698409,-1.40005322809833,-8.54553661666833,"ring",1,498
-1.73086166698409,-1.40005322809833,-8.54553661666833,"ring",1,499
-1.73086166698409,-1.40005322809833,-8.54553661666833,"ring",1,500
-1.73086166698409,-1.40005322809833,-8.54553661666833,"ring",1,501
-1.43518251380946,-1.2491817899934,-8.1031927035315,"ring",1,502
-1.43518251380946,-1.2491817899934,-8.1031927035315,"ring",1,503
-1.43518251380946,-1.2491817899934,-8.1031927035315,"ring",1,504
-1.43518251380946,-1.2491817899934,-8.1031927035315,"ring",1,505
-1.43518251380946,-1.2491817899934,-8.1031927035315,"ring",1,506
-1.73740428164766,-1.49211451779783,-7.92172030762984,"ring",1,507
-1.73740428164766,-1.49211451779783,-7.92172030762984,"ring",1,508
-2.28673532146273,-1.38516808296955,-8.2004108795654,"ring",1,509
-1.70412663734176,-1.2132701904423,-8.36273445011731,"ring",1,510
-1.70412663734176,-1.2132701904423,-8.36273445011731,"ring",1,511
-1.32550061497443,-1.14792624081919,-8.31472872143221,"ring",1,512
-1.6687078473457,-1.13344137184835,-8.66326734717973,"ring",1,513
-1.6687078473457,-1.13344137184835,-8.66326734717973,"ring",1,514
-1.6687078473457,-1.13344137184835,-8.66326734717973,"ring",1,515
-1.6687078473457,-1.13344137184835,-8.66326734717973,"ring",1,516
-1.92045751096634,-1.0971072823468,-8.75248040410053,"ring",1,517
-1.92045751096634,-1.0971072823468,-8.75248040410053,"ring",1,518
-1.30729030236789,-1.42521792977277,-7.88954011395292,"ring",1,519
-1.93402418368199,-1.2995750753854,-9.35050688390969,"ring",1,520
-0.366571902940674,-0.857949280982022,-8.33154032251838,"ring",1,521
-1.06937462739548,-0.994121728803953,-8.48636924721546,"ring",1,522
-1.47606646823088,-1.44402754160966,-8.04637923787017,"ring",1,523
-1.69325735029193,-1.20732415779801,-8.76179689793165,"ring",1,524
-1.69325735029193,-1.20732415779801,-8.76179689793165,"ring",1,525
-1.71208986699739,-1.12429536846406,-8.24514268297318,"ring",1,526
-1.30220434593343,-1.23571591310269,-8.11224635857376,"ring",1,527
-2.53353947467408,-1.49051291220478,-8.13853636264737,"ring",1,528
-2.75745998981283,-1.03562342432567,-8.73571736802991,"ring",1,529
-2.2581684511064,-1.55493741560694,-8.73351956379456,"ring",1,530
-2.2581684511064,-1.55493741560694,-8.73351956379456,"ring",1,531
-1.54325027875252,-1.19918900898913,-9.16809211731938,"ring",1,532
-1.54325027875252,-1.19918900898913,-9.16809211731938,"ring",1,533
-1.11273581557733,-1.07112526791136,-8.53387519665893,"ring",1,534
-1.11273581557733,-1.07112526791136,-8.53387519665893,"ring",1,535
-1.10974971580708,-0.866309383955312,-8.60060127410187,"ring",1,536
-0.444142712817076,-0.97210585009984,-8.44609587984537,"ring",1,537
-0.444142712817076,-0.97210585009984,-8.44609587984537,"ring",1,538
-0.745505838258557,-1.19733169721062,-8.33259938445853,"ring",1,539
-0.745505838258557,-1.19733169721062,-8.33259938445853,"ring",1,540
-1.7136264214362,-1.06098460348172,-8.66670779016598,"ring",1,541
-1.92080131490381,-1.15290259902984,-9.22444022102998,"ring",1,542
-1.79644150906202,-1.38898557460205,-8.62721836069607,"ring",1,543
-1.75175557254026,-1.13891770727075,-8.67142892441282,"ring",1,544
-1.77873373212264,-1.22995971058918,-9.00958826538368,"ring",1,545
-2.24123666041453,-1.44926868176765,-8.41334780011784,"ring",1,546
-2.08779085139586,-1.51575006329299,-8.59151475091307,"ring",1,547
-2.03924731644025,-1.37422407317932,-8.65099461338398,"ring",1,548
-2.03924731644025,-1.37422407317932,-8.65099461338398,"ring",1,549
-2.03924731644025,-1.37422407317932,-8.65099461338398,"ring",1,550
-2.03924731644025,-1.37422407317932,-8.65099461338398,"ring",1,551
-2.13527560654896,-1.18864008189843,-8.64861191658805,"ring",1,552
-2.13527560654896,-1.18864008189843,-8.64861191658805,"ring",1,553
-2.13527560654896,-1.18864008189843,-8.64861191658805,"ring",1,554
-2.13527560654896,-1.18864008189843,-8.64861191658805,"ring",1,555
-1.40868927687955,-1.10442089339618,-8.30136138710253,"ring",1,556
-1.70388058030648,-1.3614948862392,-8.16728224383624,"ring",1,557
-1.86554050774265,-1.07658794193926,-8.26260449958113,"ring",1,558
-2.63345262307388,-1.17368775522558,-8.70337453514862,"ring",1,559
-1.86432149642609,-1.27527341405028,-8.7473287171192,"ring",1,560
-1.86432149642609,-1.27527341405028,-8.7473287171192,"ring",1,561
-1.86432149642609,-1.27527341405028,-8.7473287171192,"ring",1,562
-1.86432149642609,-1.27527341405028,-8.7473287171192,"ring",1,563
-1.86432149642609,-1.27527341405028,-8.7473287171192,"ring",1,564
-2.28369516746531,-1.22314413958268,-8.66063693057286,"ring",1,565
-2.28369516746531,-1.22314413958268,-8.66063693057286,"ring",1,566
-2.00889043684924,-1.48518333101664,-8.18550663669233,"ring",1,567
-2.00889043684924,-1.48518333101664,-8.18550663669233,"ring",1,568
-2.00889043684924,-1.48518333101664,-8.18550663669233,"ring",1,569
-1.99718097207399,-1.25018190643606,-8.25742119420552,"ring",1,570
-1.99718097207399,-1.25018190643606,-8.25742119420552,"ring",1,571
-1.99718097207399,-1.25018190643606,-8.25742119420552,"ring",1,572
-1.99718097207399,-1.25018190643606,-8.25742119420552,"ring",1,573
-2.0456784708281,-1.18665967440574,-8.72477943697611,"ring",1,574
-2.0456784708281,-1.18665967440574,-8.72477943697611,"ring",1,575
-1.95954422141851,-1.24555268519851,-8.34990413766906,"ring",1,576
-1.62232335772005,-0.937896364090064,-8.87355128465998,"ring",1,577
-1.62232335772005,-0.937896364090064,-8.87355128465998,"ring",1,578
-1.62232335772005,-0.937896364090064,-8.87355128465998,"ring",1,579
-1.75724816748815,-1.3015914611104,-9.08378955795977,"ring",1,580
-1.75724816748815,-1.3015914611104,-9.08378955795977,"ring",1,581
-1.95729603679738,-1.03625788769419,-9.05376593417661,"ring",1,582
-2.04245550158766,-0.983272559290789,-8.22835649249754,"ring",1,583
-1.14786956566085,-1.19509252312969,-8.09684288177815,"ring",1,584
-1.14786956566085,-1.19509252312969,-8.09684288177815,"ring",1,585
-1.25973585360072,-1.21863872099018,-8.27656966104733,"ring",1,586
-1.25973585360072,-1.21863872099018,-8.27656966104733,"ring",1,587
-1.2528158152134,-1.2039430153404,-8.24692262248098,"ring",1,588
-1.55947229945336,-1.17369071207275,-8.94302971976808,"ring",1,589
-2.14857645400368,-1.07510296045126,-8.99960384924716,"ring",1,590
-2.15473681257362,-1.12961683067599,-8.76096213352034,"ring",1,591
-2.15473681257362,-1.12961683067599,-8.76096213352034,"ring",1,592
-2.59232567009383,-1.34078492646266,-8.67528595161977,"ring",1,593
-1.79342728706637,-1.07552880307812,-8.71540243753459,"ring",1,594
-1.98706285712052,-1.05144223070327,-8.48224458555681,"ring",1,595
-1.98706285712052,-1.05144223070327,-8.48224458555681,"ring",1,596
-2.02733920271978,-1.19527726743398,-8.51363591827526,"ring",1,597
-2.02733920271978,-1.19527726743398,-8.51363591827526,"ring",1,598
-2.52838475194775,-1.04749230664873,-8.32661274049489,"ring",1,599
-2.89876916005684,-1.22843994968787,-8.31441860137215,"ring",1,600
-2.1854485579666,-1.34714761065951,-8.95103374958669,"ring",1,601
-2.1854485579666,-1.34714761065951,-8.95103374958669,"ring",1,602
-2.1854485579666,-1.34714761065951,-8.95103374958669,"ring",1,603
-2.08853408939253,-1.16615819978792,-8.40355282053201,"ring",1,604
-2.08853408939253,-1.16615819978792,-8.40355282053201,"ring",1,605
-2.30066976340131,-1.13092630224842,-9.22909137924878,"ring",1,606
-1.48357979471051,-1.14449143209157,-8.82503309835336,"ring",1,607
-1.81565593343045,-0.972289002677658,-8.60021216804038,"ring",1,608
-2.01773056347738,-1.06262940407619,-8.92560435268895,"ring",1,609
-1.82743342992397,-1.17337996496713,-8.64046846253828,"ring",1,610
-2.29500051796843,-1.48488147571043,-8.50144763677772,"ring",1,611
-1.97486077374627,-1.66532404306881,-8.21985480643891,"ring",1,612
-1.49484571127402,-1.42427212781566,-8.17336819794621,"ring",1,613
-1.01669272140166,-0.786721656112087,-8.43838806670941,"ring",1,614
-1.01669272140166,-0.786721656112087,-8.43838806670941,"ring",1,615
-1.57995624718087,-1.08225102909714,-8.62602591476856,"ring",1,616
-1.86777525200644,-1.11124381406354,-8.95118309565253,"ring",1,617
-1.65355666826695,-1.30487334079767,-8.41468330965849,"ring",1,618
-1.65355666826695,-1.30487334079767,-8.41468330965849,"ring",1,619
-1.65355666826695,-1.30487334079767,-8.41468330965849,"ring",1,620
-1.65355666826695,-1.30487334079767,-8.41468330965849,"ring",1,621
-1.65355666826695,-1.30487334079767,-8.41468330965849,"ring",1,622
-1.58760812875756,-1.15942006097139,-8.59653075099599,"ring",1,623
-1.58760812875756,-1.15942006097139,-8.59653075099599,"ring",1,624
-1.96327567413469,-1.2121073267038,-8.80620865088263,"ring",1,625
-1.96327567413469,-1.2121073267038,-8.80620865088263,"ring",1,626
-1.96327567413469,-1.2121073267038,-8.80620865088263,"ring",1,627
-1.56089659423166,-1.28404243185556,-8.33312740403022,"ring",1,628
-1.6826938926314,-1.33041342435768,-8.33246991949644,"ring",1,629
-2.24044664750496,-1.37199852277842,-9.05963330132026,"ring",1,630
-2.24044664750496,-1.37199852277842,-9.05963330132026,"ring",1,631
-2.24044664750496,-1.37199852277842,-9.05963330132026,"ring",1,632
-2.24044664750496,-1.37199852277842,-9.05963330132026,"ring",1,633
-2.24044664750496,-1.37199852277842,-9.05963330132026,"ring",1,634
-2.15528816154582,-1.42507392997731,-8.40535998477057,"ring",1,635
-2.76474110416942,-1.37361138658466,-8.62425747990742,"ring",1,636
-1.82714878504843,-1.70402437914125,-8.08028663263274,"ring",1,637
-1.6934195841893,-1.35824682454988,-9.00427222110404,"ring",1,638
-1.66747822417543,-1.33572464197785,-8.85038912436401,"ring",1,639
-1.66747822417543,-1.33572464197785,-8.85038912436401,"ring",1,640
-1.66747822417543,-1.33572464197785,-8.85038912436401,"ring",1,641
-2.57273029936604,-1.33646143964245,-8.58409890027807,"ring",1,642
-2.5686138519111,-1.11867072720269,-8.32164201091711,"ring",1,643
-2.5686138519111,-1.11867072720269,-8.32164201091711,"ring",1,644
-1.72281736270195,-1.17965530183139,-9.20422641637696,"ring",1,645
-1.92737808960919,-1.61497522162228,-8.17860297357694,"ring",1,646
-1.90415778490191,-1.44256280545136,-8.46730936583208,"ring",1,647
-1.81933036860848,-1.31856760041489,-8.80987055911669,"ring",1,648
-2.55804974591622,-1.18898278597723,-9.25776631001909,"ring",1,649
-1.03795998536411,-0.87065920082839,-8.52866258342667,"ring",1,650
-1.13015148347808,-1.07891505723336,-8.67563166534829,"ring",1,651
-2.07476384922757,-1.57892091189883,-8.25124648550941,"ring",1,652
-1.05780407173665,-1.35404369794889,-7.89553536464566,"ring",1,653
-1.05780407173665,-1.35404369794889,-7.89553536464566,"ring",1,654
-1.05780407173665,-1.35404369794889,-7.89553536464566,"ring",1,655
-2.58253753245113,-1.40165976290004,-8.46123238708622,"ring",1,656
-2.5001986242576,-1.11693025666546,-8.67063429403129,"ring",1,657
-2.02663689890456,-0.994103673784864,-9.00041789019735,"ring",1,658
-1.85042533729965,-1.34840240370093,-9.13576398243108,"ring",1,659
-1.82850815366398,-1.42575158047291,-8.91402501310117,"ring",1,660
-1.9632300860241,-1.2274718051204,-8.82260570747309,"ring",1,661
-1.9632300860241,-1.2274718051204,-8.82260570747309,"ring",1,662
-2.12199236428718,-1.16229876348768,-8.31106196103443,"ring",1,663
-1.77177692353947,-1.39344059132674,-8.46555102714031,"ring",1,664
-1.77177692353947,-1.39344059132674,-8.46555102714031,"ring",1,665
-1.77177692353947,-1.39344059132674,-8.46555102714031,"ring",1,666
-1.56058218346149,-1.19535285755876,-8.82527355509527,"ring",1,667
-1.27912402944551,-0.756881884665089,-8.92761813137946,"ring",1,668
-2.31675630753383,-1.03378885266356,-8.6582793777613,"ring",1,669
-1.43813634443961,-1.03999875197912,-8.41126363690782,"ring",1,670
-2.07804238188204,-1.16686502373403,-8.5574984154956,"ring",1,671
-1.99771122427926,-1.52837088310239,-8.1751939886551,"ring",1,672
-2.42986032691633,-1.23305184019715,-8.17954490843939,"ring",1,673
-2.42986032691633,-1.23305184019715,-8.17954490843939,"ring",1,674
-2.27404493765837,-1.17095791567831,-8.91168586981489,"ring",1,675
-1.99335786998061,-1.43079200696623,-8.37447212288294,"ring",1,676
-1.99335786998061,-1.43079200696623,-8.37447212288294,"ring",1,677
-2.10795311883199,-1.24107338749918,-8.93217609373911,"ring",1,678
-2.09086245998367,-1.24036481049847,-9.22835137713801,"ring",1,679
-1.3085141597877,-1.14557905318056,-8.37368014677063,"ring",1,680
-2.71234083412705,-1.29586469967226,-8.73633213199041,"ring",1,681
-2.71234083412705,-1.29586469967226,-8.73633213199041,"ring",1,682
-2.71234083412705,-1.29586469967226,-8.73633213199041,"ring",1,683
-2.4099531444994,-1.36056698100003,-8.6448297389551,"ring",1,684
-2.28448395700031,-1.44658981737723,-8.33131297942938,"ring",1,685
-1.95085534014593,-1.40748693208229,-8.29948472935345,"ring",1,686
-2.44023813410154,-1.31903419896933,-8.71364605235322,"ring",1,687
-2.28624738875519,-1.44014963104568,-8.61246602658466,"ring",1,688
-2.28624738875519,-1.44014963104568,-8.61246602658466,"ring",1,689
-2.28624738875519,-1.44014963104568,-8.61246602658466,"ring",1,690
-1.71257251212811,-1.13776837229437,-8.37687975769804,"ring",1,691
-1.06388400203298,-1.29545570595845,-8.08875213285959,"ring",1,692
-1.06388400203298,-1.29545570595845,-8.08875213285959,"ring",1,693
-1.91740448400005,-1.15419345815352,-8.52427279402682,"ring",1,694
-1.91740448400005,-1.15419345815352,-8.52427279402682,"ring",1,695
-1.49391429229042,-1.19925206904245,-7.99961849255879,"ring",1,696
-2.16196138704303,-1.3283786804511,-8.91612634428937,"ring",1,697
-1.84956668563049,-1.28319335827606,-8.03435014224354,"ring",1,698
-1.84956668563049,-1.28319335827606,-8.03435014224354,"ring",1,699
-1.84956668563049,-1.28319335827606,-8.03435014224354,"ring",1,700
-1.93909767030969,-1.48752506333845,-8.61314654036621,"ring",2,1
-2.00185636483075,-1.50702873680205,-8.21614580102134,"ring",2,2
-2.40666736431945,-1.33437910964063,-8.78159002498795,"ring",2,3
-1.55231217138907,-1.2527917479606,-8.47876797017447,"ring",2,4
-1.55231217138907,-1.2527917479606,-8.47876797017447,"ring",2,5
-1.65143884804862,-1.40163061276416,-8.13633792105992,"ring",2,6
-1.87826388622241,-1.40158620847173,-8.70444791006091,"ring",2,7
-2.45987249050806,-1.33129368071816,-8.88952668759011,"ring",2,8
-2.17308758231174,-0.987598824778367,-9.07114407557283,"ring",2,9
-2.18035404804334,-1.30845699350006,-8.87342683223292,"ring",2,10
-1.7909551620307,-1.28310194590089,-8.48531144889471,"ring",2,11
-1.65811485557061,-1.22728363870995,-8.24716059007668,"ring",2,12
-1.65811485557061,-1.22728363870995,-8.24716059007668,"ring",2,13
-1.65811485557061,-1.22728363870995,-8.24716059007668,"ring",2,14
-1.65811485557061,-1.22728363870995,-8.24716059007668,"ring",2,15
-1.60409349247894,-1.29770195823987,-8.08049152929504,"ring",2,16
-1.60409349247894,-1.29770195823987,-8.08049152929504,"ring",2,17
-2.22590328138542,-1.09085919543728,-8.81860306712153,"ring",2,18
-0.986040359481556,-1.19369881080506,-8.29867354114052,"ring",2,19
-2.11477121312363,-1.43745307487934,-8.35774646779734,"ring",2,20
-2.14050096015126,-1.31585593808038,-8.73472046077869,"ring",2,21
-2.14050096015126,-1.31585593808038,-8.73472046077869,"ring",2,22
-2.14050096015126,-1.31585593808038,-8.73472046077869,"ring",2,23
-2.14050096015126,-1.31585593808038,-8.73472046077869,"ring",2,24
-2.14050096015126,-1.31585593808038,-8.73472046077869,"ring",2,25
-2.14050096015126,-1.31585593808038,-8.73472046077869,"ring",2,26
-2.14050096015126,-1.31585593808038,-8.73472046077869,"ring",2,27
-2.09082153926617,-1.30656260636842,-8.56261656158385,"ring",2,28
-2.03216040538978,-1.27751938115728,-8.52371461651338,"ring",2,29
-2.0028345773797,-1.4878205165002,-8.25249426676844,"ring",2,30
-2.0028345773797,-1.4878205165002,-8.25249426676844,"ring",2,31
-2.13313671100059,-1.29949426668813,-8.64422172118747,"ring",2,32
-1.45563846322234,-1.17726618578883,-8.60412140383934,"ring",2,33
-2.06162220270773,-1.2024657587248,-8.83697169628533,"ring",2,34
-2.06162220270773,-1.2024657587248,-8.83697169628533,"ring",2,35
-2.03250950340627,-1.3753157714092,-8.79122730942853,"ring",2,36
-2.03250950340627,-1.3753157714092,-8.79122730942853,"ring",2,37
-2.05560347702714,-1.18355359057407,-8.2692680701666,"ring",2,38
-1.61652211726604,-0.900259133923788,-9.2712369266013,"ring",2,39
-1.81470130839207,-1.31045001958821,-9.39815554341751,"ring",2,40
-1.33792916290173,-1.25773904152823,-8.51409952550413,"ring",2,41
-1.36921611810155,-1.18431877654594,-8.29120083883269,"ring",2,42
-2.23045921325295,-1.24548496652317,-8.82592394031995,"ring",2,43
-2.54619022910166,-1.24606280382143,-8.58973468179726,"ring",2,44
-2.49600378956849,-1.35191043594259,-8.92382288989259,"ring",2,45
-1.67831587717562,-1.24936403027545,-8.52176070750605,"ring",2,46
-2.13154054474823,-1.14499076454709,-8.59786897284812,"ring",2,47
-2.00491150767692,-1.55065019485085,-8.15460329425359,"ring",2,48
-2.00491150767692,-1.55065019485085,-8.15460329425359,"ring",2,49
-2.00491150767692,-1.55065019485085,-8.15460329425359,"ring",2,50
-2.00491150767692,-1.55065019485085,-8.15460329425359,"ring",2,51
-2.00491150767692,-1.55065019485085,-8.15460329425359,"ring",2,52
-1.99791267036941,-1.37719122056364,-8.28183887473183,"ring",2,53
-1.86914802551328,-1.44169610523624,-8.00013303712423,"ring",2,54
-1.41251145576518,-1.33722620169988,-8.03331283161147,"ring",2,55
-2.54251636780585,-1.33600354145831,-9.07781888100483,"ring",2,56
-2.19738375171102,-1.38923415779063,-9.13070938936173,"ring",2,57
-1.40237292933521,-1.44284034477271,-8.0352444585951,"ring",2,58
-1.4367491346625,-1.4465390715291,-8.06136961703401,"ring",2,59
-2.46139993313792,-1.46210998454536,-8.16130748867424,"ring",2,60
-2.49606772703815,-1.38090755659959,-9.34785392512324,"ring",2,61
-2.66861045357429,-1.33297170250084,-9.23737648487196,"ring",2,62
-2.34525786775893,-1.25589834022299,-8.86767606180486,"ring",2,63
-2.55224305287486,-1.31142557449496,-7.94202888682524,"ring",2,64
-2.5022339987493,-1.39343980659687,-7.9546618353627,"ring",2,65
-2.00810634625956,-1.320621825554,-8.01329873093669,"ring",2,66
-2.11463493647001,-1.31050247116156,-8.0699433941086,"ring",2,67
-1.84040491918288,-1.42098942061254,-8.38854640778653,"ring",2,68
-1.90062216373728,-1.4159256558772,-9.30381208360684,"ring",2,69
-1.25638178799354,-0.857571719059812,-9.10177299586613,"ring",2,70
-1.60519866463673,-0.936982334154083,-8.9446881086175,"ring",2,71
-2.09008289194769,-1.27479779123179,-8.36634947368217,"ring",2,72
-2.09008289194769,-1.27479779123179,-8.36634947368217,"ring",2,73
-2.65669711455838,-1.31220717395069,-8.56642737887545,"ring",2,74
-2.63377688449364,-1.18482197087698,-8.0982761821353,"ring",2,75
-2.63377688449364,-1.18482197087698,-8.0982761821353,"ring",2,76
-2.63377688449364,-1.18482197087698,-8.0982761821353,"ring",2,77
-2.75736967916256,-1.21049693597166,-8.46349366590074,"ring",2,78
-2.04097536932694,-1.22260994381722,-8.17430931128163,"ring",2,79
-1.27207678003352,-1.17216538158238,-8.08486688489682,"ring",2,80
-1.27207678003352,-1.17216538158238,-8.08486688489682,"ring",2,81
-1.27207678003352,-1.17216538158238,-8.08486688489682,"ring",2,82
-1.27207678003352,-1.17216538158238,-8.08486688489682,"ring",2,83
-1.69315158868813,-1.03922987948926,-8.60000706431009,"ring",2,84
-2.26413725257166,-1.33390297507618,-9.10635551086011,"ring",2,85
-2.26413725257166,-1.33390297507618,-9.10635551086011,"ring",2,86
-2.12820513090798,-1.51413749420329,-8.73645979931109,"ring",2,87
-2.05485074681675,-1.26441028239569,-9.18456617544697,"ring",2,88
-1.46311918922861,-1.42507632638144,-8.44066416579622,"ring",2,89
-1.71572132258923,-1.50730121357014,-8.45498185396982,"ring",2,90
-1.94716609740677,-1.06192762660286,-8.67360696450807,"ring",2,91
-1.73137963596898,-1.17874527951048,-8.36876685597463,"ring",2,92
-1.73137963596898,-1.17874527951048,-8.36876685597463,"ring",2,93
-1.73137963596898,-1.17874527951048,-8.36876685597463,"ring",2,94
-1.73137963596898,-1.17874527951048,-8.36876685597463,"ring",2,95
-1.85563346228534,-1.43726895839291,-8.04374561317395,"ring",2,96
-1.43982540037245,-1.08328501332167,-8.44449066517778,"ring",2,97
-1.18672373358936,-1.25745648227577,-7.81687300153509,"ring",2,98
-0.837379519038202,-1.08380911420682,-8.05811283601842,"ring",2,99
-2.41149319384432,-1.2025626339049,-8.56432950263645,"ring",2,100
-2.4818270385172,-1.151640945738,-8.88250176282268,"ring",2,101
-2.30679122176395,-1.24259794829456,-8.65494513786897,"ring",2,102
-2.16339084854278,-1.40940723628368,-8.58176629863762,"ring",2,103
-1.87381725879225,-1.52516394374186,-8.32063853832397,"ring",2,104
-2.09148113346109,-1.55458386862506,-8.56675176635017,"ring",2,105
-1.15364402782021,-1.27314273360246,-7.9007289658041,"ring",2,106
-1.38945456071668,-1.08594326414219,-8.55815130976721,"ring",2,107
-2.14619635149673,-1.33318790069928,-9.0937754541525,"ring",2,108
-2.14619635149673,-1.33318790069928,-9.0937754541525,"ring",2,109
-2.14619635149673,-1.33318790069928,-9.0937754541525,"ring",2,110
-2.05886886381344,-1.31016208659545,-9.01230981877571,"ring",2,111
-2.05886886381344,-1.31016208659545,-9.01230981877571,"ring",2,112
-2.05886886381344,-1.31016208659545,-9.01230981877571,"ring",2,113
-2.34580792051591,-1.30943973613702,-9.34404307866856,"ring",2,114
-1.50313548312823,-1.31098979443488,-8.21604393388511,"ring",2,115
-1.50313548312823,-1.31098979443488,-8.21604393388511,"ring",2,116
-1.75149192249023,-1.38282267045944,-8.15861487105579,"ring",2,117
-1.75149192249023,-1.38282267045944,-8.15861487105579,"ring",2,118
-1.50852915184849,-1.01383192025411,-8.68052825374459,"ring",2,119
-1.74668402954325,-1.03197080542786,-8.80660360389989,"ring",2,120
-2.14884982545811,-1.29865084047915,-8.82246938795714,"ring",2,121
-2.14884982545811,-1.29865084047915,-8.82246938795714,"ring",2,122
-2.48647320335507,-1.28693409979022,-9.26407327261969,"ring",2,123
-1.6712384820439,-1.12850261040213,-9.03407219369773,"ring",2,124
-1.57897732987273,-1.18581337057458,-8.9669878147032,"ring",2,125
-1.57897732987273,-1.18581337057458,-8.9669878147032,"ring",2,126
-1.57897732987273,-1.18581337057458,-8.9669878147032,"ring",2,127
-1.9037585805271,-1.15387813960543,-8.75648970580995,"ring",2,128
-1.10549781110806,-1.17881823534298,-8.48142384958736,"ring",2,129
-1.10549781110806,-1.17881823534298,-8.48142384958736,"ring",2,130
-1.85351395577358,-1.22758834123018,-8.36249213209205,"ring",2,131
-1.85351395577358,-1.22758834123018,-8.36249213209205,"ring",2,132
-2.35582541617118,-1.19475845625056,-8.78186407050272,"ring",2,133
-1.77251596023837,-1.12614078532109,-8.21168257206965,"ring",2,134
-1.43036339156541,-0.948915380376152,-8.3181105736014,"ring",2,135
-1.29244007958877,-1.20103246184207,-8.39472852228483,"ring",2,136
-1.29403557953213,-1.13464391179196,-8.49409305363799,"ring",2,137
-1.8390260061223,-1.24028720070254,-8.84492756595136,"ring",2,138
-1.8390260061223,-1.24028720070254,-8.84492756595136,"ring",2,139
-2.57795821378622,-1.3045310503016,-8.78804953816677,"ring",2,140
-2.31716925157904,-1.14557434873049,-8.9360717483314,"ring",2,141
-1.83196111728738,-1.07056043013366,-8.83891697025921,"ring",2,142
-1.59185297550029,-1.70941563065618,-7.94032496038984,"ring",2,143
-2.2745790662299,-1.38753058144778,-7.77651807253677,"ring",2,144
-2.2745790662299,-1.38753058144778,-7.77651807253677,"ring",2,145
-2.2745790662299,-1.38753058144778,-7.77651807253677,"ring",2,146
-2.01424202324363,-1.24849222377281,-7.77207579282073,"ring",2,147
-1.7051175864268,-0.918536814712727,-8.27736119498086,"ring",2,148
-2.71552611857983,-1.2077498783737,-8.31750297617988,"ring",2,149
-2.24056408839115,-1.09095007739884,-8.2792729033082,"ring",2,150
-1.38074747943915,-1.37991776405056,-8.01714234735265,"ring",2,151
-1.3370157202546,-1.23022879330598,-8.23097981474614,"ring",2,152
-1.3370157202546,-1.23022879330598,-8.23097981474614,"ring",2,153
-1.94844618307633,-1.46630152797117,-8.11317722253408,"ring",2,154
-2.32679311448031,-1.35512847496411,-8.81347602562362,"ring",2,155
-2.32679311448031,-1.35512847496411,-8.81347602562362,"ring",2,156
-2.42920195989345,-1.36786108596707,-8.40015418584861,"ring",2,157
-2.04141440211406,-1.38787672732858,-8.47199421244535,"ring",2,158
-1.1679784466217,-1.13731546464408,-8.04778367269571,"ring",2,159
-2.49947738703854,-1.35296867910027,-8.85856398207181,"ring",2,160
-2.49947738703854,-1.35296867910027,-8.85856398207181,"ring",2,161
-1.52316828906922,-1.16467941728357,-7.98866587159531,"ring",2,162
-2.55466986425496,-1.30535708737759,-8.9002563380168,"ring",2,163
-2.55466986425496,-1.30535708737759,-8.9002563380168,"ring",2,164
-1.37189810966667,-1.10411578858574,-8.0801882988926,"ring",2,165
-1.11967635235811,-1.0813345921196,-8.17429294064888,"ring",2,166
-2.12746064517961,-1.34401138461135,-7.9687000636255,"ring",2,167
-1.33739111430994,-1.12334092499157,-8.35202150716679,"ring",2,168
-1.63204318089614,-1.05149248390079,-8.56645396820867,"ring",2,169
-1.63204318089614,-1.05149248390079,-8.56645396820867,"ring",2,170
-1.54521283955315,-0.999197580372693,-9.13836243410786,"ring",2,171
-0.195238209707746,-0.970675358879248,-8.10097674968002,"ring",2,172
-0.195238209707746,-0.970675358879248,-8.10097674968002,"ring",2,173
-1.41404646678623,-1.47618641521499,-8.34798740989078,"ring",2,174
-1.86977439428875,-0.989357678961418,-8.66657261072185,"ring",2,175
-2.03971195147326,-1.57726364681543,-7.96601982522164,"ring",2,176
-1.22290354773911,-1.09151463272304,-8.48351298710968,"ring",2,177
-1.75758829484133,-1.38160509014242,-7.8797340935541,"ring",2,178
-1.80428143520218,-1.01540096040719,-8.82269098684285,"ring",2,179
-1.15026121814417,-1.08572168714291,-8.69316877170793,"ring",2,180
-1.15026121814417,-1.08572168714291,-8.69316877170793,"ring",2,181
-1.73140939435356,-1.29634696310275,-7.92667490402161,"ring",2,182
-2.06051297290333,-1.41180772459147,-8.13693445156368,"ring",2,183
-1.25953232870081,-1.17213129752777,-8.17530993556276,"ring",2,184
-2.13680147255468,-1.42088933567022,-8.92282641613043,"ring",2,185
-2.08402212367296,-1.26660297059852,-8.31879786255435,"ring",2,186
-2.29098858135391,-1.30063139575635,-8.37558175621968,"ring",2,187
-2.29098858135391,-1.30063139575635,-8.37558175621968,"ring",2,188
-2.29098858135391,-1.30063139575635,-8.37558175621968,"ring",2,189
-2.29098858135391,-1.30063139575635,-8.37558175621968,"ring",2,190
-1.85844849511782,-1.38881524123343,-8.2168967736528,"ring",2,191
-1.85844849511782,-1.38881524123343,-8.2168967736528,"ring",2,192
-1.88677539111586,-1.17434820657597,-8.20032194148249,"ring",2,193
-2.54564751620705,-1.20208630118404,-8.06904882883665,"ring",2,194
-2.63037171987181,-1.30160239043565,-7.98223722889575,"ring",2,195
-1.6810674914573,-1.36774593056358,-7.76457790963744,"ring",2,196
-1.37468202401302,-1.11002512079833,-8.14567766867835,"ring",2,197
-1.22504736712215,-1.16757408625558,-8.10604306181691,"ring",2,198
-1.95363412046876,-1.20178912264822,-8.94189740344534,"ring",2,199
-1.9315748131575,-1.3202451876999,-8.35149955383081,"ring",2,200
-1.9315748131575,-1.3202451876999,-8.35149955383081,"ring",2,201
-1.9315748131575,-1.3202451876999,-8.35149955383081,"ring",2,202
-1.9315748131575,-1.3202451876999,-8.35149955383081,"ring",2,203
-1.9315748131575,-1.3202451876999,-8.35149955383081,"ring",2,204
-1.9315748131575,-1.3202451876999,-8.35149955383081,"ring",2,205
-1.9315748131575,-1.3202451876999,-8.35149955383081,"ring",2,206
-2.08102867403226,-1.37895974281615,-8.4241336726997,"ring",2,207
-2.08102867403226,-1.37895974281615,-8.4241336726997,"ring",2,208
-2.08102867403226,-1.37895974281615,-8.4241336726997,"ring",2,209
-2.08102867403226,-1.37895974281615,-8.4241336726997,"ring",2,210
-2.08102867403226,-1.37895974281615,-8.4241336726997,"ring",2,211
-2.08102867403226,-1.37895974281615,-8.4241336726997,"ring",2,212
-2.08102867403226,-1.37895974281615,-8.4241336726997,"ring",2,213
-2.08102867403226,-1.37895974281615,-8.4241336726997,"ring",2,214
-2.08102867403226,-1.37895974281615,-8.4241336726997,"ring",2,215
-2.08102867403226,-1.37895974281615,-8.4241336726997,"ring",2,216
-2.20582210015603,-1.33780350831012,-8.69867628204201,"ring",2,217
-1.82062723400698,-1.28673230312376,-8.21720006736741,"ring",2,218
-1.86005035163481,-1.33767886189054,-8.13407406031869,"ring",2,219
-1.86005035163481,-1.33767886189054,-8.13407406031869,"ring",2,220
-1.86005035163481,-1.33767886189054,-8.13407406031869,"ring",2,221
-1.86005035163481,-1.33767886189054,-8.13407406031869,"ring",2,222
-2.18225302907773,-1.58819406180606,-7.92469707539913,"ring",2,223
-1.4182973031277,-0.941844705902493,-8.19188610086353,"ring",2,224
-1.96077626561759,-1.14162636729074,-8.86831024425969,"ring",2,225
-1.96077626561759,-1.14162636729074,-8.86831024425969,"ring",2,226
-1.47799671877643,-1.22860737173658,-8.46144238233099,"ring",2,227
-1.90530957177102,-1.38086189773832,-8.42283492362253,"ring",2,228
-1.90530957177102,-1.38086189773832,-8.42283492362253,"ring",2,229
-1.69435324029658,-1.42814782508922,-8.07453950186254,"ring",2,230
-1.45376872686254,-1.25801153936343,-8.26370318228936,"ring",2,231
-1.45376872686254,-1.25801153936343,-8.26370318228936,"ring",2,232
-1.45376872686254,-1.25801153936343,-8.26370318228936,"ring",2,233
-1.45376872686254,-1.25801153936343,-8.26370318228936,"ring",2,234
-1.76468667375552,-1.21003880309989,-8.40789143268919,"ring",2,235
-2.44501084970434,-1.15777056058691,-8.56048244902997,"ring",2,236
-2.44501084970434,-1.15777056058691,-8.56048244902997,"ring",2,237
-2.44501084970434,-1.15777056058691,-8.56048244902997,"ring",2,238
-2.21753812997247,-1.13552227309703,-8.23997101932824,"ring",2,239
-1.90832844650644,-1.03407386813457,-8.97382986397632,"ring",2,240
-2.27323655108269,-1.11054602178034,-8.7285341760548,"ring",2,241
-2.42430408537469,-1.14879179656626,-8.79916041142444,"ring",2,242
-2.22332159927093,-1.21984236265968,-8.69129797547649,"ring",2,243
-2.22332159927093,-1.21984236265968,-8.69129797547649,"ring",2,244
-2.31212057624376,-1.21935208364923,-8.57645721781264,"ring",2,245
-1.95074392764637,-1.31549550318593,-8.07538223855989,"ring",2,246
-1.86142556980396,-1.26887878789459,-8.39351103104413,"ring",2,247
-1.86142556980396,-1.26887878789459,-8.39351103104413,"ring",2,248
-1.86142556980396,-1.26887878789459,-8.39351103104413,"ring",2,249
-1.86142556980396,-1.26887878789459,-8.39351103104413,"ring",2,250
-1.86142556980396,-1.26887878789459,-8.39351103104413,"ring",2,251
-2.3641725982369,-1.32588923961711,-8.50751600955213,"ring",2,252
-2.3641725982369,-1.32588923961711,-8.50751600955213,"ring",2,253
-2.3641725982369,-1.32588923961711,-8.50751600955213,"ring",2,254
-1.49933322340306,-1.4154338157083,-8.43933286205227,"ring",2,255
-1.62616598530402,-1.46848762134757,-8.41304665255591,"ring",2,256
-1.68119224544268,-1.2913269836263,-8.49547311770999,"ring",2,257
-1.68119224544268,-1.2913269836263,-8.49547311770999,"ring",2,258
-1.68119224544268,-1.2913269836263,-8.49547311770999,"ring",2,259
-1.8388635118094,-1.03224147298106,-8.84716342590382,"ring",2,260
-2.00730729808424,-1.2275091190107,-8.89093118818752,"ring",2,261
-2.00730729808424,-1.2275091190107,-8.89093118818752,"ring",2,262
-2.00730729808424,-1.2275091190107,-8.89093118818752,"ring",2,263
-2.00730729808424,-1.2275091190107,-8.89093118818752,"ring",2,264
-2.00730729808424,-1.2275091190107,-8.89093118818752,"ring",2,265
-1.59088323506574,-1.13219557608045,-8.65451272242011,"ring",2,266
-1.93219904659756,-1.11349724707137,-8.87126975103954,"ring",2,267
-1.35009566543357,-1.11004796517264,-8.38789005948638,"ring",2,268
-1.35009566543357,-1.11004796517264,-8.38789005948638,"ring",2,269
-1.92782223210136,-1.32535161303801,-8.28904339558818,"ring",2,270
-1.92782223210136,-1.32535161303801,-8.28904339558818,"ring",2,271
-1.92782223210136,-1.32535161303801,-8.28904339558818,"ring",2,272
-1.51727609954001,-1.15732253052575,-8.02098178708911,"ring",2,273
-2.19255092227035,-1.29698625775635,-8.40116753072619,"ring",2,274
-2.19255092227035,-1.29698625775635,-8.40116753072619,"ring",2,275
-2.195526535586,-1.35296482777663,-8.18360674516961,"ring",2,276
-2.20513544407692,-1.10476533561313,-8.48060163208976,"ring",2,277
-1.53564706780881,-1.21901772415858,-8.35645609553991,"ring",2,278
-1.99379107090533,-1.31400582754652,-8.52080300571064,"ring",2,279
-2.17112525421706,-1.35822735308039,-8.95416998043781,"ring",2,280
-2.17112525421706,-1.35822735308039,-8.95416998043781,"ring",2,281
-2.17112525421706,-1.35822735308039,-8.95416998043781,"ring",2,282
-2.0371377595334,-1.21426789378029,-9.58809016450362,"ring",2,283
-2.0371377595334,-1.21426789378029,-9.58809016450362,"ring",2,284
-1.63440448306017,-1.40270085368446,-8.24887921790442,"ring",2,285
-2.29924897677463,-1.53045921425294,-8.59273902742884,"ring",2,286
-2.12656872339984,-1.44537575342805,-8.21619709331015,"ring",2,287
-2.12605689966168,-1.2371772738837,-8.34412931088122,"ring",2,288
-2.12605689966168,-1.2371772738837,-8.34412931088122,"ring",2,289
-2.09688358660271,-1.24438837582721,-8.21551574530771,"ring",2,290
-2.09688358660271,-1.24438837582721,-8.21551574530771,"ring",2,291
-1.39667452841543,-1.17586267067626,-7.84518089218412,"ring",2,292
-1.18548957373865,-0.923307799042101,-8.05482883770477,"ring",2,293
-1.18548957373865,-0.923307799042101,-8.05482883770477,"ring",2,294
-2.40413203858483,-1.07950205704349,-9.07898191406606,"ring",2,295
-2.39099460943466,-1.27166220193602,-9.2086012325122,"ring",2,296
-2.23792230431378,-1.1763878737023,-8.55805612744787,"ring",2,297
-2.12574634057903,-1.25898411544874,-8.57076424796588,"ring",2,298
-2.12574634057903,-1.25898411544874,-8.57076424796588,"ring",2,299
-1.81963973667743,-1.39800815088799,-8.3389405833031,"ring",2,300
-1.36270392582905,-1.14538322766859,-8.30985743996594,"ring",2,301
-1.36270392582905,-1.14538322766859,-8.30985743996594,"ring",2,302
-1.36270392582905,-1.14538322766859,-8.30985743996594,"ring",2,303
-1.36270392582905,-1.14538322766859,-8.30985743996594,"ring",2,304
-1.62298691170525,-1.29755954232169,-8.04611359228909,"ring",2,305
-2.24260080742511,-1.04216339398644,-8.72807791537026,"ring",2,306
-2.26018789135903,-1.22378504761311,-8.11118372638334,"ring",2,307
-2.26018789135903,-1.22378504761311,-8.11118372638334,"ring",2,308
-2.26018789135903,-1.22378504761311,-8.11118372638334,"ring",2,309
-2.26018789135903,-1.22378504761311,-8.11118372638334,"ring",2,310
-1.93312750475484,-1.26149813334874,-8.14044500017844,"ring",2,311
-2.07461903517274,-1.3973155638686,-8.14233954505889,"ring",2,312
-2.239780680639,-1.3761776226363,-8.62159326459589,"ring",2,313
-2.239780680639,-1.3761776226363,-8.62159326459589,"ring",2,314
-1.62802122993008,-1.19334502190713,-8.44724586227022,"ring",2,315
-1.62802122993008,-1.19334502190713,-8.44724586227022,"ring",2,316
-1.53929549085044,-1.09793062610799,-8.5935107345611,"ring",2,317
-1.4819944099772,-1.10857935308434,-8.28998087494134,"ring",2,318
-2.16193773356123,-1.35905817022118,-8.3544691442232,"ring",2,319
-1.81241467790451,-1.16840229361967,-8.47342599981569,"ring",2,320
-1.51768603403266,-1.22208951476535,-8.44433627292921,"ring",2,321
-2.13545469716762,-1.24082998840933,-8.28632301208151,"ring",2,322
-2.13545469716762,-1.24082998840933,-8.28632301208151,"ring",2,323
-2.13545469716762,-1.24082998840933,-8.28632301208151,"ring",2,324
-2.55879575028458,-1.18144024924916,-9.07044892884306,"ring",2,325
-2.30731517461633,-1.36715009668806,-8.61285461856187,"ring",2,326
-1.64654880359596,-1.345279412146,-7.95136295592705,"ring",2,327
-1.82281183244442,-1.24125888510614,-8.99771325695065,"ring",2,328
-1.93866315694467,-1.51359683633798,-7.95911148400647,"ring",2,329
-1.9614103526701,-1.43740887153815,-8.3095936857959,"ring",2,330
-1.7167075402094,-1.28224270321814,-8.71270879146511,"ring",2,331
-1.69449463184178,-1.1722137068151,-8.82525188003378,"ring",2,332
-1.63485960427563,-1.26822884924228,-7.89434185775049,"ring",2,333
-1.63485960427563,-1.26822884924228,-7.89434185775049,"ring",2,334
-1.63485960427563,-1.26822884924228,-7.89434185775049,"ring",2,335
-1.22141861933472,-1.10650981706723,-8.24521834051106,"ring",2,336
-1.62719461280019,-1.2779979017468,-8.93096124577547,"ring",2,337
-1.82902680438891,-1.28474835114351,-8.63312031544836,"ring",2,338
-1.93251433974145,-1.31349766373138,-8.3569215400816,"ring",2,339
-1.93251433974145,-1.31349766373138,-8.3569215400816,"ring",2,340
-2.34366715036465,-1.30734387950832,-9.07041324366503,"ring",2,341
-1.96505274771198,-1.26359422655621,-8.91640295135268,"ring",2,342
-1.73487938875705,-1.15490469018866,-8.53905135815266,"ring",2,343
-1.41019076577667,-1.23707373469848,-8.26994414505219,"ring",2,344
-1.78236407692018,-1.30884644473887,-8.25264925311773,"ring",2,345
-1.78236407692018,-1.30884644473887,-8.25264925311773,"ring",2,346
-1.78236407692018,-1.30884644473887,-8.25264925311773,"ring",2,347
-1.51493473899549,-0.967341692141213,-8.44795433068879,"ring",2,348
-1.84039028542296,-1.53282444957472,-8.71390688866063,"ring",2,349
-1.32736519586145,-1.37514760062231,-8.26869312790413,"ring",2,350
-1.32736519586145,-1.37514760062231,-8.26869312790413,"ring",2,351
-1.91989669297495,-1.59124586967359,-8.64702312858589,"ring",2,352
-2.59588516546067,-1.18394081231746,-8.59103186461378,"ring",2,353
-2.27093185212957,-1.22811323432215,-7.91872621825426,"ring",2,354
-1.358876404536,-1.32472303763132,-8.47166932190657,"ring",2,355
-1.45416547423501,-1.13277627224416,-8.36084442838476,"ring",2,356
-1.45416547423501,-1.13277627224416,-8.36084442838476,"ring",2,357
-1.71188844550333,-1.1096349757488,-8.51312614041956,"ring",2,358
-1.7044573105685,-1.11740265058317,-8.54229971344982,"ring",2,359
-1.7044573105685,-1.11740265058317,-8.54229971344982,"ring",2,360
-1.99972611676473,-1.44712656489317,-8.33230549281147,"ring",2,361
-1.30611149981416,-1.32055699897427,-8.04201959263007,"ring",2,362
-1.69577617652272,-1.56967052218537,-8.02627161397745,"ring",2,363
-2.50377886100415,-1.38844297939909,-9.02446742414547,"ring",2,364
-1.83490128011067,-1.43615698849672,-8.81110107994349,"ring",2,365
-1.86792244024506,-1.38089567791052,-8.54441616681251,"ring",2,366
-1.86792244024506,-1.38089567791052,-8.54441616681251,"ring",2,367
-2.02616505055739,-1.64085307245822,-7.94874809035879,"ring",2,368
-1.40219758183559,-1.40683193550572,-7.87470033272328,"ring",2,369
-1.40219758183559,-1.40683193550572,-7.87470033272328,"ring",2,370
-2.60740516728309,-1.31503240314679,-8.88086215847877,"ring",2,371
-2.4689853913718,-1.2748010949951,-8.50225343160763,"ring",2,372
-2.1427444994014,-1.22532323972627,-8.15648077238939,"ring",2,373
-2.19037959845333,-1.27547894840183,-8.36170689854802,"ring",2,374
-2.19037959845333,-1.27547894840183,-8.36170689854802,"ring",2,375
-2.19037959845333,-1.27547894840183,-8.36170689854802,"ring",2,376
-1.87642300179346,-1.22072503494875,-7.83507760471154,"ring",2,377
-2.58091953088659,-1.17454236534334,-8.46045619012034,"ring",2,378
-2.58091953088659,-1.17454236534334,-8.46045619012034,"ring",2,379
-1.90568332141766,-1.27438920290181,-9.57752944848215,"ring",2,380
-1.939754094588,-1.38189528482936,-8.85409673209457,"ring",2,381
-1.99776356091096,-1.16116821457961,-9.01981723558175,"ring",2,382
-1.78047663006054,-1.41894823911685,-8.23207644385286,"ring",2,383
-1.16645287961544,-1.05968351274842,-7.92979709435226,"ring",2,384
-0.338950392370656,-0.834541882735951,-8.09228916622713,"ring",2,385
-0.733516490695165,-1.40473375648362,-7.77603642900493,"ring",2,386
-1.26767609410263,-0.958624334214098,-8.27495578868874,"ring",2,387
-1.26767609410263,-0.958624334214098,-8.27495578868874,"ring",2,388
-1.04832275448921,-1.05954610231669,-8.63816728507068,"ring",2,389
-1.83014494085316,-1.07484872414805,-9.17536477352259,"ring",2,390
-1.67111649291354,-0.978079221758325,-8.44982202873598,"ring",2,391
-2.25627120542681,-1.08692513311377,-8.22922428581006,"ring",2,392
-2.25627120542681,-1.08692513311377,-8.22922428581006,"ring",2,393
-2.7333361422234,-1.16388560908101,-8.81098954175598,"ring",2,394
-2.15260683673442,-1.43010661883559,-9.02640502249213,"ring",2,395
-1.9556896313858,-1.26636484013292,-8.28976643018063,"ring",2,396
-1.9556896313858,-1.26636484013292,-8.28976643018063,"ring",2,397
-1.9556896313858,-1.26636484013292,-8.28976643018063,"ring",2,398
-1.9556896313858,-1.26636484013292,-8.28976643018063,"ring",2,399
-1.9556896313858,-1.26636484013292,-8.28976643018063,"ring",2,400
-1.9556896313858,-1.26636484013292,-8.28976643018063,"ring",2,401
-1.9556896313858,-1.26636484013292,-8.28976643018063,"ring",2,402
-1.9556896313858,-1.26636484013292,-8.28976643018063,"ring",2,403
-1.9556896313858,-1.26636484013292,-8.28976643018063,"ring",2,404
-2.60828848983383,-1.43103516664282,-8.42476551238879,"ring",2,405
-2.34957766326238,-1.44007628924273,-8.49629664885167,"ring",2,406
-2.26160521934671,-1.30255355928905,-8.33849602680055,"ring",2,407
-2.26160521934671,-1.30255355928905,-8.33849602680055,"ring",2,408
-2.06941807564889,-1.31145536231458,-8.62103532164422,"ring",2,409
-2.06941807564889,-1.31145536231458,-8.62103532164422,"ring",2,410
-2.06941807564889,-1.31145536231458,-8.62103532164422,"ring",2,411
-2.06941807564889,-1.31145536231458,-8.62103532164422,"ring",2,412
-2.06941807564889,-1.31145536231458,-8.62103532164422,"ring",2,413
-2.06941807564889,-1.31145536231458,-8.62103532164422,"ring",2,414
-2.06941807564889,-1.31145536231458,-8.62103532164422,"ring",2,415
-2.06941807564889,-1.31145536231458,-8.62103532164422,"ring",2,416
-1.75199458697212,-1.37110290498992,-8.28810747455536,"ring",2,417
-1.75199458697212,-1.37110290498992,-8.28810747455536,"ring",2,418
-1.49160306354372,-1.35952756029965,-8.29574683034836,"ring",2,419
-2.15757184042468,-1.47005370454349,-8.28220588131778,"ring",2,420
-2.15757184042468,-1.47005370454349,-8.28220588131778,"ring",2,421
-2.15757184042468,-1.47005370454349,-8.28220588131778,"ring",2,422
-2.15757184042468,-1.47005370454349,-8.28220588131778,"ring",2,423
-2.16680078588757,-1.24611599471341,-8.61368598089097,"ring",2,424
-2.16680078588757,-1.24611599471341,-8.61368598089097,"ring",2,425
-2.16680078588757,-1.24611599471341,-8.61368598089097,"ring",2,426
-2.16680078588757,-1.24611599471341,-8.61368598089097,"ring",2,427
-2.28763925523461,-1.52071042248087,-8.22141232655819,"ring",2,428
-2.28763925523461,-1.52071042248087,-8.22141232655819,"ring",2,429
-2.28763925523461,-1.52071042248087,-8.22141232655819,"ring",2,430
-2.28763925523461,-1.52071042248087,-8.22141232655819,"ring",2,431
-2.28763925523461,-1.52071042248087,-8.22141232655819,"ring",2,432
-1.46115736120464,-1.0466452966486,-8.94671267947819,"ring",2,433
-1.19204518078204,-0.901984569108946,-9.39625002441975,"ring",2,434
-1.55551560190942,-1.13912126365715,-9.44547576445299,"ring",2,435
-1.29791062292103,-1.24011788045688,-8.89955812763111,"ring",2,436
-2.19154508192572,-1.42435755977001,-8.54369050500033,"ring",2,437
-2.48651683188179,-1.20162304606085,-8.92452758444195,"ring",2,438
-2.48651683188179,-1.20162304606085,-8.92452758444195,"ring",2,439
-1.14372748463631,-0.975694186168106,-8.60705048059735,"ring",2,440
-1.14372748463631,-0.975694186168106,-8.60705048059735,"ring",2,441
-1.14372748463631,-0.975694186168106,-8.60705048059735,"ring",2,442
-1.14372748463631,-0.975694186168106,-8.60705048059735,"ring",2,443
-1.14372748463631,-0.975694186168106,-8.60705048059735,"ring",2,444
-2.12353789384126,-1.32570759801629,-8.41224218050754,"ring",2,445
-1.62972163024266,-1.39794314360341,-8.01528904295055,"ring",2,446
-2.35858465830278,-1.36218243176344,-8.81968495804858,"ring",2,447
-2.40682736161783,-1.19729121081442,-8.86765478728574,"ring",2,448
-2.40682736161783,-1.19729121081442,-8.86765478728574,"ring",2,449
-2.40682736161783,-1.19729121081442,-8.86765478728574,"ring",2,450
-2.40682736161783,-1.19729121081442,-8.86765478728574,"ring",2,451
-1.99349606639472,-1.17837578329475,-9.32837462729529,"ring",2,452
-1.99349606639472,-1.17837578329475,-9.32837462729529,"ring",2,453
-1.99349606639472,-1.17837578329475,-9.32837462729529,"ring",2,454
-1.99349606639472,-1.17837578329475,-9.32837462729529,"ring",2,455
-1.49829904737923,-1.28548133520232,-8.44054628129173,"ring",2,456
-1.31714463880479,-0.896709094465334,-9.00330813749116,"ring",2,457
-1.8854988518973,-1.11715438874333,-8.80873431760897,"ring",2,458
-2.23532465468011,-1.3562838533773,-9.11870836705099,"ring",2,459
-2.23532465468011,-1.3562838533773,-9.11870836705099,"ring",2,460
-2.05591453727368,-1.33668210615257,-8.66704659260034,"ring",2,461
-2.05591453727368,-1.33668210615257,-8.66704659260034,"ring",2,462
-2.05591453727368,-1.33668210615257,-8.66704659260034,"ring",2,463
-2.05591453727368,-1.33668210615257,-8.66704659260034,"ring",2,464
-2.05591453727368,-1.33668210615257,-8.66704659260034,"ring",2,465
-2.04744210253462,-1.3121748206337,-8.90954191906128,"ring",2,466
-1.31134707239494,-1.45312558833645,-8.54349134092376,"ring",2,467
-2.16171511542317,-1.23471522503963,-8.13208543870716,"ring",2,468
-2.16171511542317,-1.23471522503963,-8.13208543870716,"ring",2,469
-1.34512016102966,-1.21197101252219,-8.19384719276397,"ring",2,470
-2.60506653560393,-1.23188073352854,-9.13642236766481,"ring",2,471
-2.60506653560393,-1.23188073352854,-9.13642236766481,"ring",2,472
-2.60506653560393,-1.23188073352854,-9.13642236766481,"ring",2,473
-1.51811540294447,-0.927637362793237,-8.65149196894324,"ring",2,474
-1.99859810128666,-1.56177394457001,-8.40375804760372,"ring",2,475
-1.99859810128666,-1.56177394457001,-8.40375804760372,"ring",2,476
-1.99859810128666,-1.56177394457001,-8.40375804760372,"ring",2,477
-1.88779081819245,-1.23171571725022,-7.9245588516594,"ring",2,478
-2.17077749933085,-1.50730933436028,-7.88259507592122,"ring",2,479
-2.12875638375925,-1.238472600803,-8.46906975273159,"ring",2,480
-2.12875638375925,-1.238472600803,-8.46906975273159,"ring",2,481
-2.23556022049833,-1.34308760887958,-8.68059159466019,"ring",2,482
-1.87373074731551,-1.25517247156241,-8.1821354273301,"ring",2,483
-1.87373074731551,-1.25517247156241,-8.1821354273301,"ring",2,484
-1.87373074731551,-1.25517247156241,-8.1821354273301,"ring",2,485
-1.87373074731551,-1.25517247156241,-8.1821354273301,"ring",2,486
-2.13279990397252,-1.42624251741333,-8.61759996474306,"ring",2,487
-1.51709329367556,-1.18480135562937,-8.58839369704595,"ring",2,488
-1.39132183032953,-0.848499699638098,-8.29046280197139,"ring",2,489
-0.757373092396887,-0.613392121905513,-8.61029750511392,"ring",2,490
-0.757373092396887,-0.613392121905513,-8.61029750511392,"ring",2,491
-1.5639756328047,-1.32244983736967,-8.35484026070541,"ring",2,492
-1.5639756328047,-1.32244983736967,-8.35484026070541,"ring",2,493
-1.5639756328047,-1.32244983736967,-8.35484026070541,"ring",2,494
-1.5639756328047,-1.32244983736967,-8.35484026070541,"ring",2,495
-1.95051563179141,-1.34624434347267,-8.08171667117081,"ring",2,496
-1.72291778542842,-1.38919774133853,-8.20721666299665,"ring",2,497
-1.72291778542842,-1.38919774133853,-8.20721666299665,"ring",2,498
-1.72291778542842,-1.38919774133853,-8.20721666299665,"ring",2,499
-2.097920293709,-1.47344145508768,-8.39301017886522,"ring",2,500
-2.07835103868576,-1.43925785914494,-8.33422622376006,"ring",2,501
-2.07835103868576,-1.43925785914494,-8.33422622376006,"ring",2,502
-1.86790320530282,-1.1327396243864,-8.24803289474132,"ring",2,503
-1.86790320530282,-1.1327396243864,-8.24803289474132,"ring",2,504
-1.86790320530282,-1.1327396243864,-8.24803289474132,"ring",2,505
-1.86790320530282,-1.1327396243864,-8.24803289474132,"ring",2,506
-1.42560712194033,-1.41321793847996,-8.29618005184212,"ring",2,507
-1.42560712194033,-1.41321793847996,-8.29618005184212,"ring",2,508
-1.8379036514863,-1.33640286753003,-8.89999318350312,"ring",2,509
-2.43538874743966,-1.40052344977388,-8.87017908232923,"ring",2,510
-2.4443917240569,-1.43161516024299,-8.43124706663618,"ring",2,511
-2.22309834871073,-1.55937194095533,-8.35676129590721,"ring",2,512
-2.22309834871073,-1.55937194095533,-8.35676129590721,"ring",2,513
-2.22309834871073,-1.55937194095533,-8.35676129590721,"ring",2,514
-1.49823265465155,-1.34782070614476,-7.87079344849916,"ring",2,515
-1.31018477141511,-1.40152167186519,-8.11364515320392,"ring",2,516
-1.31018477141511,-1.40152167186519,-8.11364515320392,"ring",2,517
-2.06194350357713,-1.2365821141535,-8.46697604062851,"ring",2,518
-2.06194350357713,-1.2365821141535,-8.46697604062851,"ring",2,519
-1.96667253674746,-1.34447608486765,-8.12085160250378,"ring",2,520
-1.96667253674746,-1.34447608486765,-8.12085160250378,"ring",2,521
-2.30144071173597,-1.2582010055021,-9.01407511463857,"ring",2,522
-2.30144071173597,-1.2582010055021,-9.01407511463857,"ring",2,523
-2.28016305562041,-1.26146868839203,-8.86366644507381,"ring",2,524
-2.28602379442642,-1.06101342026694,-7.91748748948795,"ring",2,525
-2.28602379442642,-1.06101342026694,-7.91748748948795,"ring",2,526
-1.4237187473303,-1.10765519606337,-7.85957120653739,"ring",2,527
-1.74075994316031,-1.46665804032121,-8.05997921976912,"ring",2,528
-1.97242895718287,-1.36258875876881,-8.11050411475731,"ring",2,529
-1.97242895718287,-1.36258875876881,-8.11050411475731,"ring",2,530
-1.97031590894383,-1.46421248449758,-8.22691691921832,"ring",2,531
-2.10113977434245,-1.1507209442587,-8.52450200230247,"ring",2,532
-2.10113977434245,-1.1507209442587,-8.52450200230247,"ring",2,533
-2.10113977434245,-1.1507209442587,-8.52450200230247,"ring",2,534
-1.62305851273036,-1.19227273078421,-8.79610425067076,"ring",2,535
-2.37889298619727,-1.4479661360383,-8.7372917514158,"ring",2,536
-2.30136922023892,-1.57497555961739,-8.00981439168912,"ring",2,537
-1.7640529114859,-1.32679073652846,-8.1974685807658,"ring",2,538
-1.7640529114859,-1.32679073652846,-8.1974685807658,"ring",2,539
-1.88016340058288,-1.43377087729936,-8.19011133425138,"ring",2,540
-1.88016340058288,-1.43377087729936,-8.19011133425138,"ring",2,541
-1.88016340058288,-1.43377087729936,-8.19011133425138,"ring",2,542
-1.88016340058288,-1.43377087729936,-8.19011133425138,"ring",2,543
-1.88016340058288,-1.43377087729936,-8.19011133425138,"ring",2,544
-1.29082940708875,-1.13726092073405,-8.61064320250172,"ring",2,545
-1.95656677080428,-1.25416612080662,-8.70262644582172,"ring",2,546
-2.75200430153936,-1.37889903438378,-8.885358507963,"ring",2,547
-2.75200430153936,-1.37889903438378,-8.885358507963,"ring",2,548
-2.85072249632727,-1.339065963187,-8.77712087939274,"ring",2,549
-2.02440746370274,-1.31656901908582,-9.05830057103442,"ring",2,550
-1.74717518314996,-1.52058345143943,-8.29075655050096,"ring",2,551
-1.74717518314996,-1.52058345143943,-8.29075655050096,"ring",2,552
-1.50351463844797,-1.37900890460926,-8.1705692189577,"ring",2,553
-1.50351463844797,-1.37900890460926,-8.1705692189577,"ring",2,554
-1.79201774297653,-1.26515236831544,-8.86090574866416,"ring",2,555
-2.07920483939041,-1.40522865195897,-8.39475406708445,"ring",2,556
-1.37431036153557,-1.15283615853279,-8.56707152400596,"ring",2,557
-2.13820543477926,-1.24875536109622,-9.05624250253814,"ring",2,558
-2.13820543477926,-1.24875536109622,-9.05624250253814,"ring",2,559
-2.13820543477926,-1.24875536109622,-9.05624250253814,"ring",2,560
-2.13820543477926,-1.24875536109622,-9.05624250253814,"ring",2,561
-2.01145826921219,-1.27539788800434,-8.79213052096139,"ring",2,562
-2.01145826921219,-1.27539788800434,-8.79213052096139,"ring",2,563
-2.01145826921219,-1.27539788800434,-8.79213052096139,"ring",2,564
-2.01145826921219,-1.27539788800434,-8.79213052096139,"ring",2,565
-2.01145826921219,-1.27539788800434,-8.79213052096139,"ring",2,566
-2.17924867657016,-1.13543972269345,-8.6088355949894,"ring",2,567
-2.17924867657016,-1.13543972269345,-8.6088355949894,"ring",2,568
-2.28896923960428,-1.2197716775472,-8.05832716236329,"ring",2,569
-2.28896923960428,-1.2197716775472,-8.05832716236329,"ring",2,570
-2.28896923960428,-1.2197716775472,-8.05832716236329,"ring",2,571
-2.19393610008002,-1.55875068829135,-8.15100158918689,"ring",2,572
-2.3639962290196,-1.24276620683546,-8.20102244535504,"ring",2,573
-2.3639962290196,-1.24276620683546,-8.20102244535504,"ring",2,574
-2.3639962290196,-1.24276620683546,-8.20102244535504,"ring",2,575
-2.2524447489464,-1.44840611664164,-8.35558869803112,"ring",2,576
-2.2524447489464,-1.44840611664164,-8.35558869803112,"ring",2,577
-2.2524447489464,-1.44840611664164,-8.35558869803112,"ring",2,578
-2.01857741302701,-1.46231536524634,-8.31670404342817,"ring",2,579
-2.01857741302701,-1.46231536524634,-8.31670404342817,"ring",2,580
-1.9207649340541,-1.34431423406546,-8.16181838490798,"ring",2,581
-1.55039350787169,-1.27345559596528,-9.02933231698155,"ring",2,582
-0.557286907054423,-0.894805500336251,-8.47365363338968,"ring",2,583
-2.27394037437191,-1.09677520328686,-8.59017008396664,"ring",2,584
-2.27394037437191,-1.09677520328686,-8.59017008396664,"ring",2,585
-2.32499782814898,-1.12423656732757,-8.7982184261506,"ring",2,586
-2.32499782814898,-1.12423656732757,-8.7982184261506,"ring",2,587
-2.04079158020212,-1.30338123329899,-8.2166553235783,"ring",2,588
-2.34931258248464,-1.22656096384211,-8.68969073240436,"ring",2,589
-2.65182191305302,-1.37777486186265,-8.53506611791746,"ring",2,590
-2.16481823192863,-1.15133542620958,-8.48156475360345,"ring",2,591
-1.86641709657668,-1.41942917666433,-9.00782353761423,"ring",2,592
-1.87618238330822,-1.12532443046239,-8.32894478881515,"ring",2,593
-1.87618238330822,-1.12532443046239,-8.32894478881515,"ring",2,594
-2.1326014558522,-1.41275483595461,-8.5873699148137,"ring",2,595
-2.10869375341556,-1.29415666142347,-8.41290448607619,"ring",2,596
-2.10869375341556,-1.29415666142347,-8.41290448607619,"ring",2,597
-2.10869375341556,-1.29415666142347,-8.41290448607619,"ring",2,598
-2.10869375341556,-1.29415666142347,-8.41290448607619,"ring",2,599
-2.10869375341556,-1.29415666142347,-8.41290448607619,"ring",2,600
-2.10869375341556,-1.29415666142347,-8.41290448607619,"ring",2,601
-2.10869375341556,-1.29415666142347,-8.41290448607619,"ring",2,602
-2.10869375341556,-1.29415666142347,-8.41290448607619,"ring",2,603
-2.10869375341556,-1.29415666142347,-8.41290448607619,"ring",2,604
-2.06732258930867,-1.46930930824696,-8.48047462253947,"ring",2,605
-2.06732258930867,-1.46930930824696,-8.48047462253947,"ring",2,606
-1.96203186841058,-1.19967372031355,-8.59298145133563,"ring",2,607
-1.96203186841058,-1.19967372031355,-8.59298145133563,"ring",2,608
-2.16327310734289,-1.50397676499573,-8.39682869264866,"ring",2,609
-2.16327310734289,-1.50397676499573,-8.39682869264866,"ring",2,610
-2.23797391404325,-1.16598304744106,-8.70768932594586,"ring",2,611
-2.23797391404325,-1.16598304744106,-8.70768932594586,"ring",2,612
-2.23797391404325,-1.16598304744106,-8.70768932594586,"ring",2,613
-2.23797391404325,-1.16598304744106,-8.70768932594586,"ring",2,614
-1.77926614256004,-1.31839865347948,-8.48750870309398,"ring",2,615
-1.74510185922581,-1.31481719635449,-8.50460944959019,"ring",2,616
-1.90897807040968,-1.52929807377836,-8.2386810018856,"ring",2,617
-2.0651174127172,-1.50111382571853,-7.87893152164651,"ring",2,618
-2.34026355647978,-1.38913304103615,-8.42998279364167,"ring",2,619
-2.36303329077674,-1.3729207913226,-8.40265380337902,"ring",2,620
-2.03557867919541,-1.1558706798523,-8.58131169255422,"ring",2,621
-1.88191133970517,-1.16031387696026,-8.26191764983357,"ring",2,622
-1.83026340361344,-1.30628749518803,-8.92092977814023,"ring",2,623
-1.55124018721459,-1.21890098059885,-8.36061292443163,"ring",2,624
-1.55124018721459,-1.21890098059885,-8.36061292443163,"ring",2,625
-1.73187459635971,-1.45596982863993,-7.91616046432874,"ring",2,626
-2.19945331561627,-1.53324219541928,-8.20412452047924,"ring",2,627
-2.03678076709765,-1.53685275325815,-8.48004167347476,"ring",2,628
-2.0944620658907,-1.33735663838347,-9.1510611522874,"ring",2,629
-1.76115870275829,-1.42568538709792,-7.85798822404898,"ring",2,630
-1.76115870275829,-1.42568538709792,-7.85798822404898,"ring",2,631
-1.98954914488107,-1.37809290454101,-7.99497662360596,"ring",2,632
-1.75015272212809,-1.08127724140031,-8.73480472744216,"ring",2,633
-1.61251158639239,-1.26014363299004,-8.76107272487722,"ring",2,634
-2.23996027338579,-1.39299962627347,-9.30053481093092,"ring",2,635
-2.23996027338579,-1.39299962627347,-9.30053481093092,"ring",2,636
-2.05294953193125,-1.26703184804981,-8.8214755947844,"ring",2,637
-1.84574988201776,-1.3435529693822,-8.78426145309585,"ring",2,638
-1.84574988201776,-1.3435529693822,-8.78426145309585,"ring",2,639
-1.84574988201776,-1.3435529693822,-8.78426145309585,"ring",2,640
-1.26052265980734,-1.06418046050119,-8.67990605576103,"ring",2,641
-0.520132915864563,-1.0699703405199,-8.14372389746532,"ring",2,642
-1.01076519345282,-0.821192730383683,-8.70517463610425,"ring",2,643
-1.77049221752419,-0.943368223428376,-9.06943461781699,"ring",2,644
-1.43799342504136,-1.2882675965667,-8.27757811912864,"ring",2,645
-1.63213944503827,-1.13388341527314,-8.5049288199912,"ring",2,646
-2.30798387072076,-1.30666488026138,-8.96266480936846,"ring",2,647
-1.81675774595546,-1.39927184605539,-8.8020375684928,"ring",2,648
-0.832029778661679,-1.21420990608924,-8.11862254642544,"ring",2,649
-0.832029778661679,-1.21420990608924,-8.11862254642544,"ring",2,650
-0.832029778661679,-1.21420990608924,-8.11862254642544,"ring",2,651
-0.832029778661679,-1.21420990608924,-8.11862254642544,"ring",2,652
-1.58436005389575,-1.09418967687444,-8.81878383653533,"ring",2,653
-1.74523332128562,-1.25127459140119,-8.34867285530385,"ring",2,654
-1.74523332128562,-1.25127459140119,-8.34867285530385,"ring",2,655
-2.47413794384979,-1.39128598204907,-9.14177137496759,"ring",2,656
-1.52765515029918,-1.04023679280387,-8.59408796062443,"ring",2,657
-2.11822656809097,-1.21415937231437,-8.98579726861369,"ring",2,658
-2.11822656809097,-1.21415937231437,-8.98579726861369,"ring",2,659
-2.11822656809097,-1.21415937231437,-8.98579726861369,"ring",2,660
-1.72132572158415,-1.09203245239349,-8.83570404417848,"ring",2,661
-2.27328949280574,-1.30082646794639,-8.46190319686675,"ring",2,662
-2.52887949240954,-1.32172385226272,-8.49778010973237,"ring",2,663
-1.02436021659539,-1.28617594984361,-7.89642401893879,"ring",2,664
-1.74171511558124,-1.18631713307566,-8.25100140071234,"ring",2,665
-1.69241949302126,-1.42943963134989,-8.41119688956146,"ring",2,666
-1.69241949302126,-1.42943963134989,-8.41119688956146,"ring",2,667
-1.625543112453,-1.1709649976492,-8.77295478181091,"ring",2,668
-1.87766253840798,-1.38059140308842,-8.12766988807152,"ring",2,669
-1.87766253840798,-1.38059140308842,-8.12766988807152,"ring",2,670
-1.87766253840798,-1.38059140308842,-8.12766988807152,"ring",2,671
-1.87766253840798,-1.38059140308842,-8.12766988807152,"ring",2,672
-1.87766253840798,-1.38059140308842,-8.12766988807152,"ring",2,673
-1.87766253840798,-1.38059140308842,-8.12766988807152,"ring",2,674
-1.87766253840798,-1.38059140308842,-8.12766988807152,"ring",2,675
-1.87766253840798,-1.38059140308842,-8.12766988807152,"ring",2,676
-1.87766253840798,-1.38059140308842,-8.12766988807152,"ring",2,677
-2.20222984585551,-1.32188123012377,-8.25164591342658,"ring",2,678
-1.82594654184985,-1.25549274384774,-8.37945286332618,"ring",2,679
-2.33903618853062,-1.25978990340577,-8.87632287463418,"ring",2,680
-1.73087664986656,-1.24038359043045,-9.21537100898634,"ring",2,681
-1.94170279808264,-1.33544465250108,-8.37049395866938,"ring",2,682
-1.94170279808264,-1.33544465250108,-8.37049395866938,"ring",2,683
-1.94170279808264,-1.33544465250108,-8.37049395866938,"ring",2,684
-1.94170279808264,-1.33544465250108,-8.37049395866938,"ring",2,685
-1.94170279808264,-1.33544465250108,-8.37049395866938,"ring",2,686
-1.94170279808264,-1.33544465250108,-8.37049395866938,"ring",2,687
-1.94170279808264,-1.33544465250108,-8.37049395866938,"ring",2,688
-2.47622345797168,-1.17988108484086,-9.01565151972657,"ring",2,689
-2.47622345797168,-1.17988108484086,-9.01565151972657,"ring",2,690
-2.47622345797168,-1.17988108484086,-9.01565151972657,"ring",2,691
-1.47814142221848,-1.22808989944192,-8.30625622708802,"ring",2,692
-1.47814142221848,-1.22808989944192,-8.30625622708802,"ring",2,693
-1.47814142221848,-1.22808989944192,-8.30625622708802,"ring",2,694
-1.47814142221848,-1.22808989944192,-8.30625622708802,"ring",2,695
-1.47814142221848,-1.22808989944192,-8.30625622708802,"ring",2,696
-1.65101743739284,-1.41472401242146,-8.41904459366906,"ring",2,697
-2.27258051770251,-1.49176232068965,-8.217195545178,"ring",2,698
-2.09935127471086,-1.44884984153864,-7.93461876670839,"ring",2,699
-1.1595661946815,-1.01641790915925,-8.35095405765222,"ring",2,700
-1.96390048149359,-1.28738178384205,-8.58521259709474,"ring",3,1
-2.22077370385277,-1.31747500676481,-9.19626273854658,"ring",3,2
-1.72531840435999,-1.33648655614018,-8.47318197212306,"ring",3,3
-1.72531840435999,-1.33648655614018,-8.47318197212306,"ring",3,4
-2.30123156259641,-1.41091705907801,-8.62685119150872,"ring",3,5
-2.30123156259641,-1.41091705907801,-8.62685119150872,"ring",3,6
-2.20639335590383,-1.18682089010202,-8.58018873765833,"ring",3,7
-2.20639335590383,-1.18682089010202,-8.58018873765833,"ring",3,8
-2.20639335590383,-1.18682089010202,-8.58018873765833,"ring",3,9
-2.20639335590383,-1.18682089010202,-8.58018873765833,"ring",3,10
-2.20639335590383,-1.18682089010202,-8.58018873765833,"ring",3,11
-1.73995168620692,-1.08014458659905,-8.26069132965151,"ring",3,12
-2.01189666675455,-1.31802945714781,-7.95901418438778,"ring",3,13
-2.28855955599513,-1.16776479542501,-8.71416278747336,"ring",3,14
-2.60100902891234,-1.13652554877989,-8.51340633628914,"ring",3,15
-1.77170190017713,-1.5414758365612,-8.15052810712802,"ring",3,16
-1.77170190017713,-1.5414758365612,-8.15052810712802,"ring",3,17
-1.77170190017713,-1.5414758365612,-8.15052810712802,"ring",3,18
-2.4556108762224,-1.22793572763896,-9.22642801767799,"ring",3,19
-2.62175465150078,-1.37051988932648,-8.93640985555966,"ring",3,20
-2.60826740861033,-1.3108753167721,-9.08967687423303,"ring",3,21
-2.28128018273235,-1.39457073581191,-8.1522366493408,"ring",3,22
-2.06034470674046,-1.2264182108636,-8.41874349800502,"ring",3,23
-2.06034470674046,-1.2264182108636,-8.41874349800502,"ring",3,24
-1.85864688064728,-1.41359921670452,-8.19308248445458,"ring",3,25
-1.75122523360682,-1.27567757770785,-8.53593456340961,"ring",3,26
-1.88219021239147,-1.15972923880937,-8.36728541974056,"ring",3,27
-1.43898481031508,-1.27044218083868,-8.02540538860091,"ring",3,28
-1.74571187789993,-1.48755337895748,-8.30211027803093,"ring",3,29
-2.02930388620846,-1.28210998461363,-8.76437601667951,"ring",3,30
-2.02930388620846,-1.28210998461363,-8.76437601667951,"ring",3,31
-1.77056477778475,-1.11952469653106,-8.68056972372615,"ring",3,32
-1.77056477778475,-1.11952469653106,-8.68056972372615,"ring",3,33
-1.77056477778475,-1.11952469653106,-8.68056972372615,"ring",3,34
-1.77056477778475,-1.11952469653106,-8.68056972372615,"ring",3,35
-2.13901988144053,-1.36819792932258,-8.70268951167047,"ring",3,36
-2.13901988144053,-1.36819792932258,-8.70268951167047,"ring",3,37
-2.03259921474278,-1.37918051314704,-8.79446584214875,"ring",3,38
-1.84031987440213,-1.29823993808233,-8.57850597714663,"ring",3,39
-1.97061878548562,-1.20396701787949,-8.50579557678823,"ring",3,40
-1.97061878548562,-1.20396701787949,-8.50579557678823,"ring",3,41
-1.97061878548562,-1.20396701787949,-8.50579557678823,"ring",3,42
-1.97061878548562,-1.20396701787949,-8.50579557678823,"ring",3,43
-2.40414352608122,-1.17164453098444,-8.8459780347111,"ring",3,44
-1.74208594581735,-1.06484563493085,-8.48642557957024,"ring",3,45
-1.74208594581735,-1.06484563493085,-8.48642557957024,"ring",3,46
-1.74208594581735,-1.06484563493085,-8.48642557957024,"ring",3,47
-2.40034918587177,-1.24147821551438,-8.50994005560571,"ring",3,48
-1.4379482208619,-1.1339832372648,-8.23758914663914,"ring",3,49
-1.4379482208619,-1.1339832372648,-8.23758914663914,"ring",3,50
-1.42693311159161,-1.36331908618278,-8.28559599947525,"ring",3,51
-1.42693311159161,-1.36331908618278,-8.28559599947525,"ring",3,52
-2.21521078095308,-1.22258294504794,-9.0406027023328,"ring",3,53
-2.5601140338622,-1.49454426740723,-9.5624413096561,"ring",3,54
-2.5601140338622,-1.49454426740723,-9.5624413096561,"ring",3,55
-1.38294495752431,-1.03702284501656,-8.69654563770676,"ring",3,56
-1.38294495752431,-1.03702284501656,-8.69654563770676,"ring",3,57
-1.38294495752431,-1.03702284501656,-8.69654563770676,"ring",3,58
-1.46016049201322,-1.21028530162468,-8.1018207020287,"ring",3,59
-2.61539608325726,-1.2363247841766,-8.85739080586901,"ring",3,60
-1.89086148006484,-1.27744520583781,-8.02191310079177,"ring",3,61
-1.75886511501077,-1.28496210190819,-8.52266538926994,"ring",3,62
-1.75886511501077,-1.28496210190819,-8.52266538926994,"ring",3,63
-2.29724739978257,-1.29609040394808,-9.09556914806682,"ring",3,64
-2.10759784901646,-1.16326818988551,-9.02680231254196,"ring",3,65
-1.75962721665468,-1.3331845520263,-8.25552560213837,"ring",3,66
-2.1089376175585,-1.13767498423699,-8.45484824919343,"ring",3,67
-2.01314133398864,-1.13671520239045,-8.13405868436897,"ring",3,68
-1.16346626620221,-0.880107952330416,-7.91504783139086,"ring",3,69
-1.55825160340554,-1.00979086211536,-8.47326533623084,"ring",3,70
-2.0238249974387,-1.21383376317579,-8.66782164772192,"ring",3,71
-1.43580631365001,-1.19952616250366,-8.4696243794634,"ring",3,72
-1.84277082648916,-1.47717725078794,-8.18977332031135,"ring",3,73
-1.56231769691777,-1.24671781029348,-7.97759819061079,"ring",3,74
-1.17600818016405,-0.966404088481946,-8.25491949800846,"ring",3,75
-1.17600818016405,-0.966404088481946,-8.25491949800846,"ring",3,76
-1.17600818016405,-0.966404088481946,-8.25491949800846,"ring",3,77
-1.17600818016405,-0.966404088481946,-8.25491949800846,"ring",3,78
-2.17743756460721,-1.2866207871935,-8.15976952244799,"ring",3,79
-2.17743756460721,-1.2866207871935,-8.15976952244799,"ring",3,80
-1.5848014081618,-1.35781846376536,-8.35312640761924,"ring",3,81
-1.5848014081618,-1.35781846376536,-8.35312640761924,"ring",3,82
-1.50666744359272,-1.26165302446989,-8.25443608201606,"ring",3,83
-1.50038824126493,-1.26449828768874,-8.43372982229739,"ring",3,84
-1.38004462631346,-1.43494365983862,-8.25368283683172,"ring",3,85
-1.17773346694244,-1.27316478083087,-7.96959305850399,"ring",3,86
-1.71338760788438,-1.33264447198023,-8.40064314479007,"ring",3,87
-1.71338760788438,-1.33264447198023,-8.40064314479007,"ring",3,88
-1.8926428673833,-1.17816466585669,-8.61359069449668,"ring",3,89
-1.59145210281089,-1.1522006054943,-8.68242327118064,"ring",3,90
-1.84383358459717,-1.26738940386089,-8.38575066120481,"ring",3,91
-1.84383358459717,-1.26738940386089,-8.38575066120481,"ring",3,92
-1.84383358459717,-1.26738940386089,-8.38575066120481,"ring",3,93
-1.84383358459717,-1.26738940386089,-8.38575066120481,"ring",3,94
-1.84383358459717,-1.26738940386089,-8.38575066120481,"ring",3,95
-1.94466558642488,-1.44523225328098,-8.17541008106146,"ring",3,96
-1.94466558642488,-1.44523225328098,-8.17541008106146,"ring",3,97
-1.94466558642488,-1.44523225328098,-8.17541008106146,"ring",3,98
-2.01699642266434,-1.21323700451387,-8.53264931919516,"ring",3,99
-2.3813454469818,-1.05827548593463,-8.99037670622753,"ring",3,100
-1.86054184036611,-1.36645751652774,-8.08446440581166,"ring",3,101
-1.86054184036611,-1.36645751652774,-8.08446440581166,"ring",3,102
-2.37415813675526,-1.36091748481249,-8.40173745466868,"ring",3,103
-2.37415813675526,-1.36091748481249,-8.40173745466868,"ring",3,104
-2.37415813675526,-1.36091748481249,-8.40173745466868,"ring",3,105
-2.18031202131047,-1.45130952110173,-8.45438468430369,"ring",3,106
-1.81651847958668,-1.58192541523039,-7.81421483995205,"ring",3,107
-1.67117114320643,-1.38098128912972,-8.21856256001214,"ring",3,108
-2.45953079439402,-1.32422689388691,-8.58594118116203,"ring",3,109
-2.45953079439402,-1.32422689388691,-8.58594118116203,"ring",3,110
-2.06184625248742,-1.42368953666654,-8.06684767643363,"ring",3,111
-2.06184625248742,-1.42368953666654,-8.06684767643363,"ring",3,112
-2.06184625248742,-1.42368953666654,-8.06684767643363,"ring",3,113
-1.906610757137,-1.33072651404888,-8.47186313176725,"ring",3,114
-1.99600558639903,-1.3596774421524,-8.30316363974251,"ring",3,115
-2.13429098971503,-1.30672311082991,-8.14351116775696,"ring",3,116
-1.90188655818837,-1.34198400664327,-8.2924259394184,"ring",3,117
-1.90188655818837,-1.34198400664327,-8.2924259394184,"ring",3,118
-1.98772158358386,-1.16229830943173,-9.24516085670773,"ring",3,119
-2.35972008032077,-1.21628217985725,-9.31579821004343,"ring",3,120
-2.11471016164305,-1.01976120794018,-8.9305039900388,"ring",3,121
-1.7108297484541,-1.03781002349303,-8.88075340108127,"ring",3,122
-1.42483308060387,-0.997381649783032,-8.66943433937562,"ring",3,123
-1.42483308060387,-0.997381649783032,-8.66943433937562,"ring",3,124
-1.72906700486196,-1.02478274931879,-8.463292836907,"ring",3,125
-1.38422373972522,-1.13195954995127,-8.5399984959766,"ring",3,126
-1.38422373972522,-1.13195954995127,-8.5399984959766,"ring",3,127
-1.38422373972522,-1.13195954995127,-8.5399984959766,"ring",3,128
-1.39828231972061,-1.00211756040937,-8.60745261331576,"ring",3,129
-1.96091928838795,-1.5413222288593,-8.21917741754646,"ring",3,130
-2.05178503852576,-1.1779788659395,-9.13490199350771,"ring",3,131
-1.78069614532003,-1.0288399094341,-9.09354486840357,"ring",3,132
-2.59292287687556,-1.27898424125284,-8.84211280967176,"ring",3,133
-2.59292287687556,-1.27898424125284,-8.84211280967176,"ring",3,134
-2.01215620129328,-1.27016082372319,-8.34449928016621,"ring",3,135
-2.01215620129328,-1.27016082372319,-8.34449928016621,"ring",3,136
-2.25442971523211,-1.31935543057128,-9.01336335271587,"ring",3,137
-2.25442971523211,-1.31935543057128,-9.01336335271587,"ring",3,138
-1.30522757753613,-1.2900186514096,-8.39130879976276,"ring",3,139
-2.23827251285586,-1.31318890651113,-9.17299178757466,"ring",3,140
-2.1744229357115,-1.49956876555962,-8.17687970285026,"ring",3,141
-1.77419507651203,-1.38394694201123,-8.10097482843138,"ring",3,142
-2.05504875292014,-1.38444676187747,-8.15756624764993,"ring",3,143
-2.05504875292014,-1.38444676187747,-8.15756624764993,"ring",3,144
-2.05504875292014,-1.38444676187747,-8.15756624764993,"ring",3,145
-2.05504875292014,-1.38444676187747,-8.15756624764993,"ring",3,146
-2.05504875292014,-1.38444676187747,-8.15756624764993,"ring",3,147
-1.85694492161063,-1.34066648755268,-8.26968563187849,"ring",3,148
-1.92233638307781,-1.37686880494316,-8.44427371280801,"ring",3,149
-1.92233638307781,-1.37686880494316,-8.44427371280801,"ring",3,150
-1.87306422173674,-1.41205570021672,-8.5878178426404,"ring",3,151
-2.32570974750967,-1.34491686893429,-8.21033672054219,"ring",3,152
-2.40130995704086,-1.53368087545325,-7.94491430487659,"ring",3,153
-2.08229491385919,-1.30919509969908,-8.86207842492877,"ring",3,154
-2.08229491385919,-1.30919509969908,-8.86207842492877,"ring",3,155
-2.08229491385919,-1.30919509969908,-8.86207842492877,"ring",3,156
-1.85120518321719,-1.17189562828495,-8.68641251705663,"ring",3,157
-2.15883411343664,-1.28441019735814,-8.62877135502329,"ring",3,158
-2.15883411343664,-1.28441019735814,-8.62877135502329,"ring",3,159
-1.94325645387756,-1.41078060302669,-8.63470244019336,"ring",3,160
-2.49192260684018,-1.31158471362737,-9.18865525951149,"ring",3,161
-2.46083719811251,-1.40078821854107,-8.42949356423367,"ring",3,162
-2.01010619163823,-1.56575552592219,-8.24096002170841,"ring",3,163
-2.01010619163823,-1.56575552592219,-8.24096002170841,"ring",3,164
-2.01010619163823,-1.56575552592219,-8.24096002170841,"ring",3,165
-2.28297943051015,-1.35359976516499,-8.4322989960898,"ring",3,166
-1.68248973434306,-1.18234180364075,-8.20064634651771,"ring",3,167
-1.68248973434306,-1.18234180364075,-8.20064634651771,"ring",3,168
-2.13047227508975,-1.17144415180414,-8.75581516096,"ring",3,169
-2.53686028447374,-1.3124547748529,-8.73852309633607,"ring",3,170
-2.53686028447374,-1.3124547748529,-8.73852309633607,"ring",3,171
-2.53686028447374,-1.3124547748529,-8.73852309633607,"ring",3,172
-1.4632443265184,-1.22286101351301,-8.37832197447435,"ring",3,173
-2.11352385808864,-1.13722037814684,-8.35483970362299,"ring",3,174
-2.13846128110729,-1.12074556130034,-8.92656152091877,"ring",3,175
-1.65838890169017,-1.05377710159466,-8.84901311148356,"ring",3,176
-1.91962479106154,-1.18180470950992,-8.89476041849558,"ring",3,177
-1.72162130412139,-1.34451802687219,-8.70671531933927,"ring",3,178
-1.75678814563917,-1.01965767588606,-8.76863236453708,"ring",3,179
-1.08790814674903,-0.971388275130284,-8.21896522691159,"ring",3,180
-1.62843191518714,-1.14991622440395,-8.44166000872961,"ring",3,181
-1.26205775073566,-1.40114355422163,-8.29119219440656,"ring",3,182
-2.28340324139725,-1.26699575403341,-9.14530966079765,"ring",3,183
-2.28254547690222,-1.50550701574632,-7.93955984606821,"ring",3,184
-2.28254547690222,-1.50550701574632,-7.93955984606821,"ring",3,185
-1.2672731632302,-1.23182269776706,-8.83721739902154,"ring",3,186
-2.11214631479554,-1.26640400510696,-8.63430768804687,"ring",3,187
-2.11214631479554,-1.26640400510696,-8.63430768804687,"ring",3,188
-2.11214631479554,-1.26640400510696,-8.63430768804687,"ring",3,189
-2.11214631479554,-1.26640400510696,-8.63430768804687,"ring",3,190
-2.11214631479554,-1.26640400510696,-8.63430768804687,"ring",3,191
-2.11214631479554,-1.26640400510696,-8.63430768804687,"ring",3,192
-2.11214631479554,-1.26640400510696,-8.63430768804687,"ring",3,193
-2.16328915476001,-1.4362016415732,-8.12908251151717,"ring",3,194
-2.15315727131245,-1.41130911605227,-8.52954569111992,"ring",3,195
-1.60671532335193,-1.26300392818232,-8.02835110324083,"ring",3,196
-1.92918081937373,-1.48947518199271,-8.26528854155431,"ring",3,197
-1.6295010979142,-1.3118399862273,-8.29476866951253,"ring",3,198
-1.6295010979142,-1.3118399862273,-8.29476866951253,"ring",3,199
-2.23079042864347,-1.4986692677863,-8.19592351214955,"ring",3,200
-2.05496838639112,-1.36829442379161,-8.15163542046701,"ring",3,201
-2.05496838639112,-1.36829442379161,-8.15163542046701,"ring",3,202
-2.05496838639112,-1.36829442379161,-8.15163542046701,"ring",3,203
-2.39696498776839,-1.24533795849749,-8.34362093481968,"ring",3,204
-2.39696498776839,-1.24533795849749,-8.34362093481968,"ring",3,205
-1.88226027507733,-1.29045223665083,-8.57819745650879,"ring",3,206
-1.88226027507733,-1.29045223665083,-8.57819745650879,"ring",3,207
-1.38076960801015,-1.02169547387922,-8.89695666713277,"ring",3,208
-1.98186614496391,-1.17849522173937,-8.76370729898593,"ring",3,209
-2.19362569916581,-1.27150338077849,-8.38831400006527,"ring",3,210
-2.19362569916581,-1.27150338077849,-8.38831400006527,"ring",3,211
-2.19362569916581,-1.27150338077849,-8.38831400006527,"ring",3,212
-2.24259649929553,-1.29601162509479,-8.88712158738365,"ring",3,213
-2.24259649929553,-1.29601162509479,-8.88712158738365,"ring",3,214
-1.73762449424055,-1.11875010523459,-9.15613311753012,"ring",3,215
-2.03083014082902,-1.01556500018082,-9.3068838878803,"ring",3,216
-1.94667874079962,-1.12586248773009,-8.6812296171979,"ring",3,217
-1.99650444921161,-1.20371911022503,-8.46236909147833,"ring",3,218
-2.14989295213704,-1.34153928633415,-8.3330764497805,"ring",3,219
-1.47467118705574,-1.36302806661608,-8.11717216867779,"ring",3,220
-2.04605556319022,-1.41312554886358,-8.63067976919808,"ring",3,221
-2.04605556319022,-1.41312554886358,-8.63067976919808,"ring",3,222
-1.95353778092366,-0.985480595366648,-8.95487565782133,"ring",3,223
-2.16743469335666,-1.22606053234692,-8.57839901440708,"ring",3,224
-1.53668497719939,-1.23357686035567,-8.29015178027093,"ring",3,225
-1.53668497719939,-1.23357686035567,-8.29015178027093,"ring",3,226
-1.92794657596172,-1.11714774988503,-7.97685789565548,"ring",3,227
-2.27175441749787,-1.24535751798375,-8.6112235310068,"ring",3,228
-2.17998765658445,-1.45487020298493,-8.37081019587819,"ring",3,229
-1.56625013515996,-1.29770482786224,-8.0659802370754,"ring",3,230
-1.91720213960027,-1.27125782099145,-7.81804480417717,"ring",3,231
-1.68656223849086,-1.19232268661924,-8.68244286897159,"ring",3,232
-1.79463467407921,-1.38399820083353,-8.33782716546875,"ring",3,233
-1.79463467407921,-1.38399820083353,-8.33782716546875,"ring",3,234
-1.79463467407921,-1.38399820083353,-8.33782716546875,"ring",3,235
-1.79463467407921,-1.38399820083353,-8.33782716546875,"ring",3,236
-1.39636044033728,-1.24197723799706,-8.45704790360435,"ring",3,237
-1.39636044033728,-1.24197723799706,-8.45704790360435,"ring",3,238
-2.24649977937244,-1.30252331294022,-8.19381719819132,"ring",3,239
-2.14715485061083,-1.57510990097519,-8.33004711626184,"ring",3,240
-2.21969419659864,-1.33942329757198,-8.94113688622244,"ring",3,241
-2.0563716031394,-1.35236487062344,-8.08999021895199,"ring",3,242
-2.0563716031394,-1.35236487062344,-8.08999021895199,"ring",3,243
-2.23525213605341,-1.24187311329682,-8.29240567314595,"ring",3,244
-2.37314269797004,-1.49523512144407,-8.2357274520919,"ring",3,245
-2.42481709494683,-1.49337109826684,-8.15161483356463,"ring",3,246
-1.93654206014704,-1.4750529739913,-7.83726915705493,"ring",3,247
-1.34747583863436,-1.58891837162749,-7.70792027684082,"ring",3,248
-1.49737572967738,-1.58275430408811,-7.73046487962415,"ring",3,249
-1.5575391884392,-1.50026609601286,-8.02900669101471,"ring",3,250
-2.42996226644659,-1.27750360619739,-8.73541957427434,"ring",3,251
-2.42996226644659,-1.27750360619739,-8.73541957427434,"ring",3,252
-2.42996226644659,-1.27750360619739,-8.73541957427434,"ring",3,253
-1.8212751983488,-1.1970476481659,-8.24125688175947,"ring",3,254
-1.8212751983488,-1.1970476481659,-8.24125688175947,"ring",3,255
-1.8212751983488,-1.1970476481659,-8.24125688175947,"ring",3,256
-1.61879834932238,-1.08061885988002,-8.86116265738295,"ring",3,257
-1.87855286396779,-1.38617012944259,-8.17039241898002,"ring",3,258
-1.87855286396779,-1.38617012944259,-8.17039241898002,"ring",3,259
-1.88943504075116,-1.14840350120496,-8.70523587713969,"ring",3,260
-1.88943504075116,-1.14840350120496,-8.70523587713969,"ring",3,261
-1.88969009036542,-1.3212865609681,-8.99675826173568,"ring",3,262
-1.88969009036542,-1.3212865609681,-8.99675826173568,"ring",3,263
-2.05838617955474,-1.16164489058637,-9.36909057344155,"ring",3,264
-1.76923084310385,-1.23416897639127,-9.12963898028192,"ring",3,265
-1.65003037447322,-1.465458576331,-8.29534593793554,"ring",3,266
-1.55329289296886,-1.13221449240569,-8.21913367958521,"ring",3,267
-2.30902223246693,-1.34734172219215,-8.48668101090616,"ring",3,268
-2.30902223246693,-1.34734172219215,-8.48668101090616,"ring",3,269
-1.51874129570705,-1.35960383980945,-8.31663954896901,"ring",3,270
-1.68176004723906,-1.41339050268275,-8.32955885994683,"ring",3,271
-1.94204958728162,-1.141482166386,-8.97192600319855,"ring",3,272
-1.94204958728162,-1.141482166386,-8.97192600319855,"ring",3,273
-2.15825497318393,-1.16596210901797,-9.05891503002533,"ring",3,274
-2.09787610384796,-1.45741068606393,-8.84195629316103,"ring",3,275
-1.81741619020197,-1.32567731730645,-8.73148282852115,"ring",3,276
-1.81741619020197,-1.32567731730645,-8.73148282852115,"ring",3,277
-1.81741619020197,-1.32567731730645,-8.73148282852115,"ring",3,278
-1.9748522579648,-1.24790259198911,-8.78500403916995,"ring",3,279
-2.14715561663855,-1.21044978398604,-9.00296425192873,"ring",3,280
-2.14715561663855,-1.21044978398604,-9.00296425192873,"ring",3,281
-2.14715561663855,-1.21044978398604,-9.00296425192873,"ring",3,282
-2.24278535573838,-1.24094028098593,-8.7139163904493,"ring",3,283
-2.21353607910111,-1.33916446949584,-8.87935441666164,"ring",3,284
-1.97657042579006,-1.25357806740716,-9.01250287107229,"ring",3,285
-2.23432006264712,-1.4738694288511,-8.80664388427726,"ring",3,286
-2.2480957011278,-1.44383930153881,-8.59550045787434,"ring",3,287
-1.43260432667588,-1.12300970170327,-8.38018945435373,"ring",3,288
-2.09814592434075,-1.67028846093981,-8.09099363718206,"ring",3,289
-2.09814592434075,-1.67028846093981,-8.09099363718206,"ring",3,290
-2.09814592434075,-1.67028846093981,-8.09099363718206,"ring",3,291
-2.47943450393177,-1.3259779042942,-8.60619146375066,"ring",3,292
-2.65462959141148,-1.28304270756108,-8.99014718259362,"ring",3,293
-1.6370336875715,-0.85297827033002,-8.2938891983175,"ring",3,294
-1.90057471571696,-0.958901101321153,-8.61341591960013,"ring",3,295
-1.43495263697515,-0.89450735552698,-8.53129732490324,"ring",3,296
-1.43495263697515,-0.89450735552698,-8.53129732490324,"ring",3,297
-0.774567406601774,-1.1305977604508,-8.01049466002239,"ring",3,298
-1.03339794658435,-1.29505566703198,-8.04869208982786,"ring",3,299
-1.05551381769313,-0.926113242911316,-8.26182280770566,"ring",3,300
-1.05551381769313,-0.926113242911316,-8.26182280770566,"ring",3,301
-1.05551381769313,-0.926113242911316,-8.26182280770566,"ring",3,302
-2.07017740229609,-1.04169974423456,-8.19642633185851,"ring",3,303
-1.77450072085381,-1.08568537850677,-8.2930929462269,"ring",3,304
-1.64624323573466,-1.32121355255478,-8.21697620658774,"ring",3,305
-1.64624323573466,-1.32121355255478,-8.21697620658774,"ring",3,306
-1.63180837848534,-1.46935406892144,-8.07391594067532,"ring",3,307
-1.9273377283102,-1.1216988826163,-8.43582437539835,"ring",3,308
-1.9273377283102,-1.1216988826163,-8.43582437539835,"ring",3,309
-1.9273377283102,-1.1216988826163,-8.43582437539835,"ring",3,310
-1.9273377283102,-1.1216988826163,-8.43582437539835,"ring",3,311
-1.74017522688878,-1.23287656647382,-8.67574648555733,"ring",3,312
-2.28447354547764,-1.08672210464972,-8.86927935672066,"ring",3,313
-2.09872708137265,-1.38946463714163,-8.908303299907,"ring",3,314
-2.09872708137265,-1.38946463714163,-8.908303299907,"ring",3,315
-2.22038574450675,-1.22678142009443,-8.89018760847416,"ring",3,316
-1.72207023287378,-1.27723542626797,-8.22233621740289,"ring",3,317
-1.72207023287378,-1.27723542626797,-8.22233621740289,"ring",3,318
-1.72207023287378,-1.27723542626797,-8.22233621740289,"ring",3,319
-2.27837762065467,-1.17854940856564,-9.25107949827365,"ring",3,320
-2.02207651933916,-1.34873748587675,-8.73325121272871,"ring",3,321
-2.02207651933916,-1.34873748587675,-8.73325121272871,"ring",3,322
-2.02207651933916,-1.34873748587675,-8.73325121272871,"ring",3,323
-2.02207651933916,-1.34873748587675,-8.73325121272871,"ring",3,324
-2.07587373341337,-1.48043656719701,-8.15667362996521,"ring",3,325
-1.77950838623191,-1.29727090899058,-8.31978383183574,"ring",3,326
-1.77950838623191,-1.29727090899058,-8.31978383183574,"ring",3,327
-1.77950838623191,-1.29727090899058,-8.31978383183574,"ring",3,328
-1.77950838623191,-1.29727090899058,-8.31978383183574,"ring",3,329
-1.77950838623191,-1.29727090899058,-8.31978383183574,"ring",3,330
-1.82209298683957,-1.19454941146644,-8.26907044682418,"ring",3,331
-2.55019554872842,-1.33515249398905,-8.62554560736465,"ring",3,332
-1.74034127552381,-1.27160108511704,-8.44819396132924,"ring",3,333
-2.33039272010997,-1.25492815852931,-9.19891581501745,"ring",3,334
-1.14382358936111,-1.28996764600265,-8.23649222695565,"ring",3,335
-1.14382358936111,-1.28996764600265,-8.23649222695565,"ring",3,336
-2.28246558019837,-1.32787904048773,-8.47184411996312,"ring",3,337
-2.01929497634781,-1.29415275422578,-8.90862412816268,"ring",3,338
-2.3110383057222,-1.36597296953141,-8.36648738934384,"ring",3,339
-1.73582867384928,-1.26024996847019,-9.11039010127084,"ring",3,340
-2.16082840669898,-1.47267023635644,-8.51721666531039,"ring",3,341
-2.16082840669898,-1.47267023635644,-8.51721666531039,"ring",3,342
-2.16082840669898,-1.47267023635644,-8.51721666531039,"ring",3,343
-2.20272153231967,-1.20275447546271,-9.14686293788868,"ring",3,344
-1.30440324915259,-1.26473148677877,-8.38811425994265,"ring",3,345
-1.51740639531591,-1.22128907270944,-8.57507879883767,"ring",3,346
-1.7458007665978,-1.44101385889716,-8.17385883314032,"ring",3,347
-2.14379590303032,-1.38135633036681,-8.62471470011835,"ring",3,348
-2.14379590303032,-1.38135633036681,-8.62471470011835,"ring",3,349
-2.14379590303032,-1.38135633036681,-8.62471470011835,"ring",3,350
-2.12304563149913,-1.29544326834277,-8.40301492012452,"ring",3,351
-2.12304563149913,-1.29544326834277,-8.40301492012452,"ring",3,352
-2.43873683309943,-1.34905072596785,-8.65812745769904,"ring",3,353
-0.708352903175815,-1.01162672019963,-8.106024619731,"ring",3,354
-1.29531000243466,-1.02759877037827,-8.07758031290303,"ring",3,355
-2.20970147142894,-1.24140760731536,-9.23520781156666,"ring",3,356
-1.72800033504259,-1.09274173913237,-8.91661862668068,"ring",3,357
-1.72800033504259,-1.09274173913237,-8.91661862668068,"ring",3,358
-1.72800033504259,-1.09274173913237,-8.91661862668068,"ring",3,359
-2.13854794462322,-1.51923346649095,-8.29418259541433,"ring",3,360
-1.32171825415729,-1.19398525546221,-8.23963862800214,"ring",3,361
-1.7758335724269,-1.08146813357637,-8.75269198881153,"ring",3,362
-1.37467394073099,-1.09724697742817,-8.75680120389288,"ring",3,363
-1.98123645747281,-1.20027489157998,-8.4989371556323,"ring",3,364
-1.98123645747281,-1.20027489157998,-8.4989371556323,"ring",3,365
-1.98123645747281,-1.20027489157998,-8.4989371556323,"ring",3,366
-2.29052186009105,-1.41213168812773,-8.46107665969155,"ring",3,367
-2.30146979076801,-1.41602383319753,-8.6431580690531,"ring",3,368
-2.13377932803525,-1.31518942357736,-8.59836781885619,"ring",3,369
-2.13377932803525,-1.31518942357736,-8.59836781885619,"ring",3,370
-2.13377932803525,-1.31518942357736,-8.59836781885619,"ring",3,371
-2.13377932803525,-1.31518942357736,-8.59836781885619,"ring",3,372
-2.13377932803525,-1.31518942357736,-8.59836781885619,"ring",3,373
-2.13377932803525,-1.31518942357736,-8.59836781885619,"ring",3,374
-2.13377932803525,-1.31518942357736,-8.59836781885619,"ring",3,375
-2.13377932803525,-1.31518942357736,-8.59836781885619,"ring",3,376
-2.13377932803525,-1.31518942357736,-8.59836781885619,"ring",3,377
-2.13377932803525,-1.31518942357736,-8.59836781885619,"ring",3,378
-1.972624647473,-1.40773873353277,-8.78895604190248,"ring",3,379
-2.23568345913528,-1.47151419873645,-8.61486627975897,"ring",3,380
-2.28300891763905,-1.33097338257976,-8.98317440303514,"ring",3,381
-2.25496342862564,-1.37653869309011,-8.56078703611804,"ring",3,382
-2.25496342862564,-1.37653869309011,-8.56078703611804,"ring",3,383
-2.19528730766441,-1.29768337455877,-8.24097103186329,"ring",3,384
-2.26304408213621,-1.367228950103,-8.2545150901797,"ring",3,385
-1.94352198027307,-1.438314128601,-8.25817623808004,"ring",3,386
-1.94352198027307,-1.438314128601,-8.25817623808004,"ring",3,387
-1.94352198027307,-1.438314128601,-8.25817623808004,"ring",3,388
-2.24099652701181,-1.3790814789388,-8.24868785162768,"ring",3,389
-1.84602279638743,-1.22733821059661,-8.10165652423185,"ring",3,390
-2.15741622354616,-1.44837122158023,-8.19290187669298,"ring",3,391
-1.83342940843617,-1.3442539018112,-8.29382719603248,"ring",3,392
-1.94566367785577,-1.22002861218053,-8.33579919384452,"ring",3,393
-1.67184793342172,-1.3525224912595,-8.16539094917979,"ring",3,394
-1.66032775095611,-1.2797106166367,-8.46246810445704,"ring",3,395
-1.99420372029001,-1.25237973478311,-8.29561526758005,"ring",3,396
-2.56371689792269,-1.43105967746118,-8.99700237448813,"ring",3,397
-2.05949247420475,-1.25934437828221,-8.54726301110657,"ring",3,398
-1.9558223607278,-1.43970783089011,-8.13381923524562,"ring",3,399
-2.7187648934811,-1.26830881091238,-8.59362941684394,"ring",3,400
-2.07604020806475,-1.26423003489959,-8.52658714216064,"ring",3,401
-2.07604020806475,-1.26423003489959,-8.52658714216064,"ring",3,402
-2.07604020806475,-1.26423003489959,-8.52658714216064,"ring",3,403
-2.06740302332961,-1.51518921469223,-8.28127874476526,"ring",3,404
-1.81547824947073,-1.33577647270769,-8.21889278216452,"ring",3,405
-1.5491811212074,-1.09524106664634,-8.75686525127835,"ring",3,406
-2.28032973966876,-1.40191564899243,-8.75823365508284,"ring",3,407
-2.28032973966876,-1.40191564899243,-8.75823365508284,"ring",3,408
-1.8240888423656,-1.62455757815443,-8.13449463488882,"ring",3,409
-1.55626241905317,-1.35000914073649,-8.27856683446914,"ring",3,410
-1.55626241905317,-1.35000914073649,-8.27856683446914,"ring",3,411
-1.85187341744689,-1.3228580977374,-8.74935887807684,"ring",3,412
-1.75176701367813,-1.33065970587895,-8.34678421524531,"ring",3,413
-1.75176701367813,-1.33065970587895,-8.34678421524531,"ring",3,414
-1.75176701367813,-1.33065970587895,-8.34678421524531,"ring",3,415
-1.75176701367813,-1.33065970587895,-8.34678421524531,"ring",3,416
-1.51950494485267,-1.54029757920633,-8.06480882816623,"ring",3,417
-2.16913280936004,-1.60887987696822,-8.43759021839661,"ring",3,418
-2.16913280936004,-1.60887987696822,-8.43759021839661,"ring",3,419
-1.82773856210633,-1.4235550829528,-8.40899443453041,"ring",3,420
-1.87831011686398,-1.2712134054609,-8.35650380446575,"ring",3,421
-1.87831011686398,-1.2712134054609,-8.35650380446575,"ring",3,422
-1.87831011686398,-1.2712134054609,-8.35650380446575,"ring",3,423
-1.5371931090149,-1.16920673983465,-8.3318216441126,"ring",3,424
-1.5371931090149,-1.16920673983465,-8.3318216441126,"ring",3,425
-0.574550279272644,-0.735419865820108,-8.13234880212014,"ring",3,426
-1.27985762036851,-0.861859310697234,-8.30470167863454,"ring",3,427
-1.76412845269541,-1.34668650075167,-7.75037358029387,"ring",3,428
-2.01416853303614,-1.27886627732401,-8.2749343586604,"ring",3,429
-2.39495720556935,-1.22291936780169,-8.54293067819651,"ring",3,430
-2.39495720556935,-1.22291936780169,-8.54293067819651,"ring",3,431
-1.98668525010666,-1.20602843433158,-8.4761217978284,"ring",3,432
-1.98668525010666,-1.20602843433158,-8.4761217978284,"ring",3,433
-1.98668525010666,-1.20602843433158,-8.4761217978284,"ring",3,434
-2.10115137057252,-1.3247536551177,-8.78529764777025,"ring",3,435
-2.10115137057252,-1.3247536551177,-8.78529764777025,"ring",3,436
-2.10115137057252,-1.3247536551177,-8.78529764777025,"ring",3,437
-2.10115137057252,-1.3247536551177,-8.78529764777025,"ring",3,438
-2.25442774599558,-1.17178656775507,-8.41405748430304,"ring",3,439
-2.25442774599558,-1.17178656775507,-8.41405748430304,"ring",3,440
-2.25442774599558,-1.17178656775507,-8.41405748430304,"ring",3,441
-2.36163915925727,-1.2780780639475,-8.34476117578638,"ring",3,442
-2.32875865584533,-1.20505305653082,-8.67894292723868,"ring",3,443
-1.48208981311911,-0.986487249672897,-8.36173084045487,"ring",3,444
-1.7103301055079,-1.40821567513616,-8.21303885020971,"ring",3,445
-2.41568954692506,-1.5065812539802,-8.18801762157755,"ring",3,446
-2.41568954692506,-1.5065812539802,-8.18801762157755,"ring",3,447
-1.75786753909814,-1.29071241999599,-8.24382033955719,"ring",3,448
-1.75786753909814,-1.29071241999599,-8.24382033955719,"ring",3,449
-1.75786753909814,-1.29071241999599,-8.24382033955719,"ring",3,450
-1.91536367986622,-1.27798021552252,-8.60934822653511,"ring",3,451
-1.77880328256637,-1.43089236883199,-8.11458001550247,"ring",3,452
-1.78764294246631,-1.26864377838543,-8.17021726901491,"ring",3,453
-1.29776294035624,-1.28541343427515,-7.80823514054523,"ring",3,454
-1.63423469801068,-1.43224836359594,-8.00776817024709,"ring",3,455
-2.3325318352008,-1.52057235005653,-8.76550163309138,"ring",3,456
-1.73356493828366,-1.62318256183974,-8.09793351352338,"ring",3,457
-1.42776196903219,-1.60221304731608,-8.01472481582264,"ring",3,458
-1.9479400581357,-1.5573528362051,-8.51959018090599,"ring",3,459
-1.36686079624269,-0.932947340809585,-8.73796691712335,"ring",3,460
-1.36686079624269,-0.932947340809585,-8.73796691712335,"ring",3,461
-2.46201809215401,-1.38234073827637,-8.88896816627395,"ring",3,462
-2.46201809215401,-1.38234073827637,-8.88896816627395,"ring",3,463
-2.29419383474131,-1.35966897348856,-8.76311413020418,"ring",3,464
-2.02327430549744,-1.41184299589312,-8.86559845108905,"ring",3,465
-2.02327430549744,-1.41184299589312,-8.86559845108905,"ring",3,466
-2.27176019854411,-1.4389702032282,-8.94643570876372,"ring",3,467
-2.19033050527438,-1.36930687032125,-8.44081272920163,"ring",3,468
-2.19033050527438,-1.36930687032125,-8.44081272920163,"ring",3,469
-2.58477275192084,-1.02803915721742,-9.34461588330258,"ring",3,470
-2.58477275192084,-1.02803915721742,-9.34461588330258,"ring",3,471
-2.09584597188615,-0.969285756730394,-8.84776330736286,"ring",3,472
-1.85874270654493,-1.03433447758173,-8.74191953345133,"ring",3,473
-1.57902554276733,-1.07304400293875,-8.56244585469953,"ring",3,474
-1.57902554276733,-1.07304400293875,-8.56244585469953,"ring",3,475
-1.57902554276733,-1.07304400293875,-8.56244585469953,"ring",3,476
-1.66457566155174,-1.09075009188677,-8.49671348579789,"ring",3,477
-1.86974716522148,-1.4238986217963,-8.03345076095027,"ring",3,478
-1.86974716522148,-1.4238986217963,-8.03345076095027,"ring",3,479
-1.58635173377394,-1.00576434357,-8.44020183555728,"ring",3,480
-1.89535964049397,-1.41718492789121,-8.49730045429015,"ring",3,481
-1.89535964049397,-1.41718492789121,-8.49730045429015,"ring",3,482
-1.89535964049397,-1.41718492789121,-8.49730045429015,"ring",3,483
-1.89535964049397,-1.41718492789121,-8.49730045429015,"ring",3,484
-2.20724543073709,-1.50934008951216,-8.1271255047284,"ring",3,485
-2.62259416877851,-1.40211640418484,-8.30543830529775,"ring",3,486
-2.45386767941942,-1.35319865324547,-8.99213366187513,"ring",3,487
-2.48436615531024,-1.31567284033638,-8.50532612501935,"ring",3,488
-2.48436615531024,-1.31567284033638,-8.50532612501935,"ring",3,489
-1.23933175421143,-1.23508824151634,-8.38896086007836,"ring",3,490
-1.78180691263317,-1.47423194410513,-8.24251815779275,"ring",3,491
-1.48607654500951,-1.23009790715206,-8.26682541323046,"ring",3,492
-1.3278906604348,-1.40665176259345,-8.26131467560824,"ring",3,493
-2.14953847747429,-1.43340431988421,-8.55428554999703,"ring",3,494
-1.73764486466325,-1.26622259020207,-9.26493597616112,"ring",3,495
-1.73764486466325,-1.26622259020207,-9.26493597616112,"ring",3,496
-2.03162143151911,-1.35637979278672,-8.88652373528623,"ring",3,497
-2.03162143151911,-1.35637979278672,-8.88652373528623,"ring",3,498
-1.5832945798477,-1.33324657942093,-8.43255456894088,"ring",3,499
-1.80651652375495,-0.950844018127439,-8.5397467279453,"ring",3,500
-1.80651652375495,-0.950844018127439,-8.5397467279453,"ring",3,501
-0.484273098710875,-0.805182274826058,-8.48640797546154,"ring",3,502
-0.794779094489346,-0.91536546189336,-8.17175357248785,"ring",3,503
-0.794779094489346,-0.91536546189336,-8.17175357248785,"ring",3,504
-0.794779094489346,-0.91536546189336,-8.17175357248785,"ring",3,505
-1.7217832048685,-1.04658479102717,-8.66518713151966,"ring",3,506
-2.08389775684903,-1.23977190421715,-8.27489570148219,"ring",3,507
-0.998579452821667,-1.18109752639347,-7.95251053884669,"ring",3,508
-1.35778069194198,-1.17700675892398,-8.04139621001726,"ring",3,509
-2.52801795594221,-1.51748028612264,-8.28050461195312,"ring",3,510
-1.93851714843807,-1.43144831736664,-8.77514087974372,"ring",3,511
-1.67952429112152,-0.989332900013245,-8.71409517654388,"ring",3,512
-2.72430153007813,-1.39715863405092,-8.57478480177486,"ring",3,513
-0.922624779908058,-1.06481297561331,-8.34436413429079,"ring",3,514
-0.613613190100647,-0.828013480052256,-8.31474977325256,"ring",3,515
-0.613613190100647,-0.828013480052256,-8.31474977325256,"ring",3,516
-0.613613190100647,-0.828013480052256,-8.31474977325256,"ring",3,517
-1.73798944080989,-1.32932810407378,-7.80350781387432,"ring",3,518
-2.04871461728337,-1.17085138353402,-8.46733585410579,"ring",3,519
-1.63818619687469,-1.34057720829446,-8.49842306593549,"ring",3,520
-1.63818619687469,-1.34057720829446,-8.49842306593549,"ring",3,521
-1.63818619687469,-1.34057720829446,-8.49842306593549,"ring",3,522
-1.96568879153101,-1.2910489038098,-8.7248342915448,"ring",3,523
-1.96568879153101,-1.2910489038098,-8.7248342915448,"ring",3,524
-1.96568879153101,-1.2910489038098,-8.7248342915448,"ring",3,525
-2.08583233980415,-1.27832487745962,-8.71174644150921,"ring",3,526
-1.59857639588024,-1.39951338019177,-8.43136064307997,"ring",3,527
-1.59857639588024,-1.39951338019177,-8.43136064307997,"ring",3,528
-1.70066244179525,-1.29994338500472,-8.28430371115982,"ring",3,529
-1.70066244179525,-1.29994338500472,-8.28430371115982,"ring",3,530
-1.70066244179525,-1.29994338500472,-8.28430371115982,"ring",3,531
-2.29855250342092,-1.15419402057515,-8.43738862368268,"ring",3,532
-2.29855250342092,-1.15419402057515,-8.43738862368268,"ring",3,533
-2.47562956083988,-1.14272707592649,-8.61759437103215,"ring",3,534
-2.47562956083988,-1.14272707592649,-8.61759437103215,"ring",3,535
-2.60168252374151,-1.15954794968125,-8.71168328798991,"ring",3,536
-1.04635354247662,-1.00799135945961,-8.35954402178234,"ring",3,537
-1.52814132279947,-1.06952087004042,-8.51842892785744,"ring",3,538
-2.13767213683618,-1.4019665626383,-8.84741902196155,"ring",3,539
-2.35389302644435,-1.15259938738756,-8.81241449963098,"ring",3,540
-2.35389302644435,-1.15259938738756,-8.81241449963098,"ring",3,541
-2.35389302644435,-1.15259938738756,-8.81241449963098,"ring",3,542
-2.35389302644435,-1.15259938738756,-8.81241449963098,"ring",3,543
-2.35389302644435,-1.15259938738756,-8.81241449963098,"ring",3,544
-2.35389302644435,-1.15259938738756,-8.81241449963098,"ring",3,545
-2.35389302644435,-1.15259938738756,-8.81241449963098,"ring",3,546
-2.35389302644435,-1.15259938738756,-8.81241449963098,"ring",3,547
-2.35389302644435,-1.15259938738756,-8.81241449963098,"ring",3,548
-1.82125513732651,-1.11235259128708,-8.25982130963634,"ring",3,549
-1.38943041694291,-1.07325778711437,-8.44154475835365,"ring",3,550
-2.59608385533915,-1.18342231375107,-8.72521482630885,"ring",3,551
-2.05065383930751,-1.35005182387197,-8.82190949101316,"ring",3,552
-2.05065383930751,-1.35005182387197,-8.82190949101316,"ring",3,553
-1.95868305677524,-1.50654780654207,-8.18900444825493,"ring",3,554
-1.95868305677524,-1.50654780654207,-8.18900444825493,"ring",3,555
-1.95868305677524,-1.50654780654207,-8.18900444825493,"ring",3,556
-1.95868305677524,-1.50654780654207,-8.18900444825493,"ring",3,557
-2.59746690734328,-1.23368265310662,-8.86661389467166,"ring",3,558
-2.8079234923057,-1.12648943742454,-8.71446450524427,"ring",3,559
-2.8079234923057,-1.12648943742454,-8.71446450524427,"ring",3,560
-2.74315103674104,-0.919144351311794,-8.99605423562955,"ring",3,561
-2.74315103674104,-0.919144351311794,-8.99605423562955,"ring",3,562
-1.8913909485825,-0.885226620783737,-9.22832617567287,"ring",3,563
-1.71346550713539,-1.12224622822953,-9.09921510510987,"ring",3,564
-1.42352597014858,-1.21236875732388,-8.80547636946416,"ring",3,565
-1.72813274327061,-1.47986039503908,-8.56642417513187,"ring",3,566
-1.72813274327061,-1.47986039503908,-8.56642417513187,"ring",3,567
-1.8669664691095,-1.36726951428267,-8.60969526007343,"ring",3,568
-1.58812279134892,-1.0002229019927,-9.44207437946595,"ring",3,569
-0.731459747019592,-1.53465710572484,-7.9733063363664,"ring",3,570
-1.25282885744752,-1.64063519202845,-8.33180107649081,"ring",3,571
-1.32174362694472,-1.68631472146317,-7.73331322940678,"ring",3,572
-1.58793121057196,-1.41882616918704,-8.27411055255711,"ring",3,573
-1.23197678645546,-0.875624665758142,-8.48163066821457,"ring",3,574
-1.23197678645546,-0.875624665758142,-8.48163066821457,"ring",3,575
-2.40038469489032,-1.19605766814889,-8.17134786257542,"ring",3,576
-1.75433515665386,-1.16415184862039,-8.41129437611469,"ring",3,577
-1.54631667136089,-1.20902822355134,-8.49414387218519,"ring",3,578
-2.18972153558291,-1.34172905714605,-8.87043275504938,"ring",3,579
-1.57091438277563,-1.26623568028472,-8.37160960484905,"ring",3,580
-1.57091438277563,-1.26623568028472,-8.37160960484905,"ring",3,581
-1.57091438277563,-1.26623568028472,-8.37160960484905,"ring",3,582
-1.57091438277563,-1.26623568028472,-8.37160960484905,"ring",3,583
-1.81800744341733,-1.49143607659525,-8.07724931276053,"ring",3,584
-1.40418905124294,-1.32952909605676,-7.75680672692639,"ring",3,585
-1.459474079051,-1.1870765526549,-7.94924003107573,"ring",3,586
-1.12555726365324,-1.19609168973339,-8.38115501641245,"ring",3,587
-1.12555726365324,-1.19609168973339,-8.38115501641245,"ring",3,588
-1.0717555520471,-1.18344687120232,-8.06925049439474,"ring",3,589
-2.26343579149771,-1.42672820381321,-8.43614473492003,"ring",3,590
-2.09209092643309,-1.20351022163282,-8.36507693622254,"ring",3,591
-2.09209092643309,-1.20351022163282,-8.36507693622254,"ring",3,592
-1.77542429949805,-0.996076901104319,-8.90190095687537,"ring",3,593
-1.79300641020353,-1.45799525487099,-8.31524348526947,"ring",3,594
-2.0255898143092,-1.54806869449429,-8.43729786133169,"ring",3,595
-2.0255898143092,-1.54806869449429,-8.43729786133169,"ring",3,596
-2.37112909216477,-1.31517795816066,-8.66906063736514,"ring",3,597
-2.24636888153016,-1.34928385768796,-8.40621772473382,"ring",3,598
-2.24636888153016,-1.34928385768796,-8.40621772473382,"ring",3,599
-1.64321860097592,-1.10393662499792,-8.15094947898996,"ring",3,600
-2.13134344746861,-1.25974240055904,-8.22870106007643,"ring",3,601
-1.52026201806937,-1.29150984092052,-8.08311477704087,"ring",3,602
-1.52026201806937,-1.29150984092052,-8.08311477704087,"ring",3,603
-1.65183412352762,-1.2141902691167,-8.48566842145387,"ring",3,604
-1.65183412352762,-1.2141902691167,-8.48566842145387,"ring",3,605
-1.65183412352762,-1.2141902691167,-8.48566842145387,"ring",3,606
-1.65183412352762,-1.2141902691167,-8.48566842145387,"ring",3,607
-1.6423807855058,-1.36753681566445,-8.69857072127424,"ring",3,608
-1.79397672107178,-1.36954490392386,-8.49666418060386,"ring",3,609
-1.79397672107178,-1.36954490392386,-8.49666418060386,"ring",3,610
-2.08967480783974,-1.43463450636617,-8.53741932681935,"ring",3,611
-2.08967480783974,-1.43463450636617,-8.53741932681935,"ring",3,612
-2.08967480783974,-1.43463450636617,-8.53741932681935,"ring",3,613
-2.08967480783974,-1.43463450636617,-8.53741932681935,"ring",3,614
-1.77333372453129,-1.50051421869813,-8.03815872471232,"ring",3,615
-1.42746352768213,-1.29809402547113,-8.35155354516426,"ring",3,616
-1.42746352768213,-1.29809402547113,-8.35155354516426,"ring",3,617
-2.06228552076463,-1.27485164232806,-8.7211501960065,"ring",3,618
-2.46288312526008,-1.29182046169918,-8.64418202319911,"ring",3,619
-1.81281414204351,-1.1674513292208,-8.82284138297483,"ring",3,620
-1.81281414204351,-1.1674513292208,-8.82284138297483,"ring",3,621
-2.33406906369283,-1.16176817312594,-8.53515164646818,"ring",3,622
-1.73312178569276,-1.09204143693781,-8.939163594486,"ring",3,623
-1.68683601317322,-1.38881761946238,-8.45976678379115,"ring",3,624
-2.51891067069744,-1.44066804497705,-8.49993993420508,"ring",3,625
-2.51891067069744,-1.44066804497705,-8.49993993420508,"ring",3,626
-2.05006311057547,-1.08583226856971,-8.83818254986384,"ring",3,627
-1.99557889864499,-1.33819952871365,-8.6002733158496,"ring",3,628
-1.99557889864499,-1.33819952871365,-8.6002733158496,"ring",3,629
-1.99557889864499,-1.33819952871365,-8.6002733158496,"ring",3,630
-1.99557889864499,-1.33819952871365,-8.6002733158496,"ring",3,631
-1.8995810855208,-1.17814052692149,-9.15839861686343,"ring",3,632
-2.4416242974256,-1.32351410492916,-8.97162741711797,"ring",3,633
-1.97894071159724,-1.19020378434192,-8.29311077313256,"ring",3,634
-1.97894071159724,-1.19020378434192,-8.29311077313256,"ring",3,635
-1.97894071159724,-1.19020378434192,-8.29311077313256,"ring",3,636
-1.97894071159724,-1.19020378434192,-8.29311077313256,"ring",3,637
-2.07556611682972,-1.20375409157367,-8.9036970328188,"ring",3,638
-1.75287635224863,-1.23525392468386,-8.73581558163206,"ring",3,639
-1.75287635224863,-1.23525392468386,-8.73581558163206,"ring",3,640
-1.50969283973265,-1.18347403823666,-8.45590957571019,"ring",3,641
-1.93641952513347,-1.3940903316229,-8.22537863939809,"ring",3,642
-1.81734403955462,-1.20019502530201,-8.31084692561595,"ring",3,643
-1.75056947137687,-1.26025128640349,-8.30591807528478,"ring",3,644
-1.82966021059363,-1.18582818536688,-8.61808865767044,"ring",3,645
-1.31153727359847,-1.15632681545437,-8.30039231566071,"ring",3,646
-1.41350463553982,-1.37350377554908,-7.87269976686034,"ring",3,647
-0.796165964166649,-0.938671966109096,-8.17079126375124,"ring",3,648
-1.85660951666072,-1.43858372025699,-8.03264020296284,"ring",3,649
-1.73651013130136,-1.04459004887516,-8.95139806806306,"ring",3,650
-2.84793605171785,-1.08133335552363,-8.8127091960705,"ring",3,651
-2.84793605171785,-1.08133335552363,-8.8127091960705,"ring",3,652
-2.62273577106797,-1.09540146903868,-8.71893750938435,"ring",3,653
-1.9171924701626,-1.31868653480868,-7.8107608589184,"ring",3,654
-1.83337143150347,-1.27650973893523,-7.73958955694613,"ring",3,655
-1.43913325208032,-0.868117635144183,-8.98812722454448,"ring",3,656
-1.24126885968749,-0.879715976510884,-8.34421889088674,"ring",3,657
-1.60694266928175,-0.965375419506918,-8.40727844724571,"ring",3,658
-2.299172848652,-1.05909788291504,-8.646971160076,"ring",3,659
-2.08349842578241,-1.36265236998754,-8.93937562293293,"ring",3,660
-1.88376966200837,-1.44740916202832,-8.3625854639344,"ring",3,661
-1.88376966200837,-1.44740916202832,-8.3625854639344,"ring",3,662
-2.13100295647462,-1.26768409322242,-8.20215856605676,"ring",3,663
-2.13100295647462,-1.26768409322242,-8.20215856605676,"ring",3,664
-2.13100295647462,-1.26768409322242,-8.20215856605676,"ring",3,665
-1.61179904433758,-1.23742048241887,-8.51058408068204,"ring",3,666
-0.91022080202282,-1.50767709379109,-7.89763636775867,"ring",3,667
-1.17882977989853,-1.27787944708591,-8.37672897514889,"ring",3,668
-1.12667343476537,-1.21573780335861,-8.20270470698412,"ring",3,669
-2.10768949481525,-1.14727012028852,-9.00237406655602,"ring",3,670
-2.29750230967658,-1.35189782929497,-8.89311156040271,"ring",3,671
-2.29750230967658,-1.35189782929497,-8.89311156040271,"ring",3,672
-2.29750230967658,-1.35189782929497,-8.89311156040271,"ring",3,673
-2.29750230967658,-1.35189782929497,-8.89311156040271,"ring",3,674
-2.15406155053834,-1.36361117754149,-8.06661595131971,"ring",3,675
-2.15406155053834,-1.36361117754149,-8.06661595131971,"ring",3,676
-2.33877978117485,-1.2361045328093,-8.62697154837649,"ring",3,677
-2.46759268504583,-1.49250210791213,-8.09157521199492,"ring",3,678
-1.93654951260192,-1.39271753060189,-8.21210372554454,"ring",3,679
-1.44064960761753,-1.22021037105834,-8.19524878996048,"ring",3,680
-1.44064960761753,-1.22021037105834,-8.19524878996048,"ring",3,681
-1.44064960761753,-1.22021037105834,-8.19524878996048,"ring",3,682
-1.44064960761753,-1.22021037105834,-8.19524878996048,"ring",3,683
-1.44064960761753,-1.22021037105834,-8.19524878996048,"ring",3,684
-1.44064960761753,-1.22021037105834,-8.19524878996048,"ring",3,685
-1.44064960761753,-1.22021037105834,-8.19524878996048,"ring",3,686
-1.94693491297175,-1.37032119324362,-8.20219052630449,"ring",3,687
-1.94693491297175,-1.37032119324362,-8.20219052630449,"ring",3,688
-1.62650111756154,-1.1718377571125,-8.48600003521933,"ring",3,689
-2.49924972823802,-1.31267242922305,-8.74812603580003,"ring",3,690
-2.08907153985669,-1.30951344275877,-8.557434647962,"ring",3,691
-1.91542641922483,-1.20978924216096,-9.06626378352939,"ring",3,692
-2.18236545713543,-1.37621443692918,-8.59140270516124,"ring",3,693
-1.24196397274572,-1.14648402329666,-8.13470315120009,"ring",3,694
-1.6160303841833,-1.15026266797124,-8.31483214188238,"ring",3,695
-2.42022235969821,-1.04894143331812,-8.83975320845231,"ring",3,696
-1.43841538467541,-1.14320408569332,-8.43083653443123,"ring",3,697
-1.43841538467541,-1.14320408569332,-8.43083653443123,"ring",3,698
-1.43841538467541,-1.14320408569332,-8.43083653443123,"ring",3,699
-1.43841538467541,-1.14320408569332,-8.43083653443123,"ring",3,700
-1.89094704057357,-1.33139666127185,-8.55778212814095,"ring",4,1
-1.82632775750646,-1.211411857616,-8.69492389597084,"ring",4,2
-1.82632775750646,-1.211411857616,-8.69492389597084,"ring",4,3
-1.5633980872007,-1.41355873305496,-8.22973794060674,"ring",4,4
-1.5633980872007,-1.41355873305496,-8.22973794060674,"ring",4,5
-1.91028067260235,-1.34531282449604,-8.70938451788538,"ring",4,6
-1.35587444871022,-0.965887562237761,-8.36249380957397,"ring",4,7
-1.35587444871022,-0.965887562237761,-8.36249380957397,"ring",4,8
-1.35587444871022,-0.965887562237761,-8.36249380957397,"ring",4,9
-1.65614705975231,-1.09144118226227,-8.99065310028557,"ring",4,10
-1.65614705975231,-1.09144118226227,-8.99065310028557,"ring",4,11
-1.99179598986109,-1.43147588725914,-8.65383805691071,"ring",4,12
-2.20027785016497,-1.17739226832016,-8.48161287994454,"ring",4,13
-1.72884604890871,-1.07830002402229,-8.48687720365588,"ring",4,14
-2.14493055253959,-1.11117153724305,-8.89946732697184,"ring",4,15
-1.91113435546511,-1.39903570216929,-8.43767453989243,"ring",4,16
-2.04787243737389,-1.32975330905197,-8.52830702342137,"ring",4,17
-1.8495044097183,-1.12079727555341,-8.72134018041414,"ring",4,18
-2.21396910615705,-1.22512962033843,-8.30432948056155,"ring",4,19
-2.21396910615705,-1.22512962033843,-8.30432948056155,"ring",4,20
-2.21396910615705,-1.22512962033843,-8.30432948056155,"ring",4,21
-2.21396910615705,-1.22512962033843,-8.30432948056155,"ring",4,22
-2.21396910615705,-1.22512962033843,-8.30432948056155,"ring",4,23
-2.12607461827351,-1.26245330424707,-8.5120885531445,"ring",4,24
-2.12607461827351,-1.26245330424707,-8.5120885531445,"ring",4,25
-2.12607461827351,-1.26245330424707,-8.5120885531445,"ring",4,26
-2.12607461827351,-1.26245330424707,-8.5120885531445,"ring",4,27
-2.20743824538354,-1.51486048634392,-7.92670421526625,"ring",4,28
-2.20743824538354,-1.51486048634392,-7.92670421526625,"ring",4,29
-2.31559832410058,-1.48178022590556,-8.08785459715116,"ring",4,30
-2.26437868777308,-1.42808947236438,-8.15964698694737,"ring",4,31
-2.26437868777308,-1.42808947236438,-8.15964698694737,"ring",4,32
-2.15337717247253,-1.33003602759527,-8.07846061786178,"ring",4,33
-1.51122154722225,-1.0805164395436,-8.60401738655428,"ring",4,34
-2.26021276361453,-1.34770246350331,-8.37344101414221,"ring",4,35
-1.02556852414671,-1.05868533994486,-8.08245558409495,"ring",4,36
-1.36876998856505,-1.35393819781153,-8.10496017898038,"ring",4,37
-1.92912740108056,-1.18606158487819,-8.92147104931293,"ring",4,38
-2.41798502689306,-1.15667845838058,-8.60456894775899,"ring",4,39
-2.41798502689306,-1.15667845838058,-8.60456894775899,"ring",4,40
-2.41798502689306,-1.15667845838058,-8.60456894775899,"ring",4,41
-2.41798502689306,-1.15667845838058,-8.60456894775899,"ring",4,42
-1.97376074611678,-0.992438825806302,-8.6495426105276,"ring",4,43
-1.2071388538664,-0.866824939234505,-8.38668238882553,"ring",4,44
-1.2071388538664,-0.866824939234505,-8.38668238882553,"ring",4,45
-1.53161744562665,-1.28760178464876,-8.35816492315804,"ring",4,46
-1.79103594200159,-1.35184483531038,-8.54291179939994,"ring",4,47
-1.79103594200159,-1.35184483531038,-8.54291179939994,"ring",4,48
-1.79103594200159,-1.35184483531038,-8.54291179939994,"ring",4,49
-1.71941833136663,-1.36845807802243,-8.16319050049207,"ring",4,50
-1.71941833136663,-1.36845807802243,-8.16319050049207,"ring",4,51
-1.71941833136663,-1.36845807802243,-8.16319050049207,"ring",4,52
-1.71941833136663,-1.36845807802243,-8.16319050049207,"ring",4,53
-2.27709718602918,-1.34778819303658,-8.9972126306068,"ring",4,54
-2.22089415322697,-1.25540196934658,-8.23320240008493,"ring",4,55
-1.6040849830697,-1.402678431369,-8.1533019329753,"ring",4,56
-2.152770915602,-1.41688385775846,-8.56867801399894,"ring",4,57
-2.152770915602,-1.41688385775846,-8.56867801399894,"ring",4,58
-2.152770915602,-1.41688385775846,-8.56867801399894,"ring",4,59
-2.152770915602,-1.41688385775846,-8.56867801399894,"ring",4,60
-2.31306968350074,-1.28818424355786,-8.15690343883147,"ring",4,61
-1.72592384428482,-1.2022228488287,-8.34209339550072,"ring",4,62
-1.72592384428482,-1.2022228488287,-8.34209339550072,"ring",4,63
-1.72592384428482,-1.2022228488287,-8.34209339550072,"ring",4,64
-1.61379184161381,-1.20243969233849,-8.67920210865097,"ring",4,65
-1.61379184161381,-1.20243969233849,-8.67920210865097,"ring",4,66
-2.00176567714477,-1.17675378367263,-8.83389315034135,"ring",4,67
-1.9491088021101,-1.31856309437879,-8.85095346602626,"ring",4,68
-1.9491088021101,-1.31856309437879,-8.85095346602626,"ring",4,69
-1.85493202442549,-1.15269476730289,-8.72249920179229,"ring",4,70
-1.93781625525708,-1.48797042747619,-8.49710667218068,"ring",4,71
-1.93781625525708,-1.48797042747619,-8.49710667218068,"ring",4,72
-1.93781625525708,-1.48797042747619,-8.49710667218068,"ring",4,73
-1.98110092522352,-1.36830567009653,-8.32363030884255,"ring",4,74
-1.98110092522352,-1.36830567009653,-8.32363030884255,"ring",4,75
-1.98110092522352,-1.36830567009653,-8.32363030884255,"ring",4,76
-2.06585679716134,-1.37066806311757,-8.39924887089403,"ring",4,77
-2.06585679716134,-1.37066806311757,-8.39924887089403,"ring",4,78
-2.06585679716134,-1.37066806311757,-8.39924887089403,"ring",4,79
-2.06585679716134,-1.37066806311757,-8.39924887089403,"ring",4,80
-2.26582112610992,-1.51578025287841,-8.49807957564353,"ring",4,81
-1.68815416650798,-1.19014889490165,-8.58320156453478,"ring",4,82
-1.68815416650798,-1.19014889490165,-8.58320156453478,"ring",4,83
-1.68815416650798,-1.19014889490165,-8.58320156453478,"ring",4,84
-1.68815416650798,-1.19014889490165,-8.58320156453478,"ring",4,85
-1.98130313055202,-1.49727048644972,-8.38765698152284,"ring",4,86
-1.98130313055202,-1.49727048644972,-8.38765698152284,"ring",4,87
-1.79235213720581,-1.308455388384,-8.70811630106278,"ring",4,88
-1.55403516755186,-1.12431720303856,-8.59609511681503,"ring",4,89
-1.55403516755186,-1.12431720303856,-8.59609511681503,"ring",4,90
-1.55403516755186,-1.12431720303856,-8.59609511681503,"ring",4,91
-1.55403516755186,-1.12431720303856,-8.59609511681503,"ring",4,92
-1.38352599697821,-1.01188963205625,-8.61170888407359,"ring",4,93
-1.98162497586218,-1.28174270582675,-8.21709091494123,"ring",4,94
-1.98162497586218,-1.28174270582675,-8.21709091494123,"ring",4,95
-1.98162497586218,-1.28174270582675,-8.21709091494123,"ring",4,96
-2.16497007306455,-1.29247734838448,-8.52611018254296,"ring",4,97
-2.16497007306455,-1.29247734838448,-8.52611018254296,"ring",4,98
-1.68176777622846,-1.33533304738446,-8.06045070879435,"ring",4,99
-1.68176777622846,-1.33533304738446,-8.06045070879435,"ring",4,100
-2.3150973833827,-1.11931699133083,-8.77051929865862,"ring",4,101
-2.28979590295545,-1.35999469411943,-8.53482599819081,"ring",4,102
-1.88486361750399,-1.45441741483639,-8.26634122875429,"ring",4,103
-1.88486361750399,-1.45441741483639,-8.26634122875429,"ring",4,104
-1.77328422501961,-1.01971627100518,-8.30129945214765,"ring",4,105
-0.642738615898534,-0.824576533656714,-8.11940482568137,"ring",4,106
-1.56657002267329,-1.07850229816706,-8.41472877467523,"ring",4,107
-1.56657002267329,-1.07850229816706,-8.41472877467523,"ring",4,108
-0.561676474685876,-0.941850567691932,-8.05539894167014,"ring",4,109
-2.2813547191358,-1.40131325373518,-8.19260628219447,"ring",4,110
-2.17546863396941,-1.42091150450153,-8.67551273594246,"ring",4,111
-2.17546863396941,-1.42091150450153,-8.67551273594246,"ring",4,112
-2.17546863396941,-1.42091150450153,-8.67551273594246,"ring",4,113
-2.17546863396941,-1.42091150450153,-8.67551273594246,"ring",4,114
-2.17546863396941,-1.42091150450153,-8.67551273594246,"ring",4,115
-2.17546863396941,-1.42091150450153,-8.67551273594246,"ring",4,116
-2.17546863396941,-1.42091150450153,-8.67551273594246,"ring",4,117
-2.17546863396941,-1.42091150450153,-8.67551273594246,"ring",4,118
-1.8603828138594,-1.65341054195754,-8.18749144693315,"ring",4,119
-1.8603828138594,-1.65341054195754,-8.18749144693315,"ring",4,120
-2.22378128457058,-1.58867501802812,-8.55284606781419,"ring",4,121
-2.62142935241645,-1.17727555036935,-9.25364704628175,"ring",4,122
-2.43097287033172,-1.09766084218893,-8.52707913301645,"ring",4,123
-2.43097287033172,-1.09766084218893,-8.52707913301645,"ring",4,124
-0.939622131185755,-1.15402536972324,-7.77384983568748,"ring",4,125
-0.939622131185755,-1.15402536972324,-7.77384983568748,"ring",4,126
-0.807953008395537,-0.973514888141558,-8.19641158030769,"ring",4,127
-0.730533864254325,-1.16037138251958,-8.06219293955566,"ring",4,128
-0.730533864254325,-1.16037138251958,-8.06219293955566,"ring",4,129
-0.730533864254325,-1.16037138251958,-8.06219293955566,"ring",4,130
-1.37495677286009,-1.25825727054286,-8.52746955376441,"ring",4,131
-0.963450219179681,-1.16212359022558,-8.65422472832183,"ring",4,132
-1.78293781870613,-1.30115719580961,-8.43116857850189,"ring",4,133
-2.18169692921162,-1.18591970607436,-8.84803015545344,"ring",4,134
-2.18169692921162,-1.18591970607436,-8.84803015545344,"ring",4,135
-2.18169692921162,-1.18591970607436,-8.84803015545344,"ring",4,136
-1.83022097052046,-1.16572280517952,-8.22148884346053,"ring",4,137
-1.83022097052046,-1.16572280517952,-8.22148884346053,"ring",4,138
-1.01383271338918,-1.02682813187972,-8.28735990559032,"ring",4,139
-1.01383271338918,-1.02682813187972,-8.28735990559032,"ring",4,140
-2.6874789816623,-1.00381994965795,-9.05935241365364,"ring",4,141
-1.80854419705496,-1.35683400417814,-8.46642171929859,"ring",4,142
-1.80854419705496,-1.35683400417814,-8.46642171929859,"ring",4,143
-1.80854419705496,-1.35683400417814,-8.46642171929859,"ring",4,144
-1.85203092667127,-1.29610900891707,-8.37280908907336,"ring",4,145
-1.77306648564054,-1.22691867001371,-8.47991062173034,"ring",4,146
-1.77306648564054,-1.22691867001371,-8.47991062173034,"ring",4,147
-1.77306648564054,-1.22691867001371,-8.47991062173034,"ring",4,148
-1.76441615920874,-1.16038222770019,-8.3672388851649,"ring",4,149
-1.76441615920874,-1.16038222770019,-8.3672388851649,"ring",4,150
-1.79564741785843,-1.59021672150449,-7.98566729835105,"ring",4,151
-1.79564741785843,-1.59021672150449,-7.98566729835105,"ring",4,152
-2.06301454977788,-1.34371890456554,-8.45872994322614,"ring",4,153
-1.87847067123952,-1.14802926672337,-8.71784253533007,"ring",4,154
-1.81450436670834,-1.48548020077092,-7.96178609540557,"ring",4,155
-1.71475751215342,-1.52828824416189,-7.83834327617167,"ring",4,156
-0.893745965759362,-1.24577475913573,-7.80596454434483,"ring",4,157
-0.893745965759362,-1.24577475913573,-7.80596454434483,"ring",4,158
-1.46603961275168,-1.529443205571,-7.82213228495498,"ring",4,159
-1.46603961275168,-1.529443205571,-7.82213228495498,"ring",4,160
-1.82589826855344,-1.26483694122776,-8.94288921321163,"ring",4,161
-1.82589826855344,-1.26483694122776,-8.94288921321163,"ring",4,162
-1.82589826855344,-1.26483694122776,-8.94288921321163,"ring",4,163
-1.71051341676314,-1.33029461576505,-8.64213689524968,"ring",4,164
-1.71051341676314,-1.33029461576505,-8.64213689524968,"ring",4,165
-2.42029611481586,-1.38420278794708,-9.01411786071231,"ring",4,166
-2.30533470000807,-1.31252733817296,-8.2047385872615,"ring",4,167
-2.53093839178672,-1.33994570512704,-9.09499926962004,"ring",4,168
-2.51885598264167,-1.19034729645953,-8.52399221352042,"ring",4,169
-1.69669984964966,-1.10093332212655,-8.03438441375981,"ring",4,170
-1.69669984964966,-1.10093332212655,-8.03438441375981,"ring",4,171
-1.38067859038888,-1.38862632080663,-8.13198315588577,"ring",4,172
-1.38067859038888,-1.38862632080663,-8.13198315588577,"ring",4,173
-1.20484658867469,-1.37221528684478,-8.16716957064631,"ring",4,174
-1.20484658867469,-1.37221528684478,-8.16716957064631,"ring",4,175
-1.20484658867469,-1.37221528684478,-8.16716957064631,"ring",4,176
-1.39310893269127,-1.25379900345012,-8.33452147339859,"ring",4,177
-1.39310893269127,-1.25379900345012,-8.33452147339859,"ring",4,178
-2.3093958369406,-1.48604002946963,-8.04594812154864,"ring",4,179
-1.44349662891343,-1.33161872577622,-8.61907238624629,"ring",4,180
-2.23992495530278,-1.32448614806849,-8.26320731565834,"ring",4,181
-2.23992495530278,-1.32448614806849,-8.26320731565834,"ring",4,182
-2.05273587772121,-1.18676751711757,-8.63246817588195,"ring",4,183
-2.44465776371399,-1.25162596736175,-9.11703231081415,"ring",4,184
-2.56829183318504,-1.32720735419403,-8.68967778264659,"ring",4,185
-1.84947069906007,-1.51752871719191,-7.75828295929733,"ring",4,186
-1.36668753986802,-1.4689725481856,-7.83457820050313,"ring",4,187
-2.31124188605168,-1.44284191061039,-8.06085942158046,"ring",4,188
-1.23788625009363,-1.36079923170443,-8.29348655497288,"ring",4,189
-2.2024169049432,-1.3764150873888,-9.3079055478084,"ring",4,190
-1.67183143721389,-1.28638740489741,-8.582954998704,"ring",4,191
-1.18871308582476,-1.2302767350079,-8.55276270626028,"ring",4,192
-1.18871308582476,-1.2302767350079,-8.55276270626028,"ring",4,193
-1.48872216101271,-1.23592505491332,-8.21684941126928,"ring",4,194
-1.67150864729309,-1.37161348744347,-7.93861712740439,"ring",4,195
-1.67150864729309,-1.37161348744347,-7.93861712740439,"ring",4,196
-1.67150864729309,-1.37161348744347,-7.93861712740439,"ring",4,197
-2.23732942511693,-1.20316008473715,-8.42258247588644,"ring",4,198
-2.23732942511693,-1.20316008473715,-8.42258247588644,"ring",4,199
-2.23732942511693,-1.20316008473715,-8.42258247588644,"ring",4,200
-2.23732942511693,-1.20316008473715,-8.42258247588644,"ring",4,201
-2.23732942511693,-1.20316008473715,-8.42258247588644,"ring",4,202
-2.23732942511693,-1.20316008473715,-8.42258247588644,"ring",4,203
-2.01075554717226,-1.16458816788606,-8.66931676941424,"ring",4,204
-2.01075554717226,-1.16458816788606,-8.66931676941424,"ring",4,205
-1.88946811187534,-1.12260523084544,-8.75430770548493,"ring",4,206
-1.77733702036384,-1.42093458018564,-8.50233336824411,"ring",4,207
-1.77733702036384,-1.42093458018564,-8.50233336824411,"ring",4,208
-1.77733702036384,-1.42093458018564,-8.50233336824411,"ring",4,209
-1.77733702036384,-1.42093458018564,-8.50233336824411,"ring",4,210
-2.10106058693836,-1.3398801570506,-8.62778127253533,"ring",4,211
-2.10106058693836,-1.3398801570506,-8.62778127253533,"ring",4,212
-2.10106058693836,-1.3398801570506,-8.62778127253533,"ring",4,213
-2.10106058693836,-1.3398801570506,-8.62778127253533,"ring",4,214
-2.10980821824567,-1.36969262148716,-8.33214006080697,"ring",4,215
-2.20664177523809,-1.35644164505974,-8.48034313831242,"ring",4,216
-2.20664177523809,-1.35644164505974,-8.48034313831242,"ring",4,217
-2.20664177523809,-1.35644164505974,-8.48034313831242,"ring",4,218
-2.20664177523809,-1.35644164505974,-8.48034313831242,"ring",4,219
-1.65598038884125,-1.40089637486891,-8.34821959512176,"ring",4,220
-1.30326162269938,-1.2507489159403,-8.30255410658033,"ring",4,221
-2.51131130888798,-1.4281538011313,-8.49801616463395,"ring",4,222
-2.51131130888798,-1.4281538011313,-8.49801616463395,"ring",4,223
-2.4231249119542,-1.34624942935451,-8.39607733998459,"ring",4,224
-2.4231249119542,-1.34624942935451,-8.39607733998459,"ring",4,225
-2.27467035485941,-1.35540906732438,-8.68011740179866,"ring",4,226
-2.26506396020335,-1.39424488413124,-8.24022234590913,"ring",4,227
-1.97314622465391,-1.17603646110815,-8.6820706988525,"ring",4,228
-2.50925638566796,-1.24968194666215,-8.94344209951282,"ring",4,229
-2.29488677093634,-1.16440411836299,-8.82029864550947,"ring",4,230
-2.29488677093634,-1.16440411836299,-8.82029864550947,"ring",4,231
-2.29488677093634,-1.16440411836299,-8.82029864550947,"ring",4,232
-2.29488677093634,-1.16440411836299,-8.82029864550947,"ring",4,233
-2.29488677093634,-1.16440411836299,-8.82029864550947,"ring",4,234
-2.29488677093634,-1.16440411836299,-8.82029864550947,"ring",4,235
-2.29488677093634,-1.16440411836299,-8.82029864550947,"ring",4,236
-1.09598131139899,-0.954717663820061,-8.05657427361931,"ring",4,237
-1.59993792867478,-1.06534553750821,-8.69777029545849,"ring",4,238
-1.59993792867478,-1.06534553750821,-8.69777029545849,"ring",4,239
-2.23923562560255,-1.35792972041765,-8.31427159379324,"ring",4,240
-2.23923562560255,-1.35792972041765,-8.31427159379324,"ring",4,241
-2.23923562560255,-1.35792972041765,-8.31427159379324,"ring",4,242
-2.23923562560255,-1.35792972041765,-8.31427159379324,"ring",4,243
-2.23923562560255,-1.35792972041765,-8.31427159379324,"ring",4,244
-2.3128651239765,-1.47496458652,-8.4457346003583,"ring",4,245
-2.32695641154174,-1.45691047854956,-7.78158280262774,"ring",4,246
-1.38942537080526,-1.04656124046156,-8.07750867909376,"ring",4,247
-1.50674364612003,-1.12986282214935,-8.1267801605191,"ring",4,248
-1.31322358531153,-1.2794594451783,-8.21852334418333,"ring",4,249
-1.31322358531153,-1.2794594451783,-8.21852334418333,"ring",4,250
-1.31322358531153,-1.2794594451783,-8.21852334418333,"ring",4,251
-2.07257071440112,-1.52277054951715,-8.51076901280463,"ring",4,252
-2.07257071440112,-1.52277054951715,-8.51076901280463,"ring",4,253
-2.07257071440112,-1.52277054951715,-8.51076901280463,"ring",4,254
-2.07257071440112,-1.52277054951715,-8.51076901280463,"ring",4,255
-1.39589667012883,-1.38817607294785,-7.9646085863432,"ring",4,256
-1.52336281375736,-1.38334485717658,-8.15726456303544,"ring",4,257
-1.19457026045295,-1.30391043713852,-8.43407050068405,"ring",4,258
-1.19457026045295,-1.30391043713852,-8.43407050068405,"ring",4,259
-2.37154606518272,-1.24224492224713,-9.08437370036872,"ring",4,260
-1.74330964832347,-1.30674993697045,-8.83181916193652,"ring",4,261
-1.74330964832347,-1.30674993697045,-8.83181916193652,"ring",4,262
-1.74330964832347,-1.30674993697045,-8.83181916193652,"ring",4,263
-1.74330964832347,-1.30674993697045,-8.83181916193652,"ring",4,264
-1.74330964832347,-1.30674993697045,-8.83181916193652,"ring",4,265
-1.91818191534355,-1.18888241544786,-8.26971289020065,"ring",4,266
-2.1928362524478,-1.30003250509342,-8.09049706811319,"ring",4,267
-2.1928362524478,-1.30003250509342,-8.09049706811319,"ring",4,268
-1.23240225869027,-1.07019002475382,-8.2046386757273,"ring",4,269
-2.47876821957305,-1.19027703811872,-8.63708125616538,"ring",4,270
-2.47928839729347,-1.37672073688467,-8.26165260401288,"ring",4,271
-2.54590484061051,-1.40162762325038,-8.01515428677695,"ring",4,272
-2.54590484061051,-1.40162762325038,-8.01515428677695,"ring",4,273
-2.54590484061051,-1.40162762325038,-8.01515428677695,"ring",4,274
-2.54590484061051,-1.40162762325038,-8.01515428677695,"ring",4,275
-1.96910163063579,-1.60598884749249,-8.14334048179547,"ring",4,276
-1.28413428519749,-1.39819737335173,-8.18232167615061,"ring",4,277
-1.964217133468,-1.53406822155588,-8.41756833116567,"ring",4,278
-1.964217133468,-1.53406822155588,-8.41756833116567,"ring",4,279
-1.34590124285243,-1.38596335489668,-8.33515200497091,"ring",4,280
-1.83139911796221,-1.54082314569496,-8.67674708689114,"ring",4,281
-1.40240402891766,-1.33407713830267,-7.87997441049096,"ring",4,282
-2.0502821240421,-1.24887790968126,-8.46008463533647,"ring",4,283
-1.8783286343891,-1.17251735757471,-8.34541148267074,"ring",4,284
-2.34300231956327,-1.23950423894717,-8.31012967999659,"ring",4,285
-2.34300231956327,-1.23950423894717,-8.31012967999659,"ring",4,286
-2.25331729502101,-1.31668350773094,-8.6499102992067,"ring",4,287
-2.25331729502101,-1.31668350773094,-8.6499102992067,"ring",4,288
-2.25331729502101,-1.31668350773094,-8.6499102992067,"ring",4,289
-2.25331729502101,-1.31668350773094,-8.6499102992067,"ring",4,290
-2.25331729502101,-1.31668350773094,-8.6499102992067,"ring",4,291
-2.25331729502101,-1.31668350773094,-8.6499102992067,"ring",4,292
-2.25331729502101,-1.31668350773094,-8.6499102992067,"ring",4,293
-2.03742908506001,-1.13711771965099,-8.62264994935074,"ring",4,294
-2.03742908506001,-1.13711771965099,-8.62264994935074,"ring",4,295
-2.03742908506001,-1.13711771965099,-8.62264994935074,"ring",4,296
-1.59879554590345,-1.33394038543056,-8.04494727437264,"ring",4,297
-1.56331021738034,-1.23906816659661,-8.67524623805653,"ring",4,298
-2.10397476524495,-1.60771253006475,-8.30959018664971,"ring",4,299
-2.10397476524495,-1.60771253006475,-8.30959018664971,"ring",4,300
-2.10397476524495,-1.60771253006475,-8.30959018664971,"ring",4,301
-2.32532372290457,-1.49649001740734,-8.65517195135857,"ring",4,302
-2.13617945276662,-1.35750583436565,-9.1650580719915,"ring",4,303
-1.75552803990606,-1.41808561375147,-8.6064663355078,"ring",4,304
-2.16118144343369,-1.14975542109157,-9.23673794845351,"ring",4,305
-2.29072392913182,-1.17457731709823,-8.64060916115352,"ring",4,306
-1.83877033234311,-1.42667131062202,-8.45854995872213,"ring",4,307
-1.89997445591313,-1.58624187177774,-8.1104202368529,"ring",4,308
-1.89997445591313,-1.58624187177774,-8.1104202368529,"ring",4,309
-1.89997445591313,-1.58624187177774,-8.1104202368529,"ring",4,310
-1.88925566095978,-1.12122400915979,-8.34819512595939,"ring",4,311
-1.72626815665756,-1.42590303427223,-8.4482715524245,"ring",4,312
-2.20514240442264,-1.43761238174217,-8.40936348394046,"ring",4,313
-2.21360685727229,-1.32594037722061,-8.89965985942241,"ring",4,314
-2.21360685727229,-1.32594037722061,-8.89965985942241,"ring",4,315
-2.21360685727229,-1.32594037722061,-8.89965985942241,"ring",4,316
-2.21360685727229,-1.32594037722061,-8.89965985942241,"ring",4,317
-2.21360685727229,-1.32594037722061,-8.89965985942241,"ring",4,318
-2.21360685727229,-1.32594037722061,-8.89965985942241,"ring",4,319
-2.21360685727229,-1.32594037722061,-8.89965985942241,"ring",4,320
-2.21360685727229,-1.32594037722061,-8.89965985942241,"ring",4,321
-2.21360685727229,-1.32594037722061,-8.89965985942241,"ring",4,322
-2.21360685727229,-1.32594037722061,-8.89965985942241,"ring",4,323
-2.21360685727229,-1.32594037722061,-8.89965985942241,"ring",4,324
-2.33824782744075,-1.38682292814495,-8.43996017978008,"ring",4,325
-2.01479631165399,-1.40934630553691,-8.11673148895928,"ring",4,326
-2.01479631165399,-1.40934630553691,-8.11673148895928,"ring",4,327
-1.57526804003075,-1.4325966508176,-8.52133671275024,"ring",4,328
-2.01802092728145,-1.42472496131689,-8.50244492789257,"ring",4,329
-1.68119146586423,-1.26508035285868,-8.54772131384679,"ring",4,330
-1.68119146586423,-1.26508035285868,-8.54772131384679,"ring",4,331
-1.68119146586423,-1.26508035285868,-8.54772131384679,"ring",4,332
-1.9530733010284,-1.12880453471846,-9.11747695463167,"ring",4,333
-1.7851015989575,-1.06231585400109,-8.80169392085858,"ring",4,334
-1.7851015989575,-1.06231585400109,-8.80169392085858,"ring",4,335
-1.7851015989575,-1.06231585400109,-8.80169392085858,"ring",4,336
-1.7851015989575,-1.06231585400109,-8.80169392085858,"ring",4,337
-1.7851015989575,-1.06231585400109,-8.80169392085858,"ring",4,338
-1.7851015989575,-1.06231585400109,-8.80169392085858,"ring",4,339
-2.2861894450191,-1.38994015351742,-8.74333236982045,"ring",4,340
-0.787470147635684,-0.879900648348012,-8.66821965701356,"ring",4,341
-1.87016318122571,-0.953297396852802,-9.02209657369717,"ring",4,342
-2.56063443616075,-1.11379079805894,-9.27127223364122,"ring",4,343
-1.31514940493274,-1.05880286667442,-8.7578790833957,"ring",4,344
-1.93218096588019,-1.55284150273156,-8.56954720213325,"ring",4,345
-2.17373414625858,-1.29679356408976,-8.65462205655185,"ring",4,346
-2.01521856796289,-1.18671177352136,-8.88524392842103,"ring",4,347
-1.27679355871881,-1.24550391542684,-8.21994927057952,"ring",4,348
-1.48984361105449,-1.11589290623493,-8.31032019613011,"ring",4,349
-2.44675861221756,-1.17005530770526,-8.38475889299039,"ring",4,350
-2.384372106871,-1.41709799418014,-8.15432566262003,"ring",4,351
-1.70224646265531,-1.28233920546169,-8.18597995433004,"ring",4,352
-1.70224646265531,-1.28233920546169,-8.18597995433004,"ring",4,353
-1.70224646265531,-1.28233920546169,-8.18597995433004,"ring",4,354
-1.51107831365694,-1.10186479837286,-8.18189940271798,"ring",4,355
-1.51107831365694,-1.10186479837286,-8.18189940271798,"ring",4,356
-2.2126333795528,-1.49468001864942,-8.24149834201565,"ring",4,357
-2.06031889559112,-1.4022084669658,-8.11885356234563,"ring",4,358
-2.06031889559112,-1.4022084669658,-8.11885356234563,"ring",4,359
-1.07199520618293,-1.07015972178253,-8.32162986840792,"ring",4,360
-1.79193940887584,-1.23732205556096,-8.29608966672242,"ring",4,361
-1.79193940887584,-1.23732205556096,-8.29608966672242,"ring",4,362
-1.79193940887584,-1.23732205556096,-8.29608966672242,"ring",4,363
-2.21693031738042,-1.26829549764855,-8.34861284692118,"ring",4,364
-2.21693031738042,-1.26829549764855,-8.34861284692118,"ring",4,365
-1.54754190137414,-1.25148639880052,-8.50269360519049,"ring",4,366
-1.54754190137414,-1.25148639880052,-8.50269360519049,"ring",4,367
-1.54754190137414,-1.25148639880052,-8.50269360519049,"ring",4,368
-2.33847938509096,-1.42635200878984,-8.37249503882409,"ring",4,369
-2.47041973933156,-1.20978146014965,-8.61537694526022,"ring",4,370
-2.12395554959724,-1.29328109267809,-8.80647252972723,"ring",4,371
-2.12395554959724,-1.29328109267809,-8.80647252972723,"ring",4,372
-2.12395554959724,-1.29328109267809,-8.80647252972723,"ring",4,373
-2.02912763087137,-1.24388537988532,-8.6809633618386,"ring",4,374
-2.02912763087137,-1.24388537988532,-8.6809633618386,"ring",4,375
-2.02912763087137,-1.24388537988532,-8.6809633618386,"ring",4,376
-2.02912763087137,-1.24388537988532,-8.6809633618386,"ring",4,377
-2.02912763087137,-1.24388537988532,-8.6809633618386,"ring",4,378
-2.2929612719941,-1.24949588160775,-9.07749846479721,"ring",4,379
-2.2929612719941,-1.24949588160775,-9.07749846479721,"ring",4,380
-1.65496254349945,-1.31326031440725,-7.99984981426197,"ring",4,381
-2.14344727994263,-1.32621858383983,-8.79341844522026,"ring",4,382
-2.14344727994263,-1.32621858383983,-8.79341844522026,"ring",4,383
-2.14344727994263,-1.32621858383983,-8.79341844522026,"ring",4,384
-2.42226368624811,-1.41777599722472,-8.3339124362011,"ring",4,385
-2.42973949727428,-1.40007750371635,-8.35990714607002,"ring",4,386
-2.42973949727428,-1.40007750371635,-8.35990714607002,"ring",4,387
-2.42973949727428,-1.40007750371635,-8.35990714607002,"ring",4,388
-2.29043793322088,-1.41717044456652,-8.43935058468774,"ring",4,389
-2.29043793322088,-1.41717044456652,-8.43935058468774,"ring",4,390
-2.43463542777894,-1.3661209760412,-8.26759681104761,"ring",4,391
-2.43463542777894,-1.3661209760412,-8.26759681104761,"ring",4,392
-2.43463542777894,-1.3661209760412,-8.26759681104761,"ring",4,393
-2.43463542777894,-1.3661209760412,-8.26759681104761,"ring",4,394
-2.43463542777894,-1.3661209760412,-8.26759681104761,"ring",4,395
-2.07750597702037,-1.56583269613243,-8.05282110899006,"ring",4,396
-1.46416282833189,-1.18185479130203,-8.32423214132274,"ring",4,397
-2.0899887518281,-1.24818770289592,-8.24302130732742,"ring",4,398
-1.79723592217699,-1.55812889200715,-7.96217360111811,"ring",4,399
-1.79723592217699,-1.55812889200715,-7.96217360111811,"ring",4,400
-1.79723592217699,-1.55812889200715,-7.96217360111811,"ring",4,401
-1.44428027174673,-1.30705838143155,-8.40367068258837,"ring",4,402
-1.44428027174673,-1.30705838143155,-8.40367068258837,"ring",4,403
-2.2469800106101,-1.33420503914909,-8.89200570000385,"ring",4,404
-2.2469800106101,-1.33420503914909,-8.89200570000385,"ring",4,405
-2.12778386578138,-1.33128260647108,-8.7244801246833,"ring",4,406
-2.06338174073989,-1.27141773124968,-8.41745361612818,"ring",4,407
-1.88773728545102,-1.28933970896097,-8.32634863459704,"ring",4,408
-1.84863134441497,-1.28323209894273,-7.74584179661771,"ring",4,409
-1.40478351944121,-0.915587612139084,-8.43285216491955,"ring",4,410
-1.40478351944121,-0.915587612139084,-8.43285216491955,"ring",4,411
-1.74466136773104,-1.00343743722241,-8.51118971918071,"ring",4,412
-1.74466136773104,-1.00343743722241,-8.51118971918071,"ring",4,413
-1.74466136773104,-1.00343743722241,-8.51118971918071,"ring",4,414
-1.59665950503749,-1.08955850943504,-8.38878800633531,"ring",4,415
-1.67532857654386,-1.48142458272472,-8.42743024933671,"ring",4,416
-1.67532857654386,-1.48142458272472,-8.42743024933671,"ring",4,417
-1.67532857654386,-1.48142458272472,-8.42743024933671,"ring",4,418
-1.80407031346258,-1.48034507209534,-8.59457457633026,"ring",4,419
-1.80407031346258,-1.48034507209534,-8.59457457633026,"ring",4,420
-1.16930540509123,-1.40823328570176,-7.86999714578042,"ring",4,421
-0.758067759665142,-1.02863775306982,-8.27433016687544,"ring",4,422
-1.89169066069045,-1.12858104218756,-9.01397569478683,"ring",4,423
-1.89169066069045,-1.12858104218756,-9.01397569478683,"ring",4,424
-1.80640456191197,-1.21876966319783,-8.44604287633429,"ring",4,425
-1.80640456191197,-1.21876966319783,-8.44604287633429,"ring",4,426
-2.25824761218472,-1.38544385932644,-8.51370823405297,"ring",4,427
-2.0591101474164,-1.20673831779839,-8.47814087980356,"ring",4,428
-2.0591101474164,-1.20673831779839,-8.47814087980356,"ring",4,429
-1.98560744744975,-1.25197086800238,-8.57007688153058,"ring",4,430
-1.98560744744975,-1.25197086800238,-8.57007688153058,"ring",4,431
-2.31978688326941,-1.3134569843201,-8.88284103363804,"ring",4,432
-2.03263613090442,-1.2792741827699,-9.12029213948092,"ring",4,433
-1.73607359014083,-1.21083484679377,-8.54101771045513,"ring",4,434
-1.90556158435909,-1.55212818250177,-8.29020365157531,"ring",4,435
-1.90556158435909,-1.55212818250177,-8.29020365157531,"ring",4,436
-1.2034048970774,-1.17741198056743,-8.13259605091818,"ring",4,437
-1.2034048970774,-1.17741198056743,-8.13259605091818,"ring",4,438
-1.2034048970774,-1.17741198056743,-8.13259605091818,"ring",4,439
-1.9126849619012,-1.20327261806813,-8.53673778910032,"ring",4,440
-1.9126849619012,-1.20327261806813,-8.53673778910032,"ring",4,441
-1.9126849619012,-1.20327261806813,-8.53673778910032,"ring",4,442
-2.1058018444493,-1.36390467953487,-8.14815071482029,"ring",4,443
-1.93140013513859,-1.10165429606862,-8.28081784849354,"ring",4,444
-1.93140013513859,-1.10165429606862,-8.28081784849354,"ring",4,445
-2.53878407965197,-1.15519851613272,-8.23939907061417,"ring",4,446
-2.53878407965197,-1.15519851613272,-8.23939907061417,"ring",4,447
-1.47724227378709,-0.927400228024255,-8.81012533975838,"ring",4,448
-2.45611368309546,-1.16159749265698,-8.73778714761165,"ring",4,449
-2.45611368309546,-1.16159749265698,-8.73778714761165,"ring",4,450
-2.45611368309546,-1.16159749265698,-8.73778714761165,"ring",4,451
-2.45611368309546,-1.16159749265698,-8.73778714761165,"ring",4,452
-1.87933165182414,-1.17488109267794,-8.78168735448001,"ring",4,453
-2.48698151589923,-1.33942692765823,-8.68935395908275,"ring",4,454
-2.48698151589923,-1.33942692765823,-8.68935395908275,"ring",4,455
-2.48698151589923,-1.33942692765823,-8.68935395908275,"ring",4,456
-2.48698151589923,-1.33942692765823,-8.68935395908275,"ring",4,457
-1.64217225451895,-1.37187057744342,-8.37871525671641,"ring",4,458
-1.79334331373326,-1.36455422907524,-8.52383978165137,"ring",4,459
-1.74209230273858,-1.22907963688338,-8.18969190922582,"ring",4,460
-1.65691515172795,-1.15829068313512,-8.64161851895436,"ring",4,461
-1.65691515172795,-1.15829068313512,-8.64161851895436,"ring",4,462
-0.980770014290727,-1.35350000542485,-8.20421345879069,"ring",4,463
-0.980770014290727,-1.35350000542485,-8.20421345879069,"ring",4,464
-2.44926772395951,-1.49219654939892,-8.3372877369952,"ring",4,465
-2.52606049338653,-1.35684968531604,-8.91675936421098,"ring",4,466
-1.80292658803566,-0.942567565159049,-9.21637388211654,"ring",4,467
-1.01165986221831,-1.15336925595337,-8.43565414069296,"ring",4,468
-0.653700131958093,-0.72457940175703,-8.70097955991329,"ring",4,469
-2.11974911701624,-1.34150043974774,-8.15832578520627,"ring",4,470
-2.11974911701624,-1.34150043974774,-8.15832578520627,"ring",4,471
-2.11974911701624,-1.34150043974774,-8.15832578520627,"ring",4,472
-2.11974911701624,-1.34150043974774,-8.15832578520627,"ring",4,473
-1.88420744339947,-1.1661195723677,-8.58662565503759,"ring",4,474
-1.74213214037609,-1.38353248949141,-8.49372308739368,"ring",4,475
-1.74213214037609,-1.38353248949141,-8.49372308739368,"ring",4,476
-1.74213214037609,-1.38353248949141,-8.49372308739368,"ring",4,477
-2.38494955551813,-1.36955085306156,-8.43123758210718,"ring",4,478
-2.35043327803808,-1.46093736041602,-8.41983153379265,"ring",4,479
-1.98303707100643,-1.32329971643973,-8.52523794860443,"ring",4,480
-1.98303707100643,-1.32329971643973,-8.52523794860443,"ring",4,481
-2.36412066378661,-1.35540382320359,-8.86062340236095,"ring",4,482
-2.36412066378661,-1.35540382320359,-8.86062340236095,"ring",4,483
-2.01725113079761,-1.34420543081621,-8.45344169366437,"ring",4,484
-2.72646602170041,-1.04755521390483,-8.73062637778627,"ring",4,485
-2.72646602170041,-1.04755521390483,-8.73062637778627,"ring",4,486
-2.72646602170041,-1.04755521390483,-8.73062637778627,"ring",4,487
-2.46372591261606,-1.19177704979569,-8.85546268999563,"ring",4,488
-2.46372591261606,-1.19177704979569,-8.85546268999563,"ring",4,489
-2.35973129205331,-1.19859938329905,-8.47677285507559,"ring",4,490
-1.37186804675068,-1.23254136030154,-8.56929867228936,"ring",4,491
-1.37186804675068,-1.23254136030154,-8.56929867228936,"ring",4,492
-2.09465259970437,-1.23964332395364,-9.09731483364561,"ring",4,493
-1.39314630993064,-1.09620958517315,-8.66516244392908,"ring",4,494
-1.77042784038301,-1.11362216282263,-8.70582690586541,"ring",4,495
-1.77042784038301,-1.11362216282263,-8.70582690586541,"ring",4,496
-1.77042784038301,-1.11362216282263,-8.70582690586541,"ring",4,497
-2.44608242377953,-1.27418730145333,-9.39998487611406,"ring",4,498
-2.44608242377953,-1.27418730145333,-9.39998487611406,"ring",4,499
-2.44608242377953,-1.27418730145333,-9.39998487611406,"ring",4,500
-2.44608242377953,-1.27418730145333,-9.39998487611406,"ring",4,501
-2.44608242377953,-1.27418730145333,-9.39998487611406,"ring",4,502
-2.47262199317065,-1.07673981770957,-9.13132243827128,"ring",4,503
-2.17055627918593,-1.19044820326266,-8.42142194597971,"ring",4,504
-2.17055627918593,-1.19044820326266,-8.42142194597971,"ring",4,505
-2.06606434410029,-1.31933226562082,-8.05650669180966,"ring",4,506
-2.39788590036535,-1.41645920909175,-8.91599148936121,"ring",4,507
-2.5009350173004,-1.37341323589188,-9.01492241158985,"ring",4,508
-2.15796454222625,-1.43782490568636,-9.44137867149695,"ring",4,509
-2.47166138084643,-1.20877198509675,-8.75355374347051,"ring",4,510
-2.47166138084643,-1.20877198509675,-8.75355374347051,"ring",4,511
-2.33404512574179,-1.26638363682529,-8.70627896175704,"ring",4,512
-2.39160897195895,-1.028282442644,-8.75857001355156,"ring",4,513
-1.85723583184589,-1.1730061406812,-8.62571999676783,"ring",4,514
-1.85723583184589,-1.1730061406812,-8.62571999676783,"ring",4,515
-1.85723583184589,-1.1730061406812,-8.62571999676783,"ring",4,516
-1.85723583184589,-1.1730061406812,-8.62571999676783,"ring",4,517
-1.85723583184589,-1.1730061406812,-8.62571999676783,"ring",4,518
-1.85723583184589,-1.1730061406812,-8.62571999676783,"ring",4,519
-1.85723583184589,-1.1730061406812,-8.62571999676783,"ring",4,520
-1.85723583184589,-1.1730061406812,-8.62571999676783,"ring",4,521
-2.43703494009752,-1.36753995891216,-8.61182670146221,"ring",4,522
-2.05031508601683,-1.26602922862949,-8.70072463838094,"ring",4,523
-2.05031508601683,-1.26602922862949,-8.70072463838094,"ring",4,524
-2.05031508601683,-1.26602922862949,-8.70072463838094,"ring",4,525
-2.05031508601683,-1.26602922862949,-8.70072463838094,"ring",4,526
-2.05031508601683,-1.26602922862949,-8.70072463838094,"ring",4,527
-2.05031508601683,-1.26602922862949,-8.70072463838094,"ring",4,528
-2.51447417261025,-1.43464663235487,-8.26910829711317,"ring",4,529
-1.08156178361255,-0.993392809826378,-8.389911685683,"ring",4,530
-1.09234225002535,-1.00814061041822,-7.68419029429929,"ring",4,531
-1.09234225002535,-1.00814061041822,-7.68419029429929,"ring",4,532
-1.6236511418013,-1.00778779931114,-8.24142800824516,"ring",4,533
-1.8048409051377,-1.41293876401755,-7.95244941382418,"ring",4,534
-1.08805436515094,-1.14783447014309,-8.59829117658857,"ring",4,535
-0.90412304040751,-1.09104944829819,-7.93402974709373,"ring",4,536
-0.90412304040751,-1.09104944829819,-7.93402974709373,"ring",4,537
-0.476756087180317,-1.04003642873871,-8.12466736941783,"ring",4,538
-1.9951483955985,-1.52245200011197,-8.66771413356845,"ring",4,539
-1.25196901654386,-1.3477062354643,-8.01119133505316,"ring",4,540
-1.87665557069042,-1.59289190384006,-8.07275416070441,"ring",4,541
-2.0146337321208,-1.22105354556749,-8.49272467303622,"ring",4,542
-2.0146337321208,-1.22105354556749,-8.49272467303622,"ring",4,543
-1.92097876037914,-1.19314973451233,-8.39219557089149,"ring",4,544
-2.24572204121509,-1.29729779887792,-8.73473547784976,"ring",4,545
-2.24572204121509,-1.29729779887792,-8.73473547784976,"ring",4,546
-2.56286660189322,-1.31393866684347,-9.07153353588059,"ring",4,547
-2.56286660189322,-1.31393866684347,-9.07153353588059,"ring",4,548
-2.33482032746681,-1.28635882706028,-8.82677716494528,"ring",4,549
-1.12709430467328,-0.937298052727357,-8.85359249446311,"ring",4,550
-1.63153800542933,-1.2127214490096,-8.42185012340531,"ring",4,551
-1.56607266895525,-1.22989767273888,-8.28013283491033,"ring",4,552
-1.56607266895525,-1.22989767273888,-8.28013283491033,"ring",4,553
-0.915497515664675,-0.995052276761946,-8.22355874101169,"ring",4,554
-1.07979987350082,-1.03456871450637,-8.40725079674762,"ring",4,555
-1.09199844063382,-0.970250484727606,-8.86363830705177,"ring",4,556
-1.44385078094964,-0.969575304497583,-9.1190069753407,"ring",4,557
-1.44385078094964,-0.969575304497583,-9.1190069753407,"ring",4,558
-1.44385078094964,-0.969575304497583,-9.1190069753407,"ring",4,559
-1.44385078094964,-0.969575304497583,-9.1190069753407,"ring",4,560
-1.31063192364734,-0.925937067707045,-9.12967646237888,"ring",4,561
-1.31063192364734,-0.925937067707045,-9.12967646237888,"ring",4,562
-1.31063192364734,-0.925937067707045,-9.12967646237888,"ring",4,563
-1.97250089066112,-1.25201571888858,-9.07050014001841,"ring",4,564
-1.66314405568922,-1.1338895086121,-8.97026751181493,"ring",4,565
-2.34293143353554,-1.39102270011469,-8.45335390062233,"ring",4,566
-2.34293143353554,-1.39102270011469,-8.45335390062233,"ring",4,567
-2.34293143353554,-1.39102270011469,-8.45335390062233,"ring",4,568
-2.34293143353554,-1.39102270011469,-8.45335390062233,"ring",4,569
-1.4240860266832,-1.06661869764389,-8.75701431581282,"ring",4,570
-2.3935305351701,-1.26871239832941,-8.79796852785551,"ring",4,571
-1.66299830170695,-1.35070331763121,-8.5368260901612,"ring",4,572
-0.585248448379188,-1.11055731374474,-8.29409676887313,"ring",4,573
-1.97018198478916,-1.62068802558689,-8.10634234348185,"ring",4,574
-2.20492982943588,-1.45245197614835,-8.29919869965884,"ring",4,575
-1.97389865445094,-1.39917765529837,-8.29169653993121,"ring",4,576
-1.97389865445094,-1.39917765529837,-8.29169653993121,"ring",4,577
-1.97389865445094,-1.39917765529837,-8.29169653993121,"ring",4,578
-1.97389865445094,-1.39917765529837,-8.29169653993121,"ring",4,579
-1.16103159812554,-0.872995149387446,-8.620191188205,"ring",4,580
-1.71736690157801,-1.10139027165547,-9.05842858010063,"ring",4,581
-1.71736690157801,-1.10139027165547,-9.05842858010063,"ring",4,582
-1.69194955968001,-1.14127581042379,-8.8807126804145,"ring",4,583
-2.01524367264467,-1.03153491754915,-8.46805842893612,"ring",4,584
-2.01524367264467,-1.03153491754915,-8.46805842893612,"ring",4,585
-1.40716093982375,-1.2158271915106,-8.1096650555567,"ring",4,586
-1.91571827684888,-1.30243070825465,-9.00424409058012,"ring",4,587
-2.22445821494851,-1.23330871555498,-8.86592640509621,"ring",4,588
-2.34413627299679,-1.34992307224476,-8.65690165769924,"ring",4,589
-1.94115621610859,-1.2733787255401,-8.70909444068433,"ring",4,590
-2.14124898098328,-1.44552571618746,-9.12736616741987,"ring",4,591
-1.34008310853646,-1.22631260208165,-8.62222716990521,"ring",4,592
-1.52588150235309,-0.96122005240558,-8.62442615217769,"ring",4,593
-1.52588150235309,-0.96122005240558,-8.62442615217769,"ring",4,594
-1.1936604324873,-0.974471139862355,-8.49867684282899,"ring",4,595
-1.1936604324873,-0.974471139862355,-8.49867684282899,"ring",4,596
-2.31272602792708,-1.26391691869367,-8.62700856400876,"ring",4,597
-2.31272602792708,-1.26391691869367,-8.62700856400876,"ring",4,598
-2.31272602792708,-1.26391691869367,-8.62700856400876,"ring",4,599
-1.75159910929393,-1.1621837700095,-8.66769428225077,"ring",4,600
-1.66786446077929,-1.49971070616058,-7.89020131971852,"ring",4,601
-1.66786446077929,-1.49971070616058,-7.89020131971852,"ring",4,602
-2.24849468825041,-1.52682538497785,-8.08850288672478,"ring",4,603
-1.93805321501504,-1.52458859320927,-8.8348928955422,"ring",4,604
-1.77090642201441,-1.30686714681593,-8.31424613823681,"ring",4,605
-1.27543617402529,-1.20371943334033,-8.06973495176071,"ring",4,606
-1.27543617402529,-1.20371943334033,-8.06973495176071,"ring",4,607
-1.27543617402529,-1.20371943334033,-8.06973495176071,"ring",4,608
-2.00376470396175,-1.42773586387633,-8.83215077062249,"ring",4,609
-2.05022589601779,-1.28653107711439,-9.33678325224687,"ring",4,610
-2.05022589601779,-1.28653107711439,-9.33678325224687,"ring",4,611
-2.5021750527148,-1.39277749416909,-8.86337200996483,"ring",4,612
-2.5021750527148,-1.39277749416909,-8.86337200996483,"ring",4,613
-2.40116550611777,-1.35765797822859,-9.02408457232207,"ring",4,614
-2.40116550611777,-1.35765797822859,-9.02408457232207,"ring",4,615
-2.40116550611777,-1.35765797822859,-9.02408457232207,"ring",4,616
-1.6170224766378,-1.53848844891358,-7.80599244344623,"ring",4,617
-1.6170224766378,-1.53848844891358,-7.80599244344623,"ring",4,618
-0.788050397608934,-1.24403233557639,-7.82417741468799,"ring",4,619
-1.82259178761804,-1.75825822654078,-7.77044320890951,"ring",4,620
-1.82259178761804,-1.75825822654078,-7.77044320890951,"ring",4,621
-1.82259178761804,-1.75825822654078,-7.77044320890951,"ring",4,622
-1.57618516479236,-1.33330933577005,-8.72122337866383,"ring",4,623
-1.57618516479236,-1.33330933577005,-8.72122337866383,"ring",4,624
-2.20594551609738,-1.33004091399099,-9.24880876358882,"ring",4,625
-1.84189699430279,-1.30618345999746,-8.19256907464755,"ring",4,626
-1.84189699430279,-1.30618345999746,-8.19256907464755,"ring",4,627
-1.02769150049258,-1.16660601218661,-7.75540204961452,"ring",4,628
-2.28108719644542,-1.07761497726317,-9.21074001456385,"ring",4,629
-1.97912664231467,-1.45564611757521,-8.61818374781243,"ring",4,630
-1.70050332295857,-1.23533905285101,-8.34132311608981,"ring",4,631
-1.70050332295857,-1.23533905285101,-8.34132311608981,"ring",4,632
-1.70050332295857,-1.23533905285101,-8.34132311608981,"ring",4,633
-1.70050332295857,-1.23533905285101,-8.34132311608981,"ring",4,634
-1.70050332295857,-1.23533905285101,-8.34132311608981,"ring",4,635
-2.02422682839232,-1.17668724812766,-8.36804774284087,"ring",4,636
-2.02422682839232,-1.17668724812766,-8.36804774284087,"ring",4,637
-2.74140712514667,-1.10970467270329,-8.60058654450364,"ring",4,638
-2.11424837823074,-1.18521678722771,-8.41835875640441,"ring",4,639
-2.11424837823074,-1.18521678722771,-8.41835875640441,"ring",4,640
-2.18815230326183,-1.11551106022586,-8.60707667485655,"ring",4,641
-1.48612353669187,-1.05457369616363,-8.34529048410226,"ring",4,642
-1.48612353669187,-1.05457369616363,-8.34529048410226,"ring",4,643
-1.83707998268993,-1.36079467170294,-8.5022640970464,"ring",4,644
-1.83707998268993,-1.36079467170294,-8.5022640970464,"ring",4,645
-1.83707998268993,-1.36079467170294,-8.5022640970464,"ring",4,646
-1.56972295874433,-1.2780935113586,-8.40037672253518,"ring",4,647
-1.98322909114418,-1.4358197716381,-8.13837361700325,"ring",4,648
-1.98322909114418,-1.4358197716381,-8.13837361700325,"ring",4,649
-1.97992678537819,-1.26712837102329,-8.97761889682873,"ring",4,650
-1.97992678537819,-1.26712837102329,-8.97761889682873,"ring",4,651
-1.97992678537819,-1.26712837102329,-8.97761889682873,"ring",4,652
-1.97992678537819,-1.26712837102329,-8.97761889682873,"ring",4,653
-2.20538250823138,-1.30341430157623,-8.36144298594209,"ring",4,654
-2.20538250823138,-1.30341430157623,-8.36144298594209,"ring",4,655
-2.20538250823138,-1.30341430157623,-8.36144298594209,"ring",4,656
-2.20538250823138,-1.30341430157623,-8.36144298594209,"ring",4,657
-2.20538250823138,-1.30341430157623,-8.36144298594209,"ring",4,658
-2.39173210296723,-1.33228338569704,-8.23319740533077,"ring",4,659
-1.40825833391411,-1.11048609326292,-8.02025390907999,"ring",4,660
-0.97748918193274,-0.933671077997729,-8.3652723666445,"ring",4,661
-0.934416556391136,-1.1194559617595,-8.33900873513927,"ring",4,662
-1.14256087076502,-1.17398056950836,-8.00792266346825,"ring",4,663
-1.14256087076502,-1.17398056950836,-8.00792266346825,"ring",4,664
-1.43781446748702,-1.34711285842072,-8.39832391252062,"ring",4,665
-2.07921109807091,-1.28270431560985,-8.87437693570179,"ring",4,666
-2.07921109807091,-1.28270431560985,-8.87437693570179,"ring",4,667
-1.76332274107799,-1.37462402934915,-8.46335689783022,"ring",4,668
-2.54484973366562,-1.31360392178781,-8.43687147844102,"ring",4,669
-2.54484973366562,-1.31360392178781,-8.43687147844102,"ring",4,670
-1.89616777369472,-1.10822354141386,-9.11698698936979,"ring",4,671
-1.67008014051578,-1.2153043523804,-8.88241190213847,"ring",4,672
-2.50440404643828,-1.20258641484971,-9.03078062232962,"ring",4,673
-2.55420138940181,-1.25957959315863,-8.90008566446743,"ring",4,674
-2.55420138940181,-1.25957959315863,-8.90008566446743,"ring",4,675
-1.60382670548116,-1.28586597212614,-8.84654676819056,"ring",4,676
-1.60382670548116,-1.28586597212614,-8.84654676819056,"ring",4,677
-1.60382670548116,-1.28586597212614,-8.84654676819056,"ring",4,678
-1.66660972471951,-1.14178815127634,-8.78111588856841,"ring",4,679
-1.66660972471951,-1.14178815127634,-8.78111588856841,"ring",4,680
-1.66660972471951,-1.14178815127634,-8.78111588856841,"ring",4,681
-1.66660972471951,-1.14178815127634,-8.78111588856841,"ring",4,682
-1.66660972471951,-1.14178815127634,-8.78111588856841,"ring",4,683
-1.09325594858476,-0.896567506127885,-8.57654217936848,"ring",4,684
-2.098563253021,-1.06796178170671,-8.78863442868271,"ring",4,685
-2.098563253021,-1.06796178170671,-8.78863442868271,"ring",4,686
-2.098563253021,-1.06796178170671,-8.78863442868271,"ring",4,687
-2.4894323793839,-1.35451688944289,-8.79778152531195,"ring",4,688
-2.4894323793839,-1.35451688944289,-8.79778152531195,"ring",4,689
-2.34216960251331,-1.39099202760811,-8.86531259328028,"ring",4,690
-2.34216960251331,-1.39099202760811,-8.86531259328028,"ring",4,691
-2.34216960251331,-1.39099202760811,-8.86531259328028,"ring",4,692
-1.59567868143582,-1.15303018310811,-8.34535341810738,"ring",4,693
-1.59567868143582,-1.15303018310811,-8.34535341810738,"ring",4,694
-1.69140999945782,-1.1795453044756,-8.35506311726779,"ring",4,695
-1.73171278586209,-1.27595395515054,-8.00395158562308,"ring",4,696
-1.37046159447653,-0.981689107760102,-8.43097280359596,"ring",4,697
-2.0471054934333,-1.31303765637769,-8.04882941645421,"ring",4,698
-2.0471054934333,-1.31303765637769,-8.04882941645421,"ring",4,699
-1.81422505032673,-1.32223628989256,-8.46092835772757,"ring",4,700
