"log_ell","log_sigma_f","log_sigma_n","source","chain","retained_draw"
-1.04396321112437,-0.806164647902544,-8.73775470883116,"sine",1,1
-1.04396321112437,-0.806164647902544,-8.73775470883116,"sine",1,2
-0.84954554145151,-0.803308572172548,-8.84290520395119,"sine",1,3
-0.84954554145151,-0.803308572172548,-8.84290520395119,"sine",1,4
-1.02148920787646,-0.903203926079803,-8.78711975071121,"sine",1,5
-1.02148920787646,-0.903203926079803,-8.78711975071121,"sine",1,6
-1.02148920787646,-0.903203926079803,-8.78711975071121,"sine",1,7
-1.02148920787646,-0.903203926079803,-8.78711975071121,"sine",1,8
-0.917754170107785,-0.774120628735657,-8.49776603212406,"sine",1,9
-0.917754170107785,-0.774120628735657,-8.49776603212406,"sine",1,10
-0.357067545118376,-0.478758038799874,-8.20801675103195,"sine",1,11
-0.357067545118376,-0.478758038799874,-8.20801675103195,"sine",1,12
-0.647955975696406,-0.591371742263391,-8.74182141703761,"sine",1,13
-0.647955975696406,-0.591371742263391,-8.74182141703761,"sine",1,14
-0.737602804770709,-0.545259237116042,-8.59269177561256,"sine",1,15
-0.737602804770709,-0.545259237116042,-8.59269177561256,"sine",1,16
-1.56546765842243,-0.914081799026319,-8.8053133316365,"sine",1,17
-0.698361554731349,-0.88565014131308,-9.09097937491282,"sine",1,18
-0.698361554731349,-0.88565014131308,-9.09097937491282,"sine",1,19
-0.306922748944273,-0.520655161542059,-9.14561651984025,"sine",1,20
-0.887603740748203,-0.622281309351555,-8.86296034928438,"sine",1,21
-0.887603740748203,-0.622281309351555,-8.86296034928438,"sine",1,22
-1.07603879669998,-0.796382793981308,-8.44999625457325,"sine",1,23
-0.778073901352847,-0.827170078594076,-8.76339043631772,"sine",1,24
-0.778073901352847,-0.827170078594076,-8.76339043631772,"sine",1,25
-0.778073901352847,-0.827170078594076,-8.76339043631772,"sine",1,26
-0.954486515121743,-0.609880161410219,-8.3920041401523,"sine",1,27
-0.172719748334978,-0.577551080913303,-8.04834188249413,"sine",1,28
-0.932110929751919,-1.03641271603977,-8.71018724274056,"sine",1,29
-0.932110929751919,-1.03641271603977,-8.71018724274056,"sine",1,30
-0.645685360925927,-0.805169261743096,-8.00615484266416,"sine",1,31
-0.331946872155532,-0.536672437574541,-8.14317807661529,"sine",1,32
-1.04347382110249,-1.03517465826926,-8.44486596408399,"sine",1,33
-0.508126991616211,-0.775932994607139,-8.84386430289495,"sine",1,34
-0.508126991616211,-0.775932994607139,-8.84386430289495,"sine",1,35
-0.0645998329693323,-0.523340947498197,-8.40888877481513,"sine",1,36
-0.219082759838901,-0.532579569473118,-8.31871403091755,"sine",1,37
-1.11345688175765,-0.908274931791554,-8.2691548939178,"sine",1,38
-1.11345688175765,-0.908274931791554,-8.2691548939178,"sine",1,39
-1.11195248344762,-0.74270765705404,-8.90820042210837,"sine",1,40
-0.74294790384096,-0.972949395035964,-8.19575002425041,"sine",1,41
-1.28599464055499,-0.81732874096668,-8.34322454779478,"sine",1,42
-0.814257117343303,-0.777992386219737,-8.68066800860843,"sine",1,43
-0.814257117343303,-0.777992386219737,-8.68066800860843,"sine",1,44
-0.509201319057669,-0.49688982086,-8.61511964676833,"sine",1,45
-0.187749942847508,-0.552336131396991,-8.26999589969533,"sine",1,46
0.164580846732454,-0.386767263048557,-8.97546544718227,"sine",1,47
0.164580846732454,-0.386767263048557,-8.97546544718227,"sine",1,48
-1.18551523749608,-0.936304699108706,-8.30093411769026,"sine",1,49
-1.36163102937362,-1.0669480900919,-8.60603432745547,"sine",1,50
-1.36163102937362,-1.0669480900919,-8.60603432745547,"sine",1,51
-1.36163102937362,-1.0669480900919,-8.60603432745547,"sine",1,52
-0.813518851537311,-0.57506070743369,-8.83252540735983,"sine",1,53
-0.813518851537311,-0.57506070743369,-8.83252540735983,"sine",1,54
-1.03013837531013,-0.664106677429153,-8.96102560899196,"sine",1,55
-1.03013837531013,-0.664106677429153,-8.96102560899196,"sine",1,56
0.055882955592647,-0.382671716700949,-9.20078591395141,"sine",1,57
-1.07661931208422,-0.806010675481482,-8.84907652713239,"sine",1,58
-1.07661931208422,-0.806010675481482,-8.84907652713239,"sine",1,59
-0.896871769307573,-0.799468230968203,-8.93106732699203,"sine",1,60
-0.896871769307573,-0.799468230968203,-8.93106732699203,"sine",1,61
-0.896871769307573,-0.799468230968203,-8.93106732699203,"sine",1,62
-0.896871769307573,-0.799468230968203,-8.93106732699203,"sine",1,63
-0.970880767311073,-0.833197360986457,-8.88818213723283,"sine",1,64
-0.929886888530464,-0.574148267521659,-8.5621851929031,"sine",1,65
-0.929886888530464,-0.574148267521659,-8.5621851929031,"sine",1,66
-0.829826672684799,-0.826375002125294,-8.34737499233322,"sine",1,67
-1.28369040387361,-0.942091678430043,-8.82120375202906,"sine",1,68
-1.28369040387361,-0.942091678430043,-8.82120375202906,"sine",1,69
-1.28369040387361,-0.942091678430043,-8.82120375202906,"sine",1,70
-0.390186583626002,-0.607339955372304,-9.03152748588821,"sine",1,71
-0.694358706665446,-0.819861452348025,-8.65002636475832,"sine",1,72
-0.694358706665446,-0.819861452348025,-8.65002636475832,"sine",1,73
-0.694358706665446,-0.819861452348025,-8.65002636475832,"sine",1,74
-0.461221825830821,-0.675211323897371,-8.5026344639378,"sine",1,75
-0.461221825830821,-0.675211323897371,-8.5026344639378,"sine",1,76
-0.461221825830821,-0.675211323897371,-8.5026344639378,"sine",1,77
-0.75016899432716,-0.780627295065901,-8.96102638237644,"sine",1,78
-0.75016899432716,-0.780627295065901,-8.96102638237644,"sine",1,79
-0.61108569350903,-0.862671646820156,-8.42450069937727,"sine",1,80
-0.483963405933752,-0.78989225660821,-7.97221354776431,"sine",1,81
-0.483963405933752,-0.78989225660821,-7.97221354776431,"sine",1,82
-0.483963405933752,-0.78989225660821,-7.97221354776431,"sine",1,83
-0.725172022317719,-0.892491501364579,-8.09401882155419,"sine",1,84
-1.11868444746378,-0.976357173921607,-8.3854372296064,"sine",1,85
-1.24564924109349,-0.974716501905274,-8.20167554138383,"sine",1,86
-1.13756818690527,-0.836638548523048,-8.60694679261445,"sine",1,87
-1.13756818690527,-0.836638548523048,-8.60694679261445,"sine",1,88
-0.177493962833579,-0.504173266937811,-8.56563131593235,"sine",1,89
0.0580805946989699,-0.383849882138997,-8.65314307567073,"sine",1,90
0.0580805946989699,-0.383849882138997,-8.65314307567073,"sine",1,91
0.0358609161053619,-0.434477799907506,-8.67987764299673,"sine",1,92
-0.987794370390792,-0.638102791938913,-8.44279665302593,"sine",1,93
-0.987794370390792,-0.638102791938913,-8.44279665302593,"sine",1,94
-0.987794370390792,-0.638102791938913,-8.44279665302593,"sine",1,95
-0.987794370390792,-0.638102791938913,-8.44279665302593,"sine",1,96
-0.987794370390792,-0.638102791938913,-8.44279665302593,"sine",1,97
-0.987794370390792,-0.638102791938913,-8.44279665302593,"sine",1,98
-0.987794370390792,-0.638102791938913,-8.44279665302593,"sine",1,99
-0.987794370390792,-0.638102791938913,-8.44279665302593,"sine",1,100
-1.41433077261245,-1.04086299393821,-8.92255901258645,"sine",1,101
-0.352586591357197,-0.693848265026757,-8.6893282436265,"sine",1,102
-0.352586591357197,-0.693848265026757,-8.6893282436265,"sine",1,103
-0.205079751506749,-0.506326223818103,-8.1664433769642,"sine",1,104
-0.474092596261174,-0.67432784031629,-8.57772848416692,"sine",1,105
-0.474092596261174,-0.67432784031629,-8.57772848416692,"sine",1,106
-0.173034254164992,-0.517543285187213,-8.6004068787122,"sine",1,107
-0.173034254164992,-0.517543285187213,-8.6004068787122,"sine",1,108
-0.173034254164992,-0.517543285187213,-8.6004068787122,"sine",1,109
-1.12017988156801,-0.913878431129117,-8.45045450051347,"sine",1,110
-1.12017988156801,-0.913878431129117,-8.45045450051347,"sine",1,111
-1.12017988156801,-0.913878431129117,-8.45045450051347,"sine",1,112
-0.851341986271065,-0.909659345191754,-8.38520040283136,"sine",1,113
-0.851341986271065,-0.909659345191754,-8.38520040283136,"sine",1,114
-0.851341986271065,-0.909659345191754,-8.38520040283136,"sine",1,115
-0.851341986271065,-0.909659345191754,-8.38520040283136,"sine",1,116
-0.361751506913995,-0.70363794655632,-8.76483442758277,"sine",1,117
-0.361751506913995,-0.70363794655632,-8.76483442758277,"sine",1,118
-0.361751506913995,-0.70363794655632,-8.76483442758277,"sine",1,119
-0.587848112390758,-0.785976553915674,-8.45033304568183,"sine",1,120
-0.587848112390758,-0.785976553915674,-8.45033304568183,"sine",1,121
-0.629128968123381,-0.510074290001739,-8.55416260770786,"sine",1,122
-0.629128968123381,-0.510074290001739,-8.55416260770786,"sine",1,123
-1.00470202286385,-0.710985510661857,-8.18270293822762,"sine",1,124
-0.575402531925267,-0.838972482917538,-8.44313740567364,"sine",1,125
-0.456650153942446,-0.646449273816279,-8.17774963218188,"sine",1,126
-0.456650153942446,-0.646449273816279,-8.17774963218188,"sine",1,127
-0.16717954377386,-0.505563477373226,-8.3862924540703,"sine",1,128
-0.16717954377386,-0.505563477373226,-8.3862924540703,"sine",1,129
-0.683170239634631,-0.807279419308629,-8.45922159654484,"sine",1,130
-0.768453120838601,-0.735346708522631,-8.18792480192751,"sine",1,131
-0.768453120838601,-0.735346708522631,-8.18792480192751,"sine",1,132
-0.768453120838601,-0.735346708522631,-8.18792480192751,"sine",1,133
-0.768453120838601,-0.735346708522631,-8.18792480192751,"sine",1,134
-0.768453120838601,-0.735346708522631,-8.18792480192751,"sine",1,135
-0.439930297180453,-0.520885430370532,-8.38773550042588,"sine",1,136
-0.439930297180453,-0.520885430370532,-8.38773550042588,"sine",1,137
-1.06632383274121,-0.706137825433228,-8.25311677598428,"sine",1,138
-1.1396912168359,-1.01144636564974,-8.25089469154925,"sine",1,139
-0.933621441591629,-0.831777100402659,-8.44170826500622,"sine",1,140
-0.333606787993149,-0.545024878290345,-8.40927455756568,"sine",1,141
-0.946373076407898,-0.73737616884526,-8.80384291401923,"sine",1,142
-0.513305276593153,-0.749452042257961,-8.14356230710837,"sine",1,143
-0.128897553973879,-0.3774889578066,-8.29348937068093,"sine",1,144
-0.128897553973879,-0.3774889578066,-8.29348937068093,"sine",1,145
-0.567316275582495,-0.581268575172574,-8.54581373200912,"sine",1,146
-0.567316275582495,-0.581268575172574,-8.54581373200912,"sine",1,147
-0.567316275582495,-0.581268575172574,-8.54581373200912,"sine",1,148
-0.567316275582495,-0.581268575172574,-8.54581373200912,"sine",1,149
-0.921805189029534,-0.827759339356331,-8.25477527261562,"sine",1,150
-0.482338824916674,-0.587054100716423,-8.69855634837968,"sine",1,151
-0.482338824916674,-0.587054100716423,-8.69855634837968,"sine",1,152
-0.195037274452981,-0.679539264223483,-8.31085538212567,"sine",1,153
-0.62969172558983,-0.735432808715519,-7.84455835097652,"sine",1,154
-0.238481821723061,-0.437787844200307,-8.75303818023601,"sine",1,155
-0.238481821723061,-0.437787844200307,-8.75303818023601,"sine",1,156
-0.892624621255532,-0.750797720158395,-8.13343815701915,"sine",1,157
0.0338675778720476,-0.497228345360124,-8.32280289504859,"sine",1,158
0.0338675778720476,-0.497228345360124,-8.32280289504859,"sine",1,159
0.0338675778720476,-0.497228345360124,-8.32280289504859,"sine",1,160
0.125574152544875,-0.376337952389979,-8.49514163963221,"sine",1,161
-0.927920064107268,-0.900632810312524,-8.77666153893196,"sine",1,162
-0.805203287893991,-0.904835814694923,-8.73099348167687,"sine",1,163
-0.368788488413866,-0.661977059242659,-8.58603971617721,"sine",1,164
-0.229254073102904,-0.702876734908902,-8.73157514936994,"sine",1,165
-0.691883226274364,-0.807815751903447,-8.55449727833501,"sine",1,166
-0.691883226274364,-0.807815751903447,-8.55449727833501,"sine",1,167
-0.691883226274364,-0.807815751903447,-8.55449727833501,"sine",1,168
-0.691883226274364,-0.807815751903447,-8.55449727833501,"sine",1,169
-0.691883226274364,-0.807815751903447,-8.55449727833501,"sine",1,170
-0.633904996108533,-0.869953795739561,-8.82138500469695,"sine",1,171
-0.019690440214212,-0.44042564007481,-8.91552473427778,"sine",1,172
-0.212852266513637,-0.4894955735831,-9.15302175400979,"sine",1,173
-0.644626252058011,-0.782253642303139,-8.80904222686975,"sine",1,174
-0.644626252058011,-0.782253642303139,-8.80904222686975,"sine",1,175
-0.774382272179868,-0.71749463699477,-8.71162567646595,"sine",1,176
-0.774382272179868,-0.71749463699477,-8.71162567646595,"sine",1,177
-0.774382272179868,-0.71749463699477,-8.71162567646595,"sine",1,178
-0.853917880415589,-0.772074283326525,-8.22287502842893,"sine",1,179
-0.441872212608515,-0.555539210860661,-8.38113541980128,"sine",1,180
-0.348589519444515,-0.490032261940347,-8.34768050756451,"sine",1,181
0.0285258257706609,-0.53495061495805,-8.17611149198423,"sine",1,182
-0.37416288050806,-0.682436861201685,-8.12021226630236,"sine",1,183
-0.37416288050806,-0.682436861201685,-8.12021226630236,"sine",1,184
-0.37416288050806,-0.682436861201685,-8.12021226630236,"sine",1,185
-0.455132455665338,-0.666887139283235,-8.24995252874344,"sine",1,186
-0.455132455665338,-0.666887139283235,-8.24995252874344,"sine",1,187
-0.455132455665338,-0.666887139283235,-8.24995252874344,"sine",1,188
-0.455132455665338,-0.666887139283235,-8.24995252874344,"sine",1,189
-0.490709062531347,-0.706196116690154,-8.45930742816337,"sine",1,190
-0.490709062531347,-0.706196116690154,-8.45930742816337,"sine",1,191
-0.626151509360613,-0.735064278393815,-8.92501376833672,"sine",1,192
-0.626151509360613,-0.735064278393815,-8.92501376833672,"sine",1,193
-0.626151509360613,-0.735064278393815,-8.92501376833672,"sine",1,194
-0.856569360957375,-0.858049033580386,-8.91492598970277,"sine",1,195
-1.13642956471789,-0.887261982211741,-8.33738581310929,"sine",1,196
-0.841119570856055,-0.762062941225844,-8.71221636073411,"sine",1,197
-0.841119570856055,-0.762062941225844,-8.71221636073411,"sine",1,198
-0.961568311023966,-0.832854785786286,-8.76170017606495,"sine",1,199
-0.961568311023966,-0.832854785786286,-8.76170017606495,"sine",1,200
-0.961568311023966,-0.832854785786286,-8.76170017606495,"sine",1,201
-1.17947769257988,-0.959093346168685,-8.7795313239866,"sine",1,202
-1.12124997485363,-0.866111297941816,-8.75883578847151,"sine",1,203
-1.12124997485363,-0.866111297941816,-8.75883578847151,"sine",1,204
-0.421948214191873,-0.529842568270762,-8.63283014607774,"sine",1,205
-1.05988148605827,-0.943158977011275,-8.91582606554649,"sine",1,206
-1.05988148605827,-0.943158977011275,-8.91582606554649,"sine",1,207
-1.05988148605827,-0.943158977011275,-8.91582606554649,"sine",1,208
-1.26635362696526,-0.845072339065216,-8.88861450472031,"sine",1,209
-0.416235896529565,-0.551642050424381,-8.77269523586012,"sine",1,210
-1.20637532756827,-0.819991112577613,-8.54247348164831,"sine",1,211
-0.650369693345466,-0.586746895238471,-8.11226901507252,"sine",1,212
-1.00899599797555,-0.798979844365592,-8.05226902705658,"sine",1,213
-0.387855511912244,-0.499837541710474,-8.18764933295889,"sine",1,214
-0.460184822836052,-0.559892368534567,-8.45706038827663,"sine",1,215
-0.460184822836052,-0.559892368534567,-8.45706038827663,"sine",1,216
-0.601202421784818,-0.807106809431806,-8.68414959099098,"sine",1,217
-0.601202421784818,-0.807106809431806,-8.68414959099098,"sine",1,218
-0.601202421784818,-0.807106809431806,-8.68414959099098,"sine",1,219
-0.601202421784818,-0.807106809431806,-8.68414959099098,"sine",1,220
-0.601202421784818,-0.807106809431806,-8.68414959099098,"sine",1,221
-0.631284551250007,-0.658127935491256,-8.4683541564282,"sine",1,222
-0.631284551250007,-0.658127935491256,-8.4683541564282,"sine",1,223
-0.631284551250007,-0.658127935491256,-8.4683541564282,"sine",1,224
-0.631284551250007,-0.658127935491256,-8.4683541564282,"sine",1,225
-0.20317942950716,-0.523359519977562,-8.51970129168161,"sine",1,226
-0.900372175148893,-0.706494395109476,-8.36132785023815,"sine",1,227
-1.0609231334284,-0.819809533959519,-8.39700733194552,"sine",1,228
-0.314663238855187,-0.592843066299032,-8.24899479907656,"sine",1,229
-0.965424862442016,-0.812005817306315,-8.29590849093817,"sine",1,230
-0.982297796103311,-0.880315170583277,-8.46143717639163,"sine",1,231
-0.982297796103311,-0.880315170583277,-8.46143717639163,"sine",1,232
-0.982297796103311,-0.880315170583277,-8.46143717639163,"sine",1,233
-1.54261233109003,-1.01182231063064,-8.23953250463929,"sine",1,234
-1.34717381278789,-0.908245537595102,-8.28582685100323,"sine",1,235
-0.539766624056658,-0.585582583480528,-8.35361951972687,"sine",1,236
-0.539766624056658,-0.585582583480528,-8.35361951972687,"sine",1,237
-0.686891065392003,-0.782425647407698,-8.02432808029368,"sine",1,238
-0.630468061303294,-0.581884985357563,-8.27385118406116,"sine",1,239
-0.503040829322955,-0.559464987498127,-8.51704729521385,"sine",1,240
-0.503040829322955,-0.559464987498127,-8.51704729521385,"sine",1,241
-0.503040829322955,-0.559464987498127,-8.51704729521385,"sine",1,242
-0.503040829322955,-0.559464987498127,-8.51704729521385,"sine",1,243
-0.503040829322955,-0.559464987498127,-8.51704729521385,"sine",1,244
-0.503040829322955,-0.559464987498127,-8.51704729521385,"sine",1,245
-0.519106747722939,-0.74664046950883,-9.12332110729949,"sine",1,246
-0.241162725690207,-0.732573885411969,-8.721137891806,"sine",1,247
-0.823537288483109,-0.795476510529393,-8.27218398568339,"sine",1,248
-0.847432103941239,-0.79775093643225,-7.94491731425264,"sine",1,249
-0.771768677234529,-0.82787120701772,-8.45274016583931,"sine",1,250
-0.659390672486654,-0.775660285326602,-8.40080781305861,"sine",1,251
-0.659390672486654,-0.775660285326602,-8.40080781305861,"sine",1,252
-0.659390672486654,-0.775660285326602,-8.40080781305861,"sine",1,253
-0.659390672486654,-0.775660285326602,-8.40080781305861,"sine",1,254
-0.739515139373005,-0.659508629858724,-8.37095958072316,"sine",1,255
-0.739515139373005,-0.659508629858724,-8.37095958072316,"sine",1,256
-0.739515139373005,-0.659508629858724,-8.37095958072316,"sine",1,257
-0.435136655470469,-0.296138855704321,-8.14386091074498,"sine",1,258
0.0622618930845765,-0.634069387281076,-8.50449060001612,"sine",1,259
0.0622618930845765,-0.634069387281076,-8.50449060001612,"sine",1,260
-0.702511639393657,-0.764232456388565,-8.51693397549389,"sine",1,261
-0.718411799959837,-0.777081038051258,-8.22169227650104,"sine",1,262
-0.649485652829112,-0.71033328963939,-8.10510101267992,"sine",1,263
-0.649485652829112,-0.71033328963939,-8.10510101267992,"sine",1,264
-0.649485652829112,-0.71033328963939,-8.10510101267992,"sine",1,265
-0.649485652829112,-0.71033328963939,-8.10510101267992,"sine",1,266
-0.649485652829112,-0.71033328963939,-8.10510101267992,"sine",1,267
-0.649485652829112,-0.71033328963939,-8.10510101267992,"sine",1,268
-1.10002885178746,-0.926649569444915,-8.45806487950199,"sine",1,269
-1.56169432040518,-1.12289241101501,-8.42397524641641,"sine",1,270
-0.878856336883396,-0.968059523970813,-8.37824207487258,"sine",1,271
-0.111616988932896,-0.492572655583846,-8.58237382410017,"sine",1,272
0.0658075655644142,-0.471676660452655,-8.31490756890718,"sine",1,273
-0.922046828223032,-0.939759035190047,-8.66408119117798,"sine",1,274
-0.794104204977667,-0.680439599976074,-8.42470718226795,"sine",1,275
-0.163279007357741,-0.508256843144559,-8.32866250457173,"sine",1,276
-0.163279007357741,-0.508256843144559,-8.32866250457173,"sine",1,277
-0.163279007357741,-0.508256843144559,-8.32866250457173,"sine",1,278
-0.163279007357741,-0.508256843144559,-8.32866250457173,"sine",1,279
-0.624552468247985,-0.523244534220494,-8.25462645462944,"sine",1,280
0.0651953570777937,-0.204461079578377,-9.06682342465771,"sine",1,281
0.0651953570777937,-0.204461079578377,-9.06682342465771,"sine",1,282
-1.15209124025102,-1.14453787782422,-8.06438529845925,"sine",1,283
-0.619257395410049,-0.907994794075233,-8.27158615561907,"sine",1,284
-1.22610722578651,-0.900403846427268,-8.38345194531852,"sine",1,285
-1.22610722578651,-0.900403846427268,-8.38345194531852,"sine",1,286
-1.05509805221485,-0.749770382530114,-8.71853285352535,"sine",1,287
-1.05509805221485,-0.749770382530114,-8.71853285352535,"sine",1,288
-0.3919512780667,-0.518647268306602,-8.56258404659044,"sine",1,289
-0.3919512780667,-0.518647268306602,-8.56258404659044,"sine",1,290
-0.3919512780667,-0.518647268306602,-8.56258404659044,"sine",1,291
-0.410424263461777,-0.512289383216941,-8.26728465951421,"sine",1,292
-0.988235305387885,-0.884027890901734,-8.81096689796087,"sine",1,293
-0.541100439438424,-0.505415068340454,-8.57301934039067,"sine",1,294
-1.29202341489664,-0.787061060759023,-8.65357000132522,"sine",1,295
0.0164297898850249,-0.238503348567125,-8.99320760979167,"sine",1,296
0.075926133389311,-0.500551767235935,-8.68484713280765,"sine",1,297
0.0602826000085536,-0.499133496025635,-8.61890449826572,"sine",1,298
0.0602826000085536,-0.499133496025635,-8.61890449826572,"sine",1,299
-0.201574861559611,-0.409672575570276,-8.75638585034067,"sine",1,300
-0.201574861559611,-0.409672575570276,-8.75638585034067,"sine",1,301
-0.201574861559611,-0.409672575570276,-8.75638585034067,"sine",1,302
-0.201574861559611,-0.409672575570276,-8.75638585034067,"sine",1,303
0.113146456943497,-0.359768885660184,-8.2784013274421,"sine",1,304
-0.766529225434586,-0.839694827152781,-8.73559273328306,"sine",1,305
-0.766529225434586,-0.839694827152781,-8.73559273328306,"sine",1,306
-0.766529225434586,-0.839694827152781,-8.73559273328306,"sine",1,307
-1.19050142188925,-0.978988525024755,-8.60101922434927,"sine",1,308
-1.11171762413496,-1.10560525867417,-8.96880119854344,"sine",1,309
-1.00827844924777,-0.893739155063849,-9.14136710590454,"sine",1,310
-0.474410952549661,-0.735637894692744,-8.96382413606652,"sine",1,311
-0.474410952549661,-0.735637894692744,-8.96382413606652,"sine",1,312
-0.817324697820551,-0.668751205143293,-8.78691419071389,"sine",1,313
-0.873959561109447,-0.756368865797692,-8.62030427462619,"sine",1,314
-0.873959561109447,-0.756368865797692,-8.62030427462619,"sine",1,315
-0.873959561109447,-0.756368865797692,-8.62030427462619,"sine",1,316
-0.0384633455876207,-0.487565297610652,-9.03673734185903,"sine",1,317
-0.614382826588229,-0.528680331776473,-8.62072395029816,"sine",1,318
-0.614382826588229,-0.528680331776473,-8.62072395029816,"sine",1,319
-0.271682439658721,-0.514646025478299,-8.57051358437186,"sine",1,320
-0.271682439658721,-0.514646025478299,-8.57051358437186,"sine",1,321
-1.23244269387355,-1.02718708932218,-8.87053747855279,"sine",1,322
-0.388569872367179,-0.70162227696791,-8.56256079146067,"sine",1,323
-0.388569872367179,-0.70162227696791,-8.56256079146067,"sine",1,324
-0.579196981936349,-0.782763709744437,-8.6711051864342,"sine",1,325
-0.579196981936349,-0.782763709744437,-8.6711051864342,"sine",1,326
-0.579196981936349,-0.782763709744437,-8.6711051864342,"sine",1,327
-0.579196981936349,-0.782763709744437,-8.6711051864342,"sine",1,328
-0.973746485681166,-0.8060915764674,-8.79495280839879,"sine",1,329
-0.973746485681166,-0.8060915764674,-8.79495280839879,"sine",1,330
-0.905639117728077,-0.838412445866665,-8.37758204252836,"sine",1,331
-0.905639117728077,-0.838412445866665,-8.37758204252836,"sine",1,332
-0.905639117728077,-0.838412445866665,-8.37758204252836,"sine",1,333
-0.905639117728077,-0.838412445866665,-8.37758204252836,"sine",1,334
-0.735275588041705,-0.75535000123283,-8.4160117606628,"sine",1,335
-0.735275588041705,-0.75535000123283,-8.4160117606628,"sine",1,336
-0.360120673234339,-0.662957322328116,-8.51643429654712,"sine",1,337
-0.422971218065264,-0.672202174945704,-8.60368491175367,"sine",1,338
-0.422971218065264,-0.672202174945704,-8.60368491175367,"sine",1,339
-0.422971218065264,-0.672202174945704,-8.60368491175367,"sine",1,340
-0.422971218065264,-0.672202174945704,-8.60368491175367,"sine",1,341
-0.746824752746774,-0.665842152793647,-8.57294388944183,"sine",1,342
-0.23691589852004,-0.446580249914108,-9.22689022382362,"sine",1,343
-0.23691589852004,-0.446580249914108,-9.22689022382362,"sine",1,344
0.113654597273329,-0.235914388640954,-8.94581033532025,"sine",1,345
0.113654597273329,-0.235914388640954,-8.94581033532025,"sine",1,346
-0.210050914683885,-0.356511050594253,-8.51009565318652,"sine",1,347
-1.15998207741842,-0.765205071236147,-8.68201828012289,"sine",1,348
-0.95525121560907,-0.701323981070066,-8.21114605452837,"sine",1,349
-0.376129225948656,-0.702092763886024,-8.9455848380163,"sine",1,350
-0.361716670820927,-0.43228840495809,-8.65328325452416,"sine",1,351
-0.42823979542448,-0.381275403173059,-9.06064164525269,"sine",1,352
-0.207657156882238,-0.316194765572356,-8.32095041879828,"sine",1,353
0.0477242703933048,-0.335058382116273,-8.19612323919735,"sine",1,354
-0.917944755153561,-0.62247484173475,-8.60007581891363,"sine",1,355
-0.259496394575889,-0.671848792837167,-8.95698360013157,"sine",1,356
-0.374518899176756,-0.549741150154633,-9.35634154325104,"sine",1,357
-0.830332037680221,-0.665764332772801,-8.8353050604012,"sine",1,358
-0.524523973643462,-0.498341613941996,-8.51281228763007,"sine",1,359
-1.0410202139712,-0.813556482135504,-8.63657864102522,"sine",1,360
-1.00758134182361,-0.717586259786704,-8.51621592726366,"sine",1,361
-0.546555209970025,-0.604162521651378,-8.14653474780175,"sine",1,362
-0.931342943392512,-0.662283628102991,-8.45186213882496,"sine",1,363
-0.931342943392512,-0.662283628102991,-8.45186213882496,"sine",1,364
-0.3719826579735,-0.708515121860189,-8.68245154066356,"sine",1,365
-0.3719826579735,-0.708515121860189,-8.68245154066356,"sine",1,366
-0.575193919269569,-0.735746005582683,-8.81494220670222,"sine",1,367
-0.0985543684774397,-0.661307535517554,-8.51885817922887,"sine",1,368
-0.0825509550189128,-0.210056470812358,-8.11709045385142,"sine",1,369
-0.0825509550189128,-0.210056470812358,-8.11709045385142,"sine",1,370
-0.582925749784655,-0.540491838915552,-8.20171308102973,"sine",1,371
-0.582925749784655,-0.540491838915552,-8.20171308102973,"sine",1,372
-0.935661130158387,-0.816273171793894,-8.97876481471684,"sine",1,373
-0.968914823448358,-0.809871852861541,-8.51441973659177,"sine",1,374
-0.632252076874168,-0.686236905352716,-8.72652892263772,"sine",1,375
-1.28624716946658,-1.02392427338393,-8.06660125979824,"sine",1,376
-0.53457415961162,-0.911994024251243,-8.49348483416865,"sine",1,377
-0.78601165324926,-0.875181159443083,-8.10086149848388,"sine",1,378
-0.0639225655705279,-0.573358368403259,-8.24665664458488,"sine",1,379
-0.0639225655705279,-0.573358368403259,-8.24665664458488,"sine",1,380
-0.153058820744647,-0.483854297748993,-8.7713688093919,"sine",1,381
-0.153058820744647,-0.483854297748993,-8.7713688093919,"sine",1,382
-0.153058820744647,-0.483854297748993,-8.7713688093919,"sine",1,383
-0.0106701978486445,-0.397644728667495,-8.67025787930546,"sine",1,384
-0.0106701978486445,-0.397644728667495,-8.67025787930546,"sine",1,385
-0.0106701978486445,-0.397644728667495,-8.67025787930546,"sine",1,386
-0.0106701978486445,-0.397644728667495,-8.67025787930546,"sine",1,387
-0.275072360278017,-0.538634158815732,-8.72688767908561,"sine",1,388
-0.096737857585534,-0.53412940336378,-8.32952150602836,"sine",1,389
0.122953514920576,-0.448444499226482,-8.51750002073338,"sine",1,390
-0.579881116202079,-0.561188127220287,-8.1582727142328,"sine",1,391
-0.579881116202079,-0.561188127220287,-8.1582727142328,"sine",1,392
-0.53228771988098,-0.502511046859444,-8.78019556632531,"sine",1,393
-0.53228771988098,-0.502511046859444,-8.78019556632531,"sine",1,394
-0.961878123325974,-1.00317679271486,-8.54775740038175,"sine",1,395
-0.961878123325974,-1.00317679271486,-8.54775740038175,"sine",1,396
-0.91311864633184,-0.7712040779657,-8.28587773999918,"sine",1,397
-0.674590761823022,-0.562528465365085,-8.13479145888535,"sine",1,398
-0.572277853239551,-0.657213140504978,-8.52289989647032,"sine",1,399
-0.185104014526571,-0.617599101939551,-8.77821475447403,"sine",1,400
-0.0793757565543385,-0.620437032473562,-8.34967980517867,"sine",1,401
-0.0793757565543385,-0.620437032473562,-8.34967980517867,"sine",1,402
-1.35755314755165,-1.18403677827403,-8.67658096011051,"sine",1,403
-1.67435722723944,-0.902745885294101,-8.44349716598205,"sine",1,404
-1.14892110052072,-0.663342193368923,-8.37300214128179,"sine",1,405
-0.278220527361185,-0.447517369325093,-8.28912673344657,"sine",1,406
-0.278220527361185,-0.447517369325093,-8.28912673344657,"sine",1,407
-1.03766543204406,-0.633221137887049,-8.34635603541712,"sine",1,408
-1.03766543204406,-0.633221137887049,-8.34635603541712,"sine",1,409
-0.375949143659758,-0.2967681955682,-8.53439058442357,"sine",1,410
-0.375949143659758,-0.2967681955682,-8.53439058442357,"sine",1,411
-0.909285998834569,-0.723768185003663,-8.56010822565685,"sine",1,412
-0.870822704134937,-0.757922310024608,-7.99061386481307,"sine",1,413
-0.652041763503956,-0.55638961706311,-8.96459107427878,"sine",1,414
-0.510199670119418,-0.713996895000683,-8.46291896457257,"sine",1,415
-0.510199670119418,-0.713996895000683,-8.46291896457257,"sine",1,416
-0.510199670119418,-0.713996895000683,-8.46291896457257,"sine",1,417
-0.510199670119418,-0.713996895000683,-8.46291896457257,"sine",1,418
-0.510199670119418,-0.713996895000683,-8.46291896457257,"sine",1,419
-0.510199670119418,-0.713996895000683,-8.46291896457257,"sine",1,420
-0.152701548001337,-0.519380516274498,-8.73865528898396,"sine",1,421
-1.00329695256397,-0.912427617595335,-8.52602343928544,"sine",1,422
-1.00329695256397,-0.912427617595335,-8.52602343928544,"sine",1,423
-0.845362997566556,-0.998930187867987,-8.66601604833238,"sine",1,424
0.056954754428604,-0.432425735957363,-8.31749051752294,"sine",1,425
0.056954754428604,-0.432425735957363,-8.31749051752294,"sine",1,426
-0.461464125616622,-0.643250900340043,-8.08643736981363,"sine",1,427
-0.947040540863156,-0.812536941053995,-8.24387707790275,"sine",1,428
-0.947040540863156,-0.812536941053995,-8.24387707790275,"sine",1,429
-0.947040540863156,-0.812536941053995,-8.24387707790275,"sine",1,430
-0.947040540863156,-0.812536941053995,-8.24387707790275,"sine",1,431
-0.438975025640974,-0.656329576304441,-8.75319360001218,"sine",1,432
-0.438975025640974,-0.656329576304441,-8.75319360001218,"sine",1,433
-0.438975025640974,-0.656329576304441,-8.75319360001218,"sine",1,434
-0.438975025640974,-0.656329576304441,-8.75319360001218,"sine",1,435
-0.438975025640974,-0.656329576304441,-8.75319360001218,"sine",1,436
-0.572886556441214,-0.571823537682296,-8.76900029172546,"sine",1,437
-0.269927980475583,-0.613558433014799,-8.07368928625959,"sine",1,438
-0.398062223850333,-0.755556847862132,-8.15507912458483,"sine",1,439
-0.424355534757603,-0.563583885305114,-8.86801969901625,"sine",1,440
-0.367149450808774,-0.616258401909463,-8.50413572568891,"sine",1,441
-0.367149450808774,-0.616258401909463,-8.50413572568891,"sine",1,442
-0.367149450808774,-0.616258401909463,-8.50413572568891,"sine",1,443
-0.367149450808774,-0.616258401909463,-8.50413572568891,"sine",1,444
-1.36832712049914,-0.865646604834482,-8.731676609148,"sine",1,445
-0.692196796133303,-0.819857062325289,-8.03328362134395,"sine",1,446
-0.526765748463861,-0.556381715338365,-8.12981128676494,"sine",1,447
0.175517107417657,-0.454637014581138,-8.59030130845181,"sine",1,448
0.175517107417657,-0.454637014581138,-8.59030130845181,"sine",1,449
0.175517107417657,-0.454637014581138,-8.59030130845181,"sine",1,450
0.175517107417657,-0.454637014581138,-8.59030130845181,"sine",1,451
0.175517107417657,-0.454637014581138,-8.59030130845181,"sine",1,452
0.175517107417657,-0.454637014581138,-8.59030130845181,"sine",1,453
-0.81115543692532,-0.871184807194382,-8.95169475982115,"sine",1,454
-0.831055186216114,-0.776175253433602,-8.78978606216119,"sine",1,455
-0.731506757031368,-0.786000559420343,-8.62130781131856,"sine",1,456
-0.798777940986239,-0.973462367082925,-8.46889233570162,"sine",1,457
-0.798777940986239,-0.973462367082925,-8.46889233570162,"sine",1,458
-0.53901649594641,-0.831951008937672,-8.30845729729265,"sine",1,459
-0.53901649594641,-0.831951008937672,-8.30845729729265,"sine",1,460
-0.53901649594641,-0.831951008937672,-8.30845729729265,"sine",1,461
-0.47785074826289,-0.799996539488658,-8.37815020536993,"sine",1,462
0.00100987302961397,-0.687659029416328,-8.18145900764745,"sine",1,463
0.0593274948262997,-0.611799433072896,-8.15334643711368,"sine",1,464
-1.03089635613513,-1.03681488127936,-8.39202329177541,"sine",1,465
-1.03089635613513,-1.03681488127936,-8.39202329177541,"sine",1,466
-0.573403164088614,-0.614774793857425,-8.28023385392716,"sine",1,467
-0.573403164088614,-0.614774793857425,-8.28023385392716,"sine",1,468
-0.573403164088614,-0.614774793857425,-8.28023385392716,"sine",1,469
-0.573403164088614,-0.614774793857425,-8.28023385392716,"sine",1,470
-0.573403164088614,-0.614774793857425,-8.28023385392716,"sine",1,471
-0.573403164088614,-0.614774793857425,-8.28023385392716,"sine",1,472
0.0274981219840489,-0.117023644309287,-8.077040876637,"sine",1,473
-0.270618207111463,-0.28947781657086,-8.64952862946595,"sine",1,474
-0.273608920835804,-0.299471328212408,-8.31740491755056,"sine",1,475
-0.355531175099887,-0.498784802221013,-8.63793099705005,"sine",1,476
-0.355531175099887,-0.498784802221013,-8.63793099705005,"sine",1,477
0.0631040790552123,-0.329706761477502,-8.32216296476579,"sine",1,478
-0.879848254234453,-0.748863729462786,-8.32076447008336,"sine",1,479
-0.879848254234453,-0.748863729462786,-8.32076447008336,"sine",1,480
-0.879848254234453,-0.748863729462786,-8.32076447008336,"sine",1,481
-0.509008724185906,-0.797549080298009,-8.35265509012995,"sine",1,482
-0.0980250025315103,-0.401794681121237,-8.4735977317042,"sine",1,483
-0.567310585012528,-0.646519413736867,-8.58475008343821,"sine",1,484
-0.567310585012528,-0.646519413736867,-8.58475008343821,"sine",1,485
-0.567310585012528,-0.646519413736867,-8.58475008343821,"sine",1,486
-0.567310585012528,-0.646519413736867,-8.58475008343821,"sine",1,487
-0.567310585012528,-0.646519413736867,-8.58475008343821,"sine",1,488
0.0834653903838418,-0.367737191253657,-8.51562957383485,"sine",1,489
0.0834653903838418,-0.367737191253657,-8.51562957383485,"sine",1,490
0.0834653903838418,-0.367737191253657,-8.51562957383485,"sine",1,491
0.0834653903838418,-0.367737191253657,-8.51562957383485,"sine",1,492
0.0834653903838418,-0.367737191253657,-8.51562957383485,"sine",1,493
-0.254020877835316,-0.500063068300136,-8.27810273442292,"sine",1,494
-0.254020877835316,-0.500063068300136,-8.27810273442292,"sine",1,495
-0.254020877835316,-0.500063068300136,-8.27810273442292,"sine",1,496
-0.831933510724497,-0.6491177042694,-8.37900539459406,"sine",1,497
-0.444356089519016,-0.519235913080643,-8.27174759412878,"sine",1,498
-0.95344719720856,-0.752233978337964,-8.19933375752828,"sine",1,499
-0.898173324142605,-0.630925269734114,-8.26194879173662,"sine",1,500
-0.898173324142605,-0.630925269734114,-8.26194879173662,"sine",1,501
-0.898173324142605,-0.630925269734114,-8.26194879173662,"sine",1,502
-1.27116224422296,-0.967738205861769,-7.93930687905059,"sine",1,503
-1.27116224422296,-0.967738205861769,-7.93930687905059,"sine",1,504
-1.27116224422296,-0.967738205861769,-7.93930687905059,"sine",1,505
-0.545891555416755,-0.794422783623268,-8.90128508494535,"sine",1,506
-1.23368189531055,-0.930338390128803,-8.95691980616707,"sine",1,507
-1.23368189531055,-0.930338390128803,-8.95691980616707,"sine",1,508
-1.23368189531055,-0.930338390128803,-8.95691980616707,"sine",1,509
-0.592628923633176,-0.590363232498861,-8.88856874756682,"sine",1,510
0.0747271422072825,-0.516869058182576,-8.35538544031703,"sine",1,511
-0.833625829164165,-0.944658195449402,-8.24597867581093,"sine",1,512
-0.847187290008454,-0.678552621994593,-8.46706857058194,"sine",1,513
-1.24153437009103,-0.808757316794679,-8.48228588761191,"sine",1,514
-1.24153437009103,-0.808757316794679,-8.48228588761191,"sine",1,515
-0.0481368922646577,-0.382764342055179,-8.39772522953222,"sine",1,516
-0.173651109474593,-0.698856075459861,-8.28429386334161,"sine",1,517
-0.725940221559876,-0.736254461005166,-8.16865259189301,"sine",1,518
-1.19591752450018,-0.914634837197987,-8.49762730590503,"sine",1,519
-0.0706569907206105,-0.575707132350005,-8.3560092482606,"sine",1,520
-0.853542741416172,-0.976100922659291,-8.24222643427722,"sine",1,521
-1.13155535044449,-0.85919217730771,-8.26055205437974,"sine",1,522
-0.598538347283723,-0.840718204880906,-8.35096511641656,"sine",1,523
-0.598538347283723,-0.840718204880906,-8.35096511641656,"sine",1,524
-0.598538347283723,-0.840718204880906,-8.35096511641656,"sine",1,525
-1.08312921244235,-0.978274670404761,-8.32680485514409,"sine",1,526
-1.08312921244235,-0.978274670404761,-8.32680485514409,"sine",1,527
-1.08312921244235,-0.978274670404761,-8.32680485514409,"sine",1,528
-0.202209962840488,-0.554883695866901,-8.5451467393085,"sine",1,529
-0.202209962840488,-0.554883695866901,-8.5451467393085,"sine",1,530
-0.202209962840488,-0.554883695866901,-8.5451467393085,"sine",1,531
-0.202209962840488,-0.554883695866901,-8.5451467393085,"sine",1,532
-0.185492080740232,-0.572759171677482,-8.81749318060353,"sine",1,533
-0.185492080740232,-0.572759171677482,-8.81749318060353,"sine",1,534
-0.501429949527519,-0.587727000293671,-8.68075504865592,"sine",1,535
-1.67808589832745,-0.96884050619566,-8.41371439139637,"sine",1,536
-1.67808589832745,-0.96884050619566,-8.41371439139637,"sine",1,537
-0.386243166904643,-0.409236302174676,-8.97556943617196,"sine",1,538
-0.386243166904643,-0.409236302174676,-8.97556943617196,"sine",1,539
-0.386243166904643,-0.409236302174676,-8.97556943617196,"sine",1,540
-1.01185159549452,-0.591391574457687,-8.66375692837337,"sine",1,541
-1.01185159549452,-0.591391574457687,-8.66375692837337,"sine",1,542
0.0945213172105508,-0.182698629016023,-8.14394710261796,"sine",1,543
-0.400866246847781,-0.298871592399482,-8.23422795452516,"sine",1,544
0.0828848595457092,-0.50333660417392,-8.68987602094645,"sine",1,545
0.0828848595457092,-0.50333660417392,-8.68987602094645,"sine",1,546
-0.719044641034649,-0.875404528999014,-8.58710449425474,"sine",1,547
-0.719044641034649,-0.875404528999014,-8.58710449425474,"sine",1,548
-0.794847695595144,-0.870018713210761,-8.632429829985,"sine",1,549
-0.707456241151522,-0.80926848706409,-8.55261693729258,"sine",1,550
-0.707456241151522,-0.80926848706409,-8.55261693729258,"sine",1,551
-0.879695673788966,-0.729190023308589,-8.54031830005483,"sine",1,552
-0.879695673788966,-0.729190023308589,-8.54031830005483,"sine",1,553
-0.879695673788966,-0.729190023308589,-8.54031830005483,"sine",1,554
-0.879695673788966,-0.729190023308589,-8.54031830005483,"sine",1,555
-0.517806022153692,-0.662845256341401,-8.72652061841589,"sine",1,556
-0.517806022153692,-0.662845256341401,-8.72652061841589,"sine",1,557
-0.517806022153692,-0.662845256341401,-8.72652061841589,"sine",1,558
-0.517806022153692,-0.662845256341401,-8.72652061841589,"sine",1,559
-0.517806022153692,-0.662845256341401,-8.72652061841589,"sine",1,560
-0.354240091253731,-0.375428727994426,-8.70585086438874,"sine",1,561
0.0129310441165432,-0.263292232724193,-8.85628369949192,"sine",1,562
-0.541721037233925,-0.481471166130649,-8.34335970227881,"sine",1,563
-0.541721037233925,-0.481471166130649,-8.34335970227881,"sine",1,564
-0.810604386372699,-0.695668439652386,-8.55060962659491,"sine",1,565
-0.37469387491855,-0.520672773011156,-8.4589064841779,"sine",1,566
-0.355736680318782,-0.630311691267938,-8.38723890167386,"sine",1,567
-0.16691677361264,-0.482903845401804,-8.20530867615292,"sine",1,568
-0.16691677361264,-0.482903845401804,-8.20530867615292,"sine",1,569
-0.951229291088432,-0.896108665002633,-8.35355689905355,"sine",1,570
-0.951229291088432,-0.896108665002633,-8.35355689905355,"sine",1,571
-0.951229291088432,-0.896108665002633,-8.35355689905355,"sine",1,572
-0.951229291088432,-0.896108665002633,-8.35355689905355,"sine",1,573
-0.951229291088432,-0.896108665002633,-8.35355689905355,"sine",1,574
-0.0496301325291929,-0.546183807065664,-8.67436840404824,"sine",1,575
-0.0496301325291929,-0.546183807065664,-8.67436840404824,"sine",1,576
-0.0496301325291929,-0.546183807065664,-8.67436840404824,"sine",1,577
-0.635100764693147,-0.849781311205944,-8.59193959280565,"sine",1,578
-1.20314346184221,-0.895098023494032,-8.8462896143405,"sine",1,579
-0.0275454207410175,-0.3473688273929,-8.38359739280255,"sine",1,580
-0.0275454207410175,-0.3473688273929,-8.38359739280255,"sine",1,581
-0.0275454207410175,-0.3473688273929,-8.38359739280255,"sine",1,582
-0.528563908393513,-0.903068266876625,-8.48079209204941,"sine",1,583
-0.528563908393513,-0.903068266876625,-8.48079209204941,"sine",1,584
-1.44093615913227,-1.07531595319733,-8.49608134095339,"sine",1,585
-1.41142230800274,-1.16896072246,-8.39876385528344,"sine",1,586
-0.896382803640631,-0.867612963755536,-7.91872837432911,"sine",1,587
-0.896382803640631,-0.867612963755536,-7.91872837432911,"sine",1,588
-0.150873140369125,-0.658060688942441,-7.98393607884469,"sine",1,589
-0.527853564616175,-0.949385243292576,-9.02131654867737,"sine",1,590
-0.838508628351927,-0.933647384115013,-8.19428204482551,"sine",1,591
-0.838508628351927,-0.933647384115013,-8.19428204482551,"sine",1,592
-0.838508628351927,-0.933647384115013,-8.19428204482551,"sine",1,593
-0.838508628351927,-0.933647384115013,-8.19428204482551,"sine",1,594
-0.838508628351927,-0.933647384115013,-8.19428204482551,"sine",1,595
-0.838508628351927,-0.933647384115013,-8.19428204482551,"sine",1,596
-0.261903956130091,-0.614740314746399,-8.34100061878233,"sine",1,597
-0.261903956130091,-0.614740314746399,-8.34100061878233,"sine",1,598
-0.261903956130091,-0.614740314746399,-8.34100061878233,"sine",1,599
-0.261903956130091,-0.614740314746399,-8.34100061878233,"sine",1,600
-0.261903956130091,-0.614740314746399,-8.34100061878233,"sine",1,601
-0.261903956130091,-0.614740314746399,-8.34100061878233,"sine",1,602
-0.261903956130091,-0.614740314746399,-8.34100061878233,"sine",1,603
-0.261903956130091,-0.614740314746399,-8.34100061878233,"sine",1,604
-0.261903956130091,-0.614740314746399,-8.34100061878233,"sine",1,605
-0.261903956130091,-0.614740314746399,-8.34100061878233,"sine",1,606
-0.415696724318781,-0.572073325959531,-8.41918063487534,"sine",1,607
-0.189997876325718,-0.519170464863844,-8.42808789348491,"sine",1,608
-0.527211320778423,-0.678425697679142,-8.70047251321814,"sine",1,609
-0.532966330008601,-0.727752915015541,-8.55140702831687,"sine",1,610
-0.366587199041662,-0.6184454269618,-8.55808651782026,"sine",1,611
-0.366587199041662,-0.6184454269618,-8.55808651782026,"sine",1,612
-0.498035090334829,-0.69013055812827,-8.45027546195416,"sine",1,613
-0.498035090334829,-0.69013055812827,-8.45027546195416,"sine",1,614
-0.498035090334829,-0.69013055812827,-8.45027546195416,"sine",1,615
-0.83092572935868,-0.624317563378586,-8.93286768704333,"sine",1,616
-1.23884042326089,-0.839572047556834,-8.46193375017324,"sine",1,617
-1.23884042326089,-0.839572047556834,-8.46193375017324,"sine",1,618
-1.23884042326089,-0.839572047556834,-8.46193375017324,"sine",1,619
-0.917912109512602,-0.810712395855799,-8.35477939039132,"sine",1,620
-0.917912109512602,-0.810712395855799,-8.35477939039132,"sine",1,621
-0.917912109512602,-0.810712395855799,-8.35477939039132,"sine",1,622
-0.917912109512602,-0.810712395855799,-8.35477939039132,"sine",1,623
-0.917912109512602,-0.810712395855799,-8.35477939039132,"sine",1,624
-0.917912109512602,-0.810712395855799,-8.35477939039132,"sine",1,625
-0.229221343977948,-0.622466291639223,-9.28822017932027,"sine",1,626
0.0191293824477489,-0.414836274458203,-9.41469589761572,"sine",1,627
-0.0720856322186832,-0.363307705913371,-8.59850318381156,"sine",1,628
-0.31963072810003,-0.68286220734566,-8.52855612481502,"sine",1,629
-1.15107095589577,-0.930632130355728,-8.41587683912343,"sine",1,630
-0.610824832741962,-0.867142889940564,-8.52938714563084,"sine",1,631
-0.610824832741962,-0.867142889940564,-8.52938714563084,"sine",1,632
-0.610824832741962,-0.867142889940564,-8.52938714563084,"sine",1,633
-0.533710004106221,-0.530561928709773,-8.4591028152734,"sine",1,634
-0.533710004106221,-0.530561928709773,-8.4591028152734,"sine",1,635
-0.531775065566357,-0.711365961607137,-8.11673574883645,"sine",1,636
-0.376524437272182,-0.455652021738027,-8.07877969880563,"sine",1,637
-0.376524437272182,-0.455652021738027,-8.07877969880563,"sine",1,638
-0.0272725222628782,-0.499964340886294,-8.63105055965428,"sine",1,639
-0.0272725222628782,-0.499964340886294,-8.63105055965428,"sine",1,640
-0.0272725222628782,-0.499964340886294,-8.63105055965428,"sine",1,641
-0.352290377490748,-0.602894094348787,-8.18280433474084,"sine",1,642
-0.516361770334423,-0.477795924303801,-8.55436101077466,"sine",1,643
-0.516361770334423,-0.477795924303801,-8.55436101077466,"sine",1,644
-1.00779123580337,-0.789962526428623,-8.7117674101465,"sine",1,645
-0.304029193042819,-0.523228775144358,-8.58539550590335,"sine",1,646
-0.304029193042819,-0.523228775144358,-8.58539550590335,"sine",1,647
-0.304029193042819,-0.523228775144358,-8.58539550590335,"sine",1,648
-0.304029193042819,-0.523228775144358,-8.58539550590335,"sine",1,649
-0.304029193042819,-0.523228775144358,-8.58539550590335,"sine",1,650
-0.136636930308815,-0.549193256090479,-8.55252090939439,"sine",1,651
-0.268511664803426,-0.75667797768232,-8.37129665804082,"sine",1,652
-0.701833827397081,-0.850566212687882,-8.29274184427289,"sine",1,653
-1.02666671625693,-0.855090935306134,-8.3763492431691,"sine",1,654
-1.02666671625693,-0.855090935306134,-8.3763492431691,"sine",1,655
-1.32107251584278,-0.968660430368731,-8.88472376685606,"sine",1,656
-1.32107251584278,-0.968660430368731,-8.88472376685606,"sine",1,657
-0.213135503194363,-0.350863857568026,-8.70678051797715,"sine",1,658
-0.188901075177168,-0.324993241150556,-8.5693909079234,"sine",1,659
-0.188901075177168,-0.324993241150556,-8.5693909079234,"sine",1,660
-0.188901075177168,-0.324993241150556,-8.5693909079234,"sine",1,661
-0.835766781583379,-0.699833858477533,-8.36477410614875,"sine",1,662
0.164377373666103,-0.373611055260642,-8.16205846373986,"sine",1,663
-0.130093340487171,-0.491137536318521,-8.28334717519701,"sine",1,664
-1.06247990135609,-0.668545083861816,-8.37267693694245,"sine",1,665
-1.06247990135609,-0.668545083861816,-8.37267693694245,"sine",1,666
-1.06247990135609,-0.668545083861816,-8.37267693694245,"sine",1,667
0.098440744467059,-0.169649656048394,-8.04100653343827,"sine",1,668
0.098440744467059,-0.169649656048394,-8.04100653343827,"sine",1,669
-0.143113160205711,-0.331665897588743,-8.64179797546996,"sine",1,670
-1.09584119305338,-0.919235471617574,-8.86461790616093,"sine",1,671
-1.09584119305338,-0.919235471617574,-8.86461790616093,"sine",1,672
-1.09584119305338,-0.919235471617574,-8.86461790616093,"sine",1,673
-1.09584119305338,-0.919235471617574,-8.86461790616093,"sine",1,674
-0.899087897990678,-0.807907909207017,-8.69042437012891,"sine",1,675
-0.899087897990678,-0.807907909207017,-8.69042437012891,"sine",1,676
-0.899087897990678,-0.807907909207017,-8.69042437012891,"sine",1,677
-0.899087897990678,-0.807907909207017,-8.69042437012891,"sine",1,678
-0.214027471237608,-0.441437363729432,-8.52028047848287,"sine",1,679
-1.01829158136698,-0.568467202828863,-8.40023438670203,"sine",1,680
-0.654836236274517,-0.748511399576738,-8.45002757098503,"sine",1,681
-0.654836236274517,-0.748511399576738,-8.45002757098503,"sine",1,682
-0.654836236274517,-0.748511399576738,-8.45002757098503,"sine",1,683
-0.654836236274517,-0.748511399576738,-8.45002757098503,"sine",1,684
-0.478820032053615,-0.662346793194784,-8.58626537388933,"sine",1,685
-0.526835465395005,-0.533171996186577,-9.06220702947962,"sine",1,686
-0.853512498360389,-0.771436236811481,-8.3372903060314,"sine",1,687
-0.656214294900984,-0.547880184342235,-8.5376242639328,"sine",1,688
-0.656214294900984,-0.547880184342235,-8.5376242639328,"sine",1,689
-0.656214294900984,-0.547880184342235,-8.5376242639328,"sine",1,690
-0.656214294900984,-0.547880184342235,-8.5376242639328,"sine",1,691
-0.290416195913247,-0.580774392874686,-8.66212543349446,"sine",1,692
-0.290416195913247,-0.580774392874686,-8.66212543349446,"sine",1,693
-0.273286515387387,-0.541903192515625,-8.82142231341895,"sine",1,694
-0.874358551629399,-0.68565134723318,-8.86703457590588,"sine",1,695
0.162715118401703,-0.42857162603817,-8.79095879999733,"sine",1,696
-1.20706135086904,-1.0807924671896,-8.54222771230537,"sine",1,697
-1.20706135086904,-1.0807924671896,-8.54222771230537,"sine",1,698
-0.602465726189825,-0.538677752416237,-8.38896084090461,"sine",1,699
-0.602465726189825,-0.538677752416237,-8.38896084090461,"sine",1,700
-1.10123370053163,-0.89880086472317,-8.50862917862047,"sine",2,1
-0.705327289154905,-0.693189357296348,-8.17538669488322,"sine",2,2
-0.48827420701938,-0.615293857831516,-8.17612140308738,"sine",2,3
-0.453381743139152,-0.500552778571983,-8.1380662979872,"sine",2,4
-1.18880342057626,-0.767193746573256,-8.61293348361999,"sine",2,5
0.0497841192201012,-0.4927802579581,-8.74882065279198,"sine",2,6
-0.914313316144429,-1.0554087003429,-8.55056138831442,"sine",2,7
-1.24256893300058,-1.09228801016536,-8.61778650799883,"sine",2,8
-0.385145019398037,-0.59414620775343,-8.39931223174578,"sine",2,9
-0.385145019398037,-0.59414620775343,-8.39931223174578,"sine",2,10
-0.385145019398037,-0.59414620775343,-8.39931223174578,"sine",2,11
-0.364234252902499,-0.455748988511938,-8.97762896191304,"sine",2,12
-1.09937016403285,-0.9501371904557,-8.70599642676837,"sine",2,13
-0.875865137337811,-1.02677476429522,-9.28011545158122,"sine",2,14
-0.945275627261662,-0.969212892136372,-9.25025460151734,"sine",2,15
-0.689152088185341,-0.831823800816044,-8.77088618363379,"sine",2,16
-0.765609622091458,-0.878142255819098,-8.65471740771192,"sine",2,17
-0.698070622791432,-0.855569732358218,-8.74756957394225,"sine",2,18
-0.799917660297272,-0.886078310041234,-8.55755185810566,"sine",2,19
-0.799917660297272,-0.886078310041234,-8.55755185810566,"sine",2,20
-0.679766983921498,-0.855431329213892,-7.96036862977176,"sine",2,21
-0.500060529690482,-0.534181137199396,-7.89699838745945,"sine",2,22
-0.87814362014369,-0.945373630930666,-8.39559737590997,"sine",2,23
-0.802516652305261,-0.82549472692168,-8.47327185868336,"sine",2,24
-0.802516652305261,-0.82549472692168,-8.47327185868336,"sine",2,25
-0.48745012267224,-0.622366966169852,-8.63067741413005,"sine",2,26
-0.443209035703462,-0.566234247407103,-8.41999702974925,"sine",2,27
-0.796885050292667,-0.858051661646721,-8.31959941188916,"sine",2,28
-0.493427336542573,-0.608606285728094,-8.10693489150291,"sine",2,29
-0.629203072364208,-0.552979596269375,-8.20053598694947,"sine",2,30
-0.987156530260348,-0.781761143495618,-8.10672599061959,"sine",2,31
-1.04690873739834,-0.882396467508608,-8.37907368837604,"sine",2,32
-1.04690873739834,-0.882396467508608,-8.37907368837604,"sine",2,33
-1.04690873739834,-0.882396467508608,-8.37907368837604,"sine",2,34
-0.649568589595836,-0.720533206858302,-8.38103646303419,"sine",2,35
-0.621118260511598,-0.882140530998009,-8.27447188433846,"sine",2,36
-0.73362618496463,-0.714964471305841,-8.03297346716584,"sine",2,37
-0.860038253555439,-0.593794697209266,-8.20788473354967,"sine",2,38
0.175246929632096,-0.434323245952298,-8.84333635523019,"sine",2,39
0.0268184502039509,-0.495064648186891,-8.46590528202079,"sine",2,40
0.0268184502039509,-0.495064648186891,-8.46590528202079,"sine",2,41
-0.510141891542207,-0.745501851041011,-8.07334833874702,"sine",2,42
-0.510141891542207,-0.745501851041011,-8.07334833874702,"sine",2,43
-0.510141891542207,-0.745501851041011,-8.07334833874702,"sine",2,44
-0.128350125024868,-0.601728389607489,-8.48483495530965,"sine",2,45
-0.128350125024868,-0.601728389607489,-8.48483495530965,"sine",2,46
-0.128350125024868,-0.601728389607489,-8.48483495530965,"sine",2,47
-0.329241525079367,-0.656098738996612,-8.66126367980825,"sine",2,48
-0.359594433483948,-0.604443065691159,-8.46697595307901,"sine",2,49
-0.410894431842957,-0.693804917418876,-8.35795228715088,"sine",2,50
-0.410894431842957,-0.693804917418876,-8.35795228715088,"sine",2,51
-0.861731926245414,-0.93799457100877,-8.54639052930414,"sine",2,52
-0.861731926245414,-0.93799457100877,-8.54639052930414,"sine",2,53
-0.419261616669738,-0.607992553281449,-8.62740289138351,"sine",2,54
-0.419261616669738,-0.607992553281449,-8.62740289138351,"sine",2,55
-0.504584857511959,-0.642445985713876,-8.83461718609106,"sine",2,56
-0.917525743231405,-0.787007079529377,-8.27114245421859,"sine",2,57
-0.917525743231405,-0.787007079529377,-8.27114245421859,"sine",2,58
-0.0778483760254542,-0.0899427749369811,-8.30694882350308,"sine",2,59
-0.0778483760254542,-0.0899427749369811,-8.30694882350308,"sine",2,60
-0.955068107790082,-0.568271445922282,-8.4489174157031,"sine",2,61
-1.17234471988032,-0.722638491831149,-8.41606175238036,"sine",2,62
-1.29579863255085,-0.931365462708966,-8.70368310775196,"sine",2,63
-1.29579863255085,-0.931365462708966,-8.70368310775196,"sine",2,64
-0.556045767477368,-0.78759471683623,-8.94553303617379,"sine",2,65
-0.377137469510299,-0.697378478200535,-8.67230295449898,"sine",2,66
-0.377137469510299,-0.697378478200535,-8.67230295449898,"sine",2,67
-0.289439832148558,-0.677274991125462,-8.54194087499259,"sine",2,68
-0.289439832148558,-0.677274991125462,-8.54194087499259,"sine",2,69
0.0475544472045308,-0.514038523294786,-8.30796162793134,"sine",2,70
0.0475544472045308,-0.514038523294786,-8.30796162793134,"sine",2,71
0.0475544472045308,-0.514038523294786,-8.30796162793134,"sine",2,72
-0.323038780604109,-0.737528003316452,-8.16690757286024,"sine",2,73
-0.323038780604109,-0.737528003316452,-8.16690757286024,"sine",2,74
-0.346567830809547,-0.627338457870822,-8.50434460710418,"sine",2,75
-0.346567830809547,-0.627338457870822,-8.50434460710418,"sine",2,76
-0.346567830809547,-0.627338457870822,-8.50434460710418,"sine",2,77
-0.527390123733335,-0.735629305303755,-8.59278573147359,"sine",2,78
-0.797440623458999,-0.859324712284432,-8.28866576589127,"sine",2,79
-0.992080590324866,-0.746695214494247,-8.70918833711076,"sine",2,80
-0.549143537344927,-0.628541315473152,-8.60911609634136,"sine",2,81
-1.0766059845685,-0.679630092739754,-8.24591652631772,"sine",2,82
-1.0766059845685,-0.679630092739754,-8.24591652631772,"sine",2,83
-1.0766059845685,-0.679630092739754,-8.24591652631772,"sine",2,84
-1.0766059845685,-0.679630092739754,-8.24591652631772,"sine",2,85
-0.769256505279649,-0.706379259821337,-7.92137140839333,"sine",2,86
-0.769256505279649,-0.706379259821337,-7.92137140839333,"sine",2,87
-0.522299867587344,-0.739379757475011,-8.9143694312491,"sine",2,88
0.033109673410823,-0.714582922023495,-8.78755646946842,"sine",2,89
-0.764253303158476,-0.65058301854552,-8.80886509691197,"sine",2,90
-0.482051540836623,-0.673119619653912,-8.68630084012907,"sine",2,91
-0.882001879512248,-0.901059054550949,-8.98300755094449,"sine",2,92
-0.768337214670636,-0.629798443602828,-8.74588338915227,"sine",2,93
-0.768337214670636,-0.629798443602828,-8.74588338915227,"sine",2,94
-0.636463236785996,-0.743220241058048,-8.5849081507706,"sine",2,95
-0.636463236785996,-0.743220241058048,-8.5849081507706,"sine",2,96
-0.545631634370857,-0.690530755481461,-8.75900278666415,"sine",2,97
-0.545631634370857,-0.690530755481461,-8.75900278666415,"sine",2,98
-0.554265960420466,-0.614176481877619,-8.10946810345259,"sine",2,99
-0.96272257532971,-0.691769205086992,-8.3349838643196,"sine",2,100
-0.96272257532971,-0.691769205086992,-8.3349838643196,"sine",2,101
-0.0298520714813794,-0.3457865299829,-8.12120033419824,"sine",2,102
-0.141341214709564,-0.470651634394772,-8.61958481939953,"sine",2,103
-0.141341214709564,-0.470651634394772,-8.61958481939953,"sine",2,104
-0.141341214709564,-0.470651634394772,-8.61958481939953,"sine",2,105
-0.208975302695785,-0.482908803250333,-8.62797510086625,"sine",2,106
-1.01750973585879,-0.86581286425853,-8.45498231814674,"sine",2,107
-0.811171398134166,-0.705401437482725,-8.4612552095915,"sine",2,108
-0.811171398134166,-0.705401437482725,-8.4612552095915,"sine",2,109
0.125087398958106,-0.452288708837194,-8.35768714973759,"sine",2,110
0.125087398958106,-0.452288708837194,-8.35768714973759,"sine",2,111
-0.539273408136234,-0.552260458106081,-8.30428731740053,"sine",2,112
-0.927485998718375,-0.905108318685566,-8.19802448711043,"sine",2,113
-0.470527471733751,-0.648547011725413,-8.41642249410343,"sine",2,114
-0.470527471733751,-0.648547011725413,-8.41642249410343,"sine",2,115
-0.470527471733751,-0.648547011725413,-8.41642249410343,"sine",2,116
-0.470527471733751,-0.648547011725413,-8.41642249410343,"sine",2,117
-0.470527471733751,-0.648547011725413,-8.41642249410343,"sine",2,118
-0.470527471733751,-0.648547011725413,-8.41642249410343,"sine",2,119
-0.474864177044392,-0.577832178813249,-8.29667763799772,"sine",2,120
-0.650020782696185,-0.628757233804626,-8.36501552153026,"sine",2,121
-0.650020782696185,-0.628757233804626,-8.36501552153026,"sine",2,122
-0.982211104472101,-0.851956596305582,-7.99766761240928,"sine",2,123
-0.899401131317397,-0.929701876886019,-8.1880453582333,"sine",2,124
-0.899401131317397,-0.929701876886019,-8.1880453582333,"sine",2,125
-0.175443878106051,-0.612757307832556,-8.55669643595342,"sine",2,126
0.0854307300791283,-0.279256290877705,-8.52935846954034,"sine",2,127
-0.567525723442004,-0.690029830073124,-8.25354254690722,"sine",2,128
-0.0838007054002157,-0.555244342984987,-8.43104737682474,"sine",2,129
-0.0838007054002157,-0.555244342984987,-8.43104737682474,"sine",2,130
-0.0838007054002157,-0.555244342984987,-8.43104737682474,"sine",2,131
-1.18107799149604,-0.87021402561692,-8.61218577384953,"sine",2,132
-1.12434008416192,-0.704401703349351,-9.03902007493514,"sine",2,133
-1.12434008416192,-0.704401703349351,-9.03902007493514,"sine",2,134
-0.367053143200391,-0.411211019442446,-9.39737251513721,"sine",2,135
-0.544501693898108,-0.420480423280524,-9.04457319181204,"sine",2,136
-0.87024743950909,-0.829342109172005,-8.26905129555248,"sine",2,137
-1.3321090392389,-0.905895252907047,-8.26688460106089,"sine",2,138
-0.591669729674067,-0.750353343546607,-7.85717379746856,"sine",2,139
-0.91209825119498,-0.818222623164676,-7.96791325410501,"sine",2,140
-0.91209825119498,-0.818222623164676,-7.96791325410501,"sine",2,141
-0.222954304562615,-0.391205642754751,-8.29148001288479,"sine",2,142
-0.303230419518877,-0.592694746015411,-8.5531268243173,"sine",2,143
-1.59737578167813,-1.08802854686728,-8.03689303701647,"sine",2,144
-0.326870517407966,-0.80922266003171,-7.89979578394098,"sine",2,145
-0.522694936086364,-0.789970655140815,-8.41719539239249,"sine",2,146
-0.522694936086364,-0.789970655140815,-8.41719539239249,"sine",2,147
-0.522694936086364,-0.789970655140815,-8.41719539239249,"sine",2,148
-0.791119771045057,-0.812800140026067,-8.14391479767583,"sine",2,149
-0.996683187358718,-0.543498301664387,-8.50646506220121,"sine",2,150
-0.525960550296229,-0.373653030849013,-8.53267306901465,"sine",2,151
-0.79545603243339,-0.761203487651175,-8.63824850062599,"sine",2,152
-1.17028508357708,-0.935817827540479,-8.6644925327979,"sine",2,153
-1.37245915729544,-1.02674544232173,-8.3641585342176,"sine",2,154
-1.06401715332922,-0.643388479383067,-8.38051225346209,"sine",2,155
-0.912128462237152,-0.731409388043217,-8.33253574885319,"sine",2,156
-0.912128462237152,-0.731409388043217,-8.33253574885319,"sine",2,157
-0.912128462237152,-0.731409388043217,-8.33253574885319,"sine",2,158
-0.912128462237152,-0.731409388043217,-8.33253574885319,"sine",2,159
-0.912128462237152,-0.731409388043217,-8.33253574885319,"sine",2,160
-0.912128462237152,-0.731409388043217,-8.33253574885319,"sine",2,161
-1.05632754366605,-0.96185233451651,-8.52974563814195,"sine",2,162
-1.05632754366605,-0.96185233451651,-8.52974563814195,"sine",2,163
-0.944087575806362,-0.715449319128418,-8.73125127078309,"sine",2,164
-1.04118954858228,-0.939099093360982,-8.50262210910254,"sine",2,165
-1.04118954858228,-0.939099093360982,-8.50262210910254,"sine",2,166
-0.962719910189854,-0.827086209144473,-8.51107233002407,"sine",2,167
-0.962719910189854,-0.827086209144473,-8.51107233002407,"sine",2,168
-0.937517076438678,-0.728240523478135,-8.16742358170668,"sine",2,169
-0.493427607624725,-0.441516930787043,-8.37291981315668,"sine",2,170
-0.48019647933214,-0.51652627731999,-8.34689140923347,"sine",2,171
0.115586243269241,-0.339029517575222,-8.31312638080414,"sine",2,172
-0.259155681932102,-0.563923351427157,-8.21590157392504,"sine",2,173
0.0407680761846146,-0.356278743585628,-8.80401908277621,"sine",2,174
-1.40268854021405,-0.787566008160732,-8.50225421233561,"sine",2,175
-1.40268854021405,-0.787566008160732,-8.50225421233561,"sine",2,176
-1.40268854021405,-0.787566008160732,-8.50225421233561,"sine",2,177
-1.40268854021405,-0.787566008160732,-8.50225421233561,"sine",2,178
-0.534882852804742,-0.732171929342264,-8.73506258272073,"sine",2,179
-0.766523740898175,-0.806420922234143,-8.38803768780545,"sine",2,180
-0.766523740898175,-0.806420922234143,-8.38803768780545,"sine",2,181
-0.766523740898175,-0.806420922234143,-8.38803768780545,"sine",2,182
-0.766523740898175,-0.806420922234143,-8.38803768780545,"sine",2,183
-0.301623366716124,-0.609178469478993,-8.64496719627228,"sine",2,184
-0.0281739541256735,-0.472060537399862,-8.64030345236909,"sine",2,185
-0.526429221918889,-0.527440952512372,-8.60297449083346,"sine",2,186
-0.540589014516991,-0.690231235324739,-8.90395720196543,"sine",2,187
-1.08845054032832,-0.705841822997629,-8.41727435448754,"sine",2,188
-1.17269843958678,-0.713129577731352,-7.91232514995916,"sine",2,189
-1.36736857369366,-0.8479080290892,-7.95653375704265,"sine",2,190
-1.37616444029436,-0.885575272553512,-8.3923489411444,"sine",2,191
-1.5231810464897,-1.03362239827048,-8.47974762083125,"sine",2,192
-1.5231810464897,-1.03362239827048,-8.47974762083125,"sine",2,193
-0.665268342881202,-0.629033567774613,-8.35640989173423,"sine",2,194
-0.665268342881202,-0.629033567774613,-8.35640989173423,"sine",2,195
-0.665268342881202,-0.629033567774613,-8.35640989173423,"sine",2,196
-0.196959676732781,-0.29413788916166,-8.40324686739039,"sine",2,197
-0.196959676732781,-0.29413788916166,-8.40324686739039,"sine",2,198
-0.453690269636547,-0.591834187177964,-8.53975739877058,"sine",2,199
-0.453690269636547,-0.591834187177964,-8.53975739877058,"sine",2,200
-0.453690269636547,-0.591834187177964,-8.53975739877058,"sine",2,201
-0.539320279828846,-0.63749523311552,-8.46252829005125,"sine",2,202
-0.814904552721301,-0.725493356067187,-8.65504957456239,"sine",2,203
-0.51830271835261,-0.548438572085706,-8.54233529907707,"sine",2,204
-0.92005404074273,-0.602693317857021,-8.31571306199256,"sine",2,205
-0.92005404074273,-0.602693317857021,-8.31571306199256,"sine",2,206
-0.23971720821318,-0.68505064498401,-8.50530832258504,"sine",2,207
-0.024554695363692,-0.334172114127434,-8.99314194920163,"sine",2,208
-0.291046405309978,-0.700198515813057,-8.70359478460673,"sine",2,209
-0.0591292745108437,-0.564830556883582,-8.64176541542425,"sine",2,210
-0.0591292745108437,-0.564830556883582,-8.64176541542425,"sine",2,211
-0.508456397428706,-0.650053118295951,-8.66209672273083,"sine",2,212
-0.508456397428706,-0.650053118295951,-8.66209672273083,"sine",2,213
-0.508456397428706,-0.650053118295951,-8.66209672273083,"sine",2,214
-0.508456397428706,-0.650053118295951,-8.66209672273083,"sine",2,215
-0.319764593812781,-0.56612531062741,-8.54553167624059,"sine",2,216
-0.420428267107237,-0.623943121785507,-8.57528317413802,"sine",2,217
-0.420428267107237,-0.623943121785507,-8.57528317413802,"sine",2,218
-0.420428267107237,-0.623943121785507,-8.57528317413802,"sine",2,219
-0.108748747356556,-0.353570244819797,-8.80693023359363,"sine",2,220
-0.561459624872084,-0.654846574141365,-8.42579972373254,"sine",2,221
-0.483371248371684,-0.680947990064328,-8.61315094087604,"sine",2,222
-1.06330729112786,-0.880971380567021,-8.41672924593164,"sine",2,223
-1.06330729112786,-0.880971380567021,-8.41672924593164,"sine",2,224
-0.649731528655937,-0.803405467280855,-8.05042595807632,"sine",2,225
-0.649731528655937,-0.803405467280855,-8.05042595807632,"sine",2,226
-0.760319080533013,-0.870386588915241,-8.24105787291969,"sine",2,227
-0.472012084529543,-0.798875818121895,-8.22065874963385,"sine",2,228
-0.759934983711155,-0.617378043420861,-8.40828701004699,"sine",2,229
-0.0951595607624941,-0.539556486775914,-8.55035157928768,"sine",2,230
-0.507273870665289,-0.495330323654112,-8.57499996134688,"sine",2,231
-0.400031221144119,-0.676427192486259,-8.89405618887541,"sine",2,232
-0.400031221144119,-0.676427192486259,-8.89405618887541,"sine",2,233
-0.400031221144119,-0.676427192486259,-8.89405618887541,"sine",2,234
-1.14447787357051,-0.735604981397015,-8.78158037542046,"sine",2,235
-0.917920956183494,-0.753034119330793,-8.78062592042661,"sine",2,236
-0.445513246405358,-0.793416498427939,-8.37084714173367,"sine",2,237
-0.682967710319799,-0.57562371275554,-8.77683874783622,"sine",2,238
-0.866030541134691,-0.71214623869956,-8.46349888066472,"sine",2,239
-0.866030541134691,-0.71214623869956,-8.46349888066472,"sine",2,240
-0.866030541134691,-0.71214623869956,-8.46349888066472,"sine",2,241
-0.866030541134691,-0.71214623869956,-8.46349888066472,"sine",2,242
-0.363870115745902,-0.505964072865072,-8.44938252139244,"sine",2,243
-0.363870115745902,-0.505964072865072,-8.44938252139244,"sine",2,244
-0.593876072094097,-0.651265699662995,-8.98569825650361,"sine",2,245
-0.541273035709475,-0.726692183397812,-8.50432062522057,"sine",2,246
-0.541273035709475,-0.726692183397812,-8.50432062522057,"sine",2,247
-0.541273035709475,-0.726692183397812,-8.50432062522057,"sine",2,248
-0.541273035709475,-0.726692183397812,-8.50432062522057,"sine",2,249
-0.541273035709475,-0.726692183397812,-8.50432062522057,"sine",2,250
-0.140344014919286,-0.472302996390349,-8.44223506910243,"sine",2,251
-0.80816235200383,-0.655512598484704,-8.78975831718956,"sine",2,252
-0.568440396774168,-0.591654219689823,-8.98331637357234,"sine",2,253
-0.847222747701887,-0.745260207738835,-8.83412230170629,"sine",2,254
-0.847222747701887,-0.745260207738835,-8.83412230170629,"sine",2,255
-0.668121601651759,-0.709518612815109,-8.81353151958622,"sine",2,256
-0.668121601651759,-0.709518612815109,-8.81353151958622,"sine",2,257
-1.11639974049036,-0.864055424911437,-8.33820200403834,"sine",2,258
-0.717770635587443,-0.780827311661518,-8.64861471713741,"sine",2,259
-0.717770635587443,-0.780827311661518,-8.64861471713741,"sine",2,260
-0.717770635587443,-0.780827311661518,-8.64861471713741,"sine",2,261
-0.929374860715822,-0.915564200042261,-8.40549889156933,"sine",2,262
-0.898720130716534,-0.895046387754047,-8.46768940761482,"sine",2,263
-0.898720130716534,-0.895046387754047,-8.46768940761482,"sine",2,264
-0.980775030618888,-0.908637167695114,-8.41695052664685,"sine",2,265
-0.320631344440539,-0.474102051495539,-8.76637499100968,"sine",2,266
-1.31264639153007,-0.857838295199261,-8.82097749693445,"sine",2,267
-1.31264639153007,-0.857838295199261,-8.82097749693445,"sine",2,268
-1.31264639153007,-0.857838295199261,-8.82097749693445,"sine",2,269
-0.842275425502793,-0.665193464102766,-8.37300602659106,"sine",2,270
-0.861740236758927,-0.840237400870129,-8.63609800654655,"sine",2,271
-1.2473185414501,-0.899748081751691,-8.86959996712755,"sine",2,272
-0.49660833095954,-0.663128908946014,-8.41398075881272,"sine",2,273
-0.49660833095954,-0.663128908946014,-8.41398075881272,"sine",2,274
-0.0184909110467276,-0.498480187784135,-8.71531090700719,"sine",2,275
-0.132415548241811,-0.569649317816628,-8.82814771279176,"sine",2,276
-0.0314057698200382,-0.47640202746168,-8.71564437728259,"sine",2,277
-0.4245057800556,-0.32470021190592,-8.42171870484325,"sine",2,278
-0.706502697386167,-0.63655105008193,-9.04345991471954,"sine",2,279
-0.64144452411168,-0.799957649415403,-8.53272357799957,"sine",2,280
-0.64144452411168,-0.799957649415403,-8.53272357799957,"sine",2,281
-0.832200402376055,-0.567336278663983,-8.760652429025,"sine",2,282
-0.914098542521424,-0.791670020177397,-8.31932314466529,"sine",2,283
-0.339408347144929,-0.507971608418495,-8.34063063548265,"sine",2,284
-0.851511364529587,-0.982519347053592,-8.45870266633549,"sine",2,285
-0.851511364529587,-0.982519347053592,-8.45870266633549,"sine",2,286
-0.851511364529587,-0.982519347053592,-8.45870266633549,"sine",2,287
-0.660293339493996,-0.920079679408966,-8.1677505817064,"sine",2,288
-1.15624184527048,-0.893964713486852,-8.50489392808179,"sine",2,289
-1.15624184527048,-0.893964713486852,-8.50489392808179,"sine",2,290
-0.824254088779411,-0.835072831409257,-8.67140088725004,"sine",2,291
-0.824254088779411,-0.835072831409257,-8.67140088725004,"sine",2,292
-0.824254088779411,-0.835072831409257,-8.67140088725004,"sine",2,293
-1.09506001003553,-0.909260970252159,-7.96356780113049,"sine",2,294
-1.09506001003553,-0.909260970252159,-7.96356780113049,"sine",2,295
-1.03798853732285,-0.870425674233302,-7.78290141654508,"sine",2,296
-0.622635239627247,-0.846238579343721,-7.93425098785051,"sine",2,297
-0.622635239627247,-0.846238579343721,-7.93425098785051,"sine",2,298
-0.61822495157177,-0.761813555253627,-8.13932741973036,"sine",2,299
-0.428752801836139,-0.764985075250735,-8.14067929582949,"sine",2,300
-0.428752801836139,-0.764985075250735,-8.14067929582949,"sine",2,301
-0.103120398389293,-0.465399633436429,-8.15601542465374,"sine",2,302
-0.376055933377144,-0.655329756151007,-7.92495019261308,"sine",2,303
-0.243652619493443,-0.537053727268511,-8.62497154894004,"sine",2,304
-0.243652619493443,-0.537053727268511,-8.62497154894004,"sine",2,305
-0.0138408902659357,-0.632062429802662,-8.5329208656527,"sine",2,306
-0.51455583128214,-0.761659682855071,-8.37625483559629,"sine",2,307
-0.817879911808773,-0.941812114809553,-8.69217662462371,"sine",2,308
-0.817879911808773,-0.941812114809553,-8.69217662462371,"sine",2,309
-0.957461312430721,-0.930254706599142,-8.96428857809764,"sine",2,310
-1.03956042125021,-0.953225768648934,-8.51015170289272,"sine",2,311
0.0651866489684325,-0.42774270905107,-8.10679796062793,"sine",2,312
-0.419677598298919,-0.518805300536115,-8.51148341009312,"sine",2,313
-0.735092065498178,-0.777460192563721,-8.74045019985692,"sine",2,314
-1.07500177406432,-0.913029031358649,-8.85136061101052,"sine",2,315
-1.07500177406432,-0.913029031358649,-8.85136061101052,"sine",2,316
-1.07500177406432,-0.913029031358649,-8.85136061101052,"sine",2,317
-1.07500177406432,-0.913029031358649,-8.85136061101052,"sine",2,318
-1.07500177406432,-0.913029031358649,-8.85136061101052,"sine",2,319
-1.15339503760928,-0.767827044211026,-9.12587321811553,"sine",2,320
-1.15339503760928,-0.767827044211026,-9.12587321811553,"sine",2,321
-1.1016131804247,-0.949063595912359,-9.02213552155813,"sine",2,322
-0.442714978095082,-0.673218784558416,-8.72356582359238,"sine",2,323
-0.0159737093448409,-0.448197657838795,-8.76563532739383,"sine",2,324
-0.0159737093448409,-0.448197657838795,-8.76563532739383,"sine",2,325
-1.54752310776612,-1.11026845692878,-8.41154174606462,"sine",2,326
-0.954027241696197,-0.825519498500635,-8.3744780270669,"sine",2,327
-0.954027241696197,-0.825519498500635,-8.3744780270669,"sine",2,328
-0.867950337944654,-0.729101771671765,-8.46534316834593,"sine",2,329
-0.867950337944654,-0.729101771671765,-8.46534316834593,"sine",2,330
-1.09333073345567,-0.945615742533143,-8.73066294501247,"sine",2,331
-0.779934687629676,-0.846536356453331,-8.49939664508566,"sine",2,332
-0.779934687629676,-0.846536356453331,-8.49939664508566,"sine",2,333
-0.62006528127446,-0.695562467341291,-8.38533044531384,"sine",2,334
-0.62006528127446,-0.695562467341291,-8.38533044531384,"sine",2,335
-0.62006528127446,-0.695562467341291,-8.38533044531384,"sine",2,336
-0.62006528127446,-0.695562467341291,-8.38533044531384,"sine",2,337
0.077884261614428,-0.404700509732324,-8.57950028795244,"sine",2,338
0.077884261614428,-0.404700509732324,-8.57950028795244,"sine",2,339
0.077884261614428,-0.404700509732324,-8.57950028795244,"sine",2,340
0.117588621100819,-0.426667940954212,-8.39619123655829,"sine",2,341
-0.566606078906022,-0.796949135458701,-8.14160998261035,"sine",2,342
-1.05909995456402,-0.813806258400525,-8.2393035951217,"sine",2,343
-1.05909995456402,-0.813806258400525,-8.2393035951217,"sine",2,344
-1.423688044184,-0.950429776264907,-8.26266921547538,"sine",2,345
-1.42751618947586,-0.997243787676059,-8.42835004336669,"sine",2,346
0.0446172880551071,-0.308293558730027,-8.21517015580756,"sine",2,347
-1.24968922585555,-1.00517563870938,-8.96378537391907,"sine",2,348
0.10194934632853,-0.468250612162703,-8.76780545579475,"sine",2,349
-0.647350101411433,-0.620703675469062,-8.05150601436187,"sine",2,350
0.0523642874994972,-0.291067572209625,-8.71178907174724,"sine",2,351
0.122217827257039,-0.266827585012706,-8.77733588390563,"sine",2,352
-1.19163027664716,-0.665728155741917,-8.99811669510242,"sine",2,353
-0.632613886743691,-0.445398316204867,-8.34275575267904,"sine",2,354
-0.18320604614502,-0.455666215311797,-8.80696243923015,"sine",2,355
-0.937249918102148,-0.781906322049251,-8.20024022693178,"sine",2,356
-1.3237769888813,-1.12022268672204,-8.17534620137591,"sine",2,357
-1.27265702082786,-1.15051568780652,-8.40007426039291,"sine",2,358
-1.27265702082786,-1.15051568780652,-8.40007426039291,"sine",2,359
-0.233283095717806,-0.537410185452019,-8.05348623340397,"sine",2,360
-0.847393899080329,-0.656719487133731,-8.11544100774967,"sine",2,361
-0.600170048873371,-0.817531234405701,-8.93281304158755,"sine",2,362
-0.35238190264833,-0.49200859926985,-8.75780158624821,"sine",2,363
-0.357528507540798,-0.604980511959117,-8.3976608738973,"sine",2,364
-0.357528507540798,-0.604980511959117,-8.3976608738973,"sine",2,365
-0.247846762604524,-0.560155618867774,-8.24343600448398,"sine",2,366
-0.297380054828698,-0.43402169820559,-8.52407099155894,"sine",2,367
-0.529422100397502,-0.718303600761955,-8.70518297594074,"sine",2,368
-0.845145954694331,-0.793536646627432,-8.33151684591494,"sine",2,369
-0.64901215911623,-0.88297286583541,-8.4924842411798,"sine",2,370
-0.64901215911623,-0.88297286583541,-8.4924842411798,"sine",2,371
-0.738474555849586,-0.783874398500814,-8.54751405981402,"sine",2,372
-0.738474555849586,-0.783874398500814,-8.54751405981402,"sine",2,373
-0.738474555849586,-0.783874398500814,-8.54751405981402,"sine",2,374
-1.06335486146691,-0.811572088140255,-8.21426073219095,"sine",2,375
-1.34882665327099,-0.930330258396426,-8.32396770770634,"sine",2,376
-1.34882665327099,-0.930330258396426,-8.32396770770634,"sine",2,377
-0.699917872692108,-0.817094342802641,-8.36036500337741,"sine",2,378
-1.3109221236575,-1.01371894879467,-8.33779712691281,"sine",2,379
-0.691694873686885,-0.942738190287491,-8.17311383669097,"sine",2,380
-0.691694873686885,-0.942738190287491,-8.17311383669097,"sine",2,381
0.0742812340903926,-0.569315606437956,-8.58494850875277,"sine",2,382
-0.378526465802502,-0.763231901719948,-8.75727000596778,"sine",2,383
-0.441329938940115,-0.623171433820565,-8.34893939869607,"sine",2,384
-0.441329938940115,-0.623171433820565,-8.34893939869607,"sine",2,385
-0.441329938940115,-0.623171433820565,-8.34893939869607,"sine",2,386
-0.441329938940115,-0.623171433820565,-8.34893939869607,"sine",2,387
-0.441329938940115,-0.623171433820565,-8.34893939869607,"sine",2,388
-0.441329938940115,-0.623171433820565,-8.34893939869607,"sine",2,389
-0.480922187074335,-0.725609864124143,-8.24238629233474,"sine",2,390
-0.480922187074335,-0.725609864124143,-8.24238629233474,"sine",2,391
-1.16957763109019,-0.833738382346644,-8.72760069962613,"sine",2,392
-0.445207101403316,-0.62929703371871,-8.88799981727143,"sine",2,393
-0.829215597315568,-1.05572868889684,-8.60451887993685,"sine",2,394
-0.885493237841926,-0.892273259388839,-8.62473804066161,"sine",2,395
-0.885493237841926,-0.892273259388839,-8.62473804066161,"sine",2,396
-0.885493237841926,-0.892273259388839,-8.62473804066161,"sine",2,397
-0.885493237841926,-0.892273259388839,-8.62473804066161,"sine",2,398
-0.702572403575828,-0.93092005078276,-8.69797545519878,"sine",2,399
-0.386404540736972,-0.653881235964998,-8.20157225477887,"sine",2,400
-0.630948737096181,-0.554976209962542,-8.54912056068514,"sine",2,401
-0.418144014392937,-0.586062692650278,-8.90156061764988,"sine",2,402
-1.11166689546324,-0.791883072893183,-8.74495423062549,"sine",2,403
-0.957386113482167,-0.678467399238237,-8.2324684403371,"sine",2,404
-0.3111066448534,-0.334513347612432,-8.37801548691287,"sine",2,405
-0.3111066448534,-0.334513347612432,-8.37801548691287,"sine",2,406
-0.3111066448534,-0.334513347612432,-8.37801548691287,"sine",2,407
-0.414298343014093,-0.509691070290194,-8.74985204587905,"sine",2,408
0.0685976101290162,-0.471820885745394,-8.62569210850911,"sine",2,409
-0.541648035695928,-0.710752187399689,-8.47373274014342,"sine",2,410
-0.541648035695928,-0.710752187399689,-8.47373274014342,"sine",2,411
-0.541648035695928,-0.710752187399689,-8.47373274014342,"sine",2,412
-0.541648035695928,-0.710752187399689,-8.47373274014342,"sine",2,413
-0.541648035695928,-0.710752187399689,-8.47373274014342,"sine",2,414
-0.960759635709506,-0.856014768479702,-8.81384305711782,"sine",2,415
-0.960759635709506,-0.856014768479702,-8.81384305711782,"sine",2,416
-0.960759635709506,-0.856014768479702,-8.81384305711782,"sine",2,417
-0.213933387442056,-0.393242870483872,-9.11000542679968,"sine",2,418
-0.213933387442056,-0.393242870483872,-9.11000542679968,"sine",2,419
-0.835052457029171,-0.490314854101139,-8.70464531039601,"sine",2,420
-0.470433856026415,-0.578853073045813,-7.89443410735908,"sine",2,421
-1.25802976241827,-0.908184399034369,-8.03413212404813,"sine",2,422
-0.921764581893955,-0.782058819997014,-8.28128839205595,"sine",2,423
-0.249290995413871,-0.552655234602947,-8.62808744179019,"sine",2,424
-0.249290995413871,-0.552655234602947,-8.62808744179019,"sine",2,425
-0.249290995413871,-0.552655234602947,-8.62808744179019,"sine",2,426
-0.396796843067788,-0.601915267734326,-8.26104513467318,"sine",2,427
-1.05518178917069,-0.96005547172566,-8.6284617600753,"sine",2,428
-1.05518178917069,-0.96005547172566,-8.6284617600753,"sine",2,429
-0.891223108430128,-0.868400361110787,-8.38208971375407,"sine",2,430
-0.515556629986576,-0.800123649532112,-8.33580091428501,"sine",2,431
-1.28673077128465,-0.886953892220503,-8.73848353468209,"sine",2,432
-1.40119465219221,-0.896128804449332,-8.92141049812719,"sine",2,433
-0.860530710337989,-0.808094637876825,-8.41279479074969,"sine",2,434
-0.860530710337989,-0.808094637876825,-8.41279479074969,"sine",2,435
-0.834407175482382,-0.876048883786571,-9.37870230827995,"sine",2,436
-0.861214191531244,-0.816512337934834,-8.82806736392836,"sine",2,437
-0.861214191531244,-0.816512337934834,-8.82806736392836,"sine",2,438
-0.999571114002896,-0.754607023568079,-8.19960494890059,"sine",2,439
-0.613752825229625,-0.8371405307454,-8.3624537043801,"sine",2,440
-0.647671880912414,-0.726864502291676,-8.14977732664051,"sine",2,441
-0.647671880912414,-0.726864502291676,-8.14977732664051,"sine",2,442
-0.647671880912414,-0.726864502291676,-8.14977732664051,"sine",2,443
-0.647671880912414,-0.726864502291676,-8.14977732664051,"sine",2,444
-0.776596617746498,-0.748655278245764,-7.90523430937816,"sine",2,445
-0.776596617746498,-0.748655278245764,-7.90523430937816,"sine",2,446
-0.022898207464645,-0.581875573547621,-7.93831655601618,"sine",2,447
-0.610257231009425,-0.91893298166939,-8.19197148950548,"sine",2,448
-0.952965742098129,-0.850817042056365,-8.40604624000513,"sine",2,449
-0.535821442640254,-0.673520280600618,-8.47198309604531,"sine",2,450
-0.59665347773478,-0.95396325333273,-8.58108830656622,"sine",2,451
-0.480799100714302,-0.895064985450369,-7.99444262090929,"sine",2,452
-1.19190838376887,-0.915023863680395,-8.39016401429928,"sine",2,453
-1.19190838376887,-0.915023863680395,-8.39016401429928,"sine",2,454
-1.26153810912011,-0.791883051700142,-8.25435791605999,"sine",2,455
-0.564660906863591,-0.591189295387662,-8.12091494889551,"sine",2,456
-0.564660906863591,-0.591189295387662,-8.12091494889551,"sine",2,457
-0.564660906863591,-0.591189295387662,-8.12091494889551,"sine",2,458
-0.564660906863591,-0.591189295387662,-8.12091494889551,"sine",2,459
-0.0855871292468488,-0.537198306545161,-7.99122305552604,"sine",2,460
-1.32873546238641,-0.998855806298214,-8.00556453170945,"sine",2,461
-1.32873546238641,-0.998855806298214,-8.00556453170945,"sine",2,462
-0.690551446641905,-0.655618057363843,-8.6722219117588,"sine",2,463
-0.378789594334896,-0.597502283246003,-8.45463330093532,"sine",2,464
-0.378789594334896,-0.597502283246003,-8.45463330093532,"sine",2,465
-0.110292078947298,-0.493851160203085,-8.43412954411373,"sine",2,466
-0.5619753726218,-0.61527915079858,-8.48066249402464,"sine",2,467
-0.5619753726218,-0.61527915079858,-8.48066249402464,"sine",2,468
-0.5619753726218,-0.61527915079858,-8.48066249402464,"sine",2,469
-0.89182242081903,-0.784571117667207,-8.64431983633345,"sine",2,470
-0.719721488814917,-0.704245519012961,-8.31472848096564,"sine",2,471
-0.393849441979392,-0.561125880023541,-8.73647556848859,"sine",2,472
-0.590982668979037,-0.758129247770907,-8.55996806426791,"sine",2,473
-0.590982668979037,-0.758129247770907,-8.55996806426791,"sine",2,474
-0.590982668979037,-0.758129247770907,-8.55996806426791,"sine",2,475
-0.590982668979037,-0.758129247770907,-8.55996806426791,"sine",2,476
-1.05505111101562,-0.850336626276694,-8.3618901399904,"sine",2,477
-1.05505111101562,-0.850336626276694,-8.3618901399904,"sine",2,478
-0.844236573352314,-0.818363076301886,-8.43377583292705,"sine",2,479
-0.892403164705896,-0.777089657834433,-8.37764114721004,"sine",2,480
0.0323388167329786,-0.376231916782605,-8.47087582170651,"sine",2,481
-0.0313314035236315,-0.54858529333503,-8.45417576209684,"sine",2,482
-0.0313314035236315,-0.54858529333503,-8.45417576209684,"sine",2,483
0.0334948445141417,-0.500150108562364,-8.7432848709211,"sine",2,484
0.0334948445141417,-0.500150108562364,-8.7432848709211,"sine",2,485
-0.394888808712109,-0.690878237462531,-8.8440687379025,"sine",2,486
-0.394888808712109,-0.690878237462531,-8.8440687379025,"sine",2,487
-0.394888808712109,-0.690878237462531,-8.8440687379025,"sine",2,488
-0.394888808712109,-0.690878237462531,-8.8440687379025,"sine",2,489
-0.135720358247457,-0.614976885538671,-9.00012812274373,"sine",2,490
-0.22414907527164,-0.371119021032977,-8.8265540235664,"sine",2,491
0.167015716260329,-0.370863615945921,-8.78425651323785,"sine",2,492
-0.545987012178182,-0.694959355890491,-8.61301104365585,"sine",2,493
-0.387004356153409,-0.654094089394689,-8.54768074088093,"sine",2,494
-0.387004356153409,-0.654094089394689,-8.54768074088093,"sine",2,495
-0.387004356153409,-0.654094089394689,-8.54768074088093,"sine",2,496
-0.164172649731187,-0.62637302350545,-8.52822715109175,"sine",2,497
0.142120094996962,-0.390670256940883,-8.58142601179375,"sine",2,498
-0.359348922845834,-0.549993712698496,-8.09683891512312,"sine",2,499
-0.391966978635177,-0.637398652660346,-8.46368538498978,"sine",2,500
-0.513166609468427,-0.699978078477375,-8.3741817699297,"sine",2,501
-0.513166609468427,-0.699978078477375,-8.3741817699297,"sine",2,502
-0.513166609468427,-0.699978078477375,-8.3741817699297,"sine",2,503
-0.483629426709537,-0.585542484068629,-8.70366476484166,"sine",2,504
-0.692604484025788,-0.801899553079047,-8.85905828918,"sine",2,505
-0.557778427369251,-0.664156811954203,-8.92268849926275,"sine",2,506
-0.702199304208594,-0.801991063106104,-8.674149397975,"sine",2,507
-0.38970150665921,-0.700388206473102,-8.24691530323661,"sine",2,508
-0.237356531855643,-0.690397701023436,-8.4173439955443,"sine",2,509
-0.237356531855643,-0.690397701023436,-8.4173439955443,"sine",2,510
-0.0387944416215582,-0.550817048776966,-8.27267548494468,"sine",2,511
-0.0387944416215582,-0.550817048776966,-8.27267548494468,"sine",2,512
-0.818013786434632,-0.778597239765224,-8.59359808373996,"sine",2,513
-0.818013786434632,-0.778597239765224,-8.59359808373996,"sine",2,514
-0.795176373754265,-0.654946624985124,-8.55633635468062,"sine",2,515
-0.728476110379558,-0.63311540359195,-8.22769551065584,"sine",2,516
-1.33696150494843,-0.642703789607969,-8.73170329998716,"sine",2,517
-0.20834347177706,-0.331014877896163,-8.54045971256568,"sine",2,518
-0.279921180011969,-0.409363569113123,-8.11801680784261,"sine",2,519
-0.950643767689083,-0.681973153545811,-8.66531674713576,"sine",2,520
-1.03051874239356,-0.940530719994417,-8.69949140221563,"sine",2,521
-0.355033576819263,-0.704016683470117,-9.23142066743169,"sine",2,522
-0.355033576819263,-0.704016683470117,-9.23142066743169,"sine",2,523
-1.16316904261397,-0.785102281365289,-9.1087442356024,"sine",2,524
-0.813251532961779,-0.814353535893934,-8.92150402085308,"sine",2,525
-0.267748351062166,-0.562376472869887,-9.01114155186339,"sine",2,526
-0.424115210627566,-0.700242843239184,-8.79267705372073,"sine",2,527
-0.333620802367735,-0.739609416203308,-8.74654950932184,"sine",2,528
-1.00321660386161,-0.804542133407518,-8.64490929595624,"sine",2,529
-1.00321660386161,-0.804542133407518,-8.64490929595624,"sine",2,530
-0.299991190046596,-0.471214725030453,-8.40397523103313,"sine",2,531
-0.899651355599802,-0.898025989646305,-7.94096080649004,"sine",2,532
-0.451302567528746,-0.759265449501679,-8.06110906253648,"sine",2,533
-1.07837336727752,-0.980336593773145,-8.1647844821266,"sine",2,534
-1.07837336727752,-0.980336593773145,-8.1647844821266,"sine",2,535
-1.25307389249968,-0.956281816628277,-8.16090472745363,"sine",2,536
-0.245658876731892,-0.58187308230273,-8.34548107596456,"sine",2,537
-0.245658876731892,-0.58187308230273,-8.34548107596456,"sine",2,538
-1.00887651786861,-0.934466088535823,-8.34524281554275,"sine",2,539
-0.431951159330837,-0.63141088276165,-8.91578426959959,"sine",2,540
-0.431951159330837,-0.63141088276165,-8.91578426959959,"sine",2,541
-0.881885705834553,-1.0885898185012,-8.73178389510357,"sine",2,542
-0.498524346869085,-0.710917095110031,-8.77522456191401,"sine",2,543
-0.498524346869085,-0.710917095110031,-8.77522456191401,"sine",2,544
-0.498524346869085,-0.710917095110031,-8.77522456191401,"sine",2,545
-0.045848093567922,-0.313906602363142,-8.27836976952498,"sine",2,546
-0.0437981286785731,-0.394729520107639,-8.40001123561832,"sine",2,547
-0.0294804795379157,-0.402283755394954,-8.4972112713265,"sine",2,548
-0.422292849837378,-0.774841760929675,-8.69686893210869,"sine",2,549
-0.422292849837378,-0.774841760929675,-8.69686893210869,"sine",2,550
-0.422292849837378,-0.774841760929675,-8.69686893210869,"sine",2,551
-0.910440088107189,-0.724958504574646,-8.67337903952024,"sine",2,552
-0.910440088107189,-0.724958504574646,-8.67337903952024,"sine",2,553
-0.9022820020418,-0.8986280860575,-8.69085230845671,"sine",2,554
-1.16157274922706,-0.834392524570181,-8.15994283165648,"sine",2,555
-1.13515971806757,-1.00846024651445,-8.32993057587565,"sine",2,556
-0.947621488621751,-0.776247625730669,-8.31128291559194,"sine",2,557
-0.346612868600416,-0.629954949125833,-8.74387124143287,"sine",2,558
-0.576191537947522,-0.587558217124595,-8.29213241304028,"sine",2,559
-0.450328473524592,-0.546023984427243,-8.59467303396924,"sine",2,560
-0.603632979878925,-0.604491091789665,-8.28460954032627,"sine",2,561
-0.856815312908097,-0.925566188631482,-8.5566208000039,"sine",2,562
-0.556811461778671,-0.705817824419243,-8.18634271970212,"sine",2,563
-1.23224671534711,-1.04120216981763,-8.35282821239768,"sine",2,564
-0.588420346021278,-0.847608343268072,-8.27804278379961,"sine",2,565
-0.330711999513437,-0.525906249342461,-8.30604459237893,"sine",2,566
-0.712534876499948,-0.793187138811645,-8.49524276417085,"sine",2,567
-0.712534876499948,-0.793187138811645,-8.49524276417085,"sine",2,568
-0.712534876499948,-0.793187138811645,-8.49524276417085,"sine",2,569
-0.588525432192537,-0.810927703357621,-8.31024993573423,"sine",2,570
-0.599602442148361,-0.864477671406071,-8.85211718787988,"sine",2,571
-0.843736236053243,-0.980765256786559,-8.6209687175723,"sine",2,572
-0.159885813901902,-0.619284653093678,-8.82830538357451,"sine",2,573
0.00758656335185162,-0.32199875838227,-8.82470205345,"sine",2,574
-0.234063757470705,-0.622268123443499,-8.69243543156142,"sine",2,575
-0.446116802078014,-0.830444652635915,-8.55222638336585,"sine",2,576
-0.761948427077374,-0.803221667052438,-8.45357509622085,"sine",2,577
-0.761948427077374,-0.803221667052438,-8.45357509622085,"sine",2,578
-0.761948427077374,-0.803221667052438,-8.45357509622085,"sine",2,579
-1.50308599471759,-0.975814012371184,-8.66222052726639,"sine",2,580
-0.921542896368552,-0.757732400094519,-8.824875428774,"sine",2,581
-0.667870557360699,-0.611167908161176,-8.35797111928545,"sine",2,582
-0.808934613080277,-0.886816150464185,-8.09982944193584,"sine",2,583
-0.570246736772866,-0.750772254617384,-8.75836349161018,"sine",2,584
-0.570246736772866,-0.750772254617384,-8.75836349161018,"sine",2,585
-0.529022398847377,-0.642815015794613,-8.72930137025827,"sine",2,586
-0.477133430484519,-0.761101904924534,-8.66014191697896,"sine",2,587
-0.477133430484519,-0.761101904924534,-8.66014191697896,"sine",2,588
-0.477133430484519,-0.761101904924534,-8.66014191697896,"sine",2,589
-0.477133430484519,-0.761101904924534,-8.66014191697896,"sine",2,590
0.0627683739488477,-0.471756771358811,-8.33871221787088,"sine",2,591
-0.194174376109619,-0.586892902777461,-8.65236010328955,"sine",2,592
-0.194174376109619,-0.586892902777461,-8.65236010328955,"sine",2,593
-0.553601920640978,-0.764981333243249,-8.31566228716766,"sine",2,594
-0.553601920640978,-0.764981333243249,-8.31566228716766,"sine",2,595
-0.553601920640978,-0.764981333243249,-8.31566228716766,"sine",2,596
-1.49676729229712,-0.99117385236116,-8.72007322185796,"sine",2,597
-1.37727572734875,-0.773450279097625,-8.23390026910521,"sine",2,598
-0.457738740075526,-0.602153308962539,-8.64372462487604,"sine",2,599
-0.679330286073134,-0.658653626203758,-8.77092794361431,"sine",2,600
-0.8603053496343,-0.812054026878164,-8.93130066429956,"sine",2,601
-0.8603053496343,-0.812054026878164,-8.93130066429956,"sine",2,602
-0.8603053496343,-0.812054026878164,-8.93130066429956,"sine",2,603
-0.600814884241121,-0.810259212881199,-8.84939489858255,"sine",2,604
-0.264801251738348,-0.508327348211836,-8.83190724045282,"sine",2,605
-0.320364629652127,-0.65324376168912,-8.63375593039969,"sine",2,606
-0.370436497428674,-0.730411600310818,-8.79571552704717,"sine",2,607
-0.370436497428674,-0.730411600310818,-8.79571552704717,"sine",2,608
-0.893103233867236,-0.823121731810038,-9.26957656728769,"sine",2,609
-0.307643818403636,-0.484113662984625,-8.64771633271176,"sine",2,610
-1.17964338665673,-0.850190665495838,-8.73859190081805,"sine",2,611
-0.911161253803699,-0.642847409799524,-8.90827889001718,"sine",2,612
-1.10372967528448,-0.943580776713855,-8.97810996674334,"sine",2,613
0.128443276353691,-0.360019172000105,-8.25717123144696,"sine",2,614
0.128443276353691,-0.360019172000105,-8.25717123144696,"sine",2,615
0.128443276353691,-0.360019172000105,-8.25717123144696,"sine",2,616
-0.44894097690529,-0.454731810459472,-8.24594958391508,"sine",2,617
-1.09279627770205,-0.681119678645056,-8.34636607606554,"sine",2,618
-0.196747992089454,-0.692787813163513,-8.85522020472576,"sine",2,619
-1.32359968697709,-0.898918452276429,-8.40658557623405,"sine",2,620
-0.960403360971491,-0.657779545007002,-8.69760043839755,"sine",2,621
-1.23180382975176,-0.799461003815909,-8.55964332056204,"sine",2,622
-0.789118705628229,-0.765761207071857,-9.03537079444153,"sine",2,623
-0.786088949878746,-0.912102354190206,-8.40083522021171,"sine",2,624
-0.68394159847106,-0.672554140884858,-8.40636944352244,"sine",2,625
-1.04749353767751,-0.837411330704861,-9.095257772246,"sine",2,626
-0.765821056662974,-0.715504825730609,-8.69405987335888,"sine",2,627
-0.476498638777389,-0.704214073047908,-8.5023338964682,"sine",2,628
-0.157771439506848,-0.478801503766082,-8.62196119931214,"sine",2,629
-0.248797989985022,-0.55085074003922,-8.45777111263556,"sine",2,630
-0.248797989985022,-0.55085074003922,-8.45777111263556,"sine",2,631
-0.248797989985022,-0.55085074003922,-8.45777111263556,"sine",2,632
-0.248797989985022,-0.55085074003922,-8.45777111263556,"sine",2,633
-0.941238389707762,-0.739140233365546,-8.43576269565927,"sine",2,634
-0.941238389707762,-0.739140233365546,-8.43576269565927,"sine",2,635
-0.423000549516248,-0.766023167966835,-8.41065352068238,"sine",2,636
-1.22481925217673,-1.00243785635172,-8.64679328180813,"sine",2,637
-1.25156702574628,-0.90990686308183,-8.67667807972138,"sine",2,638
-1.15937691301352,-0.974797470017775,-8.83795258161037,"sine",2,639
-0.529864731136561,-0.639663952027048,-8.97901309025359,"sine",2,640
-0.885834930237674,-0.714027246065908,-8.88037937793421,"sine",2,641
-0.845479002567437,-0.701970253803737,-8.50367097386967,"sine",2,642
-0.845479002567437,-0.701970253803737,-8.50367097386967,"sine",2,643
-0.800785746561452,-0.872303098289581,-8.94855268723563,"sine",2,644
-1.39587163544937,-1.02551813513339,-8.46867488822751,"sine",2,645
-1.31318089116481,-1.02302155013353,-8.74277987703908,"sine",2,646
-0.645772666447034,-0.662192254525006,-8.81727669065028,"sine",2,647
-0.645772666447034,-0.662192254525006,-8.81727669065028,"sine",2,648
-0.645772666447034,-0.662192254525006,-8.81727669065028,"sine",2,649
-0.645772666447034,-0.662192254525006,-8.81727669065028,"sine",2,650
-0.903732560946226,-0.680745529182118,-8.42532945698849,"sine",2,651
-0.985183806547692,-0.881919291071455,-8.71623035987578,"sine",2,652
-0.469450067254942,-0.748569735944487,-8.94060701053039,"sine",2,653
-0.755023229432336,-0.713930566569476,-8.95776760287843,"sine",2,654
-0.20603612626857,-0.829298503150692,-8.5615620944749,"sine",2,655
-0.790242564704018,-0.869687628520133,-8.05535139092065,"sine",2,656
-0.750446104073662,-0.59921778632285,-8.3596689213941,"sine",2,657
-0.3715971137721,-0.667134265060744,-8.27451688503566,"sine",2,658
-0.0970381587392985,-0.566176171906164,-8.30692414370623,"sine",2,659
-0.931734118633626,-0.912394915276847,-8.27066507226767,"sine",2,660
-0.931734118633626,-0.912394915276847,-8.27066507226767,"sine",2,661
-1.39964981566534,-0.870960131959123,-8.04434338879536,"sine",2,662
-0.853966449931365,-0.822979859651219,-8.07869171153265,"sine",2,663
-0.465403664622493,-0.669222166633313,-8.02050238290775,"sine",2,664
-0.263725981911829,-0.702558345445073,-8.10261841240061,"sine",2,665
-0.703274261425507,-0.856119474732876,-8.34674931846029,"sine",2,666
-0.661336552372628,-0.61626591704505,-8.51698640450529,"sine",2,667
-0.191932388162256,-0.425969578233503,-8.59731190868737,"sine",2,668
-0.324259380595083,-0.769995830471626,-8.66035995024811,"sine",2,669
-0.193637292933215,-0.474614957415175,-8.39482531776449,"sine",2,670
-0.193637292933215,-0.474614957415175,-8.39482531776449,"sine",2,671
-0.53828769719047,-0.826973624954432,-8.30684290877828,"sine",2,672
-0.612872121544317,-0.803343503342399,-8.19405330054189,"sine",2,673
-1.01200472570216,-0.873911622488064,-8.47267630001676,"sine",2,674
-1.23225915474444,-0.947768675310974,-8.50431359699321,"sine",2,675
-0.498526493007974,-0.702929366325462,-8.40232739248082,"sine",2,676
-0.498526493007974,-0.702929366325462,-8.40232739248082,"sine",2,677
-0.498526493007974,-0.702929366325462,-8.40232739248082,"sine",2,678
-0.826330001483152,-0.623989608358672,-8.54464960053794,"sine",2,679
-0.743285705384395,-0.760760594224761,-8.47803212703724,"sine",2,680
-0.743285705384395,-0.760760594224761,-8.47803212703724,"sine",2,681
-0.743285705384395,-0.760760594224761,-8.47803212703724,"sine",2,682
-0.541996612646937,-0.803580872423662,-8.68478299436852,"sine",2,683
-0.772194444225955,-0.719500076053794,-8.59345452650409,"sine",2,684
-0.772194444225955,-0.719500076053794,-8.59345452650409,"sine",2,685
-0.772194444225955,-0.719500076053794,-8.59345452650409,"sine",2,686
-0.52092880634144,-0.60483026710009,-8.23882219007091,"sine",2,687
-0.808582043379655,-0.745041624181885,-8.44434724205565,"sine",2,688
-0.808582043379655,-0.745041624181885,-8.44434724205565,"sine",2,689
-0.806835954120079,-0.897675217853732,-8.65129043572619,"sine",2,690
-1.10004118475686,-1.01579577552722,-8.10060315211351,"sine",2,691
-0.20430100937316,-0.635615708718675,-8.73631644108186,"sine",2,692
-1.40451559045802,-1.10640224611458,-8.39231704230765,"sine",2,693
-0.983147966180602,-0.858883701295634,-8.48280808897684,"sine",2,694
-0.983147966180602,-0.858883701295634,-8.48280808897684,"sine",2,695
-0.380341000050872,-0.756126768068624,-8.50403370397633,"sine",2,696
-0.695218612498601,-0.782626895049956,-8.48755636069939,"sine",2,697
-1.21541298597277,-0.881055528686392,-8.86971129946928,"sine",2,698
-0.602986955407878,-0.749019067775241,-9.10128578499046,"sine",2,699
-0.807519059130495,-0.872792960102649,-8.48175679497276,"sine",2,700
-0.665737676933707,-0.67233764608317,-8.14670687511055,"sine",3,1
-0.665737676933707,-0.67233764608317,-8.14670687511055,"sine",3,2
-0.377103995803442,-0.519219058070992,-8.53444583250413,"sine",3,3
-0.539709606019163,-0.687017732977394,-8.19849113417703,"sine",3,4
-0.539709606019163,-0.687017732977394,-8.19849113417703,"sine",3,5
-0.761911055738453,-0.713192879446494,-8.66945642762607,"sine",3,6
-0.761911055738453,-0.713192879446494,-8.66945642762607,"sine",3,7
-0.761911055738453,-0.713192879446494,-8.66945642762607,"sine",3,8
-0.761911055738453,-0.713192879446494,-8.66945642762607,"sine",3,9
-0.757996930524973,-0.702466494924284,-8.64359874625852,"sine",3,10
-0.763463922724516,-0.763248269499883,-8.38518041778344,"sine",3,11
-0.763463922724516,-0.763248269499883,-8.38518041778344,"sine",3,12
-0.763463922724516,-0.763248269499883,-8.38518041778344,"sine",3,13
-0.763463922724516,-0.763248269499883,-8.38518041778344,"sine",3,14
-0.986512236474958,-0.975527391038531,-8.11695278824164,"sine",3,15
-0.794625114065249,-0.953083717644506,-8.3759068166518,"sine",3,16
-0.794625114065249,-0.953083717644506,-8.3759068166518,"sine",3,17
-0.427025630084534,-0.788003095473737,-8.34071065364972,"sine",3,18
-0.908071880992443,-0.710406569509167,-8.11282245833907,"sine",3,19
-0.908071880992443,-0.710406569509167,-8.11282245833907,"sine",3,20
-1.32857983638278,-0.850669088937892,-8.38527354424976,"sine",3,21
-0.78340258775301,-0.654863295787966,-8.02500635569416,"sine",3,22
-0.357954659796308,-0.596560341091602,-8.33952886711893,"sine",3,23
-0.422627170292067,-0.597045970400269,-8.38713705814824,"sine",3,24
-0.312389989683237,-0.630570395925604,-8.5554841735376,"sine",3,25
-0.525677073957402,-0.589902633551387,-8.41586804846983,"sine",3,26
-0.525677073957402,-0.589902633551387,-8.41586804846983,"sine",3,27
-0.139929644350289,-0.632148693911481,-8.1394928180741,"sine",3,28
-0.139929644350289,-0.632148693911481,-8.1394928180741,"sine",3,29
-0.768559918351124,-0.722665739352481,-7.96766059074212,"sine",3,30
-1.24327412782733,-0.937758195042613,-8.3432071029151,"sine",3,31
-1.24327412782733,-0.937758195042613,-8.3432071029151,"sine",3,32
-0.828101587229215,-0.759753233159512,-8.39956417822829,"sine",3,33
-1.04984270591653,-0.941034616316341,-8.88774177939185,"sine",3,34
-1.16198915619495,-1.06156589518702,-8.42577823677414,"sine",3,35
-0.393090231903989,-0.490744148723316,-8.11571886706083,"sine",3,36
-0.393090231903989,-0.490744148723316,-8.11571886706083,"sine",3,37
-0.393090231903989,-0.490744148723316,-8.11571886706083,"sine",3,38
-0.393090231903989,-0.490744148723316,-8.11571886706083,"sine",3,39
-0.765374148633841,-0.660953605784252,-8.56443692708896,"sine",3,40
-0.765374148633841,-0.660953605784252,-8.56443692708896,"sine",3,41
-0.765374148633841,-0.660953605784252,-8.56443692708896,"sine",3,42
-0.759669172122014,-0.6352262638355,-8.94072390826183,"sine",3,43
-0.567445769620198,-0.527448085435641,-8.71871833876043,"sine",3,44
-0.97419808600756,-0.836093317938659,-8.18015931810871,"sine",3,45
-0.797774693778443,-0.695640940204793,-8.33582982838414,"sine",3,46
-0.797774693778443,-0.695640940204793,-8.33582982838414,"sine",3,47
-0.797774693778443,-0.695640940204793,-8.33582982838414,"sine",3,48
-0.797774693778443,-0.695640940204793,-8.33582982838414,"sine",3,49
-0.478133207648567,-0.5269396236605,-8.42158441047813,"sine",3,50
-0.478133207648567,-0.5269396236605,-8.42158441047813,"sine",3,51
-0.478133207648567,-0.5269396236605,-8.42158441047813,"sine",3,52
-0.478133207648567,-0.5269396236605,-8.42158441047813,"sine",3,53
-0.44199891777528,-0.569071131132683,-8.36269855334718,"sine",3,54
-0.499763883590929,-0.776638646422698,-8.59414506304938,"sine",3,55
-1.11743097436007,-0.818293458581949,-8.47666252351682,"sine",3,56
-1.06886162667444,-0.802336417976703,-8.26823834330677,"sine",3,57
0.000166937782371868,-0.316824664362167,-8.71612010405148,"sine",3,58
-0.257383852589645,-0.489259225064609,-9.00197801940929,"sine",3,59
-1.55486397477872,-1.07366137039384,-9.28160766322258,"sine",3,60
-0.274554369641658,-0.328436818678347,-9.30296621045883,"sine",3,61
-0.378037360059216,-0.444269950804831,-8.41771138483309,"sine",3,62
-0.585275881309068,-0.504772290646167,-8.10868335449252,"sine",3,63
-0.362206758666407,-0.440042253409204,-8.27493929383312,"sine",3,64
-0.307245336824107,-0.693781939609123,-8.24105600067595,"sine",3,65
-0.757250297460663,-0.900846327667345,-8.50933108081687,"sine",3,66
-0.757250297460663,-0.900846327667345,-8.50933108081687,"sine",3,67
-0.957841684040842,-0.749335269350114,-8.57030090179418,"sine",3,68
-0.709740896677602,-0.671202768870583,-8.55257489155195,"sine",3,69
0.0338091420682995,-0.715304074943398,-8.84092908787725,"sine",3,70
-0.971599140821127,-1.03089892939891,-8.4719583917508,"sine",3,71
-0.815961922822774,-0.806208359672024,-8.61728664014873,"sine",3,72
-0.849836775883961,-0.959492736340865,-8.36289612887851,"sine",3,73
-1.32387031395188,-0.957267335253883,-8.34444982035047,"sine",3,74
-1.32387031395188,-0.957267335253883,-8.34444982035047,"sine",3,75
-1.16808989314124,-0.90663261506228,-8.31314637786389,"sine",3,76
-1.16808989314124,-0.90663261506228,-8.31314637786389,"sine",3,77
-1.16808989314124,-0.90663261506228,-8.31314637786389,"sine",3,78
-1.59498306189605,-0.893826782937813,-8.18696036962335,"sine",3,79
-1.61025943144176,-0.949264111591586,-8.51235963322507,"sine",3,80
-0.76291341572306,-0.779107856416694,-8.52549191095754,"sine",3,81
-0.787912629274137,-0.835367509717402,-8.18155939420261,"sine",3,82
-0.873418937426001,-0.867341307052886,-8.3336499344762,"sine",3,83
-0.873418937426001,-0.867341307052886,-8.3336499344762,"sine",3,84
-1.07167356200597,-0.9282014907672,-8.4480125209266,"sine",3,85
-1.07167356200597,-0.9282014907672,-8.4480125209266,"sine",3,86
-1.07167356200597,-0.9282014907672,-8.4480125209266,"sine",3,87
-0.234470050579362,-0.734280826479096,-8.76325281118559,"sine",3,88
-0.156358816716086,-0.639803123057801,-8.60034458966907,"sine",3,89
-0.156358816716086,-0.639803123057801,-8.60034458966907,"sine",3,90
-0.532913205995526,-0.812268689975863,-8.67489967587123,"sine",3,91
-1.11060622587295,-0.888179216436391,-8.71748247918987,"sine",3,92
-1.11060622587295,-0.888179216436391,-8.71748247918987,"sine",3,93
-0.893897659219079,-0.691236103291355,-8.52884773083925,"sine",3,94
-0.489906902547418,-0.611199871775531,-8.16794298870688,"sine",3,95
-0.589827983314137,-0.578983145172342,-9.01257997925669,"sine",3,96
-0.483093907599352,-0.701139195172519,-8.61302132654838,"sine",3,97
-0.776490744925082,-0.715626964393871,-8.63134304660867,"sine",3,98
-0.483023834523622,-0.49375087046862,-8.40795642924224,"sine",3,99
-0.166385045728239,-0.59603849994163,-8.14770936387828,"sine",3,100
-0.587498567669883,-0.635534699868639,-8.37246249516989,"sine",3,101
-0.777510782155876,-0.691085161330891,-8.49323997354534,"sine",3,102
-1.26764347569094,-0.831508690785865,-8.23187620853216,"sine",3,103
-0.835635847496709,-0.545802825489988,-8.05896757637438,"sine",3,104
-1.10688847458549,-0.95234418151212,-8.10349045822067,"sine",3,105
-0.868945218148683,-0.780130766511609,-8.57633873338223,"sine",3,106
-0.868945218148683,-0.780130766511609,-8.57633873338223,"sine",3,107
-1.2536363462602,-0.928923379386665,-8.51077604799349,"sine",3,108
-1.0473395151593,-0.748675393406018,-8.91213327218926,"sine",3,109
-1.0473395151593,-0.748675393406018,-8.91213327218926,"sine",3,110
-0.702282043555248,-0.546680099084655,-8.11210543697333,"sine",3,111
-0.702282043555248,-0.546680099084655,-8.11210543697333,"sine",3,112
-0.108629797373916,-0.254687044707947,-8.8306007621875,"sine",3,113
-0.353322501573291,-0.297418620770338,-8.31802428310738,"sine",3,114
-1.22222296255467,-0.815770725125212,-8.02293250445466,"sine",3,115
-0.946338699623531,-0.761871265040929,-8.43990141677667,"sine",3,116
-0.579440843080014,-0.753179993870657,-8.86263369582964,"sine",3,117
-0.194631244639749,-0.438731073822488,-8.35571524893854,"sine",3,118
-0.475167552540003,-0.54663624341445,-8.19513561567226,"sine",3,119
-0.475167552540003,-0.54663624341445,-8.19513561567226,"sine",3,120
-0.475167552540003,-0.54663624341445,-8.19513561567226,"sine",3,121
-0.475167552540003,-0.54663624341445,-8.19513561567226,"sine",3,122
-0.777636043495716,-0.824710318632843,-8.0010816848896,"sine",3,123
-0.654032533590789,-0.730740450097208,-8.03658682420219,"sine",3,124
-0.862117873026828,-0.600711536762015,-7.91620386757587,"sine",3,125
-0.862117873026828,-0.600711536762015,-7.91620386757587,"sine",3,126
-0.626625751930998,-0.5404855755536,-8.14676740476044,"sine",3,127
-0.417511547578927,-0.675864272035256,-8.11714242939633,"sine",3,128
-0.465156858377383,-0.909427598130849,-8.49003104143805,"sine",3,129
-0.431291382876595,-0.528709687369287,-8.96700515631027,"sine",3,130
-0.240880103851389,-0.515764398642384,-8.57140490039709,"sine",3,131
-0.240880103851389,-0.515764398642384,-8.57140490039709,"sine",3,132
-0.240880103851389,-0.515764398642384,-8.57140490039709,"sine",3,133
-0.219476773793683,-0.628167729738712,-8.48481727538419,"sine",3,134
-0.775413422029479,-0.735072263752416,-8.60631097860592,"sine",3,135
-0.657304938843847,-0.691798716090877,-8.24186854821235,"sine",3,136
0.114428222731036,-0.540131741080897,-8.13692560625932,"sine",3,137
-1.00768638137671,-0.886871697448114,-9.04957468983661,"sine",3,138
-1.15900188325709,-1.00450929199067,-8.86293089570287,"sine",3,139
-1.18616093382243,-1.03216299572651,-8.49094859508259,"sine",3,140
-1.18616093382243,-1.03216299572651,-8.49094859508259,"sine",3,141
0.0103027402239881,-0.500026817220445,-8.39673947937109,"sine",3,142
0.0103027402239881,-0.500026817220445,-8.39673947937109,"sine",3,143
-0.0266710002208339,-0.45235481922831,-8.52030208777107,"sine",3,144
-0.382007461653288,-0.609054761434518,-8.85755680491683,"sine",3,145
-0.450990078837678,-0.515364280489332,-8.48242200670043,"sine",3,146
-0.921106930478344,-0.719344901529583,-8.63296094285822,"sine",3,147
-0.921106930478344,-0.719344901529583,-8.63296094285822,"sine",3,148
-0.921106930478344,-0.719344901529583,-8.63296094285822,"sine",3,149
-0.0957705298205699,-0.394300808466023,-8.90288755257347,"sine",3,150
-0.0957705298205699,-0.394300808466023,-8.90288755257347,"sine",3,151
-0.0957705298205699,-0.394300808466023,-8.90288755257347,"sine",3,152
-0.515923861345753,-0.8258985739566,-8.35154056269934,"sine",3,153
-0.459050717071853,-0.611240467653473,-8.29487923423397,"sine",3,154
-0.527088605583617,-0.775123513857501,-8.85060170785282,"sine",3,155
-0.749492374384872,-0.706119241732036,-8.84208348813054,"sine",3,156
-0.749492374384872,-0.706119241732036,-8.84208348813054,"sine",3,157
-1.53458961719146,-0.82441877384191,-8.58003941306759,"sine",3,158
-1.37205721852548,-0.947878884434596,-8.8108492605686,"sine",3,159
-1.37205721852548,-0.947878884434596,-8.8108492605686,"sine",3,160
-1.37205721852548,-0.947878884434596,-8.8108492605686,"sine",3,161
-0.669471743178028,-0.652942188032972,-9.1970948496008,"sine",3,162
0.16427226153512,-0.395379646345855,-9.0156111333218,"sine",3,163
0.155922888682074,-0.545958531694909,-8.68303426674934,"sine",3,164
0.155922888682074,-0.545958531694909,-8.68303426674934,"sine",3,165
0.155922888682074,-0.545958531694909,-8.68303426674934,"sine",3,166
-0.373520522869854,-0.453232840878008,-8.53904059875482,"sine",3,167
-0.79373616268987,-0.694963261277459,-8.73494740629701,"sine",3,168
-0.79373616268987,-0.694963261277459,-8.73494740629701,"sine",3,169
-0.626484144129966,-0.784063854156156,-8.50663454223799,"sine",3,170
-0.760806083717098,-0.897242825402928,-8.35507676754635,"sine",3,171
-0.0960258930270429,-0.412911216834116,-8.37438834603273,"sine",3,172
-0.361676637398463,-0.610886358671809,-8.3046754730918,"sine",3,173
-1.43693723024449,-0.95926009152074,-8.36105487477882,"sine",3,174
-1.08126181021492,-0.883595130677436,-8.34050447666969,"sine",3,175
-1.08126181021492,-0.883595130677436,-8.34050447666969,"sine",3,176
-1.08126181021492,-0.883595130677436,-8.34050447666969,"sine",3,177
-1.08126181021492,-0.883595130677436,-8.34050447666969,"sine",3,178
-1.08126181021492,-0.883595130677436,-8.34050447666969,"sine",3,179
-1.08126181021492,-0.883595130677436,-8.34050447666969,"sine",3,180
-0.330170657107062,-0.717632084626066,-8.77982486318751,"sine",3,181
-0.980261009582077,-0.794280798688365,-8.42306914295197,"sine",3,182
-0.980261009582077,-0.794280798688365,-8.42306914295197,"sine",3,183
-1.14400876833662,-0.804907971539289,-8.42363974932775,"sine",3,184
-0.505408844947454,-0.689168337494237,-8.42856190216998,"sine",3,185
-1.1536089293812,-0.907116062646822,-8.55686839495837,"sine",3,186
-1.1536089293812,-0.907116062646822,-8.55686839495837,"sine",3,187
-1.1536089293812,-0.907116062646822,-8.55686839495837,"sine",3,188
-0.826883432989038,-0.757041152457877,-8.74983483966065,"sine",3,189
-0.826883432989038,-0.757041152457877,-8.74983483966065,"sine",3,190
-0.730298705587722,-0.741570920307214,-8.1206618205507,"sine",3,191
-0.787878518559106,-0.830398702345799,-8.36267009978868,"sine",3,192
-0.339105377855787,-0.687629057518596,-8.28776933480984,"sine",3,193
-1.28715490267092,-0.939012683585361,-8.53907996830326,"sine",3,194
-0.713149467244586,-0.942033927837866,-8.04522011325993,"sine",3,195
-0.994579096516779,-1.16013408283529,-8.5118079397301,"sine",3,196
-0.994579096516779,-1.16013408283529,-8.5118079397301,"sine",3,197
-0.947401136281112,-1.02523944770265,-7.89660848761266,"sine",3,198
-1.14599037255655,-0.916841228789,-8.31020855613607,"sine",3,199
-1.14599037255655,-0.916841228789,-8.31020855613607,"sine",3,200
-0.896770476011949,-0.852364036416134,-8.57344650917436,"sine",3,201
-0.707275542640551,-0.900660627704575,-8.46676035253148,"sine",3,202
-0.707275542640551,-0.900660627704575,-8.46676035253148,"sine",3,203
-0.707275542640551,-0.900660627704575,-8.46676035253148,"sine",3,204
-0.707275542640551,-0.900660627704575,-8.46676035253148,"sine",3,205
-0.407683003901388,-0.691444023624896,-8.4381579202222,"sine",3,206
-0.407683003901388,-0.691444023624896,-8.4381579202222,"sine",3,207
-0.407683003901388,-0.691444023624896,-8.4381579202222,"sine",3,208
-0.398637181360914,-0.634210007138235,-8.28721401095338,"sine",3,209
-0.398637181360914,-0.634210007138235,-8.28721401095338,"sine",3,210
-0.398637181360914,-0.634210007138235,-8.28721401095338,"sine",3,211
-0.398637181360914,-0.634210007138235,-8.28721401095338,"sine",3,212
-0.398637181360914,-0.634210007138235,-8.28721401095338,"sine",3,213
-0.398637181360914,-0.634210007138235,-8.28721401095338,"sine",3,214
-0.398637181360914,-0.634210007138235,-8.28721401095338,"sine",3,215
-0.398637181360914,-0.634210007138235,-8.28721401095338,"sine",3,216
-0.869767879576248,-0.773179683877118,-8.32474218993728,"sine",3,217
-0.434422622832756,-0.651875588887641,-8.73435203012591,"sine",3,218
-0.434422622832756,-0.651875588887641,-8.73435203012591,"sine",3,219
-0.434422622832756,-0.651875588887641,-8.73435203012591,"sine",3,220
-0.842931494438856,-0.774347317626005,-8.20014135021435,"sine",3,221
-0.842931494438856,-0.774347317626005,-8.20014135021435,"sine",3,222
-0.842931494438856,-0.774347317626005,-8.20014135021435,"sine",3,223
-0.853043079466343,-0.600124783036215,-8.41784360787439,"sine",3,224
-0.853043079466343,-0.600124783036215,-8.41784360787439,"sine",3,225
-0.853043079466343,-0.600124783036215,-8.41784360787439,"sine",3,226
-0.853043079466343,-0.600124783036215,-8.41784360787439,"sine",3,227
-1.13248756664068,-0.634480995982301,-8.39785350006912,"sine",3,228
-0.645039105708435,-0.553482601229441,-9.09005570043293,"sine",3,229
-0.335323095686929,-0.539146954133343,-8.01998618805053,"sine",3,230
-0.335323095686929,-0.539146954133343,-8.01998618805053,"sine",3,231
-0.94504541736574,-0.746339666210002,-8.15545617027563,"sine",3,232
-0.00783114974601917,-0.363992161233656,-8.36712780286402,"sine",3,233
-0.00783114974601917,-0.363992161233656,-8.36712780286402,"sine",3,234
-0.402757468328431,-0.629062469107203,-8.4603075280466,"sine",3,235
-0.402757468328431,-0.629062469107203,-8.4603075280466,"sine",3,236
-0.306343082980275,-0.698741535102725,-8.59493445220489,"sine",3,237
-0.495638959124168,-0.708257255326319,-8.56847823715272,"sine",3,238
-0.495638959124168,-0.708257255326319,-8.56847823715272,"sine",3,239
-0.580645967577596,-0.779094716821992,-8.6382977688544,"sine",3,240
-0.528124111753616,-0.687484035357589,-8.07681568636173,"sine",3,241
-0.389415758166027,-0.724256913890463,-8.33658074040161,"sine",3,242
-0.389415758166027,-0.724256913890463,-8.33658074040161,"sine",3,243
-0.442616401998294,-0.616834123873358,-8.92917265357827,"sine",3,244
-0.511067217938057,-0.551757220456394,-8.92351961917977,"sine",3,245
-0.669230851536085,-0.619167112613682,-8.65435348566218,"sine",3,246
-0.669230851536085,-0.619167112613682,-8.65435348566218,"sine",3,247
-0.669230851536085,-0.619167112613682,-8.65435348566218,"sine",3,248
-0.669230851536085,-0.619167112613682,-8.65435348566218,"sine",3,249
-0.0865831758576198,-0.325305666787929,-8.46961331100836,"sine",3,250
-0.519096344919543,-0.504659753084066,-8.42892375276148,"sine",3,251
-1.62020222643913,-1.0595094438083,-8.90769343753498,"sine",3,252
-0.280774365838014,-0.63590353818934,-9.41731571180246,"sine",3,253
0.162466314879381,-0.255152910863277,-8.45568099837281,"sine",3,254
-0.946592911764446,-0.844946601836234,-8.87886542062858,"sine",3,255
-0.176408486113192,-0.566773570735513,-8.27195072289184,"sine",3,256
-0.810373298753436,-0.79347265482981,-8.38615587128809,"sine",3,257
-0.810373298753436,-0.79347265482981,-8.38615587128809,"sine",3,258
-0.810373298753436,-0.79347265482981,-8.38615587128809,"sine",3,259
-0.810373298753436,-0.79347265482981,-8.38615587128809,"sine",3,260
-0.3414685804022,-0.587204648938048,-8.73657540261232,"sine",3,261
-0.201132217014316,-0.784758266442558,-8.77725638785451,"sine",3,262
-1.15390723658269,-0.964689667618966,-8.63248209157797,"sine",3,263
-1.15390723658269,-0.964689667618966,-8.63248209157797,"sine",3,264
-1.14215601046265,-0.860482572626509,-8.67618407200713,"sine",3,265
-1.37989474849553,-0.890964628876701,-8.75119302566036,"sine",3,266
-1.00207457690125,-0.6105730781182,-8.46556663593757,"sine",3,267
-1.00207457690125,-0.6105730781182,-8.46556663593757,"sine",3,268
-1.28642914104334,-0.901413581657587,-8.61653224681571,"sine",3,269
-0.216956476397436,-0.554973022366908,-8.81604719538565,"sine",3,270
-1.29935556750113,-0.792297479022947,-8.78554135364674,"sine",3,271
-1.29935556750113,-0.792297479022947,-8.78554135364674,"sine",3,272
-1.29935556750113,-0.792297479022947,-8.78554135364674,"sine",3,273
-0.974998555707466,-0.857856476769545,-8.79744628675295,"sine",3,274
-0.974998555707466,-0.857856476769545,-8.79744628675295,"sine",3,275
-1.47680166908509,-0.91985970924671,-8.44125478669002,"sine",3,276
-0.49947012257728,-0.466983205698989,-8.21771379573961,"sine",3,277
-1.06743911920189,-0.746707191234732,-8.32212742346126,"sine",3,278
-1.06743911920189,-0.746707191234732,-8.32212742346126,"sine",3,279
-1.47113254217893,-0.963521798685775,-8.60587016579631,"sine",3,280
-0.639777027499265,-0.788097078825435,-9.21316645481183,"sine",3,281
-0.255700254458996,-0.435552394634331,-8.38176164700654,"sine",3,282
-0.773728721420511,-0.942704049863079,-8.52503481856825,"sine",3,283
-0.773728721420511,-0.942704049863079,-8.52503481856825,"sine",3,284
-0.476087360116578,-0.617641531844404,-8.76503617635468,"sine",3,285
-0.512276314780944,-0.768575332134904,-8.45138572959674,"sine",3,286
-0.512276314780944,-0.768575332134904,-8.45138572959674,"sine",3,287
-0.258922964596823,-0.595245585140055,-8.98168022803288,"sine",3,288
-0.540920225945062,-0.521784879223278,-8.42117851511202,"sine",3,289
-0.377601624295777,-0.511033830740157,-8.58854673930828,"sine",3,290
-0.377601624295777,-0.511033830740157,-8.58854673930828,"sine",3,291
-0.377601624295777,-0.511033830740157,-8.58854673930828,"sine",3,292
-0.678088974207906,-0.683291791627158,-8.35102757356609,"sine",3,293
-0.648848206760027,-0.75543368736242,-8.62419977956601,"sine",3,294
-0.648848206760027,-0.75543368736242,-8.62419977956601,"sine",3,295
-0.648848206760027,-0.75543368736242,-8.62419977956601,"sine",3,296
-0.614273067852239,-0.803836393973434,-8.87736607777838,"sine",3,297
-0.319165437864158,-0.654097774833257,-8.84701573350111,"sine",3,298
-0.492639165354517,-0.593703342811995,-9.03429077473772,"sine",3,299
-0.492639165354517,-0.593703342811995,-9.03429077473772,"sine",3,300
-0.492639165354517,-0.593703342811995,-9.03429077473772,"sine",3,301
-0.113822081692015,-0.369558458900192,-9.14258883749471,"sine",3,302
-0.113822081692015,-0.369558458900192,-9.14258883749471,"sine",3,303
-0.892159654538904,-0.558270213318783,-8.69836434701452,"sine",3,304
-0.837602332883989,-0.661164804782569,-8.57294422413722,"sine",3,305
-0.484862472465599,-0.776161674662432,-8.61221122007155,"sine",3,306
0.128668428267595,-0.461118456560209,-8.6994089442959,"sine",3,307
-0.084518098914508,-0.647949685137799,-8.09428372408183,"sine",3,308
-0.36538277717363,-0.546914472068612,-8.03937995834349,"sine",3,309
0.149836166114424,-0.466215721349782,-7.81789412886285,"sine",3,310
-0.288864056851285,-0.560570504950737,-7.99841968937456,"sine",3,311
0.096929482301752,-0.247750128462072,-8.29016213834862,"sine",3,312
-0.513131373393297,-0.685621143095163,-8.47869296048697,"sine",3,313
-0.909372866920258,-0.706308932033384,-8.67659240902075,"sine",3,314
-1.22769446781348,-0.911410217961175,-8.38004973183497,"sine",3,315
-0.0511533960700057,-0.58564985188553,-8.48746427275559,"sine",3,316
-0.349889414483366,-0.5953543944481,-8.56794193018463,"sine",3,317
-0.349889414483366,-0.5953543944481,-8.56794193018463,"sine",3,318
-0.349889414483366,-0.5953543944481,-8.56794193018463,"sine",3,319
-0.349889414483366,-0.5953543944481,-8.56794193018463,"sine",3,320
-0.349889414483366,-0.5953543944481,-8.56794193018463,"sine",3,321
-0.276547230335091,-0.467707952636904,-8.68335840653034,"sine",3,322
-0.366452022762852,-0.657810674374699,-8.25496073031928,"sine",3,323
-0.366452022762852,-0.657810674374699,-8.25496073031928,"sine",3,324
-0.963075817210353,-0.881167760384814,-8.13828663983436,"sine",3,325
-0.983166229690012,-0.745511459943365,-8.43405426749153,"sine",3,326
-0.983166229690012,-0.745511459943365,-8.43405426749153,"sine",3,327
-1.0987243851906,-0.925683880545691,-8.45387683477884,"sine",3,328
-0.408454544292278,-0.852173166396925,-8.06030408056853,"sine",3,329
-0.86847702888705,-1.07226542910121,-7.9635041311744,"sine",3,330
-0.756255570616363,-0.579803472145575,-8.18138522645194,"sine",3,331
-0.975707818163538,-0.844250270340866,-8.41522228028376,"sine",3,332
-0.975707818163538,-0.844250270340866,-8.41522228028376,"sine",3,333
-0.975707818163538,-0.844250270340866,-8.41522228028376,"sine",3,334
-0.907238347065744,-0.852644992360774,-8.49143378973141,"sine",3,335
-0.907238347065744,-0.852644992360774,-8.49143378973141,"sine",3,336
-1.04526819496128,-0.857611528026852,-8.48276214347697,"sine",3,337
-1.04526819496128,-0.857611528026852,-8.48276214347697,"sine",3,338
-1.04526819496128,-0.857611528026852,-8.48276214347697,"sine",3,339
-1.01487086127494,-0.804807890009164,-8.34598220568983,"sine",3,340
-0.334020640418816,-0.574489155967451,-8.41805793642341,"sine",3,341
-0.334020640418816,-0.574489155967451,-8.41805793642341,"sine",3,342
-0.334020640418816,-0.574489155967451,-8.41805793642341,"sine",3,343
-0.334020640418816,-0.574489155967451,-8.41805793642341,"sine",3,344
-0.434337445901197,-0.617397276070838,-8.28592803861607,"sine",3,345
-0.500635841143891,-0.631260208908098,-8.58711728391564,"sine",3,346
-0.0187459713341511,-0.548279473497093,-8.26498658741445,"sine",3,347
-0.401032706081014,-0.566664223794896,-8.54322504762228,"sine",3,348
-0.0679490009121775,-0.502498093730247,-8.45057069303723,"sine",3,349
-0.470163029565009,-0.747712865716869,-8.62240945734537,"sine",3,350
-0.393284805549175,-0.699593642452291,-9.109237736257,"sine",3,351
-0.674883075776789,-0.709873266884442,-9.01203325281001,"sine",3,352
-0.542177681453356,-0.635129350727554,-8.5233199023276,"sine",3,353
-0.542177681453356,-0.635129350727554,-8.5233199023276,"sine",3,354
-0.542177681453356,-0.635129350727554,-8.5233199023276,"sine",3,355
-0.851683650277498,-0.799768641953595,-8.39459649486085,"sine",3,356
-0.851683650277498,-0.799768641953595,-8.39459649486085,"sine",3,357
-0.428119835048347,-0.662042208687567,-8.47842750021477,"sine",3,358
-1.16090260202903,-0.765798266128311,-8.49268806239543,"sine",3,359
-1.16090260202903,-0.765798266128311,-8.49268806239543,"sine",3,360
-1.16090260202903,-0.765798266128311,-8.49268806239543,"sine",3,361
-0.714084101691378,-0.641933878924255,-8.01004806680867,"sine",3,362
-0.716273545466993,-0.551442838111646,-8.19690182460891,"sine",3,363
-0.104726869485846,-0.371859713601193,-8.68321928295473,"sine",3,364
-0.104726869485846,-0.371859713601193,-8.68321928295473,"sine",3,365
-0.104726869485846,-0.371859713601193,-8.68321928295473,"sine",3,366
-0.183046196500901,-0.391473004774377,-8.17843816954544,"sine",3,367
0.139798888240009,-0.459583926889405,-8.7829118820496,"sine",3,368
-0.122703961046229,-0.428208428877475,-8.50907338211147,"sine",3,369
-0.122703961046229,-0.428208428877475,-8.50907338211147,"sine",3,370
0.119695613217054,-0.238784914477334,-8.22961855017798,"sine",3,371
-1.03571276185229,-0.879866436367719,-8.79487865155437,"sine",3,372
-1.07642546436912,-0.885783433132383,-8.39739446597368,"sine",3,373
-0.366201117016229,-0.533826122856755,-8.51014956405105,"sine",3,374
0.0290719459550353,-0.399853715913199,-8.39926186006554,"sine",3,375
-0.779484321457347,-0.60245580172355,-8.35395018599718,"sine",3,376
-0.625427373684692,-0.945288784618291,-8.74258328857005,"sine",3,377
-0.513838150731006,-0.641781434714394,-8.70696013841317,"sine",3,378
-1.0012747220537,-0.840477213539136,-8.70441838468395,"sine",3,379
-0.833633043772057,-0.722256710069289,-8.62546635138163,"sine",3,380
-0.633082754067881,-0.730262171054738,-8.74941265157367,"sine",3,381
-0.107768597038061,-0.40988116119994,-8.64778993631411,"sine",3,382
-0.897412467751262,-0.584710158235945,-8.55276856967298,"sine",3,383
-1.19382793994498,-0.727464982556056,-8.70559817929103,"sine",3,384
-1.19382793994498,-0.727464982556056,-8.70559817929103,"sine",3,385
-0.345752628714052,-0.615375699710718,-9.02507398007922,"sine",3,386
-0.189255483260062,-0.373206788271241,-8.71916621742204,"sine",3,387
-0.488975145140381,-0.531859171922387,-8.51743977324091,"sine",3,388
-0.488975145140381,-0.531859171922387,-8.51743977324091,"sine",3,389
-0.490339473781542,-0.517931704990836,-8.65287107832657,"sine",3,390
-1.34825387715415,-0.863462591330304,-8.87249541659063,"sine",3,391
-1.34825387715415,-0.863462591330304,-8.87249541659063,"sine",3,392
-0.949746706082929,-0.815399898435771,-8.89570970428829,"sine",3,393
-1.08349169366379,-0.704656165415114,-8.43878917845251,"sine",3,394
-1.21788053567701,-0.733051190661909,-8.80515280035011,"sine",3,395
-0.611671705088005,-0.496579841202325,-8.56261298492444,"sine",3,396
-0.94532481021111,-0.786331466842038,-9.0673818781139,"sine",3,397
-0.94532481021111,-0.786331466842038,-9.0673818781139,"sine",3,398
-0.94532481021111,-0.786331466842038,-9.0673818781139,"sine",3,399
-0.30529354605703,-0.513811697285558,-8.26495070673781,"sine",3,400
-0.876225941316618,-0.925775033265434,-8.60098239986902,"sine",3,401
-0.451500472730989,-0.63440614236111,-8.53818179146466,"sine",3,402
-0.451500472730989,-0.63440614236111,-8.53818179146466,"sine",3,403
-0.451500472730989,-0.63440614236111,-8.53818179146466,"sine",3,404
-0.704014304430358,-0.725647503394739,-8.626364171141,"sine",3,405
-0.621232328595577,-0.882964502418665,-8.40487771900041,"sine",3,406
-0.621232328595577,-0.882964502418665,-8.40487771900041,"sine",3,407
-0.427602533978035,-0.670544413038634,-8.49316784915461,"sine",3,408
-0.311786965315262,-0.61221935729598,-8.14774284980525,"sine",3,409
-0.886454139437981,-0.907059847986484,-8.68083017484266,"sine",3,410
-1.13364531134183,-1.04140210653636,-8.43579165879246,"sine",3,411
-0.508758483342678,-0.588847556860799,-9.05488257367065,"sine",3,412
-0.871351003646319,-0.888086542351696,-8.08896015050383,"sine",3,413
-0.871351003646319,-0.888086542351696,-8.08896015050383,"sine",3,414
-0.871351003646319,-0.888086542351696,-8.08896015050383,"sine",3,415
-0.218283729067962,-0.659980969928393,-8.18685636749575,"sine",3,416
-0.159261123933688,-0.514525691739624,-8.34360476383572,"sine",3,417
-0.731247833127457,-0.822207733857833,-9.27844381531636,"sine",3,418
-0.731247833127457,-0.822207733857833,-9.27844381531636,"sine",3,419
-0.968971961192766,-0.742328249052599,-8.40455133145134,"sine",3,420
-0.968971961192766,-0.742328249052599,-8.40455133145134,"sine",3,421
-1.21157096448674,-0.814213285001119,-8.47537157189329,"sine",3,422
-1.21157096448674,-0.814213285001119,-8.47537157189329,"sine",3,423
-1.21157096448674,-0.814213285001119,-8.47537157189329,"sine",3,424
-0.590222297164609,-0.657369009016566,-8.57687915749389,"sine",3,425
-0.590222297164609,-0.657369009016566,-8.57687915749389,"sine",3,426
-0.814677315461772,-0.742100273064879,-8.66340212763285,"sine",3,427
-0.814677315461772,-0.742100273064879,-8.66340212763285,"sine",3,428
-1.03810768106338,-1.00790267642682,-8.51370851000495,"sine",3,429
-1.03810768106338,-1.00790267642682,-8.51370851000495,"sine",3,430
-1.015024361573,-0.748065571383101,-8.31845928248673,"sine",3,431
-0.566809116790073,-0.583783227387084,-8.25253715735548,"sine",3,432
-0.423656119340902,-0.54674163179389,-8.31708844703591,"sine",3,433
-0.0355067855724079,-0.37443343188095,-7.98787552342501,"sine",3,434
-0.744252306737211,-0.612660752260067,-8.74308405133163,"sine",3,435
-0.427914243997773,-0.46540740711527,-8.14304515154525,"sine",3,436
-0.427914243997773,-0.46540740711527,-8.14304515154525,"sine",3,437
-0.563021652588792,-0.497852254641399,-8.22809086984712,"sine",3,438
-0.563021652588792,-0.497852254641399,-8.22809086984712,"sine",3,439
-0.27951730659939,-0.568309550735406,-8.3129081909824,"sine",3,440
-0.517803212977578,-0.695957854709594,-8.19270666642653,"sine",3,441
-0.229698431743983,-0.616922223782378,-8.41611346023734,"sine",3,442
-1.11229388892319,-0.925731157348097,-8.41212399300835,"sine",3,443
-1.11229388892319,-0.925731157348097,-8.41212399300835,"sine",3,444
-1.11229388892319,-0.925731157348097,-8.41212399300835,"sine",3,445
-1.11229388892319,-0.925731157348097,-8.41212399300835,"sine",3,446
-1.11229388892319,-0.925731157348097,-8.41212399300835,"sine",3,447
-1.11229388892319,-0.925731157348097,-8.41212399300835,"sine",3,448
-0.282451949189604,-0.573256922382655,-8.56764384928296,"sine",3,449
-0.282451949189604,-0.573256922382655,-8.56764384928296,"sine",3,450
-0.741467023675902,-0.65204976587351,-8.43847158666968,"sine",3,451
-0.71096953263715,-0.593201151355211,-8.18056050567458,"sine",3,452
-1.24519777819481,-0.78270281519161,-8.57333583833032,"sine",3,453
-0.575217793473542,-0.791767681984829,-8.6632974650327,"sine",3,454
-0.451183418474638,-0.61505626455567,-8.76741195967526,"sine",3,455
-0.451183418474638,-0.61505626455567,-8.76741195967526,"sine",3,456
-0.720231195053448,-0.725679460570638,-8.65914885132356,"sine",3,457
-0.527688888091661,-0.587514444341617,-8.64474906318616,"sine",3,458
-0.527688888091661,-0.587514444341617,-8.64474906318616,"sine",3,459
-1.13374930077148,-0.915146848696872,-8.69104326100791,"sine",3,460
-1.13374930077148,-0.915146848696872,-8.69104326100791,"sine",3,461
-0.778511887677538,-0.816273572552882,-8.40034459072767,"sine",3,462
-0.778511887677538,-0.816273572552882,-8.40034459072767,"sine",3,463
-0.760226237272622,-0.706868054229781,-8.64343327745113,"sine",3,464
-0.587639950074137,-0.684840309185832,-8.68274074474019,"sine",3,465
-0.143960486318898,-0.484649860171552,-8.28400068180533,"sine",3,466
-0.186399505817824,-0.562200309373128,-8.2605858493878,"sine",3,467
-0.91489140823008,-0.901555483231986,-8.70375520810661,"sine",3,468
-0.91489140823008,-0.901555483231986,-8.70375520810661,"sine",3,469
-0.678016034299502,-0.620359461926336,-9.01753691631744,"sine",3,470
-1.26290472279281,-0.960339325909986,-8.97873878671204,"sine",3,471
-1.22775423405189,-0.600050269181895,-8.36039182469509,"sine",3,472
-1.11751274874115,-0.667469483096698,-8.6333613349324,"sine",3,473
-0.154478710316545,-0.459746246599397,-8.35964203957565,"sine",3,474
-0.379486337387902,-0.75184292557098,-8.95252100749637,"sine",3,475
-0.946618987977595,-0.746904361231723,-8.47137375565796,"sine",3,476
-0.946618987977595,-0.746904361231723,-8.47137375565796,"sine",3,477
-0.946618987977595,-0.746904361231723,-8.47137375565796,"sine",3,478
-1.06303911385229,-1.00043697963939,-8.44896466289411,"sine",3,479
-1.00915298141364,-0.835580975101842,-8.8290826373637,"sine",3,480
-0.851908161754925,-0.594145729151444,-8.74103849825309,"sine",3,481
-1.18198277652658,-0.801350516741629,-8.32516841962511,"sine",3,482
-1.18198277652658,-0.801350516741629,-8.32516841962511,"sine",3,483
-0.790259513612543,-0.7999761929591,-8.97226203008278,"sine",3,484
-0.922341022973684,-0.655524325722182,-8.63956322020739,"sine",3,485
-0.309139386118794,-0.545941980590748,-8.87747803459502,"sine",3,486
-0.309139386118794,-0.545941980590748,-8.87747803459502,"sine",3,487
-0.078336320733155,-0.712165117923745,-8.63280761597453,"sine",3,488
-0.179587931777539,-0.319413465835578,-8.2142155451597,"sine",3,489
-0.663192588505541,-0.597488056987918,-8.35653179697997,"sine",3,490
-0.253875405396865,-0.668497586263001,-8.25382493113097,"sine",3,491
-0.253875405396865,-0.668497586263001,-8.25382493113097,"sine",3,492
-1.00855256436579,-0.974063444258819,-8.75562767368689,"sine",3,493
-0.994702718807908,-0.930247230641571,-8.52934466575458,"sine",3,494
-0.994702718807908,-0.930247230641571,-8.52934466575458,"sine",3,495
-0.994702718807908,-0.930247230641571,-8.52934466575458,"sine",3,496
-1.23240544590552,-0.966817110828898,-8.68522593130557,"sine",3,497
-0.628037566159141,-0.657331411207285,-9.09413528765645,"sine",3,498
-0.628037566159141,-0.657331411207285,-9.09413528765645,"sine",3,499
-0.429979995166463,-0.759161240553743,-8.3448633673388,"sine",3,500
-0.429979995166463,-0.759161240553743,-8.3448633673388,"sine",3,501
-0.429979995166463,-0.759161240553743,-8.3448633673388,"sine",3,502
-0.572143222262812,-0.666818253122659,-8.43040177418154,"sine",3,503
-0.572143222262812,-0.666818253122659,-8.43040177418154,"sine",3,504
-1.12866713417095,-0.869903327256691,-8.8068884087424,"sine",3,505
-1.06330094997539,-0.897418005223149,-8.1427750729568,"sine",3,506
-0.544511908013635,-0.614603347184464,-8.01012915397248,"sine",3,507
-1.24339601865157,-0.75300592423052,-8.52329112207237,"sine",3,508
-0.355782042522657,-0.424611573859917,-8.52711675348962,"sine",3,509
-1.02150240607921,-0.491457710181566,-8.55054942801228,"sine",3,510
-0.627217488157081,-0.596367159067731,-8.14084738812104,"sine",3,511
-0.627217488157081,-0.596367159067731,-8.14084738812104,"sine",3,512
-0.30080400256461,-0.642028112520474,-8.36902847113479,"sine",3,513
-0.30080400256461,-0.642028112520474,-8.36902847113479,"sine",3,514
-0.30080400256461,-0.642028112520474,-8.36902847113479,"sine",3,515
-0.528805544348695,-0.558597510981254,-7.91606567219394,"sine",3,516
-0.294556050200493,-0.389663260779589,-8.21527067187578,"sine",3,517
-0.366328374927253,-0.699611741821144,-8.23889290854238,"sine",3,518
-0.980959404658233,-0.941779764363035,-8.36394740006485,"sine",3,519
-0.206773752249636,-0.542438469627885,-8.29087885350285,"sine",3,520
-0.68636948741325,-0.878287315149209,-8.31024079820559,"sine",3,521
-0.68636948741325,-0.878287315149209,-8.31024079820559,"sine",3,522
-0.887833407975101,-0.903443281048217,-8.46496747875259,"sine",3,523
-0.914904313691869,-0.822360393633641,-8.41891142339621,"sine",3,524
-0.914904313691869,-0.822360393633641,-8.41891142339621,"sine",3,525
-0.925981155959279,-0.839645457554704,-8.41327299848144,"sine",3,526
-0.573532942913852,-0.765948029813221,-8.33921133462117,"sine",3,527
-0.573532942913852,-0.765948029813221,-8.33921133462117,"sine",3,528
-0.573532942913852,-0.765948029813221,-8.33921133462117,"sine",3,529
-0.573532942913852,-0.765948029813221,-8.33921133462117,"sine",3,530
-0.0272640321889424,-0.423237668453016,-8.7860308714396,"sine",3,531
-0.0272640321889424,-0.423237668453016,-8.7860308714396,"sine",3,532
-0.758213602079285,-0.507853912926606,-8.57094440020829,"sine",3,533
-0.772609759605865,-0.693404840482664,-8.30509169461448,"sine",3,534
-0.508258032421701,-0.677354952394999,-8.64347462749908,"sine",3,535
-0.508258032421701,-0.677354952394999,-8.64347462749908,"sine",3,536
-0.508258032421701,-0.677354952394999,-8.64347462749908,"sine",3,537
-0.61291690936376,-0.458365935550506,-8.07106184624846,"sine",3,538
-0.61291690936376,-0.458365935550506,-8.07106184624846,"sine",3,539
-0.61291690936376,-0.458365935550506,-8.07106184624846,"sine",3,540
-0.908804640014461,-0.564272876006834,-8.28822311123792,"sine",3,541
0.180135535582846,-0.161483599863783,-8.09992175097987,"sine",3,542
0.180135535582846,-0.161483599863783,-8.09992175097987,"sine",3,543
0.180135535582846,-0.161483599863783,-8.09992175097987,"sine",3,544
0.180135535582846,-0.161483599863783,-8.09992175097987,"sine",3,545
-0.330896500927115,-0.287159865188087,-8.71893611533446,"sine",3,546
0.060955055219105,-0.350975169283683,-8.98850826449284,"sine",3,547
-0.695216153607076,-0.811861922042069,-8.39460843881974,"sine",3,548
-0.695216153607076,-0.811861922042069,-8.39460843881974,"sine",3,549
-0.801431468282974,-0.742441028671948,-8.34931025645052,"sine",3,550
-0.883378884512192,-0.763086718791956,-8.2050136307512,"sine",3,551
-0.883378884512192,-0.763086718791956,-8.2050136307512,"sine",3,552
-0.594064753180997,-0.645319344914928,-8.66004617414607,"sine",3,553
-0.770774592839142,-0.717449425022084,-8.20178649897022,"sine",3,554
-0.2899527601205,-0.548582644536639,-8.163130212258,"sine",3,555
0.147893822805661,-0.486707057346061,-8.35570454683021,"sine",3,556
0.0586911565435561,-0.393756601923306,-8.30419653876232,"sine",3,557
-0.118864865546313,-0.57441436953513,-7.88127888565859,"sine",3,558
-0.410282073187695,-0.789720889986243,-8.46174208104545,"sine",3,559
-0.92211486819953,-0.773901751522506,-8.21906468611363,"sine",3,560
-0.1043465982405,-0.471096261544729,-8.59111352474629,"sine",3,561
-0.1043465982405,-0.471096261544729,-8.59111352474629,"sine",3,562
0.0450093394821061,-0.537904253111584,-8.45735445285271,"sine",3,563
0.0450093394821061,-0.537904253111584,-8.45735445285271,"sine",3,564
-1.10702729774114,-0.788100862597835,-7.91075384453421,"sine",3,565
-0.227405388975401,-0.3626812189387,-8.54119478108309,"sine",3,566
-0.954572607919842,-0.907643652819287,-7.69865306161378,"sine",3,567
-0.954572607919842,-0.907643652819287,-7.69865306161378,"sine",3,568
-1.31873657378729,-0.862289065188601,-8.2552384701709,"sine",3,569
-1.31873657378729,-0.862289065188601,-8.2552384701709,"sine",3,570
-1.30889711807121,-0.832639264858902,-8.54888488796793,"sine",3,571
-0.0780064119565889,-0.446995250403272,-8.55370498532977,"sine",3,572
0.131573105788711,-0.383016678816369,-8.46877249051432,"sine",3,573
-0.453919711023591,-0.654599728105434,-8.41251758670247,"sine",3,574
-0.453919711023591,-0.654599728105434,-8.41251758670247,"sine",3,575
-0.453919711023591,-0.654599728105434,-8.41251758670247,"sine",3,576
-0.453919711023591,-0.654599728105434,-8.41251758670247,"sine",3,577
-0.817968719934433,-0.76792821183825,-8.5216090789347,"sine",3,578
-0.817968719934433,-0.76792821183825,-8.5216090789347,"sine",3,579
-0.817968719934433,-0.76792821183825,-8.5216090789347,"sine",3,580
-0.469671171285218,-0.715977700423964,-8.29135777493229,"sine",3,581
-1.00876377799445,-0.806063047803721,-8.11891422962406,"sine",3,582
-0.895938391856474,-0.942741498421895,-7.59904591931756,"sine",3,583
-1.0110605603817,-1.12762449690108,-8.8182061025097,"sine",3,584
-1.0110605603817,-1.12762449690108,-8.8182061025097,"sine",3,585
-1.12881822639753,-0.956161229489373,-8.99446850835833,"sine",3,586
-0.0430430325558566,-0.564868127468607,-8.61677220905669,"sine",3,587
-0.18266549544132,-0.532753553857957,-8.96662354503877,"sine",3,588
-0.679231027351035,-0.793658378928018,-8.74739776353213,"sine",3,589
-0.679231027351035,-0.793658378928018,-8.74739776353213,"sine",3,590
-0.373723555421051,-0.820897475625044,-8.34398920034653,"sine",3,591
-0.373723555421051,-0.820897475625044,-8.34398920034653,"sine",3,592
-0.617516009045304,-0.8154326946771,-8.12254474352659,"sine",3,593
-0.617516009045304,-0.8154326946771,-8.12254474352659,"sine",3,594
-0.617516009045304,-0.8154326946771,-8.12254474352659,"sine",3,595
-1.05007587572364,-0.878191036385304,-8.69074543962878,"sine",3,596
-1.17719202641346,-0.902840608228912,-8.64147831634958,"sine",3,597
-1.17719202641346,-0.902840608228912,-8.64147831634958,"sine",3,598
-0.56927219652634,-0.623554220817746,-8.80978250979861,"sine",3,599
-0.647212507371612,-0.731273033970664,-8.67815579303176,"sine",3,600
-1.27544788998907,-0.999335044856525,-8.20731308615166,"sine",3,601
-0.83918606490287,-0.769979590313008,-8.58889883477362,"sine",3,602
-0.83918606490287,-0.769979590313008,-8.58889883477362,"sine",3,603
-0.83918606490287,-0.769979590313008,-8.58889883477362,"sine",3,604
-0.881530557530827,-0.781154910213876,-8.56564451124292,"sine",3,605
-0.174501712436272,-0.592073467266098,-8.48763631610792,"sine",3,606
-0.174501712436272,-0.592073467266098,-8.48763631610792,"sine",3,607
-0.174501712436272,-0.592073467266098,-8.48763631610792,"sine",3,608
-0.314698580501092,-0.718884736024942,-8.37255807213698,"sine",3,609
-0.341472071464802,-0.631405503255495,-8.92462006428865,"sine",3,610
-0.341472071464802,-0.631405503255495,-8.92462006428865,"sine",3,611
-0.341472071464802,-0.631405503255495,-8.92462006428865,"sine",3,612
-0.341472071464802,-0.631405503255495,-8.92462006428865,"sine",3,613
-0.684029582767721,-0.78144370572383,-9.22489517112067,"sine",3,614
-0.608580834976739,-0.920728935478647,-8.80237591512397,"sine",3,615
-1.01793062224203,-0.797503473266549,-9.03743066510795,"sine",3,616
-0.903114492320868,-0.910719048768283,-8.97814070604875,"sine",3,617
-0.903114492320868,-0.910719048768283,-8.97814070604875,"sine",3,618
-0.854968400038961,-0.908181410263547,-8.20888268657653,"sine",3,619
-0.98650222858604,-0.875638080783335,-8.48722187790476,"sine",3,620
-0.98650222858604,-0.875638080783335,-8.48722187790476,"sine",3,621
-0.98650222858604,-0.875638080783335,-8.48722187790476,"sine",3,622
-0.98650222858604,-0.875638080783335,-8.48722187790476,"sine",3,623
-0.7759336751457,-0.847744744101267,-8.70306770554416,"sine",3,624
-0.255814703017169,-0.793261933654034,-8.69637800726039,"sine",3,625
-0.255814703017169,-0.793261933654034,-8.69637800726039,"sine",3,626
-0.977681286929456,-1.01782939995576,-8.86984340390554,"sine",3,627
-0.977681286929456,-1.01782939995576,-8.86984340390554,"sine",3,628
-1.38193128926243,-0.949759201082389,-8.1535455383129,"sine",3,629
-0.819522419231628,-0.838172334303339,-7.93403306552541,"sine",3,630
-1.06559165350571,-0.725655543891643,-8.20101967872227,"sine",3,631
-1.23483401674166,-0.969668226623984,-8.31301174850111,"sine",3,632
-0.808961914551114,-0.935331700125008,-8.3554255016315,"sine",3,633
-0.808961914551114,-0.935331700125008,-8.3554255016315,"sine",3,634
-0.808961914551114,-0.935331700125008,-8.3554255016315,"sine",3,635
-0.808961914551114,-0.935331700125008,-8.3554255016315,"sine",3,636
-0.808961914551114,-0.935331700125008,-8.3554255016315,"sine",3,637
-0.808961914551114,-0.935331700125008,-8.3554255016315,"sine",3,638
-0.607083686136456,-0.642469009631831,-8.32205793094051,"sine",3,639
-0.941058836354296,-0.693190425643857,-8.56995376498289,"sine",3,640
-0.941058836354296,-0.693190425643857,-8.56995376498289,"sine",3,641
-0.941058836354296,-0.693190425643857,-8.56995376498289,"sine",3,642
-0.941058836354296,-0.693190425643857,-8.56995376498289,"sine",3,643
-0.941058836354296,-0.693190425643857,-8.56995376498289,"sine",3,644
-0.597227713794666,-0.794233357565512,-8.53071737411919,"sine",3,645
-0.597227713794666,-0.794233357565512,-8.53071737411919,"sine",3,646
-0.597227713794666,-0.794233357565512,-8.53071737411919,"sine",3,647
-0.274392838192561,-0.698160266814817,-8.50182558136499,"sine",3,648
-0.65507488472007,-0.698134814649198,-8.49962245187283,"sine",3,649
-0.65507488472007,-0.698134814649198,-8.49962245187283,"sine",3,650
-0.65507488472007,-0.698134814649198,-8.49962245187283,"sine",3,651
-0.66118355565268,-0.60734015519032,-8.5798785640579,"sine",3,652
-0.612087301089763,-0.807558703426668,-8.76400271612233,"sine",3,653
-0.955849235990798,-0.731053764586085,-8.78768374676377,"sine",3,654
-0.490644358981755,-0.593930981378795,-8.9073502608768,"sine",3,655
-0.490644358981755,-0.593930981378795,-8.9073502608768,"sine",3,656
-0.490644358981755,-0.593930981378795,-8.9073502608768,"sine",3,657
-0.490644358981755,-0.593930981378795,-8.9073502608768,"sine",3,658
-0.236646551146203,-0.413141482499977,-8.67583756296589,"sine",3,659
-0.571510994659396,-0.496374582368627,-8.28350107843224,"sine",3,660
-0.151585245568946,-0.428122330558711,-8.31370546452027,"sine",3,661
-0.151585245568946,-0.428122330558711,-8.31370546452027,"sine",3,662
-0.151585245568946,-0.428122330558711,-8.31370546452027,"sine",3,663
-0.00162474259596934,-0.168409654583617,-8.87062334024345,"sine",3,664
-0.247082735481922,-0.374111471349314,-8.16465983453526,"sine",3,665
-0.154063381858066,-0.592687251751356,-8.67722205789551,"sine",3,666
-0.577026129946825,-0.593931453388429,-8.74087625309052,"sine",3,667
-0.577026129946825,-0.593931453388429,-8.74087625309052,"sine",3,668
-0.590828212112501,-0.844544002861016,-8.81447429583404,"sine",3,669
-0.487057530894552,-0.59895845607396,-8.55160600139807,"sine",3,670
-0.487057530894552,-0.59895845607396,-8.55160600139807,"sine",3,671
-0.485406518037588,-0.573694529419089,-8.4971451516658,"sine",3,672
-0.485406518037588,-0.573694529419089,-8.4971451516658,"sine",3,673
-0.0993857506440009,-0.602720888331013,-8.66428729020245,"sine",3,674
-0.0630968819786805,-0.382105048224333,-8.94300764409483,"sine",3,675
-0.710565209012747,-0.519287227508104,-8.43218528363795,"sine",3,676
-0.44990150528034,-0.539489796076076,-8.83225830671795,"sine",3,677
-0.295282871319749,-0.737530849033563,-8.68480421000537,"sine",3,678
-0.295282871319749,-0.737530849033563,-8.68480421000537,"sine",3,679
-0.487217531109114,-0.6968296348409,-8.35983974186675,"sine",3,680
-1.34794546969083,-1.01038491814684,-8.1120214723652,"sine",3,681
-1.13782350073521,-1.04879209956852,-8.81716276436477,"sine",3,682
-0.618770635219762,-0.908583877339423,-9.29670491107451,"sine",3,683
-0.212739412805873,-0.771787114977063,-8.96579909517803,"sine",3,684
-0.578386797254065,-0.787429009268477,-8.79706770641738,"sine",3,685
-1.39220688632753,-1.0900103332502,-8.72895427208556,"sine",3,686
-1.24321141293126,-0.787617051772864,-8.49127074047966,"sine",3,687
-0.570491613960975,-0.807410750081293,-8.03095130909825,"sine",3,688
-0.823968457531081,-0.856281047882142,-8.48721640771654,"sine",3,689
-0.823968457531081,-0.856281047882142,-8.48721640771654,"sine",3,690
-0.622672101108512,-0.608057474584228,-8.97816341782062,"sine",3,691
-0.622672101108512,-0.608057474584228,-8.97816341782062,"sine",3,692
-0.239635957324483,-0.575397299125041,-8.02724870086598,"sine",3,693
-0.239635957324483,-0.575397299125041,-8.02724870086598,"sine",3,694
-0.557814902360228,-0.586779994479445,-8.62336718468495,"sine",3,695
-0.557814902360228,-0.586779994479445,-8.62336718468495,"sine",3,696
-0.301796632930016,-0.810135849571685,-8.17389125443199,"sine",3,697
0.054132602733856,-0.588567137852507,-8.8070910583001,"sine",3,698
0.054132602733856,-0.588567137852507,-8.8070910583001,"sine",3,699
0.054132602733856,-0.588567137852507,-8.8070910583001,"sine",3,700
-0.861219704138687,-0.599709434825956,-7.85143035414485,"sine",4,1
-0.132811611517021,-0.484964899249335,-8.10954885491873,"sine",4,2
-0.476415729712805,-0.681506733871373,-8.33889200768475,"sine",4,3
-0.476415729712805,-0.681506733871373,-8.33889200768475,"sine",4,4
-0.616629370486254,-0.836803174181141,-8.68008005997103,"sine",4,5
-0.512677560607696,-0.779265699854179,-8.4830912585739,"sine",4,6
-0.512677560607696,-0.779265699854179,-8.4830912585739,"sine",4,7
-0.438061536559992,-0.517035932571134,-8.71955829481329,"sine",4,8
-0.858013936227047,-0.695723427383889,-8.7293450457191,"sine",4,9
-0.858013936227047,-0.695723427383889,-8.7293450457191,"sine",4,10
-0.398874963207623,-0.739907428656629,-8.7937557194754,"sine",4,11
0.0906165142816357,-0.320613923910549,-8.50155201748431,"sine",4,12
0.0906165142816357,-0.320613923910549,-8.50155201748431,"sine",4,13
0.0906165142816357,-0.320613923910549,-8.50155201748431,"sine",4,14
0.0906165142816357,-0.320613923910549,-8.50155201748431,"sine",4,15
-0.722409475150254,-0.73158262085003,-8.78474149459556,"sine",4,16
-0.785566874641373,-0.77292418037554,-8.27262437516033,"sine",4,17
-0.785566874641373,-0.77292418037554,-8.27262437516033,"sine",4,18
-0.785566874641373,-0.77292418037554,-8.27262437516033,"sine",4,19
-0.785566874641373,-0.77292418037554,-8.27262437516033,"sine",4,20
-0.785566874641373,-0.77292418037554,-8.27262437516033,"sine",4,21
-0.785566874641373,-0.77292418037554,-8.27262437516033,"sine",4,22
-0.147239617677742,-0.648259322443901,-8.58058535594445,"sine",4,23
-0.495822635596518,-0.485835210293968,-8.29426190500561,"sine",4,24
-1.19211624867982,-0.973636481440915,-8.254214067667,"sine",4,25
-1.19211624867982,-0.973636481440915,-8.254214067667,"sine",4,26
-1.19211624867982,-0.973636481440915,-8.254214067667,"sine",4,27
-0.896380882153219,-0.859401995826662,-8.06909837860118,"sine",4,28
-0.818777852311249,-0.867229443875678,-8.29036554482361,"sine",4,29
-0.818777852311249,-0.867229443875678,-8.29036554482361,"sine",4,30
-0.818777852311249,-0.867229443875678,-8.29036554482361,"sine",4,31
-0.964288877741059,-0.828503619926877,-8.51678694449085,"sine",4,32
-1.03612573730655,-1.03998990988924,-8.12514396625104,"sine",4,33
-1.03612573730655,-1.03998990988924,-8.12514396625104,"sine",4,34
-1.13162148474762,-1.04015183375461,-8.20740799899955,"sine",4,35
-1.08639909296709,-0.987208822333382,-8.25796850665523,"sine",4,36
-0.270376188288689,-0.741396056213241,-8.21214255682262,"sine",4,37
-0.323671755985618,-0.736410934254748,-8.06915459545797,"sine",4,38
-0.245924299335264,-0.436156705529412,-8.09101532112034,"sine",4,39
-0.627388449030745,-0.766940227776287,-8.60873243477723,"sine",4,40
-0.743757024373483,-0.864324603855523,-8.13113836867845,"sine",4,41
-0.948398857064553,-0.991830342687786,-8.30743754984501,"sine",4,42
0.17085115898696,-0.450805558093848,-8.63577989601145,"sine",4,43
-0.919919185226425,-0.918981235833989,-8.32364048999601,"sine",4,44
-0.200914196317629,-0.488884773023293,-8.35725244986434,"sine",4,45
-0.200914196317629,-0.488884773023293,-8.35725244986434,"sine",4,46
-0.200914196317629,-0.488884773023293,-8.35725244986434,"sine",4,47
-0.422946282829684,-0.448888978190049,-8.68322102906254,"sine",4,48
-0.422946282829684,-0.448888978190049,-8.68322102906254,"sine",4,49
-0.0530853122020806,-0.268297295888933,-8.33157457514022,"sine",4,50
-0.247973919252588,-0.435790622754221,-8.64503905933723,"sine",4,51
-1.24545381351076,-0.850475086192008,-8.20726757870395,"sine",4,52
-1.24545381351076,-0.850475086192008,-8.20726757870395,"sine",4,53
-1.19572777094843,-0.914859846820069,-8.55852335350681,"sine",4,54
-1.19572777094843,-0.914859846820069,-8.55852335350681,"sine",4,55
-1.19572777094843,-0.914859846820069,-8.55852335350681,"sine",4,56
-1.19572777094843,-0.914859846820069,-8.55852335350681,"sine",4,57
-1.19572777094843,-0.914859846820069,-8.55852335350681,"sine",4,58
-1.19572777094843,-0.914859846820069,-8.55852335350681,"sine",4,59
-0.403024434977389,-0.540084326701068,-8.54142071971907,"sine",4,60
-0.403024434977389,-0.540084326701068,-8.54142071971907,"sine",4,61
-1.22665982396343,-0.879387996593324,-8.62921073214161,"sine",4,62
-1.22665982396343,-0.879387996593324,-8.62921073214161,"sine",4,63
-0.912710973518166,-0.846472224629956,-8.27753927769365,"sine",4,64
-1.06336442617137,-1.04836892239807,-8.57894513353312,"sine",4,65
-0.640573231584333,-0.908119615911111,-8.235902075619,"sine",4,66
-0.640573231584333,-0.908119615911111,-8.235902075619,"sine",4,67
-0.326856129120372,-0.600316089783493,-8.48151030033065,"sine",4,68
-0.603790099033137,-0.782907284451807,-9.04187813861129,"sine",4,69
-0.764076407381361,-0.894252740405856,-8.45164071453847,"sine",4,70
0.0602378945382074,-0.333935571343654,-8.72761126420745,"sine",4,71
0.0602378945382074,-0.333935571343654,-8.72761126420745,"sine",4,72
0.0602378945382074,-0.333935571343654,-8.72761126420745,"sine",4,73
0.0602378945382074,-0.333935571343654,-8.72761126420745,"sine",4,74
-0.307211135956358,-0.423557322708945,-8.88872663507319,"sine",4,75
-0.448316307647811,-0.727572946520539,-8.04209097240999,"sine",4,76
-0.771296481047837,-0.588221644155893,-8.2610984008996,"sine",4,77
-0.649420127947383,-0.564360019159744,-8.31157568468476,"sine",4,78
-0.14088699569161,-0.453654211554047,-8.34871769538093,"sine",4,79
-0.14088699569161,-0.453654211554047,-8.34871769538093,"sine",4,80
-0.29257918927223,-0.722987944643174,-8.69187589951883,"sine",4,81
-0.362669254668344,-0.644395962389029,-9.09837513716611,"sine",4,82
-0.714439698205112,-0.824077585316052,-8.30703896096034,"sine",4,83
-0.580588819019192,-0.741897125107099,-8.68376998436229,"sine",4,84
-0.332046595138769,-0.579358726609668,-8.63791288239027,"sine",4,85
0.120488727325168,-0.482018028952879,-8.34930191717025,"sine",4,86
-0.784945834892784,-0.931466203814536,-8.68685201619407,"sine",4,87
0.0968441676371496,-0.475245352001947,-8.73782884612539,"sine",4,88
0.0774711317001338,-0.441836007113471,-8.50959040303659,"sine",4,89
-0.28365486687544,-0.576759579753168,-8.10890462019641,"sine",4,90
-0.740379220168017,-0.744808855579406,-8.97576566689465,"sine",4,91
-0.740379220168017,-0.744808855579406,-8.97576566689465,"sine",4,92
-0.598460137126686,-0.819919324110656,-8.44785272353498,"sine",4,93
-0.54923239858285,-0.758498358616181,-8.75835417534239,"sine",4,94
-0.6929353219584,-0.700198444517644,-8.74656857500806,"sine",4,95
-0.62373040346028,-0.821999699035461,-8.72991441784759,"sine",4,96
-0.338498003348846,-0.502236719896333,-8.50157590330553,"sine",4,97
-0.338498003348846,-0.502236719896333,-8.50157590330553,"sine",4,98
-0.187953542928424,-0.376533366361335,-8.51598383403711,"sine",4,99
-0.060727239230098,-0.42922650231286,-8.71735522989924,"sine",4,100
-0.588795540490172,-0.775250570309391,-8.32148182560748,"sine",4,101
-1.09934571529004,-0.838980604546287,-8.61229399734995,"sine",4,102
-0.564780687170674,-0.797777197515257,-8.67867140442607,"sine",4,103
-0.111218015473727,-0.593954812434712,-8.97935695618215,"sine",4,104
-0.976738644609391,-0.739870393544915,-8.93420352407618,"sine",4,105
-0.976738644609391,-0.739870393544915,-8.93420352407618,"sine",4,106
-0.976738644609391,-0.739870393544915,-8.93420352407618,"sine",4,107
-1.23887824392096,-1.09951690643563,-8.52278168514704,"sine",4,108
-1.23887824392096,-1.09951690643563,-8.52278168514704,"sine",4,109
-1.65973844205654,-0.951522000819568,-8.65895956873675,"sine",4,110
-1.65973844205654,-0.951522000819568,-8.65895956873675,"sine",4,111
-0.550081392115501,-0.575674465808478,-8.67987866573378,"sine",4,112
-0.550081392115501,-0.575674465808478,-8.67987866573378,"sine",4,113
-0.550081392115501,-0.575674465808478,-8.67987866573378,"sine",4,114
-0.369578271425316,-0.626932889587444,-8.90084924919465,"sine",4,115
-0.595617327832623,-0.845079483920103,-8.64303303021362,"sine",4,116
-0.568098445809228,-0.687912233454736,-8.6460917203121,"sine",4,117
-0.921933322225327,-0.792040522955576,-8.85841194191342,"sine",4,118
-0.921933322225327,-0.792040522955576,-8.85841194191342,"sine",4,119
-0.944451999904362,-0.954979329894737,-8.53551469737155,"sine",4,120
-0.944451999904362,-0.954979329894737,-8.53551469737155,"sine",4,121
-0.944451999904362,-0.954979329894737,-8.53551469737155,"sine",4,122
-0.944451999904362,-0.954979329894737,-8.53551469737155,"sine",4,123
-0.944451999904362,-0.954979329894737,-8.53551469737155,"sine",4,124
-0.334131384171403,-0.487920143649672,-8.19422140518461,"sine",4,125
-0.105594991845558,-0.500698720698217,-8.16628396941856,"sine",4,126
-0.734655183849386,-0.815351736226657,-8.63520220756704,"sine",4,127
-1.05550377226704,-0.851270228154865,-8.78738628544302,"sine",4,128
-0.00518059078649824,-0.585220369325473,-8.72826498848572,"sine",4,129
-0.281507923143661,-0.640240039403646,-8.81988738630811,"sine",4,130
-0.132116036864367,-0.373773505833342,-8.60829301062399,"sine",4,131
-0.132116036864367,-0.373773505833342,-8.60829301062399,"sine",4,132
-0.844217143551877,-0.778813923447755,-8.3273084282972,"sine",4,133
-0.844217143551877,-0.778813923447755,-8.3273084282972,"sine",4,134
-0.892881410524421,-0.772387676494474,-8.27292922306965,"sine",4,135
-0.679111665240933,-0.886508430248536,-8.59602071773094,"sine",4,136
-0.679111665240933,-0.886508430248536,-8.59602071773094,"sine",4,137
-0.679111665240933,-0.886508430248536,-8.59602071773094,"sine",4,138
-0.679111665240933,-0.886508430248536,-8.59602071773094,"sine",4,139
-0.826656271933283,-0.885153230346012,-8.2936428416663,"sine",4,140
-0.321875671549303,-0.738675634774495,-8.84620905671465,"sine",4,141
-0.693861362027023,-0.520232319973551,-8.40301222465027,"sine",4,142
-0.674944119884668,-0.691758192535218,-8.65422982857243,"sine",4,143
-0.674944119884668,-0.691758192535218,-8.65422982857243,"sine",4,144
-0.21306637769684,-0.569438986755531,-8.25941763847918,"sine",4,145
-0.21306637769684,-0.569438986755531,-8.25941763847918,"sine",4,146
-1.33597864246221,-0.768596971861906,-8.51222472010857,"sine",4,147
-0.994690553626272,-0.715478681406008,-9.05280215821982,"sine",4,148
-1.13532420887457,-0.764637377111885,-8.54695585640258,"sine",4,149
-0.937874517787411,-0.704725222692663,-8.87279038480838,"sine",4,150
-0.795984458222489,-0.753697380177902,-8.31549922181531,"sine",4,151
-0.649654707121888,-0.937584797473947,-8.54140908306892,"sine",4,152
-0.526319442753194,-0.915952056189776,-8.84083806176344,"sine",4,153
0.0317133829406447,-0.66508847868676,-8.92647454697433,"sine",4,154
-0.749777468247828,-0.994298589315616,-8.7293685845109,"sine",4,155
-1.14476853145734,-1.05949395919168,-8.06239304568698,"sine",4,156
-0.320482484789538,-0.752625666181618,-8.55664781695839,"sine",4,157
-0.320482484789538,-0.752625666181618,-8.55664781695839,"sine",4,158
0.108891055144566,-0.477246623116508,-8.2804775538736,"sine",4,159
0.108891055144566,-0.477246623116508,-8.2804775538736,"sine",4,160
0.108891055144566,-0.477246623116508,-8.2804775538736,"sine",4,161
0.108891055144566,-0.477246623116508,-8.2804775538736,"sine",4,162
0.108891055144566,-0.477246623116508,-8.2804775538736,"sine",4,163
-0.588277651976815,-0.900665655360883,-8.13105049340708,"sine",4,164
0.146464408877074,-0.408063479066954,-8.17744272927939,"sine",4,165
0.146464408877074,-0.408063479066954,-8.17744272927939,"sine",4,166
0.146464408877074,-0.408063479066954,-8.17744272927939,"sine",4,167
0.181740933052297,-0.500292111226216,-8.34507316463997,"sine",4,168
0.0951793241949104,-0.547624289303432,-8.57093499013618,"sine",4,169
-0.428418592332092,-0.594423582895088,-8.16806272138399,"sine",4,170
-0.428418592332092,-0.594423582895088,-8.16806272138399,"sine",4,171
-0.143898323077395,-0.494751940598979,-8.02940060493913,"sine",4,172
0.171218446277747,-0.53429413275724,-8.2664265136759,"sine",4,173
0.0108373255892204,-0.532322208430349,-8.76305734388592,"sine",4,174
-1.24830983270794,-1.02418225364272,-8.26858211463267,"sine",4,175
-1.27284062822497,-1.06629565964112,-8.57355476593179,"sine",4,176
-1.10386742294295,-0.966235852416405,-8.52115006448593,"sine",4,177
-1.10386742294295,-0.966235852416405,-8.52115006448593,"sine",4,178
-0.0451819820454297,-0.378624345293258,-8.52155903209031,"sine",4,179
-0.0451819820454297,-0.378624345293258,-8.52155903209031,"sine",4,180
-0.300430083271474,-0.611950184168292,-8.30345747757024,"sine",4,181
-0.300430083271474,-0.611950184168292,-8.30345747757024,"sine",4,182
-0.333917602467785,-0.658652436112086,-8.56292160680557,"sine",4,183
-0.76703656812185,-0.961331558859401,-8.61150399115594,"sine",4,184
-0.76703656812185,-0.961331558859401,-8.61150399115594,"sine",4,185
-0.76703656812185,-0.961331558859401,-8.61150399115594,"sine",4,186
-1.16257810978473,-1.15349703748118,-8.74872276349948,"sine",4,187
-0.150530983374995,-0.535380256599514,-8.86624774368764,"sine",4,188
-0.269416711507373,-0.730871490287307,-8.06588557746078,"sine",4,189
-0.873019837086873,-0.875908930687663,-7.90507362479854,"sine",4,190
-1.74801266085784,-1.00660165643653,-8.08899804800995,"sine",4,191
-1.58274132333209,-0.857706760576926,-8.39193010569531,"sine",4,192
-1.58274132333209,-0.857706760576926,-8.39193010569531,"sine",4,193
-1.69189923088323,-0.944326142385129,-8.03099439376239,"sine",4,194
-0.474615401032325,-0.759553594928793,-8.21966242033925,"sine",4,195
-0.383263110206825,-0.750270238977988,-8.3051428783641,"sine",4,196
-0.33726779260828,-0.55539208545435,-8.54580318153606,"sine",4,197
-0.33726779260828,-0.55539208545435,-8.54580318153606,"sine",4,198
-0.434822032067639,-0.825648996410568,-8.24912607946174,"sine",4,199
-0.139594868267226,-0.525429644032688,-8.48486001302713,"sine",4,200
-0.768565077175255,-0.808774174985886,-8.42285686672751,"sine",4,201
-0.768565077175255,-0.808774174985886,-8.42285686672751,"sine",4,202
-0.620977292555424,-0.788085360459317,-8.54490279764762,"sine",4,203
-0.620977292555424,-0.788085360459317,-8.54490279764762,"sine",4,204
-0.620977292555424,-0.788085360459317,-8.54490279764762,"sine",4,205
-0.620977292555424,-0.788085360459317,-8.54490279764762,"sine",4,206
-0.629408448292481,-0.642487869408362,-8.43945561981772,"sine",4,207
-0.629408448292481,-0.642487869408362,-8.43945561981772,"sine",4,208
-0.629408448292481,-0.642487869408362,-8.43945561981772,"sine",4,209
-0.624332508251132,-0.916697028229361,-8.39155183980641,"sine",4,210
-0.936684692556612,-0.840732523356708,-8.41451789886863,"sine",4,211
-0.936684692556612,-0.840732523356708,-8.41451789886863,"sine",4,212
-0.778229802161353,-0.84053161476486,-8.38602201592414,"sine",4,213
-0.778229802161353,-0.84053161476486,-8.38602201592414,"sine",4,214
-0.944391938431942,-0.952823587944558,-8.28372782451103,"sine",4,215
-0.334825407716771,-0.48656706283509,-8.3512250239404,"sine",4,216
-0.378250100424534,-0.586245551073585,-8.82862361869731,"sine",4,217
-0.378250100424534,-0.586245551073585,-8.82862361869731,"sine",4,218
-1.02538958869771,-0.829310979348322,-8.12653039318185,"sine",4,219
-1.02538958869771,-0.829310979348322,-8.12653039318185,"sine",4,220
-1.51357845506971,-1.14326220441271,-8.34937817110607,"sine",4,221
-0.891257658343689,-1.0745531477454,-8.15522886350088,"sine",4,222
-0.600505218489407,-0.72673313929545,-8.08348287917045,"sine",4,223
-0.298111261827038,-0.621998812219696,-8.45321833078885,"sine",4,224
-0.378007246548886,-0.558093318381847,-8.79532631298043,"sine",4,225
-0.07445473826739,-0.536408343676674,-8.26961515291147,"sine",4,226
-0.07445473826739,-0.536408343676674,-8.26961515291147,"sine",4,227
0.0619733745900382,-0.314337098303446,-8.21653210769466,"sine",4,228
0.0619733745900382,-0.314337098303446,-8.21653210769466,"sine",4,229
0.0619733745900382,-0.314337098303446,-8.21653210769466,"sine",4,230
-1.01611242984231,-0.978962679674475,-8.43468697997042,"sine",4,231
-1.01611242984231,-0.978962679674475,-8.43468697997042,"sine",4,232
-0.597268606335409,-0.76323786968435,-8.83913842361745,"sine",4,233
-0.597268606335409,-0.76323786968435,-8.83913842361745,"sine",4,234
-0.708835002616357,-0.689323569127223,-8.49341467133811,"sine",4,235
-0.708835002616357,-0.689323569127223,-8.49341467133811,"sine",4,236
-0.708835002616357,-0.689323569127223,-8.49341467133811,"sine",4,237
-0.708835002616357,-0.689323569127223,-8.49341467133811,"sine",4,238
-0.392398896254652,-0.53055172020776,-8.3795709697818,"sine",4,239
-0.410352708571968,-0.549906086791008,-8.20041903078197,"sine",4,240
-0.410352708571968,-0.549906086791008,-8.20041903078197,"sine",4,241
-1.07355244127007,-0.74729603844981,-8.49898119266759,"sine",4,242
-1.07355244127007,-0.74729603844981,-8.49898119266759,"sine",4,243
-0.119272028671585,-0.448551743910373,-9.26310047793951,"sine",4,244
-0.119272028671585,-0.448551743910373,-9.26310047793951,"sine",4,245
-0.809976758702801,-0.88632902907221,-8.84600423671486,"sine",4,246
-0.934659946788976,-0.683144100443935,-8.37213847518108,"sine",4,247
-0.449304906871702,-0.448468038820991,-8.47902500238757,"sine",4,248
-0.869891603216374,-0.916010926101506,-8.76743971924546,"sine",4,249
-0.869891603216374,-0.916010926101506,-8.76743971924546,"sine",4,250
-0.869891603216374,-0.916010926101506,-8.76743971924546,"sine",4,251
-0.869891603216374,-0.916010926101506,-8.76743971924546,"sine",4,252
-0.869891603216374,-0.916010926101506,-8.76743971924546,"sine",4,253
-0.816967423985337,-0.805720286803694,-8.81955258026748,"sine",4,254
-0.494467149361142,-0.829760905822338,-8.1820797017675,"sine",4,255
-0.376319552739672,-0.736327064663636,-8.36993546098706,"sine",4,256
-0.376319552739672,-0.736327064663636,-8.36993546098706,"sine",4,257
-0.602189660260364,-0.773403851295677,-8.28552253685396,"sine",4,258
-0.561141474500315,-0.710487839419066,-8.62518360878443,"sine",4,259
-0.611196393781174,-0.739428713823279,-9.10312432624478,"sine",4,260
-0.584018938090159,-0.732745172098826,-8.97638725358677,"sine",4,261
-0.584018938090159,-0.732745172098826,-8.97638725358677,"sine",4,262
-0.219206446289365,-0.425858205760061,-8.40551244849086,"sine",4,263
-0.219206446289365,-0.425858205760061,-8.40551244849086,"sine",4,264
-0.219206446289365,-0.425858205760061,-8.40551244849086,"sine",4,265
-0.219206446289365,-0.425858205760061,-8.40551244849086,"sine",4,266
-0.601170438492074,-0.618633651402537,-8.3327855549494,"sine",4,267
-0.462120273116724,-0.591696943046308,-8.16808974584895,"sine",4,268
-0.462120273116724,-0.591696943046308,-8.16808974584895,"sine",4,269
-0.392986017834789,-0.692896490513341,-8.14553170986254,"sine",4,270
-0.392986017834789,-0.692896490513341,-8.14553170986254,"sine",4,271
-0.668819015976713,-0.735209410959527,-7.88835442956583,"sine",4,272
-0.668819015976713,-0.735209410959527,-7.88835442956583,"sine",4,273
-0.668819015976713,-0.735209410959527,-7.88835442956583,"sine",4,274
-0.690214341186618,-0.793518709575614,-8.16681164861671,"sine",4,275
-1.32780651504064,-1.06694219809138,-8.4484968327212,"sine",4,276
-1.33678767469431,-1.05250493353068,-8.37762677838491,"sine",4,277
-1.33678767469431,-1.05250493353068,-8.37762677838491,"sine",4,278
-0.407095983676271,-0.502358893556734,-8.76701845262235,"sine",4,279
-1.01103303538728,-0.663885163743175,-8.71864884312469,"sine",4,280
-1.01103303538728,-0.663885163743175,-8.71864884312469,"sine",4,281
-1.01149230613489,-0.806123082275303,-8.49680803780214,"sine",4,282
-1.26012521556089,-0.883964385296941,-8.34475924250692,"sine",4,283
-0.934361699952491,-0.648135984925157,-8.14690501871114,"sine",4,284
-0.934361699952491,-0.648135984925157,-8.14690501871114,"sine",4,285
-0.934361699952491,-0.648135984925157,-8.14690501871114,"sine",4,286
-0.633208036314784,-0.449645273386532,-8.47287554355305,"sine",4,287
-0.259170750280249,-0.299428208956939,-8.59613991719133,"sine",4,288
-0.710900385145317,-0.621098782260871,-8.71698135855675,"sine",4,289
-0.450327541962271,-0.65773382801131,-8.31421927760339,"sine",4,290
-0.313817031983038,-0.623952354336242,-8.36594137936019,"sine",4,291
-0.313817031983038,-0.623952354336242,-8.36594137936019,"sine",4,292
-0.548086757170334,-0.772164656199864,-8.85244327202847,"sine",4,293
-0.535420637103253,-0.674665404671555,-8.55959892110599,"sine",4,294
-0.383600971157267,-0.576115098815069,-8.48343626193995,"sine",4,295
-0.383600971157267,-0.576115098815069,-8.48343626193995,"sine",4,296
-0.383600971157267,-0.576115098815069,-8.48343626193995,"sine",4,297
-0.94059179943797,-0.668474340871822,-8.92532795557158,"sine",4,298
-0.496515416106067,-0.736305210829219,-8.69321490873411,"sine",4,299
-0.496515416106067,-0.736305210829219,-8.69321490873411,"sine",4,300
-0.496515416106067,-0.736305210829219,-8.69321490873411,"sine",4,301
-0.496515416106067,-0.736305210829219,-8.69321490873411,"sine",4,302
-0.576546416039894,-0.75109836880597,-8.48433994513672,"sine",4,303
-0.576546416039894,-0.75109836880597,-8.48433994513672,"sine",4,304
-1.47416656188459,-0.941193330890467,-8.88980961275244,"sine",4,305
-0.78004510492107,-0.723434246546452,-8.68349506310142,"sine",4,306
-0.78004510492107,-0.723434246546452,-8.68349506310142,"sine",4,307
-0.828059099574678,-0.870832101088646,-8.55304648579534,"sine",4,308
-0.283718166711615,-0.44175797442575,-8.67625521136101,"sine",4,309
-1.03342512743583,-0.949429908582181,-8.64948366300144,"sine",4,310
-1.03342512743583,-0.949429908582181,-8.64948366300144,"sine",4,311
-0.540746897782624,-0.765855159672799,-8.38810278559982,"sine",4,312
-0.664899771818357,-0.618803842824812,-8.47964198324551,"sine",4,313
-0.290552337351578,-0.442894504487444,-8.67509942174003,"sine",4,314
-0.290552337351578,-0.442894504487444,-8.67509942174003,"sine",4,315
-0.290552337351578,-0.442894504487444,-8.67509942174003,"sine",4,316
-1.15178608954905,-1.04465857095665,-8.33601704906608,"sine",4,317
-1.14938170234468,-1.05894138380559,-8.4904550197444,"sine",4,318
-0.958641382505335,-0.852109868812309,-8.3140779994916,"sine",4,319
-0.958641382505335,-0.852109868812309,-8.3140779994916,"sine",4,320
-1.07250850627186,-0.833375709952212,-8.43081105233377,"sine",4,321
-1.07250850627186,-0.833375709952212,-8.43081105233377,"sine",4,322
-1.07250850627186,-0.833375709952212,-8.43081105233377,"sine",4,323
-1.02445091412853,-1.02306456605167,-8.36572382052511,"sine",4,324
-0.594858101517916,-0.80792432550087,-8.86915057934566,"sine",4,325
-0.391996120014804,-0.720435846906892,-8.55793980644243,"sine",4,326
-0.391996120014804,-0.720435846906892,-8.55793980644243,"sine",4,327
-0.447292017070742,-0.538038067724235,-8.79450025418964,"sine",4,328
-1.03440402432821,-0.91313855921684,-8.66307603716823,"sine",4,329
-0.366747689870222,-0.683558387554418,-8.86446087485793,"sine",4,330
-0.366747689870222,-0.683558387554418,-8.86446087485793,"sine",4,331
-1.03442432384948,-0.889372056862965,-8.48501030635092,"sine",4,332
-1.03442432384948,-0.889372056862965,-8.48501030635092,"sine",4,333
-0.344345451507074,-0.683350096764544,-8.37025800097451,"sine",4,334
-0.344345451507074,-0.683350096764544,-8.37025800097451,"sine",4,335
-0.344345451507074,-0.683350096764544,-8.37025800097451,"sine",4,336
-0.773095157081512,-0.802557440291533,-8.26995346035803,"sine",4,337
-0.275405355948464,-0.48666160434142,-8.86221920270835,"sine",4,338
-0.275405355948464,-0.48666160434142,-8.86221920270835,"sine",4,339
-0.275405355948464,-0.48666160434142,-8.86221920270835,"sine",4,340
-0.255039248725282,-0.480698997018837,-8.50618037174532,"sine",4,341
-0.508698093247333,-0.624282508303632,-8.29305067147489,"sine",4,342
-0.966495685963914,-0.902394922240899,-8.33917362435434,"sine",4,343
-0.966495685963914,-0.902394922240899,-8.33917362435434,"sine",4,344
-1.03208296920492,-0.640324646346006,-9.10512363845208,"sine",4,345
-1.59738660451485,-0.840974581568995,-8.41403635460209,"sine",4,346
-1.59738660451485,-0.840974581568995,-8.41403635460209,"sine",4,347
-0.796411370604162,-0.56693186027557,-8.1448560712544,"sine",4,348
-0.796411370604162,-0.56693186027557,-8.1448560712544,"sine",4,349
-0.830303374465358,-0.602506774018836,-8.47305199609194,"sine",4,350
-0.830303374465358,-0.602506774018836,-8.47305199609194,"sine",4,351
-0.830303374465358,-0.602506774018836,-8.47305199609194,"sine",4,352
-1.0909114986769,-0.801038801908953,-8.46945040049155,"sine",4,353
-0.769075184738175,-0.641672351681891,-8.46366083991508,"sine",4,354
-0.694293083734949,-0.761676537577805,-8.28399168063604,"sine",4,355
-0.187643233427546,-0.598834874376387,-8.68347939791394,"sine",4,356
-0.187643233427546,-0.598834874376387,-8.68347939791394,"sine",4,357
-1.22615012123041,-1.05217070249151,-8.6064687196757,"sine",4,358
-0.532728568935429,-0.775089499557006,-8.67741222361642,"sine",4,359
-0.104164377177036,-0.663918862907351,-8.44883667500314,"sine",4,360
-0.523432732071587,-0.705058216268265,-8.39149253799568,"sine",4,361
-0.0623450893340854,-0.485682329106055,-8.38381094141542,"sine",4,362
-0.0623450893340854,-0.485682329106055,-8.38381094141542,"sine",4,363
-0.366829660069103,-0.445727103638151,-8.36267419005623,"sine",4,364
-1.12989289754964,-0.909526258269979,-8.07426341067101,"sine",4,365
-1.12989289754964,-0.909526258269979,-8.07426341067101,"sine",4,366
-1.12989289754964,-0.909526258269979,-8.07426341067101,"sine",4,367
-0.793569205998647,-0.579713378663111,-8.33040352482592,"sine",4,368
-0.793569205998647,-0.579713378663111,-8.33040352482592,"sine",4,369
-0.793569205998647,-0.579713378663111,-8.33040352482592,"sine",4,370
-0.449479232826669,-0.746565431287432,-8.28526558996243,"sine",4,371
-0.449479232826669,-0.746565431287432,-8.28526558996243,"sine",4,372
-0.113848768147773,-0.520028566321084,-8.03447609963391,"sine",4,373
-0.113848768147773,-0.520028566321084,-8.03447609963391,"sine",4,374
-0.113848768147773,-0.520028566321084,-8.03447609963391,"sine",4,375
-0.113848768147773,-0.520028566321084,-8.03447609963391,"sine",4,376
-0.441686349284341,-0.539444502642188,-8.10286621090008,"sine",4,377
-0.321038505861396,-0.586489203071324,-8.36651491596731,"sine",4,378
0.0721120998399634,-0.249542028407544,-8.65476168103687,"sine",4,379
0.0721120998399634,-0.249542028407544,-8.65476168103687,"sine",4,380
-0.319747848697496,-0.547767473872335,-8.9168816184561,"sine",4,381
-0.547013579273864,-0.590939920569815,-8.83788264340574,"sine",4,382
-0.538201819486994,-0.736092571045415,-8.42608254331001,"sine",4,383
-0.538201819486994,-0.736092571045415,-8.42608254331001,"sine",4,384
-0.538201819486994,-0.736092571045415,-8.42608254331001,"sine",4,385
-0.538201819486994,-0.736092571045415,-8.42608254331001,"sine",4,386
-0.562000011653153,-0.609288731076816,-8.33187212784604,"sine",4,387
-0.562000011653153,-0.609288731076816,-8.33187212784604,"sine",4,388
-0.506840698622104,-0.586649891339587,-8.658157608319,"sine",4,389
-0.506840698622104,-0.586649891339587,-8.658157608319,"sine",4,390
-1.1058079657657,-0.781316910136255,-8.28787578448435,"sine",4,391
-0.0988997312448237,-0.250041064346548,-8.14403484131024,"sine",4,392
-0.0988997312448237,-0.250041064346548,-8.14403484131024,"sine",4,393
-0.588336420390679,-0.371615705290243,-8.71175991128683,"sine",4,394
-1.08149608576944,-0.654660171442843,-8.31582791916697,"sine",4,395
-1.07159667922542,-0.850503140858112,-7.98472889139586,"sine",4,396
-1.12052377655889,-0.954524076179772,-8.11416505287485,"sine",4,397
0.119165294863791,-0.380205282808388,-8.60252761382698,"sine",4,398
-0.340894633009025,-0.515036202613597,-8.37098864809604,"sine",4,399
-0.2198636551255,-0.527773308317106,-8.43232521985318,"sine",4,400
-0.477067570237764,-0.617755892134749,-8.23089737536484,"sine",4,401
-0.520719824288047,-0.747940006015916,-8.40340808566699,"sine",4,402
-0.354076655874702,-0.598101092992646,-8.35212016586199,"sine",4,403
-0.354076655874702,-0.598101092992646,-8.35212016586199,"sine",4,404
-0.354076655874702,-0.598101092992646,-8.35212016586199,"sine",4,405
-0.666190611522875,-0.83169379545355,-8.63684336689821,"sine",4,406
-0.666190611522875,-0.83169379545355,-8.63684336689821,"sine",4,407
-0.666190611522875,-0.83169379545355,-8.63684336689821,"sine",4,408
-0.244843650649752,-0.644100852477851,-8.56284431152781,"sine",4,409
-0.0793078759196529,-0.661387549546301,-8.45217407325018,"sine",4,410
-0.299371870607756,-0.711113896719692,-8.87455338571352,"sine",4,411
-0.299371870607756,-0.711113896719692,-8.87455338571352,"sine",4,412
-0.299371870607756,-0.711113896719692,-8.87455338571352,"sine",4,413
-1.18516718815998,-0.880009710745461,-8.57890623331344,"sine",4,414
-0.55248953781149,-0.681889738812656,-8.51485932683133,"sine",4,415
-0.55248953781149,-0.681889738812656,-8.51485932683133,"sine",4,416
-0.55248953781149,-0.681889738812656,-8.51485932683133,"sine",4,417
0.00573239019136151,-0.535749852008918,-8.49160924808373,"sine",4,418
0.00573239019136151,-0.535749852008918,-8.49160924808373,"sine",4,419
-0.489303051082577,-0.656575767760822,-8.15478720220945,"sine",4,420
-0.489303051082577,-0.656575767760822,-8.15478720220945,"sine",4,421
-0.619279867519316,-0.707333116015657,-8.48786629431755,"sine",4,422
-0.47914777848842,-0.701304350412548,-8.77979854587958,"sine",4,423
-0.47914777848842,-0.701304350412548,-8.77979854587958,"sine",4,424
-0.687784106464519,-0.544476854711129,-8.43254964027721,"sine",4,425
-0.79395030050357,-0.691761896400972,-8.18691431600099,"sine",4,426
-0.762622633038722,-0.889210059851019,-8.12310851690632,"sine",4,427
-0.71629205707341,-0.845953706723653,-8.51767900812584,"sine",4,428
-0.624534828872106,-0.689346295548396,-8.6085238232827,"sine",4,429
-0.383715962985938,-0.667186333843258,-8.49872518357597,"sine",4,430
-1.26980238017448,-0.925378326153563,-8.48639173514708,"sine",4,431
0.0272443453163221,-0.25940585508778,-8.83683133104295,"sine",4,432
-0.324529011538781,-0.635689816272734,-8.93305530870733,"sine",4,433
-0.324529011538781,-0.635689816272734,-8.93305530870733,"sine",4,434
-0.324529011538781,-0.635689816272734,-8.93305530870733,"sine",4,435
-0.883126924919239,-0.885719098649645,-8.81415794429345,"sine",4,436
-0.378760096547418,-0.578497889469512,-8.89848938583782,"sine",4,437
-1.22584458271668,-1.05928861917516,-8.52288299603644,"sine",4,438
-1.22584458271668,-1.05928861917516,-8.52288299603644,"sine",4,439
-1.04246753218245,-0.96851810503222,-9.15754100033827,"sine",4,440
-1.04246753218245,-0.96851810503222,-9.15754100033827,"sine",4,441
-0.726796836254001,-0.590638661381192,-8.75378402892878,"sine",4,442
-0.726796836254001,-0.590638661381192,-8.75378402892878,"sine",4,443
-0.501866093300217,-0.678243600205571,-8.67133227439656,"sine",4,444
-0.473750336364642,-0.854688130958618,-8.65817651918218,"sine",4,445
-1.04837125067061,-0.933135771120015,-8.58788016441484,"sine",4,446
-1.04837125067061,-0.933135771120015,-8.58788016441484,"sine",4,447
-1.04837125067061,-0.933135771120015,-8.58788016441484,"sine",4,448
-1.04837125067061,-0.933135771120015,-8.58788016441484,"sine",4,449
-1.21496158533102,-0.948168183085754,-8.43059965383769,"sine",4,450
-1.21496158533102,-0.948168183085754,-8.43059965383769,"sine",4,451
-1.21496158533102,-0.948168183085754,-8.43059965383769,"sine",4,452
-1.21496158533102,-0.948168183085754,-8.43059965383769,"sine",4,453
-0.714800874256108,-0.762324304751899,-8.48330961517832,"sine",4,454
-0.714800874256108,-0.762324304751899,-8.48330961517832,"sine",4,455
-0.714800874256108,-0.762324304751899,-8.48330961517832,"sine",4,456
-0.851889123451959,-0.749621857358535,-8.25109424909731,"sine",4,457
-0.416532295179152,-0.637304164818683,-8.33306167529178,"sine",4,458
-0.284671761193963,-0.677235482661273,-8.22076045549243,"sine",4,459
-0.284671761193963,-0.677235482661273,-8.22076045549243,"sine",4,460
-0.284671761193963,-0.677235482661273,-8.22076045549243,"sine",4,461
-0.736768714765436,-0.883543716700772,-8.48949208502708,"sine",4,462
-0.736768714765436,-0.883543716700772,-8.48949208502708,"sine",4,463
-0.736768714765436,-0.883543716700772,-8.48949208502708,"sine",4,464
-0.736768714765436,-0.883543716700772,-8.48949208502708,"sine",4,465
-1.05431200183454,-0.986600361698248,-8.25851907814142,"sine",4,466
-0.679797161591184,-0.595200241390552,-8.53599885101334,"sine",4,467
-0.679797161591184,-0.595200241390552,-8.53599885101334,"sine",4,468
-0.908073233718415,-0.823977274759756,-8.65298458514736,"sine",4,469
-1.14814396554907,-0.912385093834954,-8.59667831484051,"sine",4,470
-0.0109662046886731,-0.282584110725872,-8.55652120820825,"sine",4,471
-0.686333890156222,-0.604769856820499,-8.64936029304785,"sine",4,472
-0.782621212625482,-0.724215766432891,-8.43167335539756,"sine",4,473
-1.18123430496085,-0.875947423723044,-8.40266310817301,"sine",4,474
-0.495570634058289,-0.599572864674477,-8.923551586887,"sine",4,475
-0.495570634058289,-0.599572864674477,-8.923551586887,"sine",4,476
-0.382209509219586,-0.431356052952963,-8.42026801518013,"sine",4,477
-0.905841459943881,-0.701329526465147,-8.88375993457356,"sine",4,478
-0.993537697641727,-0.788631870167737,-9.05147931738595,"sine",4,479
-0.821083233994174,-0.758272309785524,-8.77237366684267,"sine",4,480
-0.161308036319483,-0.484543610630092,-8.54610727106198,"sine",4,481
-0.549516284913445,-0.620380528754973,-8.76017950953511,"sine",4,482
-0.925261955299768,-0.685967863418113,-8.1961649362544,"sine",4,483
-0.78717265614151,-0.81408576730416,-8.92550999901018,"sine",4,484
-0.78717265614151,-0.81408576730416,-8.92550999901018,"sine",4,485
-0.573033650704041,-0.646440951250263,-8.79577877676258,"sine",4,486
-0.573033650704041,-0.646440951250263,-8.79577877676258,"sine",4,487
-0.923294407406919,-0.76621437415275,-8.32998825431524,"sine",4,488
-0.579793548255535,-0.664094338144964,-8.31000508847077,"sine",4,489
-0.60405026403142,-0.74129459729549,-7.96429188831382,"sine",4,490
-0.520271761351866,-0.556204045141339,-7.88987663620868,"sine",4,491
-0.719022348887324,-0.788114780174576,-8.10788781534615,"sine",4,492
-0.754562431686987,-0.784639457064031,-7.96956900506166,"sine",4,493
-0.609378543341002,-0.600088659088901,-8.7326616803554,"sine",4,494
-0.609378543341002,-0.600088659088901,-8.7326616803554,"sine",4,495
-0.609378543341002,-0.600088659088901,-8.7326616803554,"sine",4,496
-0.609378543341002,-0.600088659088901,-8.7326616803554,"sine",4,497
-0.608724830588602,-0.562816564703148,-9.07401353821769,"sine",4,498
-1.154742379756,-0.905171658063722,-8.17600765387905,"sine",4,499
-0.305147591452013,-0.533429530230782,-8.86924621799095,"sine",4,500
-1.08880032844037,-0.932939945328377,-8.79357434646051,"sine",4,501
-0.873491434394178,-0.794080312476595,-8.70457190564211,"sine",4,502
-0.509651565232176,-0.73484062408444,-8.38218829350139,"sine",4,503
-0.509651565232176,-0.73484062408444,-8.38218829350139,"sine",4,504
-1.19598280585479,-0.969540209862782,-8.9324400454198,"sine",4,505
-0.668784401782929,-0.530916414100895,-8.87627956385857,"sine",4,506
-0.668784401782929,-0.530916414100895,-8.87627956385857,"sine",4,507
-0.668784401782929,-0.530916414100895,-8.87627956385857,"sine",4,508
-0.0494166251394927,-0.256992836696162,-8.67828076742376,"sine",4,509
-0.159954310401199,-0.46439916575374,-7.91956195769454,"sine",4,510
-0.592681265293407,-0.751472946237244,-7.88495686198841,"sine",4,511
-1.30221998725914,-1.01380685932573,-8.77651738833302,"sine",4,512
-1.30221998725914,-1.01380685932573,-8.77651738833302,"sine",4,513
-1.41396988187689,-1.03788257695318,-8.4435826709647,"sine",4,514
-1.41396988187689,-1.03788257695318,-8.4435826709647,"sine",4,515
-1.45119774655874,-1.05298413859671,-8.5844129515545,"sine",4,516
-1.45119774655874,-1.05298413859671,-8.5844129515545,"sine",4,517
-0.0524330103868758,-0.42181621506175,-8.16185992444493,"sine",4,518
0.145057747922694,-0.41706514349125,-8.42045382396777,"sine",4,519
-0.698475362352168,-0.529582556862167,-8.49525770720118,"sine",4,520
-0.035318391773706,-0.27038529959798,-7.87600569737688,"sine",4,521
-0.035318391773706,-0.27038529959798,-7.87600569737688,"sine",4,522
-0.113432876829472,-0.640686069012756,-8.51554203831996,"sine",4,523
-0.82626571040485,-0.740543983885306,-8.46078462234649,"sine",4,524
-0.82626571040485,-0.740543983885306,-8.46078462234649,"sine",4,525
-0.240734879233402,-0.384356270311448,-8.29148436384854,"sine",4,526
-0.240734879233402,-0.384356270311448,-8.29148436384854,"sine",4,527
-0.464737015954732,-0.632997045563416,-8.12884645903262,"sine",4,528
-0.464737015954732,-0.632997045563416,-8.12884645903262,"sine",4,529
-0.860153401591233,-0.709888309207927,-8.21172313878015,"sine",4,530
-0.566298459848937,-0.716105141070145,-8.49116822617939,"sine",4,531
-0.47071151609575,-0.57789329709288,-8.36665929587779,"sine",4,532
-0.47071151609575,-0.57789329709288,-8.36665929587779,"sine",4,533
-1.10507889806236,-0.940321349680541,-8.60204755285588,"sine",4,534
-1.10507889806236,-0.940321349680541,-8.60204755285588,"sine",4,535
-1.10507889806236,-0.940321349680541,-8.60204755285588,"sine",4,536
-0.583345026542001,-0.524242776224424,-8.80834643458913,"sine",4,537
-0.583345026542001,-0.524242776224424,-8.80834643458913,"sine",4,538
-0.166458409535947,-0.52901289153522,-8.63103911548018,"sine",4,539
-0.166458409535947,-0.52901289153522,-8.63103911548018,"sine",4,540
-0.546067224668261,-0.733153411330615,-8.49172699767637,"sine",4,541
-0.546067224668261,-0.733153411330615,-8.49172699767637,"sine",4,542
-0.546067224668261,-0.733153411330615,-8.49172699767637,"sine",4,543
-0.546067224668261,-0.733153411330615,-8.49172699767637,"sine",4,544
-0.546067224668261,-0.733153411330615,-8.49172699767637,"sine",4,545
-0.546067224668261,-0.733153411330615,-8.49172699767637,"sine",4,546
-0.546067224668261,-0.733153411330615,-8.49172699767637,"sine",4,547
-0.546067224668261,-0.733153411330615,-8.49172699767637,"sine",4,548
-0.546067224668261,-0.733153411330615,-8.49172699767637,"sine",4,549
-0.546067224668261,-0.733153411330615,-8.49172699767637,"sine",4,550
-0.96516912210586,-0.821497836991015,-8.27210134332235,"sine",4,551
-1.37934868673959,-0.986152954971373,-8.14577098314469,"sine",4,552
0.127222781856111,-0.389927297381774,-8.42410189564618,"sine",4,553
-0.612664553532557,-0.5480555598207,-8.35248402764464,"sine",4,554
-1.35160923776902,-0.960477980926981,-8.57105680027622,"sine",4,555
-0.311496379314496,-0.553764408518319,-8.33493753941346,"sine",4,556
-0.520380805381619,-0.67004475132808,-8.3916706618166,"sine",4,557
0.0589701092384443,-0.491462188221778,-8.57770587568782,"sine",4,558
0.0589701092384443,-0.491462188221778,-8.57770587568782,"sine",4,559
-0.656490859385141,-0.584836253839627,-8.10831512146129,"sine",4,560
-0.987300746782032,-0.909711091055433,-8.22023929963724,"sine",4,561
-0.987300746782032,-0.909711091055433,-8.22023929963724,"sine",4,562
-0.590547383855528,-0.817748820739914,-8.30079312000319,"sine",4,563
-0.87055787597119,-0.904843715793214,-8.48467701712963,"sine",4,564
-0.669213260787678,-0.830315443665022,-8.3425973503438,"sine",4,565
-0.669213260787678,-0.830315443665022,-8.3425973503438,"sine",4,566
-0.381189183821396,-0.465220728108209,-8.68115344865055,"sine",4,567
-1.37592141949951,-1.10116101994812,-8.42351570635169,"sine",4,568
-0.0615329041934094,-0.590272001581988,-8.88723946931366,"sine",4,569
-0.160674079222337,-0.628203415449276,-8.43564669582071,"sine",4,570
-1.2590252147746,-1.20987066955234,-8.34563604716084,"sine",4,571
-0.496526361770442,-0.561965110639373,-8.48324324649373,"sine",4,572
-0.496526361770442,-0.561965110639373,-8.48324324649373,"sine",4,573
-0.17099397980798,-0.553747929744537,-8.45035124055255,"sine",4,574
-0.700386652458253,-0.845938634150587,-8.22307789996341,"sine",4,575
-0.700386652458253,-0.845938634150587,-8.22307789996341,"sine",4,576
-0.700386652458253,-0.845938634150587,-8.22307789996341,"sine",4,577
-0.484055057676355,-0.709023522938045,-8.05901576957172,"sine",4,578
-1.46989069562762,-0.960912523311375,-8.33230023397629,"sine",4,579
-1.23205332142894,-0.927885635230591,-8.90076614740944,"sine",4,580
-0.958918699745371,-0.765261199874963,-8.86185522184832,"sine",4,581
-0.147720863772192,-0.427057283113368,-8.53290883308665,"sine",4,582
-0.107386695941392,-0.550189068228426,-8.75529864393239,"sine",4,583
-0.107386695941392,-0.550189068228426,-8.75529864393239,"sine",4,584
-0.107386695941392,-0.550189068228426,-8.75529864393239,"sine",4,585
-0.865065124634737,-0.757639145202876,-8.43153913005821,"sine",4,586
-0.865065124634737,-0.757639145202876,-8.43153913005821,"sine",4,587
-1.05211232577488,-0.877073198224162,-8.64093842678979,"sine",4,588
0.0194291637778206,-0.589497125759159,-8.46841341117886,"sine",4,589
-0.595952162363704,-0.478893868960483,-8.40261168377968,"sine",4,590
-0.542869853196304,-0.740476761473356,-8.71085703600884,"sine",4,591
-0.338562829219399,-0.615899245848755,-8.52992407858934,"sine",4,592
-0.714021832737854,-0.440891421678558,-8.68366149608729,"sine",4,593
-0.154085999976763,-0.508930333897963,-9.11563537026072,"sine",4,594
-0.432715479003787,-0.63678780853585,-8.57483141941785,"sine",4,595
-0.730002059435381,-0.784775252248477,-8.85065375014528,"sine",4,596
-0.730002059435381,-0.784775252248477,-8.85065375014528,"sine",4,597
-0.730002059435381,-0.784775252248477,-8.85065375014528,"sine",4,598
-0.71456729901849,-0.515249367218778,-8.48902636957307,"sine",4,599
-0.538311912131833,-0.533476356226164,-8.57042180361909,"sine",4,600
-0.777173470116587,-0.930443344616576,-8.51761344592532,"sine",4,601
-0.34006126153282,-0.626319223959549,-8.08847980768859,"sine",4,602
-1.13390477171494,-0.958012575921208,-8.29904286975616,"sine",4,603
-0.400740200843343,-0.792394695273449,-8.45772804410719,"sine",4,604
-0.400740200843343,-0.792394695273449,-8.45772804410719,"sine",4,605
-0.579613453772054,-0.93201980625752,-8.42576239722847,"sine",4,606
-0.579613453772054,-0.93201980625752,-8.42576239722847,"sine",4,607
-0.928942445310445,-0.7582314729764,-8.53726323164932,"sine",4,608
-0.928942445310445,-0.7582314729764,-8.53726323164932,"sine",4,609
-0.610825379472362,-0.644336582917851,-8.85477506922851,"sine",4,610
-0.165501912307359,-0.659481551263245,-8.67758427404976,"sine",4,611
-0.165501912307359,-0.659481551263245,-8.67758427404976,"sine",4,612
-0.165501912307359,-0.659481551263245,-8.67758427404976,"sine",4,613
-0.561848130266063,-0.838804567815761,-8.19368100251397,"sine",4,614
-0.561848130266063,-0.838804567815761,-8.19368100251397,"sine",4,615
-0.375195422977915,-0.428798499599581,-8.70247079640015,"sine",4,616
-0.855580904793946,-0.856899837496805,-8.60438068936934,"sine",4,617
-0.855580904793946,-0.856899837496805,-8.60438068936934,"sine",4,618
-0.855580904793946,-0.856899837496805,-8.60438068936934,"sine",4,619
-0.563057656981198,-0.748821182671243,-8.37125297516258,"sine",4,620
-0.740366551958351,-0.857567430808153,-8.5044944856921,"sine",4,621
-0.850141554773819,-0.805900186425419,-8.40438787195617,"sine",4,622
-0.535892282583352,-0.626940846092166,-8.52628559693002,"sine",4,623
-0.894030978294844,-0.921614283446971,-8.57856168616821,"sine",4,624
-0.894030978294844,-0.921614283446971,-8.57856168616821,"sine",4,625
-0.164918801699531,-0.552323487260485,-9.19952003915675,"sine",4,626
-0.164918801699531,-0.552323487260485,-9.19952003915675,"sine",4,627
-0.164918801699531,-0.552323487260485,-9.19952003915675,"sine",4,628
-0.282789219341391,-0.595615921639291,-9.15739502702528,"sine",4,629
0.0126980069355787,-0.263794876416099,-8.70396713502942,"sine",4,630
-0.570853827534316,-0.73453678078532,-8.9359292915534,"sine",4,631
0.129221040115977,-0.371312576740042,-8.87848548843484,"sine",4,632
-0.929493119325721,-1.00872328316745,-8.39711809866079,"sine",4,633
-0.765181762410196,-0.910487538581984,-8.88355905823943,"sine",4,634
-0.608974980267972,-0.56060562668321,-8.9955664099722,"sine",4,635
-0.78839732497781,-0.750156385688137,-9.22580071088165,"sine",4,636
-0.769611101933646,-0.801256031319557,-9.03581954955212,"sine",4,637
-0.932893206817069,-1.0121871594772,-8.97748693164508,"sine",4,638
-0.773999908481297,-0.963951681445999,-8.75485033048189,"sine",4,639
-0.807469735306461,-0.857115816000344,-8.14435767372841,"sine",4,640
-1.15134813369427,-1.07743378930682,-8.71213092040755,"sine",4,641
-0.441469779633097,-0.654217269560257,-8.28037122156503,"sine",4,642
-0.441469779633097,-0.654217269560257,-8.28037122156503,"sine",4,643
-0.441469779633097,-0.654217269560257,-8.28037122156503,"sine",4,644
-0.441469779633097,-0.654217269560257,-8.28037122156503,"sine",4,645
-1.01316699454847,-0.822637141407351,-8.41005684102721,"sine",4,646
-0.881363999315972,-0.811842889508302,-8.05626381411035,"sine",4,647
-1.02547973105222,-0.914250595870304,-8.37218315439238,"sine",4,648
-0.019078084370213,-0.573266347282984,-8.66205040032789,"sine",4,649
-0.019078084370213,-0.573266347282984,-8.66205040032789,"sine",4,650
-0.365815105025939,-0.674722282808265,-8.7226565657263,"sine",4,651
-0.365815105025939,-0.674722282808265,-8.7226565657263,"sine",4,652
-0.484658113593032,-0.700733778415272,-8.86496034506109,"sine",4,653
0.118560562868425,-0.408733813214394,-8.38079323460674,"sine",4,654
-0.122145590118039,-0.520917348159589,-8.52984513169385,"sine",4,655
-0.122145590118039,-0.520917348159589,-8.52984513169385,"sine",4,656
-0.784080372644888,-0.944413607637458,-8.69563051359856,"sine",4,657
-0.784080372644888,-0.944413607637458,-8.69563051359856,"sine",4,658
-1.0012990085787,-1.0021217253842,-8.71434527931755,"sine",4,659
-1.0012990085787,-1.0021217253842,-8.71434527931755,"sine",4,660
-1.02901457870046,-1.02889146774223,-8.54335129574245,"sine",4,661
-1.02901457870046,-1.02889146774223,-8.54335129574245,"sine",4,662
-0.551197606760128,-0.903119462499279,-9.10457031872829,"sine",4,663
-0.857495047561383,-0.897815480856647,-8.73426990244213,"sine",4,664
-0.857495047561383,-0.897815480856647,-8.73426990244213,"sine",4,665
-0.266861898707442,-0.621249572671837,-8.35227902051448,"sine",4,666
-0.479828729849432,-0.642528071730156,-8.43224977831451,"sine",4,667
-0.472636213095634,-0.670251081621943,-8.23014352144362,"sine",4,668
-0.752486424167496,-0.95249553380999,-8.63404899419919,"sine",4,669
-0.901225680838678,-0.934001122810566,-8.73210856912974,"sine",4,670
-1.10682301092605,-1.14733549645209,-8.19763622474513,"sine",4,671
-1.10682301092605,-1.14733549645209,-8.19763622474513,"sine",4,672
-1.10682301092605,-1.14733549645209,-8.19763622474513,"sine",4,673
-0.84868945878609,-0.876792861426951,-8.28895495211747,"sine",4,674
-0.84868945878609,-0.876792861426951,-8.28895495211747,"sine",4,675
-0.167762193537057,-0.65493855892787,-8.46727626017778,"sine",4,676
-0.0828961210684439,-0.277639750087093,-8.46173761794134,"sine",4,677
-0.40935522809392,-0.848057372782805,-8.69655309057331,"sine",4,678
-0.728070992732871,-0.870238677498759,-8.35326779430743,"sine",4,679
-0.728070992732871,-0.870238677498759,-8.35326779430743,"sine",4,680
-0.660824422119509,-0.812841548494095,-8.47082449382393,"sine",4,681
-0.660824422119509,-0.812841548494095,-8.47082449382393,"sine",4,682
-0.660824422119509,-0.812841548494095,-8.47082449382393,"sine",4,683
-0.660824422119509,-0.812841548494095,-8.47082449382393,"sine",4,684
-0.918356459146581,-0.840260621473738,-8.76946237390503,"sine",4,685
-0.918356459146581,-0.840260621473738,-8.76946237390503,"sine",4,686
-1.15928081215178,-0.967297567672074,-8.34073735704869,"sine",4,687
-0.928742776495199,-0.778067323413227,-7.88023746284032,"sine",4,688
-0.356014193512038,-0.469319176253063,-8.56327973107481,"sine",4,689
-0.356014193512038,-0.469319176253063,-8.56327973107481,"sine",4,690
-0.720410412917405,-0.884891322301124,-8.87475241894676,"sine",4,691
-0.973507043882121,-0.787912164641795,-8.45297944212954,"sine",4,692
-0.973507043882121,-0.787912164641795,-8.45297944212954,"sine",4,693
-0.367162071511417,-0.50782863915345,-8.56424417534638,"sine",4,694
-0.871609535890758,-0.836328076239371,-8.5423099485796,"sine",4,695
-0.871609535890758,-0.836328076239371,-8.5423099485796,"sine",4,696
-0.616895529819955,-0.565154723337152,-8.48454012431684,"sine",4,697
-0.814502520004198,-0.701122274730474,-8.89150825683975,"sine",4,698
-0.282528102468759,-0.492948986153775,-8.89867839308373,"sine",4,699
-1.28059796666828,-0.82187705981595,-8.57554335705309,"sine",4,700
