"log_ell","log_sigma_f","log_sigma_n","source","chain","retained_draw"
-1.6344964091038,-1.63832616316771,-8.50360505026086,"mixture",1,1
-0.600114556028983,-1.33479759824781,-8.7534769799198,"mixture",1,2
-0.486656161275466,-1.18599164301793,-8.64254938791704,"mixture",1,3
-0.892221897009311,-1.65584827677466,-8.50305788401763,"mixture",1,4
-0.892221897009311,-1.65584827677466,-8.50305788401763,"mixture",1,5
-0.261485293749227,-1.24320341074554,-8.86366068066573,"mixture",1,6
-1.14136812149367,-1.46725292033624,-8.28600153276481,"mixture",1,7
-1.14136812149367,-1.46725292033624,-8.28600153276481,"mixture",1,8
-0.561226290154944,-1.17450550347432,-8.78662955954781,"mixture",1,9
-0.561226290154944,-1.17450550347432,-8.78662955954781,"mixture",1,10
-0.561226290154944,-1.17450550347432,-8.78662955954781,"mixture",1,11
-0.827462664186472,-1.25290318343696,-8.70318133875954,"mixture",1,12
-1.25185237296901,-1.3605275963063,-9.07481489666376,"mixture",1,13
-0.685480419624947,-1.17747556532451,-9.01411519494608,"mixture",1,14
-1.12005091280538,-1.56932358456229,-9.01725640365769,"mixture",1,15
-0.833043554960491,-1.71218181037646,-8.56468141085109,"mixture",1,16
-1.07325402854861,-1.63138532383985,-8.65018243973672,"mixture",1,17
-0.661100329374742,-1.34034898335271,-8.75716398453633,"mixture",1,18
-0.661100329374742,-1.34034898335271,-8.75716398453633,"mixture",1,19
-0.661100329374742,-1.34034898335271,-8.75716398453633,"mixture",1,20
-0.661100329374742,-1.34034898335271,-8.75716398453633,"mixture",1,21
-0.661100329374742,-1.34034898335271,-8.75716398453633,"mixture",1,22
-0.661100329374742,-1.34034898335271,-8.75716398453633,"mixture",1,23
-0.661100329374742,-1.34034898335271,-8.75716398453633,"mixture",1,24
-1.16896771886901,-1.54821053610786,-8.70482554052817,"mixture",1,25
-1.16896771886901,-1.54821053610786,-8.70482554052817,"mixture",1,26
-1.16896771886901,-1.54821053610786,-8.70482554052817,"mixture",1,27
-1.16896771886901,-1.54821053610786,-8.70482554052817,"mixture",1,28
-1.00697527759518,-1.46613981202918,-8.64911313248629,"mixture",1,29
-1.00697527759518,-1.46613981202918,-8.64911313248629,"mixture",1,30
-1.00697527759518,-1.46613981202918,-8.64911313248629,"mixture",1,31
-1.00697527759518,-1.46613981202918,-8.64911313248629,"mixture",1,32
-0.912124422742916,-1.42450794373088,-9.00255050570567,"mixture",1,33
-1.04031248024385,-1.36308344066096,-8.82513805366512,"mixture",1,34
0.0414607858976899,-0.734041246001281,-8.71509194687931,"mixture",1,35
-1.7510431169773,-1.60928600869404,-8.7519740986256,"mixture",1,36
-0.850529233620645,-1.40163597995067,-8.76071249603206,"mixture",1,37
-0.850529233620645,-1.40163597995067,-8.76071249603206,"mixture",1,38
-0.850529233620645,-1.40163597995067,-8.76071249603206,"mixture",1,39
-0.846972658460995,-1.51262097017062,-8.57088699934089,"mixture",1,40
-0.135587304119375,-1.08488489311758,-9.18408734192488,"mixture",1,41
-0.173530861131953,-0.994588224090228,-8.94046513209401,"mixture",1,42
-1.806627501038,-1.55465641946299,-8.62021029351642,"mixture",1,43
-1.79874726408527,-1.63906803893494,-8.6769340653007,"mixture",1,44
-0.852447916284734,-1.34430735687599,-8.63256740474123,"mixture",1,45
-0.852447916284734,-1.34430735687599,-8.63256740474123,"mixture",1,46
-0.852447916284734,-1.34430735687599,-8.63256740474123,"mixture",1,47
-0.852447916284734,-1.34430735687599,-8.63256740474123,"mixture",1,48
-1.49423642597293,-1.6442026292714,-9.00778424139301,"mixture",1,49
-1.49423642597293,-1.6442026292714,-9.00778424139301,"mixture",1,50
-1.49423642597293,-1.6442026292714,-9.00778424139301,"mixture",1,51
-1.49423642597293,-1.6442026292714,-9.00778424139301,"mixture",1,52
-0.249825240114076,-1.30405182040722,-8.36277362323638,"mixture",1,53
-0.249825240114076,-1.30405182040722,-8.36277362323638,"mixture",1,54
-0.770523513940892,-1.64426357664079,-8.30724654434919,"mixture",1,55
-0.445599272915675,-1.38211027715759,-8.36992531291721,"mixture",1,56
-0.255173168415339,-1.38373834280485,-8.41098108795912,"mixture",1,57
-0.844205313425386,-1.71864185534745,-8.96117475122777,"mixture",1,58
-0.668129307389077,-1.6697751113222,-8.2914953122898,"mixture",1,59
0.0406492533821792,-0.991572518484308,-8.07242928117053,"mixture",1,60
-0.256139474751042,-1.21765257073232,-8.51000107771727,"mixture",1,61
-0.256139474751042,-1.21765257073232,-8.51000107771727,"mixture",1,62
-0.256139474751042,-1.21765257073232,-8.51000107771727,"mixture",1,63
-0.740613563725766,-1.39902318743179,-8.44610503971804,"mixture",1,64
-0.740613563725766,-1.39902318743179,-8.44610503971804,"mixture",1,65
-0.457520639761695,-1.37614790587899,-8.316289434393,"mixture",1,66
-0.457520639761695,-1.37614790587899,-8.316289434393,"mixture",1,67
-0.457520639761695,-1.37614790587899,-8.316289434393,"mixture",1,68
-0.457520639761695,-1.37614790587899,-8.316289434393,"mixture",1,69
-0.457520639761695,-1.37614790587899,-8.316289434393,"mixture",1,70
-0.457520639761695,-1.37614790587899,-8.316289434393,"mixture",1,71
-0.457520639761695,-1.37614790587899,-8.316289434393,"mixture",1,72
-0.457520639761695,-1.37614790587899,-8.316289434393,"mixture",1,73
-0.392692967665441,-1.37683684974198,-8.54831862687446,"mixture",1,74
-0.73456181396339,-1.49024641112429,-8.82575315620367,"mixture",1,75
-0.73456181396339,-1.49024641112429,-8.82575315620367,"mixture",1,76
-0.611796451205931,-1.14908686566076,-8.40601152882084,"mixture",1,77
-0.611796451205931,-1.14908686566076,-8.40601152882084,"mixture",1,78
-0.512250050264625,-1.22296524086746,-8.76159569580197,"mixture",1,79
-0.80036607389134,-1.19061206695813,-8.37826484660905,"mixture",1,80
-0.866042487814372,-1.25197314526482,-8.50093787889142,"mixture",1,81
-0.381370323759413,-1.06146385953294,-8.64500935009682,"mixture",1,82
-0.381370323759413,-1.06146385953294,-8.64500935009682,"mixture",1,83
-0.646900814595502,-1.29864490563524,-8.3936618257323,"mixture",1,84
-0.814495429462975,-1.30175850443623,-9.08732870264959,"mixture",1,85
-0.961988998823429,-1.57396887355591,-9.01401892211746,"mixture",1,86
-0.961988998823429,-1.57396887355591,-9.01401892211746,"mixture",1,87
-1.67148531826269,-1.57647575289401,-8.51434336989712,"mixture",1,88
-1.67148531826269,-1.57647575289401,-8.51434336989712,"mixture",1,89
-1.67148531826269,-1.57647575289401,-8.51434336989712,"mixture",1,90
-1.20440152087051,-1.30403709930254,-8.85787319623582,"mixture",1,91
-1.20440152087051,-1.30403709930254,-8.85787319623582,"mixture",1,92
-1.78605288603899,-1.67058112707849,-9.3051767580201,"mixture",1,93
-0.559479812719242,-1.39022116601941,-8.19483022104412,"mixture",1,94
-0.559479812719242,-1.39022116601941,-8.19483022104412,"mixture",1,95
-0.933645648348475,-1.23218234008393,-8.65862444294291,"mixture",1,96
-0.933645648348475,-1.23218234008393,-8.65862444294291,"mixture",1,97
-0.933645648348475,-1.23218234008393,-8.65862444294291,"mixture",1,98
-1.14786930702093,-1.54279243803724,-8.88521693651924,"mixture",1,99
-1.14786930702093,-1.54279243803724,-8.88521693651924,"mixture",1,100
-1.14786930702093,-1.54279243803724,-8.88521693651924,"mixture",1,101
0.0213033977443131,-0.909974848978942,-8.9674006689242,"mixture",1,102
-0.525270595572118,-1.32293234656851,-8.78861335888567,"mixture",1,103
-0.525270595572118,-1.32293234656851,-8.78861335888567,"mixture",1,104
-0.525270595572118,-1.32293234656851,-8.78861335888567,"mixture",1,105
-0.525270595572118,-1.32293234656851,-8.78861335888567,"mixture",1,106
-0.913942107310699,-1.44258511437106,-9.03072999314237,"mixture",1,107
-0.479266055292701,-1.19784401840655,-8.61254658250449,"mixture",1,108
-0.954974184274899,-1.30250299092581,-8.53734340706781,"mixture",1,109
-1.05637030361419,-1.43442072822055,-8.99683022379915,"mixture",1,110
-1.05637030361419,-1.43442072822055,-8.99683022379915,"mixture",1,111
-1.10083060909348,-1.18730597669012,-8.76545151897096,"mixture",1,112
-1.46737559421916,-1.82862200481082,-8.47873491676829,"mixture",1,113
-1.32395091702379,-1.60236054335992,-9.00582236281515,"mixture",1,114
-1.32395091702379,-1.60236054335992,-9.00582236281515,"mixture",1,115
-1.32395091702379,-1.60236054335992,-9.00582236281515,"mixture",1,116
-1.32395091702379,-1.60236054335992,-9.00582236281515,"mixture",1,117
-1.32395091702379,-1.60236054335992,-9.00582236281515,"mixture",1,118
-0.517916340568786,-1.20559601946765,-8.45653874370657,"mixture",1,119
-1.55802359114087,-1.42973468999758,-8.56364036933421,"mixture",1,120
-1.55802359114087,-1.42973468999758,-8.56364036933421,"mixture",1,121
-1.55802359114087,-1.42973468999758,-8.56364036933421,"mixture",1,122
-1.55802359114087,-1.42973468999758,-8.56364036933421,"mixture",1,123
-1.55802359114087,-1.42973468999758,-8.56364036933421,"mixture",1,124
-0.791517073270781,-1.23858951320913,-8.7933011672303,"mixture",1,125
-0.647459980805143,-1.30490455410833,-8.6202158164156,"mixture",1,126
-0.647459980805143,-1.30490455410833,-8.6202158164156,"mixture",1,127
-0.647459980805143,-1.30490455410833,-8.6202158164156,"mixture",1,128
-0.647459980805143,-1.30490455410833,-8.6202158164156,"mixture",1,129
-0.726245173297108,-1.34947191884491,-9.02758692154838,"mixture",1,130
-0.726245173297108,-1.34947191884491,-9.02758692154838,"mixture",1,131
-0.934800101250503,-1.62943906300869,-8.46449801252398,"mixture",1,132
-0.538656000118306,-1.39610435668154,-8.38069617124416,"mixture",1,133
-0.190616073773348,-1.15936435690124,-8.65534380085961,"mixture",1,134
-0.190616073773348,-1.15936435690124,-8.65534380085961,"mixture",1,135
-0.232777106101571,-1.40310777653734,-8.43686081692029,"mixture",1,136
-0.931948856147664,-1.70358200093983,-8.34652773201815,"mixture",1,137
-0.931492110321731,-1.40638239735941,-9.26914297078082,"mixture",1,138
-0.295831386604062,-1.09822399211749,-9.28036709594815,"mixture",1,139
-0.320956075598522,-1.19409809842759,-9.02348099195252,"mixture",1,140
-0.320956075598522,-1.19409809842759,-9.02348099195252,"mixture",1,141
-1.56297495861713,-1.55207687436925,-8.80198317259707,"mixture",1,142
-1.14309000511478,-1.5409900715675,-8.19933946561035,"mixture",1,143
-0.606009664119548,-1.43226394614121,-8.38563896605211,"mixture",1,144
-0.657199422903224,-1.36336278721426,-8.43943386054537,"mixture",1,145
-0.596947509979286,-1.29297708080923,-8.46297492738792,"mixture",1,146
-0.596947509979286,-1.29297708080923,-8.46297492738792,"mixture",1,147
-1.0617929493666,-1.45365086098229,-8.81314668883039,"mixture",1,148
-0.90962735146701,-1.52270142989659,-8.66022814758837,"mixture",1,149
-0.90962735146701,-1.52270142989659,-8.66022814758837,"mixture",1,150
-0.90962735146701,-1.52270142989659,-8.66022814758837,"mixture",1,151
-0.90962735146701,-1.52270142989659,-8.66022814758837,"mixture",1,152
-0.90962735146701,-1.52270142989659,-8.66022814758837,"mixture",1,153
-0.942849419405939,-1.41593000164187,-9.70802080459166,"mixture",1,154
-1.17429549956968,-1.58902570807742,-9.18530757938323,"mixture",1,155
-1.11235872128874,-1.44452401853687,-8.6176386072358,"mixture",1,156
-0.223189709259127,-1.18929447669325,-8.61591112578791,"mixture",1,157
-0.223189709259127,-1.18929447669325,-8.61591112578791,"mixture",1,158
-0.223189709259127,-1.18929447669325,-8.61591112578791,"mixture",1,159
-0.98511132477749,-1.47466554670654,-8.3842923923829,"mixture",1,160
-1.40051760523299,-1.5134668134085,-8.81204767651888,"mixture",1,161
-1.40051760523299,-1.5134668134085,-8.81204767651888,"mixture",1,162
-1.5003692577082,-1.69857905428498,-8.60256412802479,"mixture",1,163
-1.07674830119873,-1.73529281507536,-8.62506103812508,"mixture",1,164
-1.05167299363996,-1.60451071708653,-8.2134110430192,"mixture",1,165
-0.866814720982621,-1.61995498113837,-8.84408318994684,"mixture",1,166
-0.866814720982621,-1.61995498113837,-8.84408318994684,"mixture",1,167
-0.866814720982621,-1.61995498113837,-8.84408318994684,"mixture",1,168
-0.0110138708282719,-0.840824544425367,-8.66610266195408,"mixture",1,169
-0.419438029002843,-1.55246583310925,-8.38699768228625,"mixture",1,170
-0.419438029002843,-1.55246583310925,-8.38699768228625,"mixture",1,171
-1.00151352929294,-1.60637547752304,-8.73986079784686,"mixture",1,172
-1.39592271924812,-1.60798248828237,-8.46735017000164,"mixture",1,173
-1.38423680079422,-1.34578585559585,-8.92578862878973,"mixture",1,174
-0.167737827612106,-1.07994391655871,-8.3435797466323,"mixture",1,175
0.0120679795230918,-1.07115441825171,-8.74185190061337,"mixture",1,176
0.0120679795230918,-1.07115441825171,-8.74185190061337,"mixture",1,177
0.136212114045448,-1.01369922198564,-9.05419100417228,"mixture",1,178
0.136212114045448,-1.01369922198564,-9.05419100417228,"mixture",1,179
-0.304991302745476,-1.12353262281844,-8.74253393970214,"mixture",1,180
-0.304991302745476,-1.12353262281844,-8.74253393970214,"mixture",1,181
-0.304991302745476,-1.12353262281844,-8.74253393970214,"mixture",1,182
-0.304991302745476,-1.12353262281844,-8.74253393970214,"mixture",1,183
-0.304991302745476,-1.12353262281844,-8.74253393970214,"mixture",1,184
-0.304991302745476,-1.12353262281844,-8.74253393970214,"mixture",1,185
-0.304991302745476,-1.12353262281844,-8.74253393970214,"mixture",1,186
-0.34268146836433,-1.16820987501068,-8.94168393500551,"mixture",1,187
-0.34268146836433,-1.16820987501068,-8.94168393500551,"mixture",1,188
-0.850674567297105,-1.60279472660852,-8.74517389495903,"mixture",1,189
-0.850674567297105,-1.60279472660852,-8.74517389495903,"mixture",1,190
-0.850674567297105,-1.60279472660852,-8.74517389495903,"mixture",1,191
-1.0947812360677,-1.73636414666403,-8.70800568717929,"mixture",1,192
-1.0947812360677,-1.73636414666403,-8.70800568717929,"mixture",1,193
-0.613464965795125,-1.38627584578466,-8.40533968303376,"mixture",1,194
-1.50104587428872,-1.56652481428276,-8.76559566010606,"mixture",1,195
-1.50104587428872,-1.56652481428276,-8.76559566010606,"mixture",1,196
-1.50104587428872,-1.56652481428276,-8.76559566010606,"mixture",1,197
-0.875311117328159,-1.29839849361397,-8.88731178306518,"mixture",1,198
-0.262597664197346,-1.20377853826909,-8.65486227587033,"mixture",1,199
-0.200910715439824,-1.09674642268436,-8.68515337263954,"mixture",1,200
-0.200910715439824,-1.09674642268436,-8.68515337263954,"mixture",1,201
-0.200910715439824,-1.09674642268436,-8.68515337263954,"mixture",1,202
-0.854718319422378,-1.25169663314002,-8.91235724682528,"mixture",1,203
-1.38523542324601,-1.67987541918671,-8.4881789907153,"mixture",1,204
-0.473107535957233,-1.27364647950297,-8.92025775733068,"mixture",1,205
-1.15068269477691,-1.69883704316987,-8.51000694388963,"mixture",1,206
-0.904947591400926,-1.34816307954414,-8.74748139536372,"mixture",1,207
-0.904947591400926,-1.34816307954414,-8.74748139536372,"mixture",1,208
-0.904947591400926,-1.34816307954414,-8.74748139536372,"mixture",1,209
-0.904947591400926,-1.34816307954414,-8.74748139536372,"mixture",1,210
-0.904947591400926,-1.34816307954414,-8.74748139536372,"mixture",1,211
-0.981573890195614,-1.41548198753311,-9.0041135140186,"mixture",1,212
-0.981573890195614,-1.41548198753311,-9.0041135140186,"mixture",1,213
-0.981573890195614,-1.41548198753311,-9.0041135140186,"mixture",1,214
-0.981573890195614,-1.41548198753311,-9.0041135140186,"mixture",1,215
-1.12226225619838,-1.52427196699384,-8.84395582022878,"mixture",1,216
-1.12226225619838,-1.52427196699384,-8.84395582022878,"mixture",1,217
-1.12226225619838,-1.52427196699384,-8.84395582022878,"mixture",1,218
-0.335791028106352,-1.33699915289548,-8.78991322051706,"mixture",1,219
-0.253367661340441,-1.15801821101128,-9.031684657051,"mixture",1,220
-1.51285361200969,-1.88894633757278,-8.46130406847605,"mixture",1,221
-1.54280565830017,-1.43311663559413,-8.20529472458134,"mixture",1,222
-1.48845555983661,-1.42293916428889,-8.7368864853677,"mixture",1,223
-0.824554417084278,-1.39357041520278,-8.3759683406184,"mixture",1,224
-0.824554417084278,-1.39357041520278,-8.3759683406184,"mixture",1,225
-0.543403387321955,-1.33589346161007,-8.83637693194749,"mixture",1,226
-1.6417692869997,-1.72357447790202,-8.67235001078152,"mixture",1,227
-1.4147050848966,-1.69500159657189,-8.70893298197517,"mixture",1,228
-1.4147050848966,-1.69500159657189,-8.70893298197517,"mixture",1,229
-1.4147050848966,-1.69500159657189,-8.70893298197517,"mixture",1,230
-1.54606287934617,-1.467306444902,-8.57420068388495,"mixture",1,231
-1.54606287934617,-1.467306444902,-8.57420068388495,"mixture",1,232
-0.839191642426552,-1.59556896795123,-9.15501494484297,"mixture",1,233
-0.904907562010437,-1.43648899231278,-9.44018016885257,"mixture",1,234
-0.904907562010437,-1.43648899231278,-9.44018016885257,"mixture",1,235
-1.08310681787799,-1.51536410705349,-8.22755615843877,"mixture",1,236
-1.08310681787799,-1.51536410705349,-8.22755615843877,"mixture",1,237
-1.08310681787799,-1.51536410705349,-8.22755615843877,"mixture",1,238
-1.08310681787799,-1.51536410705349,-8.22755615843877,"mixture",1,239
-1.08310681787799,-1.51536410705349,-8.22755615843877,"mixture",1,240
-1.08310681787799,-1.51536410705349,-8.22755615843877,"mixture",1,241
-1.12982394601416,-1.38787669988722,-8.50910275103931,"mixture",1,242
-0.458331339669947,-1.44613394188493,-8.46604547592382,"mixture",1,243
-0.320676755288045,-1.4344533045535,-8.16615994845638,"mixture",1,244
-1.14376655229287,-1.43332714214136,-8.8323240048902,"mixture",1,245
-1.14376655229287,-1.43332714214136,-8.8323240048902,"mixture",1,246
-1.14376655229287,-1.43332714214136,-8.8323240048902,"mixture",1,247
-1.14376655229287,-1.43332714214136,-8.8323240048902,"mixture",1,248
-1.21493281815641,-1.6559292095627,-8.51691058159395,"mixture",1,249
-1.21493281815641,-1.6559292095627,-8.51691058159395,"mixture",1,250
-1.15499590845062,-1.51060417587435,-8.6888631675304,"mixture",1,251
-1.15499590845062,-1.51060417587435,-8.6888631675304,"mixture",1,252
-1.43861395138327,-1.64763646617213,-8.42527157517289,"mixture",1,253
-1.13757446180572,-1.67288010836175,-8.44183824032745,"mixture",1,254
-0.944434483591357,-1.77506821950066,-8.03677945939255,"mixture",1,255
-0.595854280324411,-1.41861705303852,-8.06260135246419,"mixture",1,256
-0.903905565944269,-1.26098356624264,-8.87065585870717,"mixture",1,257
-0.903905565944269,-1.26098356624264,-8.87065585870717,"mixture",1,258
-0.65080421898852,-1.27679338563657,-8.7768033631763,"mixture",1,259
-0.301567758916324,-1.11274481991622,-8.52945343278987,"mixture",1,260
-0.301567758916324,-1.11274481991622,-8.52945343278987,"mixture",1,261
-0.301567758916324,-1.11274481991622,-8.52945343278987,"mixture",1,262
-0.301567758916324,-1.11274481991622,-8.52945343278987,"mixture",1,263
-0.420466452096448,-1.03566160746617,-8.93291821382704,"mixture",1,264
-0.778682947166037,-1.4011568621911,-8.28301720012029,"mixture",1,265
-0.305684003765388,-1.31786231992735,-8.84932391037995,"mixture",1,266
-0.305684003765388,-1.31786231992735,-8.84932391037995,"mixture",1,267
-0.263421580104557,-1.17952481375957,-8.39960018791037,"mixture",1,268
-0.513240677408046,-1.2376926231704,-8.29903923167007,"mixture",1,269
-0.513240677408046,-1.2376926231704,-8.29903923167007,"mixture",1,270
-0.501094657744624,-1.13918443455097,-8.75985527814688,"mixture",1,271
-0.501094657744624,-1.13918443455097,-8.75985527814688,"mixture",1,272
-0.501094657744624,-1.13918443455097,-8.75985527814688,"mixture",1,273
-0.501094657744624,-1.13918443455097,-8.75985527814688,"mixture",1,274
-0.642181683996394,-1.24317696703759,-8.84665151663198,"mixture",1,275
-0.693136766963519,-1.38865870902717,-8.53093792506137,"mixture",1,276
-0.693136766963519,-1.38865870902717,-8.53093792506137,"mixture",1,277
-0.693136766963519,-1.38865870902717,-8.53093792506137,"mixture",1,278
-0.693136766963519,-1.38865870902717,-8.53093792506137,"mixture",1,279
-0.623007874043077,-1.45467745826138,-8.60910550876095,"mixture",1,280
-0.623007874043077,-1.45467745826138,-8.60910550876095,"mixture",1,281
-1.17979533325508,-1.77711378073121,-8.51749658510754,"mixture",1,282
-1.34696778740596,-1.68993385569469,-8.6824208986711,"mixture",1,283
-1.0384043871292,-1.38350940374824,-9.06585555087547,"mixture",1,284
-1.67065123938383,-1.68745401131625,-8.4632884080358,"mixture",1,285
-1.67065123938383,-1.68745401131625,-8.4632884080358,"mixture",1,286
-1.75923019217844,-1.90744518501386,-8.76696858154652,"mixture",1,287
-1.75923019217844,-1.90744518501386,-8.76696858154652,"mixture",1,288
-0.813825398779735,-1.71919646959514,-8.44531172532018,"mixture",1,289
-0.62201471709393,-1.22078113981097,-8.51002614233963,"mixture",1,290
-1.56490913054463,-1.60107259382203,-8.41669147994687,"mixture",1,291
-1.56490913054463,-1.60107259382203,-8.41669147994687,"mixture",1,292
-1.56490913054463,-1.60107259382203,-8.41669147994687,"mixture",1,293
-0.859149983948222,-1.54509409907986,-8.49455161772431,"mixture",1,294
-1.15844238108047,-1.68432010315651,-7.99419374737286,"mixture",1,295
-1.43619193010979,-1.79740872528264,-8.13872515776837,"mixture",1,296
-1.43619193010979,-1.79740872528264,-8.13872515776837,"mixture",1,297
-1.43619193010979,-1.79740872528264,-8.13872515776837,"mixture",1,298
-1.55578532522565,-1.69021898620944,-8.1932529234046,"mixture",1,299
-0.461081322985949,-1.15669348410772,-8.60516671187233,"mixture",1,300
-0.907259741349854,-1.55582300690298,-8.18349858729308,"mixture",1,301
-0.63870047343692,-1.49915945831443,-8.73972961846005,"mixture",1,302
-0.494965853028277,-1.34826301736262,-8.63188894577996,"mixture",1,303
-0.494965853028277,-1.34826301736262,-8.63188894577996,"mixture",1,304
-0.494965853028277,-1.34826301736262,-8.63188894577996,"mixture",1,305
-0.494965853028277,-1.34826301736262,-8.63188894577996,"mixture",1,306
-0.500325374449862,-1.23905046073146,-9.14819881905484,"mixture",1,307
-0.500325374449862,-1.23905046073146,-9.14819881905484,"mixture",1,308
-0.887585482426977,-1.40508829039599,-8.2937003171729,"mixture",1,309
-0.37273039855676,-1.28146837413065,-8.75463704073275,"mixture",1,310
-1.17351338634223,-1.67671811332974,-8.74721893198992,"mixture",1,311
-0.101982841601398,-1.15690854191669,-8.94040272626757,"mixture",1,312
-0.880840940006931,-1.26344340050283,-9.08519385694483,"mixture",1,313
-0.0469729917063697,-0.962945397382878,-8.8338330439711,"mixture",1,314
-0.457223222058153,-1.10369030771761,-8.49896435543888,"mixture",1,315
-0.457223222058153,-1.10369030771761,-8.49896435543888,"mixture",1,316
-0.862627574361034,-1.4419469786278,-8.84745526248486,"mixture",1,317
-1.12254148432137,-1.7377533865178,-8.5861763316637,"mixture",1,318
-0.762874156295383,-1.33782396314247,-8.64969117950528,"mixture",1,319
-0.762874156295383,-1.33782396314247,-8.64969117950528,"mixture",1,320
-0.939573769066436,-1.55931567002918,-8.6836537066383,"mixture",1,321
-0.939573769066436,-1.55931567002918,-8.6836537066383,"mixture",1,322
-0.939573769066436,-1.55931567002918,-8.6836537066383,"mixture",1,323
-0.939573769066436,-1.55931567002918,-8.6836537066383,"mixture",1,324
-0.939573769066436,-1.55931567002918,-8.6836537066383,"mixture",1,325
-1.38407478044272,-1.6560997167566,-8.74390384896017,"mixture",1,326
-1.38407478044272,-1.6560997167566,-8.74390384896017,"mixture",1,327
-1.14738223513433,-1.51883739404736,-8.277558415576,"mixture",1,328
-1.14738223513433,-1.51883739404736,-8.277558415576,"mixture",1,329
-1.25729232413575,-1.65215067687286,-8.79416929787425,"mixture",1,330
-1.25729232413575,-1.65215067687286,-8.79416929787425,"mixture",1,331
-1.25729232413575,-1.65215067687286,-8.79416929787425,"mixture",1,332
-1.9335633980154,-1.75023681236511,-8.73281489595403,"mixture",1,333
-1.9335633980154,-1.75023681236511,-8.73281489595403,"mixture",1,334
-0.531374527094813,-1.05642500853864,-8.8623859813484,"mixture",1,335
-1.67332717112648,-1.6425445387336,-8.49096212236659,"mixture",1,336
-1.67332717112648,-1.6425445387336,-8.49096212236659,"mixture",1,337
-1.01821341955287,-1.39753847863901,-8.4856679620259,"mixture",1,338
-1.95992804235795,-1.64448924412479,-9.10785461205125,"mixture",1,339
-1.5255945547983,-1.48492297280483,-9.4561006187676,"mixture",1,340
-0.450277927884528,-1.48972407442507,-8.34334914029362,"mixture",1,341
-0.866949402421293,-1.43734341598131,-8.58477403523955,"mixture",1,342
-0.866949402421293,-1.43734341598131,-8.58477403523955,"mixture",1,343
-0.866949402421293,-1.43734341598131,-8.58477403523955,"mixture",1,344
-0.786818538423206,-1.44060802534432,-8.53433972536564,"mixture",1,345
-0.786818538423206,-1.44060802534432,-8.53433972536564,"mixture",1,346
-1.41360829521373,-1.5861212649281,-9.1700640866306,"mixture",1,347
-1.74744864408503,-1.60108297755025,-8.93408211588005,"mixture",1,348
-1.74744864408503,-1.60108297755025,-8.93408211588005,"mixture",1,349
-0.843702360802139,-1.27418481733435,-8.48901975557138,"mixture",1,350
-0.523248305689377,-1.35557126969215,-8.53639271005627,"mixture",1,351
-0.523248305689377,-1.35557126969215,-8.53639271005627,"mixture",1,352
0.0936947010820206,-0.994275071052011,-8.71181108363215,"mixture",1,353
-0.929681853938955,-1.6267801388012,-8.70871120033061,"mixture",1,354
-0.605706140781808,-1.44453802073403,-8.4112297431405,"mixture",1,355
-0.605706140781808,-1.44453802073403,-8.4112297431405,"mixture",1,356
-1.68409071541548,-1.6628590407103,-8.78786678270237,"mixture",1,357
-1.68409071541548,-1.6628590407103,-8.78786678270237,"mixture",1,358
-1.68409071541548,-1.6628590407103,-8.78786678270237,"mixture",1,359
-1.6461292255601,-1.66873137409988,-8.88315555872264,"mixture",1,360
-1.6461292255601,-1.66873137409988,-8.88315555872264,"mixture",1,361
-1.6461292255601,-1.66873137409988,-8.88315555872264,"mixture",1,362
-1.3761922484527,-1.46105957138485,-8.57997766902405,"mixture",1,363
-1.3761922484527,-1.46105957138485,-8.57997766902405,"mixture",1,364
-1.75384859561574,-1.47294175927459,-8.7941259866698,"mixture",1,365
-1.75384859561574,-1.47294175927459,-8.7941259866698,"mixture",1,366
-1.75384859561574,-1.47294175927459,-8.7941259866698,"mixture",1,367
-1.45048986024823,-1.42213484532786,-9.65223665798573,"mixture",1,368
-1.61227408166073,-1.66625479438429,-9.42896962655807,"mixture",1,369
-1.72260936221065,-1.49247355687616,-9.01075847379024,"mixture",1,370
-1.37223985552963,-1.35851432479397,-9.16455282367713,"mixture",1,371
-1.68191761113755,-1.56315694843625,-9.50022255622034,"mixture",1,372
-1.20968666479668,-1.42636109196388,-8.86652632077013,"mixture",1,373
-1.20968666479668,-1.42636109196388,-8.86652632077013,"mixture",1,374
-1.20968666479668,-1.42636109196388,-8.86652632077013,"mixture",1,375
-1.20968666479668,-1.42636109196388,-8.86652632077013,"mixture",1,376
-1.3545194929229,-1.4993640272558,-9.09459986337108,"mixture",1,377
-1.74988104270271,-1.55119995184746,-9.2296091580703,"mixture",1,378
-0.987489004585469,-1.35444275775324,-8.47034033854261,"mixture",1,379
-1.66906589558556,-1.69735263301118,-8.74995405217908,"mixture",1,380
-0.599582129731476,-1.45161881852603,-8.56938342236411,"mixture",1,381
-0.862755896863068,-1.47362529834681,-8.42319343669779,"mixture",1,382
-0.862755896863068,-1.47362529834681,-8.42319343669779,"mixture",1,383
-0.862755896863068,-1.47362529834681,-8.42319343669779,"mixture",1,384
-0.862755896863068,-1.47362529834681,-8.42319343669779,"mixture",1,385
-0.862755896863068,-1.47362529834681,-8.42319343669779,"mixture",1,386
-0.862755896863068,-1.47362529834681,-8.42319343669779,"mixture",1,387
-0.862755896863068,-1.47362529834681,-8.42319343669779,"mixture",1,388
-0.906035908717563,-1.49053664868286,-8.45232453637668,"mixture",1,389
-0.906035908717563,-1.49053664868286,-8.45232453637668,"mixture",1,390
-0.786836901385306,-1.5738106691086,-8.4584947396789,"mixture",1,391
-0.50278310137561,-1.44809583633622,-8.56980941506877,"mixture",1,392
-1.32943234720493,-1.50269017670255,-8.54986158793517,"mixture",1,393
-1.32943234720493,-1.50269017670255,-8.54986158793517,"mixture",1,394
-1.11255121718017,-1.47967185999842,-9.01229842138389,"mixture",1,395
-1.11255121718017,-1.47967185999842,-9.01229842138389,"mixture",1,396
-1.11255121718017,-1.47967185999842,-9.01229842138389,"mixture",1,397
-0.495554722926704,-1.21156263740646,-8.8635785697475,"mixture",1,398
-1.07409490042847,-1.71839039634775,-8.37173776918943,"mixture",1,399
-0.297180246210036,-1.11514253458945,-8.99212582945569,"mixture",1,400
-1.01769652077956,-1.50153993186034,-9.22572936042386,"mixture",1,401
-1.05744197152879,-1.68976903280381,-8.58261892460631,"mixture",1,402
-1.16559257012347,-1.63615667689495,-8.68468074348316,"mixture",1,403
-1.16559257012347,-1.63615667689495,-8.68468074348316,"mixture",1,404
-1.16559257012347,-1.63615667689495,-8.68468074348316,"mixture",1,405
-1.16559257012347,-1.63615667689495,-8.68468074348316,"mixture",1,406
-1.26639940099138,-1.31760845912877,-8.9790287784138,"mixture",1,407
-1.11856227011533,-1.44391381158618,-9.24362728751134,"mixture",1,408
-1.16868446058499,-1.37826103305204,-8.95889572740968,"mixture",1,409
-1.16868446058499,-1.37826103305204,-8.95889572740968,"mixture",1,410
-0.323028117004568,-1.17174590323641,-8.3988790743417,"mixture",1,411
-1.18969399326358,-1.46919801545341,-8.50983720376072,"mixture",1,412
-1.25734970822387,-1.59367949918592,-8.72657059994546,"mixture",1,413
-1.25734970822387,-1.59367949918592,-8.72657059994546,"mixture",1,414
-1.01402162653092,-1.26444860517864,-8.69401015138601,"mixture",1,415
-1.41221257896456,-1.63669383636621,-8.70772794679687,"mixture",1,416
-0.970549692747373,-1.37735630018457,-8.6920212146839,"mixture",1,417
-0.882432698095208,-1.29558309113003,-8.24118685256827,"mixture",1,418
-1.43534900386811,-1.5534191369645,-8.90413984777428,"mixture",1,419
-1.43534900386811,-1.5534191369645,-8.90413984777428,"mixture",1,420
-1.43534900386811,-1.5534191369645,-8.90413984777428,"mixture",1,421
-1.54761055964609,-1.63917427666408,-8.68494012861247,"mixture",1,422
-1.54761055964609,-1.63917427666408,-8.68494012861247,"mixture",1,423
-1.54761055964609,-1.63917427666408,-8.68494012861247,"mixture",1,424
-1.54761055964609,-1.63917427666408,-8.68494012861247,"mixture",1,425
0.00736942979204058,-1.03737051689427,-8.76081344663562,"mixture",1,426
0.0502688297935381,-0.912263942342322,-8.76066128421022,"mixture",1,427
-0.250798109728695,-1.40856190841185,-8.55700129135142,"mixture",1,428
-1.55447544016525,-1.66924156520943,-8.90045145408546,"mixture",1,429
-1.55447544016525,-1.66924156520943,-8.90045145408546,"mixture",1,430
-1.55447544016525,-1.66924156520943,-8.90045145408546,"mixture",1,431
-1.31323272046812,-1.68269030415292,-9.03747191657684,"mixture",1,432
-1.68481727887702,-1.67235225678842,-9.19869786565312,"mixture",1,433
-1.68481727887702,-1.67235225678842,-9.19869786565312,"mixture",1,434
-1.48966935398776,-1.60164161992659,-8.40643499879343,"mixture",1,435
-1.48966935398776,-1.60164161992659,-8.40643499879343,"mixture",1,436
-1.28791400268456,-1.44031370789821,-8.85875283242173,"mixture",1,437
-0.146988485105364,-1.23595625426706,-8.44253388914934,"mixture",1,438
-0.762219984028628,-1.42701560488117,-8.12745590365924,"mixture",1,439
-0.116054911334234,-1.20932838112374,-8.49700902715326,"mixture",1,440
-0.116054911334234,-1.20932838112374,-8.49700902715326,"mixture",1,441
-0.408633110652695,-1.08411381317245,-8.96401083600694,"mixture",1,442
-0.119474369663764,-1.14740709697957,-9.04682974962105,"mixture",1,443
-0.410008167286468,-1.18416817508751,-8.46984570205499,"mixture",1,444
-0.845729937791748,-1.30923534314097,-8.60021914006768,"mixture",1,445
-0.845729937791748,-1.30923534314097,-8.60021914006768,"mixture",1,446
-0.922049658044485,-1.529710241073,-8.61287387414839,"mixture",1,447
-0.922049658044485,-1.529710241073,-8.61287387414839,"mixture",1,448
-0.606864667422229,-1.16418440833956,-8.60851979286769,"mixture",1,449
-0.516402813853437,-1.26758395042066,-9.15137935126132,"mixture",1,450
-0.845623296898328,-1.34436617176125,-9.12018498517977,"mixture",1,451
-0.451784066443924,-1.32067988698105,-8.70302950901726,"mixture",1,452
-0.465020369021845,-1.36177567899386,-8.34184513285701,"mixture",1,453
-0.606802360970084,-1.27847718860832,-8.95128330779801,"mixture",1,454
-0.593957701270364,-1.27012047740623,-8.311069155177,"mixture",1,455
-0.760691839174401,-1.22368722988148,-8.63107659261671,"mixture",1,456
-0.253382747196156,-1.11567636460973,-8.37720524233216,"mixture",1,457
0.0880873770884115,-0.879344730200301,-8.72855081117214,"mixture",1,458
0.0880873770884115,-0.879344730200301,-8.72855081117214,"mixture",1,459
-0.476139413976384,-1.24612930268812,-8.61751694264698,"mixture",1,460
-0.476139413976384,-1.24612930268812,-8.61751694264698,"mixture",1,461
-0.476139413976384,-1.24612930268812,-8.61751694264698,"mixture",1,462
-0.476139413976384,-1.24612930268812,-8.61751694264698,"mixture",1,463
-0.476139413976384,-1.24612930268812,-8.61751694264698,"mixture",1,464
-0.476139413976384,-1.24612930268812,-8.61751694264698,"mixture",1,465
-0.476139413976384,-1.24612930268812,-8.61751694264698,"mixture",1,466
-0.791966436480602,-1.43472852639115,-9.16963709051697,"mixture",1,467
-0.791966436480602,-1.43472852639115,-9.16963709051697,"mixture",1,468
-0.0626238922975143,-1.29061874474314,-8.97692127424333,"mixture",1,469
-0.0626238922975143,-1.29061874474314,-8.97692127424333,"mixture",1,470
-0.420806126715226,-1.39767588063295,-8.71022176341912,"mixture",1,471
-0.979223781661537,-1.50386935964866,-8.25496087491486,"mixture",1,472
-0.709767049475708,-1.50837591447689,-8.48991380984084,"mixture",1,473
-0.709767049475708,-1.50837591447689,-8.48991380984084,"mixture",1,474
-0.451717016946648,-1.29951362328177,-8.79041615210659,"mixture",1,475
-0.893445346436967,-1.46270891152754,-8.90946300739431,"mixture",1,476
-0.893445346436967,-1.46270891152754,-8.90946300739431,"mixture",1,477
-0.243289348943503,-1.07211839086032,-8.7823365848227,"mixture",1,478
-0.243289348943503,-1.07211839086032,-8.7823365848227,"mixture",1,479
-0.243289348943503,-1.07211839086032,-8.7823365848227,"mixture",1,480
-0.243289348943503,-1.07211839086032,-8.7823365848227,"mixture",1,481
-0.243289348943503,-1.07211839086032,-8.7823365848227,"mixture",1,482
-0.243289348943503,-1.07211839086032,-8.7823365848227,"mixture",1,483
-0.243289348943503,-1.07211839086032,-8.7823365848227,"mixture",1,484
-0.243289348943503,-1.07211839086032,-8.7823365848227,"mixture",1,485
-0.243289348943503,-1.07211839086032,-8.7823365848227,"mixture",1,486
-0.600825226133134,-1.21116248007586,-8.53070674473626,"mixture",1,487
-0.228366217178699,-1.03916267032345,-8.7482597942433,"mixture",1,488
-0.228366217178699,-1.03916267032345,-8.7482597942433,"mixture",1,489
-0.228366217178699,-1.03916267032345,-8.7482597942433,"mixture",1,490
-0.228366217178699,-1.03916267032345,-8.7482597942433,"mixture",1,491
-0.228366217178699,-1.03916267032345,-8.7482597942433,"mixture",1,492
-1.32082135456239,-1.43437575226091,-8.40393604091916,"mixture",1,493
-1.09170807531685,-1.305072760559,-8.4316201296323,"mixture",1,494
-1.68184525521633,-1.5848463083158,-8.80756907834482,"mixture",1,495
-1.68184525521633,-1.5848463083158,-8.80756907834482,"mixture",1,496
-1.68184525521633,-1.5848463083158,-8.80756907834482,"mixture",1,497
-1.71481059362321,-1.66936443754663,-9.07604710698632,"mixture",1,498
-1.64729016499957,-1.75180100081171,-8.794442894911,"mixture",1,499
-1.64729016499957,-1.75180100081171,-8.794442894911,"mixture",1,500
-1.46327161712733,-1.60395431080652,-9.09413478476607,"mixture",1,501
-1.46327161712733,-1.60395431080652,-9.09413478476607,"mixture",1,502
-0.784134543600967,-1.23493267514122,-9.09551726758865,"mixture",1,503
-0.589592999129463,-1.30240580299568,-8.56405599629294,"mixture",1,504
-1.03944875378701,-1.64176600496751,-8.2338288950521,"mixture",1,505
-1.42137641883382,-1.64714644884605,-8.71945478889057,"mixture",1,506
-1.4715905969589,-1.45962216055139,-8.69047947711596,"mixture",1,507
-1.4715905969589,-1.45962216055139,-8.69047947711596,"mixture",1,508
-1.4715905969589,-1.45962216055139,-8.69047947711596,"mixture",1,509
-1.4715905969589,-1.45962216055139,-8.69047947711596,"mixture",1,510
-0.998433509960717,-1.65136840209283,-8.32863934547066,"mixture",1,511
-1.62687058964288,-1.58072873818564,-8.46340290090709,"mixture",1,512
-1.62687058964288,-1.58072873818564,-8.46340290090709,"mixture",1,513
-1.49300276981783,-1.54212681262242,-8.53903561303598,"mixture",1,514
-1.49300276981783,-1.54212681262242,-8.53903561303598,"mixture",1,515
-0.882213020410855,-1.382589151913,-8.43042978048575,"mixture",1,516
-0.882213020410855,-1.382589151913,-8.43042978048575,"mixture",1,517
-1.07723333104381,-1.52609228030148,-8.53611408155375,"mixture",1,518
-1.07723333104381,-1.52609228030148,-8.53611408155375,"mixture",1,519
-1.07723333104381,-1.52609228030148,-8.53611408155375,"mixture",1,520
-1.07723333104381,-1.52609228030148,-8.53611408155375,"mixture",1,521
-1.07723333104381,-1.52609228030148,-8.53611408155375,"mixture",1,522
-0.817669760759458,-1.32831972366982,-8.85027029392641,"mixture",1,523
-0.817669760759458,-1.32831972366982,-8.85027029392641,"mixture",1,524
-1.57688624470846,-1.46073071513599,-8.719261566087,"mixture",1,525
-0.671351423143741,-1.25418854542325,-9.11611801144829,"mixture",1,526
-0.454556420622111,-1.18101840741034,-8.67891961850264,"mixture",1,527
-0.789263736716322,-1.18226246729225,-8.61191163243735,"mixture",1,528
-1.34446333930509,-1.48474269654632,-8.4464802609278,"mixture",1,529
-1.65883396308955,-1.64185850482662,-8.6913415539264,"mixture",1,530
-1.65883396308955,-1.64185850482662,-8.6913415539264,"mixture",1,531
-0.732904475006556,-1.55875595457395,-8.54126895774967,"mixture",1,532
-0.946147769980963,-1.30272038280209,-9.00798116319021,"mixture",1,533
-2.00945800647659,-1.607496174672,-9.45056113115312,"mixture",1,534
-0.57366392444198,-1.41945964590721,-8.70847459187828,"mixture",1,535
-0.57366392444198,-1.41945964590721,-8.70847459187828,"mixture",1,536
-0.57366392444198,-1.41945964590721,-8.70847459187828,"mixture",1,537
-0.57366392444198,-1.41945964590721,-8.70847459187828,"mixture",1,538
-0.57366392444198,-1.41945964590721,-8.70847459187828,"mixture",1,539
-1.0935056446048,-1.62172842702509,-8.29674627989591,"mixture",1,540
-1.0935056446048,-1.62172842702509,-8.29674627989591,"mixture",1,541
-1.32302279000008,-1.59593604821431,-9.0891935037493,"mixture",1,542
-1.32302279000008,-1.59593604821431,-9.0891935037493,"mixture",1,543
-1.32302279000008,-1.59593604821431,-9.0891935037493,"mixture",1,544
-0.896942641561989,-1.36414228984516,-8.65020118898879,"mixture",1,545
-0.896942641561989,-1.36414228984516,-8.65020118898879,"mixture",1,546
-0.238191415078795,-1.3216356100946,-8.78232261696952,"mixture",1,547
-0.238191415078795,-1.3216356100946,-8.78232261696952,"mixture",1,548
-1.14054603643419,-1.57410467756029,-8.85852610758794,"mixture",1,549
-1.14054603643419,-1.57410467756029,-8.85852610758794,"mixture",1,550
-1.05075964543869,-1.54336640614169,-8.85458420312485,"mixture",1,551
-1.39218605074607,-1.39068175920199,-8.64755524865883,"mixture",1,552
-1.59722703522376,-1.53372094635815,-9.08613624059779,"mixture",1,553
-1.47414813993648,-1.75069070644808,-8.69263574337593,"mixture",1,554
-1.50451287335803,-1.5888707829502,-9.34016591807359,"mixture",1,555
-1.50451287335803,-1.5888707829502,-9.34016591807359,"mixture",1,556
-0.430952169812216,-1.31226260732037,-9.01031196289902,"mixture",1,557
-0.430952169812216,-1.31226260732037,-9.01031196289902,"mixture",1,558
-1.13933175281743,-1.30558050589748,-8.82181524172284,"mixture",1,559
-0.690406165503196,-1.487799212682,-8.26846556896074,"mixture",1,560
-0.690406165503196,-1.487799212682,-8.26846556896074,"mixture",1,561
-0.690406165503196,-1.487799212682,-8.26846556896074,"mixture",1,562
-0.327789002013021,-1.22433844914803,-8.46669964382449,"mixture",1,563
-0.327789002013021,-1.22433844914803,-8.46669964382449,"mixture",1,564
-0.461109998316418,-1.38860880608059,-8.20484747341561,"mixture",1,565
-0.461109998316418,-1.38860880608059,-8.20484747341561,"mixture",1,566
-0.270559566097796,-1.12715283999016,-8.78355208781832,"mixture",1,567
-0.760995466079672,-1.46146373993371,-8.8354902376093,"mixture",1,568
-0.492625250934353,-1.18939395825967,-8.75093440062826,"mixture",1,569
-1.30597740601342,-1.71647420155272,-9.03126246619059,"mixture",1,570
-1.30597740601342,-1.71647420155272,-9.03126246619059,"mixture",1,571
-1.30597740601342,-1.71647420155272,-9.03126246619059,"mixture",1,572
-0.107502771973226,-1.10999825022031,-8.67788272296752,"mixture",1,573
-0.107502771973226,-1.10999825022031,-8.67788272296752,"mixture",1,574
-0.107502771973226,-1.10999825022031,-8.67788272296752,"mixture",1,575
-0.735318499558863,-1.32532310986795,-8.67856441988565,"mixture",1,576
-1.27654098882972,-1.62253267806971,-8.70633631373097,"mixture",1,577
-0.679910534712479,-1.4236393816824,-8.47561394816774,"mixture",1,578
-0.679910534712479,-1.4236393816824,-8.47561394816774,"mixture",1,579
-0.227701760614459,-1.0269136120537,-8.73558814405075,"mixture",1,580
-0.227701760614459,-1.0269136120537,-8.73558814405075,"mixture",1,581
-0.848119333174903,-1.43216250570918,-8.14138294605326,"mixture",1,582
-0.232646061762383,-1.23266688050577,-8.50627153119525,"mixture",1,583
-0.232646061762383,-1.23266688050577,-8.50627153119525,"mixture",1,584
-0.812845101260174,-1.39608155346218,-8.31436805660244,"mixture",1,585
-0.812845101260174,-1.39608155346218,-8.31436805660244,"mixture",1,586
-1.0283752124889,-1.43183348483008,-8.21144430547404,"mixture",1,587
-0.772000622612318,-1.16825593000501,-8.82743436916391,"mixture",1,588
-0.694627736036307,-1.03468695612574,-8.67785773418944,"mixture",1,589
-0.678747363213036,-1.18391381271302,-9.12431652918568,"mixture",1,590
-0.205968679189078,-1.10030164514932,-8.44481348900548,"mixture",1,591
-1.26104244089866,-1.58232342229606,-8.34227923538477,"mixture",1,592
-1.26104244089866,-1.58232342229606,-8.34227923538477,"mixture",1,593
-1.26104244089866,-1.58232342229606,-8.34227923538477,"mixture",1,594
-1.26104244089866,-1.58232342229606,-8.34227923538477,"mixture",1,595
-1.33159413180295,-1.26359928716974,-8.85984409852343,"mixture",1,596
-0.375564226345848,-1.013669785576,-8.91490958724321,"mixture",1,597
-0.465681919463192,-1.28070944259102,-8.5989080940074,"mixture",1,598
-0.465681919463192,-1.28070944259102,-8.5989080940074,"mixture",1,599
-1.79701889198154,-1.8879404460291,-8.80367654443012,"mixture",1,600
-1.79701889198154,-1.8879404460291,-8.80367654443012,"mixture",1,601
0.00721402406361876,-1.13429956285649,-8.73751938892077,"mixture",1,602
0.00721402406361876,-1.13429956285649,-8.73751938892077,"mixture",1,603
0.00721402406361876,-1.13429956285649,-8.73751938892077,"mixture",1,604
-0.372644678429039,-1.06244501024044,-9.03544077616422,"mixture",1,605
-0.511901713585535,-1.1404487206952,-8.90681886721107,"mixture",1,606
-0.0922449205882273,-1.19480537335895,-8.69839574217792,"mixture",1,607
-0.44491214838287,-1.09954042144465,-9.34001374339501,"mixture",1,608
-0.917745406651411,-1.33035194029248,-8.775965461458,"mixture",1,609
-0.87706051007016,-1.33307958187492,-8.80406722813559,"mixture",1,610
-1.94890021014034,-1.64854458593179,-8.94862495630367,"mixture",1,611
-1.60890597340752,-1.63111617668059,-8.77034230077209,"mixture",1,612
-1.60890597340752,-1.63111617668059,-8.77034230077209,"mixture",1,613
-1.35280580625748,-1.41633610378815,-8.69016546254933,"mixture",1,614
-1.35280580625748,-1.41633610378815,-8.69016546254933,"mixture",1,615
-1.35280580625748,-1.41633610378815,-8.69016546254933,"mixture",1,616
-1.35280580625748,-1.41633610378815,-8.69016546254933,"mixture",1,617
-1.35280580625748,-1.41633610378815,-8.69016546254933,"mixture",1,618
-0.206047805467174,-1.27570695677105,-9.088102119563,"mixture",1,619
-0.0395768706995924,-0.977119318714282,-8.51557949718026,"mixture",1,620
-0.301828290489077,-1.34248686572563,-8.27749060875567,"mixture",1,621
-0.751046828436935,-1.51520964734831,-8.5866572277487,"mixture",1,622
-0.751046828436935,-1.51520964734831,-8.5866572277487,"mixture",1,623
-0.751046828436935,-1.51520964734831,-8.5866572277487,"mixture",1,624
-0.751046828436935,-1.51520964734831,-8.5866572277487,"mixture",1,625
-0.751046828436935,-1.51520964734831,-8.5866572277487,"mixture",1,626
-0.0794134838787781,-1.0746384831661,-8.62066248534047,"mixture",1,627
-0.0794134838787781,-1.0746384831661,-8.62066248534047,"mixture",1,628
-0.686694612828152,-1.425868285836,-8.96834946410199,"mixture",1,629
-1.24781907101567,-1.78548360995683,-8.44010444542766,"mixture",1,630
-0.893240018625805,-1.60867752504499,-8.78477089401531,"mixture",1,631
-0.893240018625805,-1.60867752504499,-8.78477089401531,"mixture",1,632
-0.893240018625805,-1.60867752504499,-8.78477089401531,"mixture",1,633
-0.67663391256674,-1.39646509042678,-8.54271137585036,"mixture",1,634
-0.67663391256674,-1.39646509042678,-8.54271137585036,"mixture",1,635
-0.850452567979394,-1.23982367689696,-9.06574140095032,"mixture",1,636
-0.850452567979394,-1.23982367689696,-9.06574140095032,"mixture",1,637
-0.625505595533717,-1.30467707863028,-9.00693787073888,"mixture",1,638
-0.625505595533717,-1.30467707863028,-9.00693787073888,"mixture",1,639
-0.840604374982302,-1.46048589195085,-8.83120627226145,"mixture",1,640
-0.961147156748033,-1.53660617550827,-8.80371687463468,"mixture",1,641
-0.961147156748033,-1.53660617550827,-8.80371687463468,"mixture",1,642
-0.961147156748033,-1.53660617550827,-8.80371687463468,"mixture",1,643
-0.961147156748033,-1.53660617550827,-8.80371687463468,"mixture",1,644
-0.961147156748033,-1.53660617550827,-8.80371687463468,"mixture",1,645
-0.961147156748033,-1.53660617550827,-8.80371687463468,"mixture",1,646
-0.961147156748033,-1.53660617550827,-8.80371687463468,"mixture",1,647
-1.23799342044177,-1.49176902045481,-8.78945561428089,"mixture",1,648
-1.23799342044177,-1.49176902045481,-8.78945561428089,"mixture",1,649
-1.23799342044177,-1.49176902045481,-8.78945561428089,"mixture",1,650
-0.568093785402087,-1.41623017836712,-8.24291179970441,"mixture",1,651
-0.626612374569717,-1.3773302630169,-8.3663641240241,"mixture",1,652
-0.626612374569717,-1.3773302630169,-8.3663641240241,"mixture",1,653
-0.626612374569717,-1.3773302630169,-8.3663641240241,"mixture",1,654
-0.626612374569717,-1.3773302630169,-8.3663641240241,"mixture",1,655
-0.626612374569717,-1.3773302630169,-8.3663641240241,"mixture",1,656
-0.859318299816599,-1.34520906096369,-8.33640030760064,"mixture",1,657
-0.859318299816599,-1.34520906096369,-8.33640030760064,"mixture",1,658
-1.05532158536359,-1.47595643133626,-9.15708585094775,"mixture",1,659
-0.206427658540513,-1.16628419699166,-8.26975609961566,"mixture",1,660
-0.206427658540513,-1.16628419699166,-8.26975609961566,"mixture",1,661
-1.14308964081831,-1.43811317058181,-8.90581441423097,"mixture",1,662
-1.36192503098753,-1.54273342188463,-8.52045388514559,"mixture",1,663
-1.36192503098753,-1.54273342188463,-8.52045388514559,"mixture",1,664
-1.36192503098753,-1.54273342188463,-8.52045388514559,"mixture",1,665
-1.36192503098753,-1.54273342188463,-8.52045388514559,"mixture",1,666
-1.36192503098753,-1.54273342188463,-8.52045388514559,"mixture",1,667
-0.254490941772925,-1.10747235345254,-8.88513528326787,"mixture",1,668
-0.254490941772925,-1.10747235345254,-8.88513528326787,"mixture",1,669
-0.254490941772925,-1.10747235345254,-8.88513528326787,"mixture",1,670
-1.69478537895214,-1.85097184843594,-8.98456368622993,"mixture",1,671
-0.843144763661702,-1.22259075882926,-9.18547733248779,"mixture",1,672
-0.843144763661702,-1.22259075882926,-9.18547733248779,"mixture",1,673
-0.658074326244001,-1.41437146372745,-8.97820638149019,"mixture",1,674
-1.17482528741997,-1.76963907345335,-8.43982468856874,"mixture",1,675
-0.892361153022081,-1.38456382210125,-9.28241951681666,"mixture",1,676
-0.284123246116825,-1.45639985284363,-8.42770624135431,"mixture",1,677
-0.334991212297914,-1.30098430924388,-9.03072629041159,"mixture",1,678
-0.95606975207632,-1.56007899677204,-8.45160033108791,"mixture",1,679
-0.747050325555569,-1.30573040850025,-8.76927907177602,"mixture",1,680
-1.47238256597015,-1.59812195091469,-8.86621295546166,"mixture",1,681
-1.47238256597015,-1.59812195091469,-8.86621295546166,"mixture",1,682
-1.47238256597015,-1.59812195091469,-8.86621295546166,"mixture",1,683
-1.47238256597015,-1.59812195091469,-8.86621295546166,"mixture",1,684
-0.968869150901781,-1.54896369289189,-8.32572009081452,"mixture",1,685
-0.52685918935702,-1.40108937321449,-8.59599051240435,"mixture",1,686
-0.144592669791474,-1.22073147942759,-8.70399193398015,"mixture",1,687
-0.577178669892486,-1.46943481651363,-9.26686900601055,"mixture",1,688
-0.577178669892486,-1.46943481651363,-9.26686900601055,"mixture",1,689
-1.28465830377629,-1.2881412658587,-9.3908872879683,"mixture",1,690
-1.28465830377629,-1.2881412658587,-9.3908872879683,"mixture",1,691
-1.26160735800742,-1.13237047979377,-9.07478018970727,"mixture",1,692
-0.487317273954812,-0.854563210720784,-8.57872328369672,"mixture",1,693
-0.781561413923594,-1.23807470760757,-8.31304817837985,"mixture",1,694
-1.26396684315915,-1.40471847547268,-9.12747040956736,"mixture",1,695
-1.26396684315915,-1.40471847547268,-9.12747040956736,"mixture",1,696
-0.96469375780878,-1.40270722396196,-9.17461519367802,"mixture",1,697
-0.840516907535896,-1.46340007140873,-8.97642185787023,"mixture",1,698
-0.647678618607689,-1.38280235937521,-8.61927215830532,"mixture",1,699
-0.647678618607689,-1.38280235937521,-8.61927215830532,"mixture",1,700
-0.772141389007106,-1.29928583456539,-8.92911647391685,"mixture",2,1
-0.480970982675887,-1.03243464847209,-8.75258118571814,"mixture",2,2
-0.480970982675887,-1.03243464847209,-8.75258118571814,"mixture",2,3
-0.718349587388562,-1.45149802376168,-9.30484280654405,"mixture",2,4
-0.927296791978968,-1.50711016398941,-8.77795416448282,"mixture",2,5
-0.0918549335997608,-1.13172273409317,-9.06024582837426,"mixture",2,6
-0.35323002149755,-0.938513153800481,-9.12265030297474,"mixture",2,7
-0.136280319792589,-1.11508488943366,-8.82986203736028,"mixture",2,8
-0.136280319792589,-1.11508488943366,-8.82986203736028,"mixture",2,9
-0.481003600207603,-1.12485694744157,-8.88598433807358,"mixture",2,10
-1.14145393635809,-1.47036973322788,-8.89268708634575,"mixture",2,11
-0.31370553087779,-1.32639141383521,-8.96142177009764,"mixture",2,12
-0.389973223057722,-1.25591825567727,-8.95283880881413,"mixture",2,13
-0.391768732939536,-1.55356761076426,-8.51744111942818,"mixture",2,14
-0.0306517945091366,-0.971901700464692,-8.28853519929799,"mixture",2,15
-0.604171585630316,-1.32123205115304,-8.43876488130912,"mixture",2,16
-0.529960272406535,-1.29817150352656,-8.52240084162697,"mixture",2,17
-1.30977538956587,-1.72611520949323,-8.87430076517953,"mixture",2,18
-0.853202060617269,-1.61123962818659,-8.56825240649234,"mixture",2,19
-1.04315236906933,-1.69742323421534,-8.29913985143716,"mixture",2,20
-0.757817421388986,-1.1608207757325,-8.55269457468464,"mixture",2,21
-0.757817421388986,-1.1608207757325,-8.55269457468464,"mixture",2,22
0.0848368335898547,-1.04823936047887,-8.6568017332959,"mixture",2,23
-0.526440470558126,-1.13405258664369,-9.08410904963105,"mixture",2,24
-0.526440470558126,-1.13405258664369,-9.08410904963105,"mixture",2,25
-0.630223594838029,-1.1866663698424,-9.0486998226934,"mixture",2,26
-1.29235439346054,-1.7241352171989,-8.65156764786697,"mixture",2,27
-0.958917480289214,-1.44791263350224,-8.40636776966728,"mixture",2,28
-1.10810677482537,-1.37649184368351,-8.53663705107713,"mixture",2,29
-1.50142317658994,-1.62598755288997,-8.48400376385206,"mixture",2,30
-1.34228651305417,-1.47887629139683,-8.99880432108047,"mixture",2,31
-1.34228651305417,-1.47887629139683,-8.99880432108047,"mixture",2,32
-1.34228651305417,-1.47887629139683,-8.99880432108047,"mixture",2,33
-1.34228651305417,-1.47887629139683,-8.99880432108047,"mixture",2,34
-0.793004570120805,-1.59366447907889,-8.51000890266059,"mixture",2,35
-0.793004570120805,-1.59366447907889,-8.51000890266059,"mixture",2,36
-1.47254349922924,-1.75997140595716,-8.89383536672547,"mixture",2,37
-1.06537320227199,-1.29645990506807,-8.44236525686115,"mixture",2,38
-1.58661884354777,-1.39607707503504,-8.54604357122545,"mixture",2,39
-1.34776880113612,-1.50338364507038,-8.5715947402482,"mixture",2,40
-1.43441777554585,-1.62712291584024,-8.29785071320947,"mixture",2,41
-1.43441777554585,-1.62712291584024,-8.29785071320947,"mixture",2,42
-1.43441777554585,-1.62712291584024,-8.29785071320947,"mixture",2,43
-1.22304064331799,-1.35038806136736,-8.48232108110829,"mixture",2,44
-0.316839795157404,-1.01391906229228,-8.28427484079575,"mixture",2,45
-0.310923538307522,-1.33896805828838,-8.29918685667209,"mixture",2,46
-0.310923538307522,-1.33896805828838,-8.29918685667209,"mixture",2,47
-1.46836248333,-1.63116317175328,-8.67936222594335,"mixture",2,48
-0.591008977288017,-1.28250347807404,-8.54665883337481,"mixture",2,49
-0.545688764088223,-1.3156573224602,-8.73905389855289,"mixture",2,50
-0.574954192583444,-1.372704686665,-8.73064488944745,"mixture",2,51
-0.574954192583444,-1.372704686665,-8.73064488944745,"mixture",2,52
-0.352785079215217,-1.34282289517631,-8.63503981980191,"mixture",2,53
-1.42038663102809,-1.53957609280819,-8.73368931405517,"mixture",2,54
-1.35860651012554,-1.66617627943019,-8.69026022911657,"mixture",2,55
-1.35860651012554,-1.66617627943019,-8.69026022911657,"mixture",2,56
-1.35860651012554,-1.66617627943019,-8.69026022911657,"mixture",2,57
-1.35114583026936,-1.50283820658391,-8.73506617176479,"mixture",2,58
-1.21388420382254,-1.53505741060163,-8.56062808593839,"mixture",2,59
-1.43001359412402,-1.78519782782043,-8.455152128051,"mixture",2,60
-1.43001359412402,-1.78519782782043,-8.455152128051,"mixture",2,61
-0.761262833314098,-1.62238391433702,-8.39564012830434,"mixture",2,62
-0.50735543698584,-1.4943183783499,-8.20314240574637,"mixture",2,63
-0.71246833473334,-1.40912578225194,-8.26456344188541,"mixture",2,64
-1.20548642435804,-1.62665902340633,-8.05315847451181,"mixture",2,65
-1.20548642435804,-1.62665902340633,-8.05315847451181,"mixture",2,66
-0.102888412636727,-1.219079023297,-8.47737873933131,"mixture",2,67
-1.04684002361148,-1.41283705283229,-8.57728337909821,"mixture",2,68
-1.04684002361148,-1.41283705283229,-8.57728337909821,"mixture",2,69
-0.241335980932471,-1.24265707927318,-8.91766426060243,"mixture",2,70
-0.241335980932471,-1.24265707927318,-8.91766426060243,"mixture",2,71
-0.888203089416876,-1.58271779988407,-9.01896682173174,"mixture",2,72
-1.40385364608605,-1.72689914146494,-8.93524615806376,"mixture",2,73
-0.99200322639396,-1.68620204475876,-8.5972344673807,"mixture",2,74
-0.99200322639396,-1.68620204475876,-8.5972344673807,"mixture",2,75
-1.39201353037762,-1.72330799772787,-8.52313135029707,"mixture",2,76
-1.39201353037762,-1.72330799772787,-8.52313135029707,"mixture",2,77
-1.60588237203432,-1.58257515394462,-9.00544625035204,"mixture",2,78
-1.72319090133182,-1.62410365573291,-8.93256802312287,"mixture",2,79
-1.69875820040886,-1.50029064847737,-8.56041820372068,"mixture",2,80
-1.69875820040886,-1.50029064847737,-8.56041820372068,"mixture",2,81
-1.69875820040886,-1.50029064847737,-8.56041820372068,"mixture",2,82
-0.0252596973259613,-1.19675846994802,-8.39007434566747,"mixture",2,83
0.012876171766288,-1.15331693857963,-8.34060166182486,"mixture",2,84
-0.466914583557551,-1.16375293640336,-8.58388970330058,"mixture",2,85
-0.466914583557551,-1.16375293640336,-8.58388970330058,"mixture",2,86
0.143364985901157,-1.16165378899701,-8.34484252462146,"mixture",2,87
-1.40512845092419,-1.72782192581214,-8.47847686170699,"mixture",2,88
-0.573715952066813,-1.26919523593797,-8.55012803439138,"mixture",2,89
-1.01317819114389,-1.51568129903892,-8.90334133936164,"mixture",2,90
-0.888284364873741,-1.20485684580949,-8.67488966739967,"mixture",2,91
-0.888284364873741,-1.20485684580949,-8.67488966739967,"mixture",2,92
-1.56739028472835,-1.64291232387877,-8.89700528841836,"mixture",2,93
-1.13528503225515,-1.3705916981664,-8.9040304882578,"mixture",2,94
-0.504506015971506,-1.39200125693,-8.46362497638009,"mixture",2,95
-0.773776977016417,-1.52355223147381,-8.47374066185729,"mixture",2,96
-1.16409388827733,-1.51335645054798,-8.84092263922667,"mixture",2,97
-1.50720110347193,-1.82400397969124,-8.69886226142099,"mixture",2,98
-0.79141785606859,-1.24579571442161,-8.73954192168553,"mixture",2,99
-0.715220652504738,-1.59087260696818,-8.69728518945164,"mixture",2,100
-1.10330746920023,-1.75140868192257,-8.5864842915036,"mixture",2,101
-1.4129309580715,-1.92970714697373,-8.46993072751094,"mixture",2,102
-0.517665342234473,-1.25328506688301,-8.4931424267586,"mixture",2,103
-1.40607652234578,-1.66074566652681,-8.43153991686354,"mixture",2,104
-0.653507290670237,-1.41022901325258,-9.06154970158419,"mixture",2,105
-0.656232993444738,-1.12993423915432,-8.63368902995023,"mixture",2,106
-0.0306598865978303,-1.0345218524565,-8.32291545337822,"mixture",2,107
-0.0306598865978303,-1.0345218524565,-8.32291545337822,"mixture",2,108
-1.66458070969548,-1.73213543621636,-8.64980103036443,"mixture",2,109
-1.15121250576048,-1.45710183210138,-8.39815193371938,"mixture",2,110
-1.49338139171978,-1.72249985755264,-8.84580344219791,"mixture",2,111
-1.16578650289111,-1.32622626462666,-8.87909518627724,"mixture",2,112
-1.16578650289111,-1.32622626462666,-8.87909518627724,"mixture",2,113
-1.16578650289111,-1.32622626462666,-8.87909518627724,"mixture",2,114
-1.68282416366682,-1.70356244509477,-8.69646195509474,"mixture",2,115
-1.68282416366682,-1.70356244509477,-8.69646195509474,"mixture",2,116
-0.998930488690017,-1.68314059739581,-8.59771026226567,"mixture",2,117
-0.493465212913505,-1.29023415840044,-8.76255002770437,"mixture",2,118
-0.180152278099712,-1.29328745671691,-8.701594961317,"mixture",2,119
-1.48498957671266,-1.63602548802785,-8.97770893849503,"mixture",2,120
-1.00067888804747,-1.3648745549059,-8.48404773169978,"mixture",2,121
-0.832620435519851,-1.48515411806809,-8.59285504329848,"mixture",2,122
-0.817044980049111,-1.37547753105019,-8.59522728654039,"mixture",2,123
-1.17713009192965,-1.2300099594454,-8.80110185008144,"mixture",2,124
-1.0413385891179,-1.57664061488921,-8.66185634270274,"mixture",2,125
-1.27231053874967,-1.33548093294271,-8.90745129505766,"mixture",2,126
-1.21494887828359,-1.37586135101442,-8.61481275474137,"mixture",2,127
-0.646565372519648,-1.34556075033563,-8.88697041255551,"mixture",2,128
0.0469103091247998,-1.08249568433971,-8.73877542172574,"mixture",2,129
0.0469103091247998,-1.08249568433971,-8.73877542172574,"mixture",2,130
-1.23308965000886,-1.76643720328713,-8.886986482437,"mixture",2,131
-1.41008310135764,-1.59777015108902,-8.52587744786205,"mixture",2,132
-0.632336315969778,-1.31750734945903,-8.7867066154815,"mixture",2,133
-0.978549383648891,-1.35823050676329,-8.59588417918233,"mixture",2,134
-0.127612609338085,-1.20818155161976,-8.4762477098238,"mixture",2,135
0.0463812811811713,-0.975003981190631,-8.45492849682065,"mixture",2,136
-0.854690118214116,-1.31993663017839,-8.4819806578014,"mixture",2,137
-0.0812721677729455,-0.975254328731507,-8.67331389461898,"mixture",2,138
-1.31528006288696,-1.36570163920518,-8.61490398243423,"mixture",2,139
-0.708713943557895,-1.34630475655414,-9.10333945297371,"mixture",2,140
-0.708713943557895,-1.34630475655414,-9.10333945297371,"mixture",2,141
-1.11438398512555,-1.65756874002113,-9.11987614698378,"mixture",2,142
-0.553349626684167,-1.30623004480161,-9.17485271725016,"mixture",2,143
-0.553349626684167,-1.30623004480161,-9.17485271725016,"mixture",2,144
-1.01673134694316,-1.32635602023473,-8.7899447726692,"mixture",2,145
-0.99894082692741,-1.6061344877334,-8.51114329092779,"mixture",2,146
-1.22481226762846,-1.2821813080236,-8.95746763597627,"mixture",2,147
-0.707585992104478,-1.106854849768,-8.9105307773765,"mixture",2,148
-0.230683721951246,-1.16943037491886,-8.54188105392487,"mixture",2,149
-1.00370547632176,-1.54575915308762,-9.02160594092642,"mixture",2,150
-1.29816459916768,-1.63676493446861,-8.43177825511314,"mixture",2,151
-1.65746218725734,-1.93286995538647,-8.63507212949149,"mixture",2,152
-0.487415559718633,-1.21912713819653,-8.80345946028942,"mixture",2,153
-0.803386779704311,-1.22932347642759,-8.63462951687354,"mixture",2,154
-0.803386779704311,-1.22932347642759,-8.63462951687354,"mixture",2,155
-0.803386779704311,-1.22932347642759,-8.63462951687354,"mixture",2,156
-1.35305605350166,-1.78245486448411,-8.45194019318578,"mixture",2,157
-0.820492431823756,-1.06182119797771,-8.7643838975451,"mixture",2,158
-1.66111094620113,-1.46315333974532,-9.24826771662811,"mixture",2,159
-1.66111094620113,-1.46315333974532,-9.24826771662811,"mixture",2,160
-0.917492132408375,-1.20325495718549,-8.91694251570848,"mixture",2,161
-1.02418700486732,-1.45936090048321,-8.67463527847903,"mixture",2,162
-1.53148303070585,-1.64300438759337,-8.81284979063733,"mixture",2,163
-1.53148303070585,-1.64300438759337,-8.81284979063733,"mixture",2,164
-1.44526121851362,-1.51617671380274,-8.82025568831381,"mixture",2,165
-1.64990831192394,-1.66947077499618,-8.97627148512155,"mixture",2,166
-1.41756854599819,-1.40213128249895,-8.47869829667409,"mixture",2,167
-1.47936892740172,-1.47696621433511,-8.63834850129022,"mixture",2,168
-0.824727628322367,-1.29875557707163,-8.50590610436111,"mixture",2,169
-0.824727628322367,-1.29875557707163,-8.50590610436111,"mixture",2,170
-0.824727628322367,-1.29875557707163,-8.50590610436111,"mixture",2,171
-1.50215541299362,-1.63709438951289,-8.909538232721,"mixture",2,172
-1.50215541299362,-1.63709438951289,-8.909538232721,"mixture",2,173
-1.50215541299362,-1.63709438951289,-8.909538232721,"mixture",2,174
-1.50215541299362,-1.63709438951289,-8.909538232721,"mixture",2,175
-1.12764338016818,-1.61411722020709,-8.88052855655798,"mixture",2,176
-1.38216853866768,-1.68951372550304,-8.56504604040019,"mixture",2,177
-1.38216853866768,-1.68951372550304,-8.56504604040019,"mixture",2,178
-1.38216853866768,-1.68951372550304,-8.56504604040019,"mixture",2,179
-1.38216853866768,-1.68951372550304,-8.56504604040019,"mixture",2,180
-1.31698603534214,-1.562014816346,-9.11374190856407,"mixture",2,181
-1.43900556041165,-1.45004192253397,-8.64871626891865,"mixture",2,182
-0.653255652448548,-1.29109288474519,-8.87284205097094,"mixture",2,183
-0.653255652448548,-1.29109288474519,-8.87284205097094,"mixture",2,184
-0.653255652448548,-1.29109288474519,-8.87284205097094,"mixture",2,185
-0.653255652448548,-1.29109288474519,-8.87284205097094,"mixture",2,186
-1.11434398779241,-1.50922075588361,-9.0434759722118,"mixture",2,187
-1.36564689624161,-1.71551497358529,-9.24599326737357,"mixture",2,188
-1.36564689624161,-1.71551497358529,-9.24599326737357,"mixture",2,189
-1.36564689624161,-1.71551497358529,-9.24599326737357,"mixture",2,190
-0.677696282410874,-1.47264362613757,-8.47726011335804,"mixture",2,191
-0.677696282410874,-1.47264362613757,-8.47726011335804,"mixture",2,192
-0.545379392484107,-1.28714224438985,-8.3402610311402,"mixture",2,193
-0.562006768509901,-1.29542941050797,-8.76446674258193,"mixture",2,194
-0.562006768509901,-1.29542941050797,-8.76446674258193,"mixture",2,195
-0.562006768509901,-1.29542941050797,-8.76446674258193,"mixture",2,196
-1.23250343887215,-1.46630900037813,-8.53313728598179,"mixture",2,197
-1.23250343887215,-1.46630900037813,-8.53313728598179,"mixture",2,198
-0.890923432350014,-1.27489765517339,-8.7322798147566,"mixture",2,199
-0.396291616514491,-1.06451372989709,-8.9007677825754,"mixture",2,200
-0.396291616514491,-1.06451372989709,-8.9007677825754,"mixture",2,201
-0.396291616514491,-1.06451372989709,-8.9007677825754,"mixture",2,202
-0.0584029750839568,-1.03464587861992,-8.83433661691589,"mixture",2,203
-1.28023468609846,-1.67636697281245,-8.62419701221374,"mixture",2,204
-1.28023468609846,-1.67636697281245,-8.62419701221374,"mixture",2,205
-0.180695510421316,-1.39851189292979,-8.78177123562375,"mixture",2,206
-1.2618882964543,-1.57125306339387,-8.80407106774811,"mixture",2,207
-0.217489621400235,-1.27593643746638,-8.49428842099407,"mixture",2,208
-0.492822510994462,-1.34200112814075,-8.89396850776888,"mixture",2,209
-1.17028180192833,-1.7263360563376,-8.47832888544178,"mixture",2,210
-0.881003070651076,-1.49193338290203,-8.65485444731881,"mixture",2,211
-0.881003070651076,-1.49193338290203,-8.65485444731881,"mixture",2,212
-0.881003070651076,-1.49193338290203,-8.65485444731881,"mixture",2,213
-0.881003070651076,-1.49193338290203,-8.65485444731881,"mixture",2,214
-0.881003070651076,-1.49193338290203,-8.65485444731881,"mixture",2,215
-1.28857912207773,-1.67341909270957,-8.50707746673636,"mixture",2,216
-1.28857912207773,-1.67341909270957,-8.50707746673636,"mixture",2,217
-1.28857912207773,-1.67341909270957,-8.50707746673636,"mixture",2,218
-1.28857912207773,-1.67341909270957,-8.50707746673636,"mixture",2,219
-1.28857912207773,-1.67341909270957,-8.50707746673636,"mixture",2,220
-1.32838359074515,-1.71606622907705,-8.27677540283973,"mixture",2,221
-0.834145376113777,-1.60293887597312,-8.0603968231814,"mixture",2,222
-0.834145376113777,-1.60293887597312,-8.0603968231814,"mixture",2,223
-0.955658095225056,-1.67570508030725,-8.26797776202985,"mixture",2,224
-0.778999206106591,-1.71856646190686,-8.43509697029486,"mixture",2,225
-1.09768950875082,-1.28348716943457,-8.61662426593231,"mixture",2,226
-0.480019824372556,-1.37212553126346,-8.7487954714162,"mixture",2,227
-1.29632387170425,-1.67404249064204,-8.42953440306163,"mixture",2,228
-1.29632387170425,-1.67404249064204,-8.42953440306163,"mixture",2,229
-1.36027933131263,-1.5890847116727,-8.89898061471077,"mixture",2,230
-1.56426221731142,-1.61633783630533,-8.50660283875608,"mixture",2,231
-1.31532328523553,-1.64760016860577,-8.45708511920532,"mixture",2,232
-1.31532328523553,-1.64760016860577,-8.45708511920532,"mixture",2,233
-1.05734080470369,-1.38958190860811,-8.65730948500533,"mixture",2,234
-0.580586421183615,-1.3629267226127,-8.38522709621272,"mixture",2,235
-0.298726955830942,-1.31163527528465,-8.3874675195713,"mixture",2,236
-0.304662326407712,-1.22920838274991,-8.99171001279041,"mixture",2,237
-0.60746875097082,-1.18458738588104,-8.73677354200641,"mixture",2,238
-0.964055550069817,-1.30329079355469,-8.58339148382504,"mixture",2,239
-0.846046882760965,-1.34198267934036,-9.00728668701207,"mixture",2,240
-0.846046882760965,-1.34198267934036,-9.00728668701207,"mixture",2,241
-0.83488312424337,-1.34552606530478,-8.97315216175532,"mixture",2,242
-0.83488312424337,-1.34552606530478,-8.97315216175532,"mixture",2,243
-0.755480849890159,-1.31517805585869,-9.1966786468293,"mixture",2,244
-0.216393359903787,-1.11589643659523,-8.62472980217305,"mixture",2,245
0.177960985676235,-1.40697211283581,-8.50059262959559,"mixture",2,246
-0.15552523296366,-1.25193759489558,-8.08550579186161,"mixture",2,247
-0.15552523296366,-1.25193759489558,-8.08550579186161,"mixture",2,248
-0.15552523296366,-1.25193759489558,-8.08550579186161,"mixture",2,249
-1.71177370349191,-1.65971740055225,-8.47850147464262,"mixture",2,250
-1.49752869112261,-1.68236335332818,-8.43833418226146,"mixture",2,251
-1.49752869112261,-1.68236335332818,-8.43833418226146,"mixture",2,252
-0.715644355535742,-1.47475567144982,-8.58674119081308,"mixture",2,253
-1.00368992608183,-1.50903632840293,-8.63650525054633,"mixture",2,254
-0.0400769228311042,-0.943739411922467,-8.78329880883985,"mixture",2,255
-0.612198986377134,-1.44116982004878,-8.80292391261807,"mixture",2,256
-0.348788486008885,-1.15151780585728,-8.77997650467507,"mixture",2,257
-1.33072984157195,-1.3772070013429,-8.7674609658383,"mixture",2,258
-1.63513617834625,-1.27978851517193,-8.72406115643191,"mixture",2,259
-0.390820376635213,-0.819354794082641,-8.54958575571984,"mixture",2,260
-0.281669057332057,-0.83323280602627,-8.82762357572073,"mixture",2,261
-0.281669057332057,-0.83323280602627,-8.82762357572073,"mixture",2,262
-0.333165391451392,-1.05354474995428,-8.83127074416457,"mixture",2,263
-1.06262949695711,-1.521455165304,-9.01036260593034,"mixture",2,264
-1.06262949695711,-1.521455165304,-9.01036260593034,"mixture",2,265
-1.06262949695711,-1.521455165304,-9.01036260593034,"mixture",2,266
-0.947234811164943,-1.65854853556564,-8.36917373626606,"mixture",2,267
-1.29486969638043,-1.66981822499177,-8.60821291965626,"mixture",2,268
-1.29486969638043,-1.66981822499177,-8.60821291965626,"mixture",2,269
-1.29486969638043,-1.66981822499177,-8.60821291965626,"mixture",2,270
-0.414794935007032,-1.112040032033,-8.98117347243517,"mixture",2,271
-0.87478665653442,-1.42702391425712,-9.06293347357455,"mixture",2,272
-0.87478665653442,-1.42702391425712,-9.06293347357455,"mixture",2,273
-0.794722126630597,-1.30435591553121,-9.02400315195206,"mixture",2,274
0.00693932069792924,-0.954402215154414,-8.85706150621403,"mixture",2,275
0.00693932069792924,-0.954402215154414,-8.85706150621403,"mixture",2,276
0.00693932069792924,-0.954402215154414,-8.85706150621403,"mixture",2,277
-0.616511253363302,-1.45454524621056,-8.43542306006075,"mixture",2,278
-0.599176315834867,-1.37273251959824,-8.50132479362858,"mixture",2,279
-1.13219781146227,-1.56944383685052,-9.03893451824483,"mixture",2,280
-0.50890983262216,-1.17390927679853,-8.89852044979207,"mixture",2,281
-1.41439554221619,-1.60045891714712,-9.08819008967465,"mixture",2,282
-1.41439554221619,-1.60045891714712,-9.08819008967465,"mixture",2,283
-1.41756751169461,-1.65332693841594,-8.94585403821109,"mixture",2,284
-1.42781049733182,-1.4238698360735,-9.0914100799728,"mixture",2,285
-0.714143609060731,-1.38509819320284,-9.09403968078545,"mixture",2,286
-0.916174385417434,-1.55550154561941,-8.96570080479662,"mixture",2,287
-1.10521057973292,-1.63525758918559,-9.27560985754083,"mixture",2,288
-0.529465642996655,-1.41020072493832,-8.66040120257487,"mixture",2,289
-0.936457111871316,-1.54366962127181,-8.62007665671701,"mixture",2,290
-1.42843198279178,-1.45091482906083,-8.91604915588851,"mixture",2,291
-1.42843198279178,-1.45091482906083,-8.91604915588851,"mixture",2,292
-1.42843198279178,-1.45091482906083,-8.91604915588851,"mixture",2,293
-1.36307243102092,-1.3405126094216,-8.90010106039838,"mixture",2,294
-1.36307243102092,-1.3405126094216,-8.90010106039838,"mixture",2,295
-1.06381695396548,-1.36128682750094,-9.27133258348943,"mixture",2,296
-1.06381695396548,-1.36128682750094,-9.27133258348943,"mixture",2,297
-1.06381695396548,-1.36128682750094,-9.27133258348943,"mixture",2,298
-0.876216022445424,-1.61749177910115,-8.64606428657084,"mixture",2,299
-0.505212539114671,-1.29134901771976,-8.75795299358561,"mixture",2,300
-0.505212539114671,-1.29134901771976,-8.75795299358561,"mixture",2,301
-0.505212539114671,-1.29134901771976,-8.75795299358561,"mixture",2,302
-0.505212539114671,-1.29134901771976,-8.75795299358561,"mixture",2,303
-0.505212539114671,-1.29134901771976,-8.75795299358561,"mixture",2,304
-0.471357877460212,-0.911455711133658,-8.55205802580055,"mixture",2,305
-0.351779593780898,-0.964153871765077,-8.59431128082902,"mixture",2,306
-0.842903480397269,-1.34739783147545,-8.64603227067243,"mixture",2,307
-0.842903480397269,-1.34739783147545,-8.64603227067243,"mixture",2,308
-0.842903480397269,-1.34739783147545,-8.64603227067243,"mixture",2,309
-0.842903480397269,-1.34739783147545,-8.64603227067243,"mixture",2,310
-0.842903480397269,-1.34739783147545,-8.64603227067243,"mixture",2,311
-1.84505170546635,-1.71732402384172,-8.75885277753377,"mixture",2,312
-1.84505170546635,-1.71732402384172,-8.75885277753377,"mixture",2,313
-1.84505170546635,-1.71732402384172,-8.75885277753377,"mixture",2,314
-1.22501054408003,-1.33653658006507,-8.67736985805388,"mixture",2,315
-0.608119536786238,-1.25463181444675,-8.55745431308827,"mixture",2,316
-0.608119536786238,-1.25463181444675,-8.55745431308827,"mixture",2,317
-0.608119536786238,-1.25463181444675,-8.55745431308827,"mixture",2,318
-0.23549812986559,-1.11285893025892,-8.42884887013727,"mixture",2,319
0.0438377651384679,-1.03576508758891,-8.74996679488631,"mixture",2,320
0.0438377651384679,-1.03576508758891,-8.74996679488631,"mixture",2,321
-1.6390164865071,-1.73384897998391,-8.61479328994391,"mixture",2,322
-1.6390164865071,-1.73384897998391,-8.61479328994391,"mixture",2,323
-0.986887967127077,-1.43046297636024,-8.49365998746032,"mixture",2,324
-1.4915224670482,-1.44660594970609,-8.94465093156961,"mixture",2,325
-0.892307352491933,-1.32218783906574,-8.58126658375529,"mixture",2,326
-1.1399535317234,-1.56377936666033,-8.86844169996825,"mixture",2,327
-0.79559645861114,-1.46337582825709,-8.58239078087781,"mixture",2,328
-0.79559645861114,-1.46337582825709,-8.58239078087781,"mixture",2,329
-0.777694202424886,-1.39285049651831,-8.42113998889054,"mixture",2,330
-0.458722824761496,-1.2645935150971,-8.62493861472367,"mixture",2,331
-0.458722824761496,-1.2645935150971,-8.62493861472367,"mixture",2,332
-0.458722824761496,-1.2645935150971,-8.62493861472367,"mixture",2,333
-0.935984220047542,-1.49048174095356,-8.98681532045426,"mixture",2,334
-1.57151636003631,-1.59383192156644,-8.74705243004962,"mixture",2,335
-1.2878744898092,-1.36860146130906,-8.6917268753347,"mixture",2,336
-0.59069069088369,-1.26012311426169,-8.37150454193755,"mixture",2,337
-0.693376115294554,-1.17140732122404,-8.59873622219346,"mixture",2,338
-0.637508153177065,-1.40101874311863,-8.48561987322666,"mixture",2,339
-0.82884838943773,-1.42032057499174,-8.48941506038099,"mixture",2,340
-1.09124982018988,-1.63453973192535,-8.50903468243546,"mixture",2,341
-1.09124982018988,-1.63453973192535,-8.50903468243546,"mixture",2,342
-1.09124982018988,-1.63453973192535,-8.50903468243546,"mixture",2,343
-1.09124982018988,-1.63453973192535,-8.50903468243546,"mixture",2,344
-0.650526498223863,-1.39390856914505,-8.75602797907327,"mixture",2,345
-0.650526498223863,-1.39390856914505,-8.75602797907327,"mixture",2,346
-1.45004933113657,-1.43772743276304,-8.57474077033146,"mixture",2,347
-0.803601074116775,-1.6189869839218,-8.34768226926724,"mixture",2,348
-1.20204241965919,-1.65975191852261,-8.91341953318195,"mixture",2,349
-0.39261172431626,-1.40097133738442,-8.46168014356687,"mixture",2,350
-0.706580335283424,-1.53849078893279,-8.4255554952008,"mixture",2,351
-0.802158580833596,-1.4759087814438,-8.66389027605762,"mixture",2,352
-0.73429234725805,-1.37032386123839,-8.59130837575656,"mixture",2,353
-1.31663461632948,-1.51068525827369,-9.15612591808293,"mixture",2,354
-1.26061307561303,-1.42111553266861,-9.20565211528121,"mixture",2,355
-1.2516422132004,-1.4171194179533,-8.95525702815162,"mixture",2,356
-0.512686409059565,-1.17957854326668,-8.74363415278052,"mixture",2,357
-0.512686409059565,-1.17957854326668,-8.74363415278052,"mixture",2,358
-0.512686409059565,-1.17957854326668,-8.74363415278052,"mixture",2,359
-0.512686409059565,-1.17957854326668,-8.74363415278052,"mixture",2,360
-0.512686409059565,-1.17957854326668,-8.74363415278052,"mixture",2,361
-0.512686409059565,-1.17957854326668,-8.74363415278052,"mixture",2,362
-0.601747343242665,-1.38033503060594,-8.50268593170437,"mixture",2,363
-0.601747343242665,-1.38033503060594,-8.50268593170437,"mixture",2,364
-0.601747343242665,-1.38033503060594,-8.50268593170437,"mixture",2,365
-0.601747343242665,-1.38033503060594,-8.50268593170437,"mixture",2,366
-0.601747343242665,-1.38033503060594,-8.50268593170437,"mixture",2,367
-0.6361828463128,-1.38890634462973,-8.52130154116541,"mixture",2,368
-0.6361828463128,-1.38890634462973,-8.52130154116541,"mixture",2,369
-0.52974263826203,-1.44460655608489,-8.30808029267022,"mixture",2,370
-0.52974263826203,-1.44460655608489,-8.30808029267022,"mixture",2,371
-0.890639346836336,-1.42094332974197,-8.83389596454874,"mixture",2,372
-0.78226823353607,-1.50826288976325,-8.74810416862138,"mixture",2,373
-0.78226823353607,-1.50826288976325,-8.74810416862138,"mixture",2,374
-1.45363482645859,-1.70804326263622,-8.82382952502602,"mixture",2,375
-1.21223568507605,-1.72714897801766,-8.82335854539209,"mixture",2,376
-0.773232867878599,-1.65517104904343,-8.53935580355828,"mixture",2,377
-0.649475549433389,-1.52286904626469,-8.47599426027577,"mixture",2,378
0.0931357378250222,-0.976870097573067,-8.51401818970693,"mixture",2,379
-1.15436508739976,-1.24396753582749,-9.02032110161515,"mixture",2,380
-0.334840203353363,-1.0517250281675,-8.76370287327551,"mixture",2,381
-0.749512565280291,-1.51822485715535,-8.99525153276698,"mixture",2,382
-0.749512565280291,-1.51822485715535,-8.99525153276698,"mixture",2,383
-0.749512565280291,-1.51822485715535,-8.99525153276698,"mixture",2,384
-1.21156461141826,-1.61361213297106,-8.43569726824914,"mixture",2,385
-1.21156461141826,-1.61361213297106,-8.43569726824914,"mixture",2,386
-1.21156461141826,-1.61361213297106,-8.43569726824914,"mixture",2,387
-1.21156461141826,-1.61361213297106,-8.43569726824914,"mixture",2,388
-1.12196450245795,-1.24497044805167,-9.32383712076721,"mixture",2,389
-1.54390997198057,-1.72368458880053,-9.05745898520048,"mixture",2,390
-1.60574739409048,-1.53036483956481,-9.11114538733402,"mixture",2,391
-1.37412203165119,-1.72366927448905,-8.63176973132711,"mixture",2,392
-0.240285324033136,-1.38513112475297,-8.63939729128737,"mixture",2,393
-0.82188057696622,-1.30052346198609,-8.41817789002769,"mixture",2,394
-0.745057768482228,-1.56997666431308,-8.42336353607554,"mixture",2,395
-0.745057768482228,-1.56997666431308,-8.42336353607554,"mixture",2,396
-0.831589068177405,-1.31101640535592,-8.40029777485578,"mixture",2,397
-1.21863251013859,-1.58245792749203,-9.32406672931765,"mixture",2,398
-0.921602089653679,-1.40644958143036,-9.14638920635313,"mixture",2,399
-1.25882140576604,-1.40490030308187,-8.85215398819927,"mixture",2,400
-1.25882140576604,-1.40490030308187,-8.85215398819927,"mixture",2,401
-1.73040390929559,-1.538316597503,-8.79244384588594,"mixture",2,402
-1.73040390929559,-1.538316597503,-8.79244384588594,"mixture",2,403
-1.73040390929559,-1.538316597503,-8.79244384588594,"mixture",2,404
-1.73040390929559,-1.538316597503,-8.79244384588594,"mixture",2,405
-1.42114713593188,-1.6929936161749,-8.15871089016879,"mixture",2,406
-1.56789734318698,-1.58905704436278,-8.63818050492755,"mixture",2,407
-1.56789734318698,-1.58905704436278,-8.63818050492755,"mixture",2,408
-1.56789734318698,-1.58905704436278,-8.63818050492755,"mixture",2,409
-1.56789734318698,-1.58905704436278,-8.63818050492755,"mixture",2,410
-0.812175458007406,-1.49355314301835,-8.50237987838573,"mixture",2,411
-0.812175458007406,-1.49355314301835,-8.50237987838573,"mixture",2,412
-1.03876630375235,-1.39780596336772,-8.88328344536615,"mixture",2,413
-1.03876630375235,-1.39780596336772,-8.88328344536615,"mixture",2,414
0.124449820108719,-1.04186454870705,-8.45471974544593,"mixture",2,415
-0.558030854762275,-1.12506995346309,-8.156379816352,"mixture",2,416
-0.0501889355062392,-0.930768260130627,-8.28805702608238,"mixture",2,417
-1.01711691409952,-1.4668445073841,-8.2478683324138,"mixture",2,418
-0.647631418359701,-1.33600702285618,-8.44729573817838,"mixture",2,419
-0.647631418359701,-1.33600702285618,-8.44729573817838,"mixture",2,420
-0.647631418359701,-1.33600702285618,-8.44729573817838,"mixture",2,421
-0.647631418359701,-1.33600702285618,-8.44729573817838,"mixture",2,422
-0.518408762518667,-1.42077040621229,-8.61935613475275,"mixture",2,423
-0.518408762518667,-1.42077040621229,-8.61935613475275,"mixture",2,424
-1.14308708511085,-1.66801479109593,-8.60626229051309,"mixture",2,425
-0.490142409065904,-1.34766919582789,-8.70997185334435,"mixture",2,426
-1.41014910015799,-1.42790795813269,-8.69683365061451,"mixture",2,427
-0.17726439448886,-1.13752512017636,-8.48543697709601,"mixture",2,428
-1.05092924961333,-1.45610774747373,-8.83340748683426,"mixture",2,429
-1.05092924961333,-1.45610774747373,-8.83340748683426,"mixture",2,430
-1.05092924961333,-1.45610774747373,-8.83340748683426,"mixture",2,431
-1.2987961209441,-1.73660323099621,-9.1763844708608,"mixture",2,432
-0.909675729007794,-1.4785649772196,-8.89572892585578,"mixture",2,433
-1.28809535600446,-1.52265988086103,-8.51381762585391,"mixture",2,434
-1.28809535600446,-1.52265988086103,-8.51381762585391,"mixture",2,435
-1.55102205377155,-1.7898450929215,-8.81421282647775,"mixture",2,436
-1.58829204135825,-1.65961643968972,-8.61943680062867,"mixture",2,437
-0.781155194388785,-1.40945757825697,-9.15123413561361,"mixture",2,438
-0.221304995957097,-0.989495969966993,-8.70526463884025,"mixture",2,439
-0.294153571000924,-0.960497293078062,-8.82378001058446,"mixture",2,440
-0.953890862823006,-1.30395127138081,-8.58147930355343,"mixture",2,441
-0.953890862823006,-1.30395127138081,-8.58147930355343,"mixture",2,442
-1.42910248884241,-1.27166505885443,-8.73863314201287,"mixture",2,443
-1.9122778495553,-1.60460869382421,-8.8680992041815,"mixture",2,444
-1.20731722039933,-1.44641362231483,-8.89579358043996,"mixture",2,445
-1.20731722039933,-1.44641362231483,-8.89579358043996,"mixture",2,446
-0.599807495500747,-1.1624995219088,-8.79433248646823,"mixture",2,447
-0.970207946790689,-1.60038570910674,-8.80103034425578,"mixture",2,448
-0.970207946790689,-1.60038570910674,-8.80103034425578,"mixture",2,449
-1.177364184971,-1.5626762704985,-9.32156435059091,"mixture",2,450
-1.54510658211769,-1.89006371276726,-8.94802805795188,"mixture",2,451
-0.408282122217943,-1.18825597411544,-8.75798084801512,"mixture",2,452
-0.408282122217943,-1.18825597411544,-8.75798084801512,"mixture",2,453
-1.33441205512917,-1.71719781776499,-8.69398422553502,"mixture",2,454
-0.452279746020066,-1.13903831133876,-8.87102821688356,"mixture",2,455
-0.452279746020066,-1.13903831133876,-8.87102821688356,"mixture",2,456
-1.23650706319969,-1.38412771456343,-9.39850716849465,"mixture",2,457
-0.875771851688307,-1.28184447491229,-8.58875457122946,"mixture",2,458
-0.875771851688307,-1.28184447491229,-8.58875457122946,"mixture",2,459
-1.61042940309122,-1.50934177875429,-8.77607122659972,"mixture",2,460
-0.909185012172695,-1.49589685219564,-8.77644851951267,"mixture",2,461
-0.909185012172695,-1.49589685219564,-8.77644851951267,"mixture",2,462
-1.26376889464531,-1.30824781842603,-8.66835747176328,"mixture",2,463
-1.26376889464531,-1.30824781842603,-8.66835747176328,"mixture",2,464
-1.43685053515201,-1.50692198504491,-8.3288949468493,"mixture",2,465
-1.43685053515201,-1.50692198504491,-8.3288949468493,"mixture",2,466
-0.738980132339686,-1.22428387847296,-8.53793216347194,"mixture",2,467
-1.14765178300611,-1.61721988521434,-8.44459751016338,"mixture",2,468
-1.14765178300611,-1.61721988521434,-8.44459751016338,"mixture",2,469
-1.14765178300611,-1.61721988521434,-8.44459751016338,"mixture",2,470
-0.911662952491315,-1.56994233187434,-8.29127295100533,"mixture",2,471
-0.911662952491315,-1.56994233187434,-8.29127295100533,"mixture",2,472
-1.26283738155999,-1.70012949042915,-8.32424758772378,"mixture",2,473
-1.17632264692829,-1.51517478085191,-8.7745780677311,"mixture",2,474
-1.60501994292063,-1.53790808329783,-8.68984461162747,"mixture",2,475
-0.845102762232756,-1.26632041522223,-8.53073370453903,"mixture",2,476
-0.845102762232756,-1.26632041522223,-8.53073370453903,"mixture",2,477
-0.737416772307828,-1.45636343363124,-8.80191424564085,"mixture",2,478
-0.391634858410285,-1.38003966683607,-8.6478227507104,"mixture",2,479
-0.241569546001453,-1.12992453258558,-8.69047787200898,"mixture",2,480
-0.241569546001453,-1.12992453258558,-8.69047787200898,"mixture",2,481
-0.241569546001453,-1.12992453258558,-8.69047787200898,"mixture",2,482
-1.07311047595537,-1.41849879654376,-8.77245786412293,"mixture",2,483
-1.07311047595537,-1.41849879654376,-8.77245786412293,"mixture",2,484
-1.07311047595537,-1.41849879654376,-8.77245786412293,"mixture",2,485
-0.978053271610252,-1.41189185926195,-8.80426781064288,"mixture",2,486
-0.978053271610252,-1.41189185926195,-8.80426781064288,"mixture",2,487
-1.76149497726106,-1.75538949823578,-8.73272906792782,"mixture",2,488
-1.58680610408141,-1.7154131349434,-8.63924811094092,"mixture",2,489
-1.05719265981371,-1.52222379527964,-8.47392261221965,"mixture",2,490
-1.05719265981371,-1.52222379527964,-8.47392261221965,"mixture",2,491
-0.533916755565035,-1.38200529206269,-8.88551955940374,"mixture",2,492
-0.197364732988892,-1.12194460956341,-8.90831051671146,"mixture",2,493
-0.197364732988892,-1.12194460956341,-8.90831051671146,"mixture",2,494
-0.321236461826531,-1.19681659835442,-8.9006543169577,"mixture",2,495
-0.802008229361196,-1.40446521345235,-9.0179810951026,"mixture",2,496
-0.488247669020267,-1.43349304458064,-8.84290264526345,"mixture",2,497
-0.488247669020267,-1.43349304458064,-8.84290264526345,"mixture",2,498
-0.0699716882696651,-1.07165897199593,-8.65534893402491,"mixture",2,499
-0.0699716882696651,-1.07165897199593,-8.65534893402491,"mixture",2,500
-0.811515258373416,-1.57067756181141,-8.78842995398211,"mixture",2,501
-1.3499236065204,-1.42593868890398,-8.45942144956903,"mixture",2,502
-1.51799145973577,-1.31907912074704,-8.8620461642524,"mixture",2,503
-0.514418060108861,-1.40659973746039,-8.7312959724976,"mixture",2,504
-0.734075514004236,-1.29140352477917,-8.67763935136844,"mixture",2,505
-1.34879359285213,-1.33603544443601,-8.60664342154451,"mixture",2,506
-0.58025523437811,-0.978256854878042,-8.59006146125103,"mixture",2,507
-1.63907471687653,-1.72858236544287,-8.34216802867488,"mixture",2,508
-1.59516983872649,-1.92614328816326,-8.29470996459803,"mixture",2,509
-1.25084745346165,-1.63478339042892,-8.68714270991845,"mixture",2,510
-1.32993369792546,-1.38009519665984,-8.45042489213973,"mixture",2,511
-0.612570180884355,-1.62378056203466,-8.28579191337652,"mixture",2,512
-0.00126415684089498,-1.16193054914475,-8.57784690267866,"mixture",2,513
-0.525502606245448,-1.45060986435279,-8.94610863803754,"mixture",2,514
-0.311638682203886,-1.28079890862578,-8.8769422998899,"mixture",2,515
-1.4879246979697,-1.78843365218047,-8.36374912551672,"mixture",2,516
-1.4879246979697,-1.78843365218047,-8.36374912551672,"mixture",2,517
-0.813991424278427,-1.35944578112625,-8.36473359586391,"mixture",2,518
-0.834938467567654,-1.62396063684728,-8.4620517299238,"mixture",2,519
-0.834938467567654,-1.62396063684728,-8.4620517299238,"mixture",2,520
-1.24464916076245,-1.82909757585708,-8.66340790713026,"mixture",2,521
-1.24464916076245,-1.82909757585708,-8.66340790713026,"mixture",2,522
-1.51440449711652,-1.36826082813996,-8.46443334123593,"mixture",2,523
-1.02550698067432,-1.59320450857568,-8.4454544556354,"mixture",2,524
-1.02550698067432,-1.59320450857568,-8.4454544556354,"mixture",2,525
-1.02550698067432,-1.59320450857568,-8.4454544556354,"mixture",2,526
-0.958815955302232,-1.46868740016586,-8.17014087824698,"mixture",2,527
-1.45814753080341,-1.73621611101698,-8.36220018549089,"mixture",2,528
-1.45814753080341,-1.73621611101698,-8.36220018549089,"mixture",2,529
-1.45814753080341,-1.73621611101698,-8.36220018549089,"mixture",2,530
-1.65010707317134,-1.69973143976614,-8.3970946590177,"mixture",2,531
-0.543167496684966,-1.31177935243889,-8.42876215793875,"mixture",2,532
-0.543167496684966,-1.31177935243889,-8.42876215793875,"mixture",2,533
-1.38178494751075,-1.68608271352969,-8.5376178493881,"mixture",2,534
-1.5403400227748,-1.64103486482152,-8.99007608399724,"mixture",2,535
-1.5403400227748,-1.64103486482152,-8.99007608399724,"mixture",2,536
-1.31627690458476,-1.73175447687099,-8.88231287597726,"mixture",2,537
-0.626702940794531,-1.25830910771529,-8.73146319765893,"mixture",2,538
-1.93458364627025,-1.52580283886012,-9.03718291239135,"mixture",2,539
-1.93458364627025,-1.52580283886012,-9.03718291239135,"mixture",2,540
-1.72055525842464,-1.81610436888998,-8.65079011589217,"mixture",2,541
-1.1086822260862,-1.58827379195434,-8.16283258542644,"mixture",2,542
-1.25343698902615,-1.67232530744506,-8.4600893548398,"mixture",2,543
-0.502030697911178,-1.36768610845031,-9.09405537633486,"mixture",2,544
-0.159157659612206,-0.858579152463303,-8.89823110317468,"mixture",2,545
-0.159157659612206,-0.858579152463303,-8.89823110317468,"mixture",2,546
-1.24975870653097,-1.56603894178038,-9.17744424495219,"mixture",2,547
-1.24975870653097,-1.56603894178038,-9.17744424495219,"mixture",2,548
-1.53004310749332,-1.49373285153838,-8.83108311957659,"mixture",2,549
-1.67162019820416,-1.58079956474037,-8.76880025565046,"mixture",2,550
-0.944334722538275,-1.4539982632639,-8.40611425425632,"mixture",2,551
-0.944334722538275,-1.4539982632639,-8.40611425425632,"mixture",2,552
-0.959112315832274,-1.24545354426239,-8.58304051240653,"mixture",2,553
-0.586671327066946,-1.19043299744826,-9.07962394074626,"mixture",2,554
-0.249480016111945,-1.35100193993596,-8.51665559488446,"mixture",2,555
-0.61783608412244,-1.33738969745089,-8.28274246608531,"mixture",2,556
-0.953741585595723,-1.53582448401775,-8.75135376140893,"mixture",2,557
-0.953741585595723,-1.53582448401775,-8.75135376140893,"mixture",2,558
-1.03638525743332,-1.56198880571092,-8.79845973895195,"mixture",2,559
-1.03638525743332,-1.56198880571092,-8.79845973895195,"mixture",2,560
-0.654226184221373,-1.25714613697731,-8.33593768478072,"mixture",2,561
-0.0450833285562562,-1.27245446487184,-8.38304826048546,"mixture",2,562
-1.07078991737316,-1.31818234906583,-9.04873071973946,"mixture",2,563
-1.07078991737316,-1.31818234906583,-9.04873071973946,"mixture",2,564
-1.07078991737316,-1.31818234906583,-9.04873071973946,"mixture",2,565
-1.34673849297277,-1.70631070218945,-8.34405637215333,"mixture",2,566
-0.412406860345155,-1.18191622520248,-8.9297809882708,"mixture",2,567
-0.412406860345155,-1.18191622520248,-8.9297809882708,"mixture",2,568
-0.78060464955194,-1.22566195231362,-9.4530847460911,"mixture",2,569
-0.78060464955194,-1.22566195231362,-9.4530847460911,"mixture",2,570
-0.78060464955194,-1.22566195231362,-9.4530847460911,"mixture",2,571
-1.25995560687967,-1.64652286579042,-9.42732263848351,"mixture",2,572
-1.12484459008853,-1.64385860181605,-9.25497104365785,"mixture",2,573
-1.12484459008853,-1.64385860181605,-9.25497104365785,"mixture",2,574
-1.12484459008853,-1.64385860181605,-9.25497104365785,"mixture",2,575
-0.0202411522553236,-1.06835936584929,-9.29841456594537,"mixture",2,576
-0.763451118322675,-1.48001680008663,-8.76582300046175,"mixture",2,577
-0.763451118322675,-1.48001680008663,-8.76582300046175,"mixture",2,578
-0.763451118322675,-1.48001680008663,-8.76582300046175,"mixture",2,579
-0.763451118322675,-1.48001680008663,-8.76582300046175,"mixture",2,580
-0.929061933499375,-1.45047067572245,-8.80671618883771,"mixture",2,581
-0.627193456367661,-1.36662388079225,-8.38593353768893,"mixture",2,582
-0.528947037187523,-0.976948308256505,-8.50414998291264,"mixture",2,583
-0.50207006370904,-1.10802400133769,-8.39979762028538,"mixture",2,584
-0.50207006370904,-1.10802400133769,-8.39979762028538,"mixture",2,585
-0.238861619511963,-1.00748669919182,-8.62678503400813,"mixture",2,586
-0.238861619511963,-1.00748669919182,-8.62678503400813,"mixture",2,587
-0.238861619511963,-1.00748669919182,-8.62678503400813,"mixture",2,588
-0.238861619511963,-1.00748669919182,-8.62678503400813,"mixture",2,589
-0.202965071111503,-1.18847195722757,-8.9505211217025,"mixture",2,590
-0.735191844339083,-1.11067025245247,-8.48180655561944,"mixture",2,591
-0.122120035873901,-1.20740347908862,-8.76597218435973,"mixture",2,592
-1.25538765335011,-1.60209751250534,-8.25642559019498,"mixture",2,593
-1.49887067498505,-1.65728278839644,-8.42354142055889,"mixture",2,594
-1.00890058915653,-1.67164528194879,-8.84173651837894,"mixture",2,595
-1.2455297303931,-1.68662079578024,-8.80770666921299,"mixture",2,596
-1.33079450849612,-1.51014512183035,-9.13925815187799,"mixture",2,597
-1.04566845680067,-1.52058081459721,-9.00323429356579,"mixture",2,598
-1.10565365744161,-1.71487629595825,-8.4060800787722,"mixture",2,599
-0.736444560659594,-1.37902196525874,-8.35968226824707,"mixture",2,600
-0.736444560659594,-1.37902196525874,-8.35968226824707,"mixture",2,601
-0.791463129216674,-1.466588515286,-8.52440327584659,"mixture",2,602
-0.791463129216674,-1.466588515286,-8.52440327584659,"mixture",2,603
-1.57492047236153,-1.83394387545858,-8.82373588068217,"mixture",2,604
-0.333235609183861,-1.01764273501293,-8.55718986408966,"mixture",2,605
-0.806877254708579,-1.19096362533759,-8.4130120285963,"mixture",2,606
-0.647438460719101,-1.2770623046179,-8.53620754477205,"mixture",2,607
-0.647438460719101,-1.2770623046179,-8.53620754477205,"mixture",2,608
-0.647438460719101,-1.2770623046179,-8.53620754477205,"mixture",2,609
-1.39713571595469,-1.56961177265192,-8.3333440537626,"mixture",2,610
-0.761446347832721,-1.60936534438715,-8.58302941838942,"mixture",2,611
-1.16738408087138,-1.64890375120176,-8.8111866705806,"mixture",2,612
-1.15501933683267,-1.76348748390989,-8.7196151081817,"mixture",2,613
-0.465554414553936,-1.42337991983497,-8.5877011882098,"mixture",2,614
-0.465554414553936,-1.42337991983497,-8.5877011882098,"mixture",2,615
-1.46896516704048,-1.54830950655735,-8.90190914813704,"mixture",2,616
-1.42486398321277,-1.70272568050585,-9.00304145610768,"mixture",2,617
-1.42486398321277,-1.70272568050585,-9.00304145610768,"mixture",2,618
-1.31262528899373,-1.42832443804025,-9.01953124808916,"mixture",2,619
-0.0930828407823991,-1.15865042742547,-8.79807054872683,"mixture",2,620
-1.09668333459736,-1.6329662403296,-9.22050994096714,"mixture",2,621
-0.722546732478082,-1.31004790370212,-8.79778306132988,"mixture",2,622
-1.08652192821152,-1.50800920413786,-8.55874909403802,"mixture",2,623
-0.836326273198574,-1.34016857998784,-8.48725550258357,"mixture",2,624
-0.836326273198574,-1.34016857998784,-8.48725550258357,"mixture",2,625
-0.461549668925942,-1.17508833954508,-8.89255633126766,"mixture",2,626
-0.461549668925942,-1.17508833954508,-8.89255633126766,"mixture",2,627
-1.1149808847237,-1.3878908976642,-8.98488201405052,"mixture",2,628
-1.1149808847237,-1.3878908976642,-8.98488201405052,"mixture",2,629
-1.31324778279372,-1.50573963211477,-8.91987743747094,"mixture",2,630
-1.27690557114949,-1.58873758442534,-8.65990680620985,"mixture",2,631
-0.90947495833967,-1.47781805793161,-8.58094479113141,"mixture",2,632
-0.90947495833967,-1.47781805793161,-8.58094479113141,"mixture",2,633
-0.685897549533115,-1.39435327980281,-8.41767895285465,"mixture",2,634
-0.685897549533115,-1.39435327980281,-8.41767895285465,"mixture",2,635
-0.158822653850559,-1.15097413571881,-8.74979699933269,"mixture",2,636
-0.158822653850559,-1.15097413571881,-8.74979699933269,"mixture",2,637
-0.158822653850559,-1.15097413571881,-8.74979699933269,"mixture",2,638
-1.12674012829326,-1.39297382121892,-9.28901604845518,"mixture",2,639
-1.12674012829326,-1.39297382121892,-9.28901604845518,"mixture",2,640
-1.53041572855511,-1.62068794944501,-9.25605180275124,"mixture",2,641
-1.29119318020628,-1.68130984866732,-9.2034056186408,"mixture",2,642
-1.05224558248678,-1.6203873546174,-9.0832694783129,"mixture",2,643
-1.523528919146,-1.51147823666914,-8.98345455784049,"mixture",2,644
-1.37092944265352,-1.56274715390875,-8.67647199750778,"mixture",2,645
-1.29985582677177,-1.79315198440207,-8.58269546606303,"mixture",2,646
-1.29985582677177,-1.79315198440207,-8.58269546606303,"mixture",2,647
-1.29985582677177,-1.79315198440207,-8.58269546606303,"mixture",2,648
-1.35725111673143,-1.5267586172549,-8.61820517650638,"mixture",2,649
-1.35725111673143,-1.5267586172549,-8.61820517650638,"mixture",2,650
-1.35725111673143,-1.5267586172549,-8.61820517650638,"mixture",2,651
-0.940974870782194,-1.62424626675438,-8.44529109425677,"mixture",2,652
-0.639291682972131,-1.51977688632261,-8.43557695103025,"mixture",2,653
-0.426774324149078,-1.14817761935625,-8.93222661373461,"mixture",2,654
-0.426774324149078,-1.14817761935625,-8.93222661373461,"mixture",2,655
-0.426774324149078,-1.14817761935625,-8.93222661373461,"mixture",2,656
-1.54104088698757,-1.45904748672152,-8.77221621802475,"mixture",2,657
-1.54104088698757,-1.45904748672152,-8.77221621802475,"mixture",2,658
-1.54104088698757,-1.45904748672152,-8.77221621802475,"mixture",2,659
-1.3194390593472,-1.50765753984766,-8.81015507532359,"mixture",2,660
-1.3194390593472,-1.50765753984766,-8.81015507532359,"mixture",2,661
-1.3194390593472,-1.50765753984766,-8.81015507532359,"mixture",2,662
-0.633352453794863,-1.30319997005427,-8.77507582732452,"mixture",2,663
-0.633352453794863,-1.30319997005427,-8.77507582732452,"mixture",2,664
-0.924736085065888,-1.51351832767026,-8.84259402550967,"mixture",2,665
-0.924736085065888,-1.51351832767026,-8.84259402550967,"mixture",2,666
-0.83365357498145,-1.40388873625577,-8.61238207063186,"mixture",2,667
-0.67811919941378,-1.19342136054132,-8.54987056462052,"mixture",2,668
-0.411225608344653,-1.20471593366586,-9.25824276453761,"mixture",2,669
-0.350402528089578,-1.39309284012373,-9.07272502026843,"mixture",2,670
-1.32349279073401,-1.63989893968795,-9.42315147613121,"mixture",2,671
-1.32011220976076,-1.45121267868953,-8.92760712415009,"mixture",2,672
-0.488501466927622,-1.13200628372487,-8.07757839948989,"mixture",2,673
-1.38103368948578,-1.48372279472556,-8.52651318825392,"mixture",2,674
-1.82382654552406,-1.65046863511707,-8.54366392021023,"mixture",2,675
-1.82382654552406,-1.65046863511707,-8.54366392021023,"mixture",2,676
-1.82382654552406,-1.65046863511707,-8.54366392021023,"mixture",2,677
-1.96394308636157,-1.59190928863764,-8.91158546350457,"mixture",2,678
-1.96394308636157,-1.59190928863764,-8.91158546350457,"mixture",2,679
-1.96394308636157,-1.59190928863764,-8.91158546350457,"mixture",2,680
-1.10518861650885,-1.3051302090069,-8.77595672969565,"mixture",2,681
-1.33109938935726,-1.60810587638896,-9.07358164256379,"mixture",2,682
-1.38562843546272,-1.35615851751415,-8.66952844525706,"mixture",2,683
-1.38562843546272,-1.35615851751415,-8.66952844525706,"mixture",2,684
-0.350011187711494,-1.37251325199987,-8.45774025283433,"mixture",2,685
0.0430485890579459,-1.14184426937636,-8.5874019162566,"mixture",2,686
-0.474996009256923,-1.51780536618404,-8.71219869883528,"mixture",2,687
-1.07140475242777,-1.57040779853727,-8.66856196773845,"mixture",2,688
-1.07140475242777,-1.57040779853727,-8.66856196773845,"mixture",2,689
-1.07140475242777,-1.57040779853727,-8.66856196773845,"mixture",2,690
-1.4173897591157,-1.58610637268456,-8.71256228732184,"mixture",2,691
-1.58786152103671,-1.53213603064889,-9.30280276750931,"mixture",2,692
-1.5632237426972,-1.55788474104973,-9.13529651414875,"mixture",2,693
-1.13967093070088,-1.54219493048835,-8.82608821652017,"mixture",2,694
-1.41750942614932,-1.68547994108158,-8.7372764272482,"mixture",2,695
-1.41750942614932,-1.68547994108158,-8.7372764272482,"mixture",2,696
-0.879802696275254,-1.38499242867618,-8.70399657016355,"mixture",2,697
-0.879802696275254,-1.38499242867618,-8.70399657016355,"mixture",2,698
-0.62367711515235,-1.49395046524491,-8.38011885545286,"mixture",2,699
-1.4864972070143,-1.4834596148339,-8.87761728968856,"mixture",2,700
-1.75186517608145,-1.72918271644306,-8.81450080404032,"mixture",3,1
-1.08929235440647,-1.28782309234174,-8.58312157773638,"mixture",3,2
-1.08929235440647,-1.28782309234174,-8.58312157773638,"mixture",3,3
-1.21292588018369,-1.70323555872994,-8.9092521331285,"mixture",3,4
0.0765164338688769,-0.84783700655593,-9.22084371490432,"mixture",3,5
-0.00079143218673923,-1.02274803040402,-9.00479664573767,"mixture",3,6
-0.399621809926623,-1.1555893886269,-9.08039884460225,"mixture",3,7
-0.527099728763949,-1.32472660311942,-8.31643734077346,"mixture",3,8
-1.38186312365657,-1.3565381412431,-8.70165751148669,"mixture",3,9
-1.38186312365657,-1.3565381412431,-8.70165751148669,"mixture",3,10
-0.609984276338969,-1.32992504573118,-9.48409701179293,"mixture",3,11
-0.340963792915529,-1.03034214969055,-8.86437951464177,"mixture",3,12
-0.241470836867067,-1.21635307018332,-8.97996836538804,"mixture",3,13
-0.241470836867067,-1.21635307018332,-8.97996836538804,"mixture",3,14
-0.391835012816375,-1.07898686621865,-8.70439971599838,"mixture",3,15
-0.277056078829494,-1.27130707054506,-8.21658128580522,"mixture",3,16
-0.815689429071506,-1.4190548636417,-8.83942876555219,"mixture",3,17
-1.47380272761625,-1.55529211591397,-8.91822449817126,"mixture",3,18
-1.1039720482404,-1.8110621771368,-8.53572714344381,"mixture",3,19
-1.1039720482404,-1.8110621771368,-8.53572714344381,"mixture",3,20
-1.1039720482404,-1.8110621771368,-8.53572714344381,"mixture",3,21
-1.27516706423841,-1.6508326167288,-8.3959279551884,"mixture",3,22
-1.14675337906833,-1.69603324356305,-8.53081804939507,"mixture",3,23
-1.14675337906833,-1.69603324356305,-8.53081804939507,"mixture",3,24
-1.42302251655226,-1.66915456767094,-8.85446485247166,"mixture",3,25
-1.32515625962552,-1.65723070347326,-8.55588828246561,"mixture",3,26
-0.875330092725554,-1.41734706266654,-8.96967570268966,"mixture",3,27
-0.845048121372085,-1.43758093271849,-8.5270235704702,"mixture",3,28
-1.36188773778049,-1.75145817034554,-8.61763309116728,"mixture",3,29
-0.87825929567792,-1.52306792512765,-8.68026947896093,"mixture",3,30
-0.87825929567792,-1.52306792512765,-8.68026947896093,"mixture",3,31
-0.974255996496372,-1.72544014043435,-8.33912088183438,"mixture",3,32
-0.728195314274124,-1.27484136108147,-8.36386344807812,"mixture",3,33
-0.575043642940081,-1.58782389965364,-8.24911264276423,"mixture",3,34
-0.817811806404748,-1.69554492136655,-8.36168465107204,"mixture",3,35
-1.18710650123554,-1.66907046280351,-8.55251723151064,"mixture",3,36
-1.18710650123554,-1.66907046280351,-8.55251723151064,"mixture",3,37
-1.18710650123554,-1.66907046280351,-8.55251723151064,"mixture",3,38
-0.809896888145469,-1.46184677472529,-8.15968979895417,"mixture",3,39
-0.218897318332648,-0.981195395694962,-9.03210591348479,"mixture",3,40
-0.0949654992919643,-0.962813588105929,-9.16566551757656,"mixture",3,41
-0.115258559309492,-1.0391271598297,-9.13966597946271,"mixture",3,42
-0.518667707331162,-1.04371135436977,-9.18148922837177,"mixture",3,43
-0.379476953166043,-1.15897673862817,-8.88249410201006,"mixture",3,44
-0.265857405313504,-1.07201055548683,-8.7825286745131,"mixture",3,45
-0.265857405313504,-1.07201055548683,-8.7825286745131,"mixture",3,46
-1.58179143573113,-1.62265964297894,-8.9251654499825,"mixture",3,47
-1.58179143573113,-1.62265964297894,-8.9251654499825,"mixture",3,48
-1.58179143573113,-1.62265964297894,-8.9251654499825,"mixture",3,49
-1.58179143573113,-1.62265964297894,-8.9251654499825,"mixture",3,50
-1.58179143573113,-1.62265964297894,-8.9251654499825,"mixture",3,51
-1.66496402641687,-1.44073559275949,-8.29085553389592,"mixture",3,52
-1.58826467354861,-1.59549649161638,-8.20760622873291,"mixture",3,53
-1.46414747805677,-1.50347014803186,-8.21382970074396,"mixture",3,54
-0.286391152800168,-0.951480557591564,-8.4764776841545,"mixture",3,55
-0.586408315135763,-1.17440226132755,-8.73587594159307,"mixture",3,56
-0.988064204470481,-1.55671744575289,-9.3328251030668,"mixture",3,57
-0.988064204470481,-1.55671744575289,-9.3328251030668,"mixture",3,58
-1.61296017759728,-1.84341549594885,-8.83848814277913,"mixture",3,59
-1.61296017759728,-1.84341549594885,-8.83848814277913,"mixture",3,60
-1.61296017759728,-1.84341549594885,-8.83848814277913,"mixture",3,61
-1.32120338453181,-1.28920959410768,-8.81193590338485,"mixture",3,62
-0.89611198597736,-1.35180057837523,-8.35116822965171,"mixture",3,63
-1.42031620655889,-1.61785804212212,-8.61304422499794,"mixture",3,64
-1.42031620655889,-1.61785804212212,-8.61304422499794,"mixture",3,65
-1.42031620655889,-1.61785804212212,-8.61304422499794,"mixture",3,66
-0.522709757012215,-1.25877524119867,-8.57699169867648,"mixture",3,67
-1.68719538107483,-1.6631455379471,-8.5918417472154,"mixture",3,68
-1.35225458598924,-1.65556208588367,-8.33523358023496,"mixture",3,69
-1.22581366553319,-1.64701442475902,-8.63013300685695,"mixture",3,70
-1.22581366553319,-1.64701442475902,-8.63013300685695,"mixture",3,71
-1.22581366553319,-1.64701442475902,-8.63013300685695,"mixture",3,72
-1.22581366553319,-1.64701442475902,-8.63013300685695,"mixture",3,73
-1.40736133130431,-1.74668731043677,-8.30705074382022,"mixture",3,74
-0.14341818643766,-1.09008810118465,-9.01254619273498,"mixture",3,75
-0.407074210593611,-1.23782658168003,-8.78809176058973,"mixture",3,76
-0.521365809754025,-1.43974040085016,-8.63273915123012,"mixture",3,77
-1.46775003681747,-1.47782209522894,-8.76376686827863,"mixture",3,78
-1.46775003681747,-1.47782209522894,-8.76376686827863,"mixture",3,79
-1.46775003681747,-1.47782209522894,-8.76376686827863,"mixture",3,80
-1.70245525680836,-1.41454730576919,-8.66671562742468,"mixture",3,81
-1.70245525680836,-1.41454730576919,-8.66671562742468,"mixture",3,82
-1.5856701355139,-1.37868141209921,-8.7118511361555,"mixture",3,83
-0.515462030768434,-1.11839617403366,-8.90139577601582,"mixture",3,84
-1.62960566251006,-1.6034826198836,-8.88339596211095,"mixture",3,85
-1.62960566251006,-1.6034826198836,-8.88339596211095,"mixture",3,86
-1.71794345604994,-1.61089365087546,-8.90255687729549,"mixture",3,87
-1.39457005016326,-1.55073490672244,-9.17591133490888,"mixture",3,88
-1.39457005016326,-1.55073490672244,-9.17591133490888,"mixture",3,89
-1.39457005016326,-1.55073490672244,-9.17591133490888,"mixture",3,90
-0.924909874867803,-1.25792870929656,-8.38573303653566,"mixture",3,91
-0.924909874867803,-1.25792870929656,-8.38573303653566,"mixture",3,92
-2.00471247230751,-1.52504740846622,-8.91324194285623,"mixture",3,93
-0.916973516340722,-1.37583956326628,-8.79633896345123,"mixture",3,94
-0.761668444475789,-1.42739506817698,-8.25034661144659,"mixture",3,95
-1.45858260100826,-1.52906182655385,-8.43009958379491,"mixture",3,96
-0.630931449810127,-1.60848806018399,-8.76483794258528,"mixture",3,97
-0.969881570540761,-1.65883741452417,-8.56342696657243,"mixture",3,98
-1.33619512378131,-1.76256059809112,-8.4223590312014,"mixture",3,99
-1.33619512378131,-1.76256059809112,-8.4223590312014,"mixture",3,100
-0.814268392578473,-1.29568283684669,-8.5512355247878,"mixture",3,101
-0.814268392578473,-1.29568283684669,-8.5512355247878,"mixture",3,102
-1.29798932365581,-1.61299667812317,-8.18757289933632,"mixture",3,103
-1.02081269185458,-1.39013713495062,-8.70695836093141,"mixture",3,104
-1.02081269185458,-1.39013713495062,-8.70695836093141,"mixture",3,105
-1.46893378076674,-1.58060931511685,-8.64297062457826,"mixture",3,106
-1.42554559722328,-1.55254352580486,-9.02404089035718,"mixture",3,107
-0.958095269177037,-1.3652671852238,-8.78546430963129,"mixture",3,108
-1.32475272544949,-1.63149500422931,-8.50970564779535,"mixture",3,109
-1.32475272544949,-1.63149500422931,-8.50970564779535,"mixture",3,110
-1.32475272544949,-1.63149500422931,-8.50970564779535,"mixture",3,111
-0.913883280079573,-1.32450891649803,-9.15491462498745,"mixture",3,112
-1.16815091614043,-1.26734593558787,-8.99091464156746,"mixture",3,113
0.03966553734837,-0.992109665957625,-8.44611833438467,"mixture",3,114
-0.402617368582426,-1.4081751085065,-8.34999132878526,"mixture",3,115
-1.78015861395701,-1.71322929225999,-8.3288353368356,"mixture",3,116
-1.03402873068097,-1.47579928921775,-9.02072080569483,"mixture",3,117
-1.7905823903814,-1.62215229904664,-8.73194030368749,"mixture",3,118
-1.49028104945807,-1.58523907788847,-8.38835964822409,"mixture",3,119
-1.49028104945807,-1.58523907788847,-8.38835964822409,"mixture",3,120
-1.49028104945807,-1.58523907788847,-8.38835964822409,"mixture",3,121
-0.507568014263112,-1.18841295719736,-8.4422022173737,"mixture",3,122
-1.76455247725528,-1.67309700609301,-9.45865443508883,"mixture",3,123
-1.70287968983919,-1.41986387203322,-8.68096488050594,"mixture",3,124
-1.00328284121145,-1.61096373061267,-8.84634708277694,"mixture",3,125
-0.939608028110898,-1.26877789748003,-9.2436926661405,"mixture",3,126
-0.939608028110898,-1.26877789748003,-9.2436926661405,"mixture",3,127
-1.32694875822071,-1.62187191301524,-8.49155794850753,"mixture",3,128
-1.32694875822071,-1.62187191301524,-8.49155794850753,"mixture",3,129
-0.745186840890945,-1.08352220202165,-8.84091779388478,"mixture",3,130
-0.794596299780903,-1.32143794764247,-8.50512883782358,"mixture",3,131
-0.494560232873088,-1.25989569511691,-8.86295813887619,"mixture",3,132
-0.00513435124622608,-0.962506969474932,-8.52936190404963,"mixture",3,133
-0.888915550647539,-1.24590613832576,-8.95156580260949,"mixture",3,134
-0.571254049536332,-1.56523510477148,-8.66462563417332,"mixture",3,135
-0.824249623056754,-1.29372796342644,-8.32490635827188,"mixture",3,136
-0.442114200030193,-1.20424301889499,-8.56635190789459,"mixture",3,137
-0.0212386648802676,-1.30624301171523,-8.47310223912087,"mixture",3,138
-0.624623741542127,-1.19377248545677,-8.99279440317911,"mixture",3,139
-0.624623741542127,-1.19377248545677,-8.99279440317911,"mixture",3,140
-0.624623741542127,-1.19377248545677,-8.99279440317911,"mixture",3,141
-1.17638353819393,-1.25617250165593,-9.07084611577902,"mixture",3,142
-1.42093661209764,-1.57073198218932,-9.07135305848774,"mixture",3,143
-1.10544789241577,-1.67703730482723,-8.50156701357863,"mixture",3,144
-1.10544789241577,-1.67703730482723,-8.50156701357863,"mixture",3,145
-0.906526793143938,-1.59196436489274,-8.47205531656435,"mixture",3,146
-2.13388324370629,-1.72952392528728,-8.51413741268461,"mixture",3,147
-1.7128194999568,-1.40321287685306,-8.36440447352607,"mixture",3,148
-1.51276077515249,-1.57851485298832,-8.01003083672837,"mixture",3,149
-1.13139117677072,-1.21415079324312,-8.32270477350174,"mixture",3,150
-1.13139117677072,-1.21415079324312,-8.32270477350174,"mixture",3,151
-1.13139117677072,-1.21415079324312,-8.32270477350174,"mixture",3,152
-0.760920690111297,-1.1706301827311,-9.45624683738657,"mixture",3,153
-0.834938624514734,-1.47061635940021,-8.86381275978888,"mixture",3,154
-0.78479291248688,-1.32282946996011,-8.3216439186916,"mixture",3,155
-0.636232343106172,-1.13554177991196,-8.49906651805952,"mixture",3,156
-0.838537425598523,-1.26900905208701,-8.3341551986222,"mixture",3,157
-1.39348747858296,-1.6294011997715,-8.70591194143302,"mixture",3,158
-1.39348747858296,-1.6294011997715,-8.70591194143302,"mixture",3,159
-1.12437273265277,-1.42038102382152,-8.51207973048775,"mixture",3,160
-1.12437273265277,-1.42038102382152,-8.51207973048775,"mixture",3,161
-1.12437273265277,-1.42038102382152,-8.51207973048775,"mixture",3,162
-1.42939081055235,-1.48913772877952,-8.58290186483246,"mixture",3,163
-1.31392341474718,-1.58443152769549,-8.84036824177708,"mixture",3,164
-1.36127674693994,-1.52873716217071,-8.75330255355539,"mixture",3,165
-1.10037828170342,-1.3886073885682,-8.63906521425738,"mixture",3,166
-0.890302760265785,-1.53183386009607,-8.56504853488452,"mixture",3,167
-0.890302760265785,-1.53183386009607,-8.56504853488452,"mixture",3,168
-0.560018601501014,-1.29752617377384,-8.02495497890892,"mixture",3,169
-0.996670070221774,-1.41817161944668,-8.53141211900371,"mixture",3,170
-0.996670070221774,-1.41817161944668,-8.53141211900371,"mixture",3,171
-1.30103546823186,-1.55796387964952,-8.56734340581875,"mixture",3,172
-1.15021521645835,-1.54554268860359,-9.27158743492287,"mixture",3,173
-1.27284208461361,-1.54229451294916,-8.28271377578227,"mixture",3,174
-1.01443877594886,-1.66355060361372,-8.40211322547147,"mixture",3,175
-1.23828753752412,-1.63892043438789,-8.34526511619472,"mixture",3,176
-0.71089788883973,-1.35915926678091,-8.42496681622921,"mixture",3,177
-0.420508461732568,-1.18129633421458,-8.68146456189661,"mixture",3,178
-1.08793971775791,-1.42105145963391,-8.80722588068404,"mixture",3,179
-1.1490808060607,-1.57128486872962,-8.71625661841137,"mixture",3,180
-0.756735890692278,-1.60541898875353,-8.46336156225819,"mixture",3,181
-1.53342992055009,-1.55599507841191,-8.69905473898043,"mixture",3,182
-1.53342992055009,-1.55599507841191,-8.69905473898043,"mixture",3,183
-1.53342992055009,-1.55599507841191,-8.69905473898043,"mixture",3,184
-1.239690498271,-1.6138991368228,-8.32481545524648,"mixture",3,185
-1.239690498271,-1.6138991368228,-8.32481545524648,"mixture",3,186
-0.339464528027102,-1.26157103617837,-8.62734152216608,"mixture",3,187
-0.855330616552552,-1.47815003949451,-8.11955023163634,"mixture",3,188
-0.855330616552552,-1.47815003949451,-8.11955023163634,"mixture",3,189
-1.18708583945177,-1.66701590781194,-8.37262122438525,"mixture",3,190
-1.18708583945177,-1.66701590781194,-8.37262122438525,"mixture",3,191
-1.18708583945177,-1.66701590781194,-8.37262122438525,"mixture",3,192
-1.18708583945177,-1.66701590781194,-8.37262122438525,"mixture",3,193
-1.18708583945177,-1.66701590781194,-8.37262122438525,"mixture",3,194
-1.18708583945177,-1.66701590781194,-8.37262122438525,"mixture",3,195
-1.65998206026743,-1.67990672744305,-8.48107444308095,"mixture",3,196
-1.2239891308983,-1.39326917755103,-8.42357503471703,"mixture",3,197
-1.2239891308983,-1.39326917755103,-8.42357503471703,"mixture",3,198
-0.585704746609692,-1.51944135851439,-8.58893227092866,"mixture",3,199
-1.25104794134361,-1.58857162725131,-8.78158804775216,"mixture",3,200
-1.25104794134361,-1.58857162725131,-8.78158804775216,"mixture",3,201
-1.25104794134361,-1.58857162725131,-8.78158804775216,"mixture",3,202
-1.38582960498544,-1.6389733418082,-8.77085979626467,"mixture",3,203
-0.154420403823746,-1.08456219627352,-8.7516490228996,"mixture",3,204
-0.143883056973969,-1.00968345154227,-8.6229382048281,"mixture",3,205
-0.702617457871398,-1.52749814444862,-8.77980309031567,"mixture",3,206
-0.702617457871398,-1.52749814444862,-8.77980309031567,"mixture",3,207
-1.15437837128717,-1.38273901373078,-8.74637548151158,"mixture",3,208
-1.15437837128717,-1.38273901373078,-8.74637548151158,"mixture",3,209
-1.05872542931794,-1.3642270041479,-8.91777197898628,"mixture",3,210
-1.17298914352851,-1.4396030696471,-8.29626257670897,"mixture",3,211
0.108316052889027,-0.761143883793121,-8.81814994017016,"mixture",3,212
-0.636404930020428,-1.23938284353438,-9.19767519170234,"mixture",3,213
-0.636404930020428,-1.23938284353438,-9.19767519170234,"mixture",3,214
-0.636404930020428,-1.23938284353438,-9.19767519170234,"mixture",3,215
-0.636404930020428,-1.23938284353438,-9.19767519170234,"mixture",3,216
-1.16937993583617,-1.69942901417843,-8.46991956452682,"mixture",3,217
-1.16937993583617,-1.69942901417843,-8.46991956452682,"mixture",3,218
-1.16937993583617,-1.69942901417843,-8.46991956452682,"mixture",3,219
-1.54216341161623,-1.46683821564288,-8.75266505013022,"mixture",3,220
-1.52261039471435,-1.44517597062612,-8.77842563706026,"mixture",3,221
-1.5806347509799,-1.54087894004175,-8.58650156792009,"mixture",3,222
-1.5806347509799,-1.54087894004175,-8.58650156792009,"mixture",3,223
-1.36637246602852,-1.46588805808292,-8.48651217652571,"mixture",3,224
-0.794307581652375,-1.37367587026025,-8.58531129889203,"mixture",3,225
-0.794307581652375,-1.37367587026025,-8.58531129889203,"mixture",3,226
-0.794307581652375,-1.37367587026025,-8.58531129889203,"mixture",3,227
-0.794307581652375,-1.37367587026025,-8.58531129889203,"mixture",3,228
-0.996440550607365,-1.38194138978423,-8.85230264552263,"mixture",3,229
-0.288357924538102,-1.17579672108802,-8.64009348045444,"mixture",3,230
-0.288357924538102,-1.17579672108802,-8.64009348045444,"mixture",3,231
-0.391860298056658,-1.24575067040167,-8.3740738596962,"mixture",3,232
-0.116492352925948,-1.02578160408943,-8.71227790190983,"mixture",3,233
-1.03581661301903,-1.46045076924464,-8.60573782224687,"mixture",3,234
-1.03581661301903,-1.46045076924464,-8.60573782224687,"mixture",3,235
-1.03581661301903,-1.46045076924464,-8.60573782224687,"mixture",3,236
-1.5390411847625,-1.55491874006262,-8.83701915048879,"mixture",3,237
-1.03241225321032,-1.49553991996331,-8.3096872943224,"mixture",3,238
-1.11503264417343,-1.28585137608721,-9.20568764373568,"mixture",3,239
-1.91190289459896,-1.70751448620599,-8.95792984858736,"mixture",3,240
-1.9916402525319,-1.62146113929831,-8.99625351029248,"mixture",3,241
-1.03150253039951,-1.34709346326459,-8.82109135116229,"mixture",3,242
-0.193960552197715,-1.009827101128,-8.87424586791173,"mixture",3,243
-0.515403741681329,-1.45403829758029,-8.63980238158524,"mixture",3,244
-1.28734274659398,-1.66898714060603,-8.97220349203903,"mixture",3,245
-1.28734274659398,-1.66898714060603,-8.97220349203903,"mixture",3,246
-1.28734274659398,-1.66898714060603,-8.97220349203903,"mixture",3,247
-1.28734274659398,-1.66898714060603,-8.97220349203903,"mixture",3,248
-1.28734274659398,-1.66898714060603,-8.97220349203903,"mixture",3,249
-1.10429123836246,-1.44256651551477,-9.4039924650223,"mixture",3,250
-1.05110450374788,-1.33837334100219,-9.2736138175616,"mixture",3,251
-1.65094045836718,-1.48943799450582,-8.99405468778843,"mixture",3,252
-1.65094045836718,-1.48943799450582,-8.99405468778843,"mixture",3,253
-1.56898644040942,-1.4311177088104,-8.87565025198764,"mixture",3,254
-1.28302822589037,-1.43026471825371,-9.41339346752522,"mixture",3,255
-0.83286978272272,-1.38289571236311,-8.52068070375563,"mixture",3,256
-1.666690509422,-1.68523182551457,-8.88701574499368,"mixture",3,257
-1.666690509422,-1.68523182551457,-8.88701574499368,"mixture",3,258
-1.666690509422,-1.68523182551457,-8.88701574499368,"mixture",3,259
-1.666690509422,-1.68523182551457,-8.88701574499368,"mixture",3,260
-1.79976953070138,-1.61912447446538,-8.74742638419172,"mixture",3,261
-1.52103931622757,-1.50289781472732,-8.36098105411654,"mixture",3,262
-1.1677647604608,-1.33824924038746,-8.13472565122754,"mixture",3,263
-1.1677647604608,-1.33824924038746,-8.13472565122754,"mixture",3,264
-0.861600330187608,-1.22462652043389,-8.86312834288398,"mixture",3,265
-0.861600330187608,-1.22462652043389,-8.86312834288398,"mixture",3,266
-0.708825793777291,-1.26413085840933,-8.97952242328403,"mixture",3,267
-1.71835882645042,-1.79126979316621,-8.9966371658641,"mixture",3,268
-1.44011226139915,-1.78353604831476,-8.31148324325711,"mixture",3,269
-1.44011226139915,-1.78353604831476,-8.31148324325711,"mixture",3,270
-0.377756492719942,-1.35500007734924,-8.72894613510386,"mixture",3,271
-0.941562810944911,-1.65938526704555,-8.70211175539406,"mixture",3,272
-0.941562810944911,-1.65938526704555,-8.70211175539406,"mixture",3,273
-0.941562810944911,-1.65938526704555,-8.70211175539406,"mixture",3,274
-1.6123069995339,-1.59551843226605,-9.12133567497277,"mixture",3,275
-1.6123069995339,-1.59551843226605,-9.12133567497277,"mixture",3,276
-1.66122875494031,-1.57377409031731,-9.3623339337043,"mixture",3,277
-1.66122875494031,-1.57377409031731,-9.3623339337043,"mixture",3,278
-0.647498033226792,-1.33595683921808,-8.46606750957928,"mixture",3,279
-0.917248120328948,-1.66504861475195,-8.47965757161788,"mixture",3,280
-1.38071580233719,-1.80623155405515,-8.55118492467617,"mixture",3,281
-1.38071580233719,-1.80623155405515,-8.55118492467617,"mixture",3,282
-1.58303195732625,-1.67602327538938,-8.73432602025831,"mixture",3,283
-1.05636782153998,-1.37888966186941,-8.53999867535605,"mixture",3,284
-0.943942777690989,-1.40498913285152,-8.38456894493135,"mixture",3,285
-0.943942777690989,-1.40498913285152,-8.38456894493135,"mixture",3,286
-1.21411490809125,-1.66168870784974,-8.2397904006313,"mixture",3,287
-0.486164437069988,-1.40691151584435,-8.38248143298618,"mixture",3,288
-0.80901073155134,-1.68432778714779,-8.47462304489001,"mixture",3,289
-0.80901073155134,-1.68432778714779,-8.47462304489001,"mixture",3,290
-0.80901073155134,-1.68432778714779,-8.47462304489001,"mixture",3,291
-1.32021688941508,-1.58826869493044,-8.53135084664254,"mixture",3,292
-1.27994081397578,-1.65208358882291,-8.76033083103171,"mixture",3,293
-1.13825125356535,-1.37819466768389,-8.99731200538032,"mixture",3,294
-1.13825125356535,-1.37819466768389,-8.99731200538032,"mixture",3,295
-1.13825125356535,-1.37819466768389,-8.99731200538032,"mixture",3,296
-1.13825125356535,-1.37819466768389,-8.99731200538032,"mixture",3,297
-1.16351443791009,-1.45498317018521,-8.8401117710983,"mixture",3,298
-1.28463717873036,-1.51094623867829,-8.81224993812716,"mixture",3,299
-1.28463717873036,-1.51094623867829,-8.81224993812716,"mixture",3,300
-1.05922432500637,-1.55734874456929,-8.68754042884112,"mixture",3,301
-1.05922432500637,-1.55734874456929,-8.68754042884112,"mixture",3,302
-1.06981952873607,-1.58235903969932,-8.57573205801297,"mixture",3,303
-1.24442985463771,-1.61773908569106,-8.49478438295062,"mixture",3,304
-0.931418597649387,-1.5162170323134,-8.24725908267776,"mixture",3,305
-0.931418597649387,-1.5162170323134,-8.24725908267776,"mixture",3,306
-0.634066401705537,-1.3146328867446,-8.74372058202832,"mixture",3,307
-0.634066401705537,-1.3146328867446,-8.74372058202832,"mixture",3,308
-0.414801249759514,-1.18325291216297,-8.70213002740262,"mixture",3,309
-0.414801249759514,-1.18325291216297,-8.70213002740262,"mixture",3,310
-1.32810983158558,-1.50680543968138,-8.79317112366621,"mixture",3,311
-1.46570215453442,-1.4584183621806,-8.72513950036279,"mixture",3,312
-1.46570215453442,-1.4584183621806,-8.72513950036279,"mixture",3,313
-1.46570215453442,-1.4584183621806,-8.72513950036279,"mixture",3,314
-1.46570215453442,-1.4584183621806,-8.72513950036279,"mixture",3,315
-1.46570215453442,-1.4584183621806,-8.72513950036279,"mixture",3,316
-1.54106390821794,-1.51329098760795,-8.7764144881715,"mixture",3,317
-1.54106390821794,-1.51329098760795,-8.7764144881715,"mixture",3,318
-1.96561247723549,-1.58545812953569,-8.84304704693089,"mixture",3,319
-1.39133589228866,-1.29099549560705,-8.36272223208114,"mixture",3,320
-1.75985138325702,-1.46403093710803,-8.61460299452419,"mixture",3,321
-1.76182016245602,-1.78959630543372,-8.23124442006862,"mixture",3,322
-1.67654398133261,-1.80355755250378,-8.54263127054417,"mixture",3,323
-1.4820600966346,-1.65084056158754,-8.40092429283172,"mixture",3,324
-1.34604185004806,-1.66963662474046,-8.36224700355886,"mixture",3,325
-1.34604185004806,-1.66963662474046,-8.36224700355886,"mixture",3,326
-1.34604185004806,-1.66963662474046,-8.36224700355886,"mixture",3,327
-1.31204386357073,-1.5129877157059,-8.50129930591066,"mixture",3,328
-1.31204386357073,-1.5129877157059,-8.50129930591066,"mixture",3,329
-0.997627061414713,-1.38424657401568,-8.63971449586489,"mixture",3,330
-1.02092430305499,-1.37830114336601,-8.77704690354926,"mixture",3,331
-0.984346141080103,-1.28204895793907,-8.93785813895933,"mixture",3,332
-1.61164770210318,-1.56024145038711,-8.64115129344395,"mixture",3,333
-1.43019171320845,-1.58365280236612,-8.74979341928359,"mixture",3,334
-1.36433201305219,-1.45798366114105,-8.18534158623913,"mixture",3,335
-1.38595681580547,-1.41111442020023,-8.25139498639696,"mixture",3,336
-1.38595681580547,-1.41111442020023,-8.25139498639696,"mixture",3,337
-0.442843825156968,-1.11683746224709,-8.27872748606778,"mixture",3,338
-0.442843825156968,-1.11683746224709,-8.27872748606778,"mixture",3,339
-0.611303000647517,-1.6485440813993,-8.41934182278607,"mixture",3,340
-0.276199731529586,-1.29055297812652,-8.1279270242619,"mixture",3,341
-0.574515258878036,-1.23690602746308,-8.67630105028708,"mixture",3,342
-0.574515258878036,-1.23690602746308,-8.67630105028708,"mixture",3,343
-0.243959991654421,-1.15794731992313,-8.69877304469522,"mixture",3,344
-1.37443232332364,-1.58398106104088,-8.85472791096559,"mixture",3,345
-1.42913249568319,-1.47628606744366,-8.87757235054772,"mixture",3,346
-0.996260475076008,-1.37911115819055,-8.62578193180648,"mixture",3,347
-0.846473499546371,-1.44165857317056,-8.57926438326061,"mixture",3,348
-1.49788368740525,-1.38896415878118,-8.89243175213297,"mixture",3,349
-0.924889897633423,-1.41095871655534,-8.92050438776952,"mixture",3,350
-1.58453996304856,-1.6117179063711,-8.77629859857107,"mixture",3,351
-1.65961768686878,-1.48916081184157,-8.87919394537879,"mixture",3,352
-1.55206672862541,-1.67707537179354,-9.64856481044455,"mixture",3,353
-1.03524543984986,-1.32257921613927,-9.36945604580444,"mixture",3,354
-0.990320735391856,-1.16158961203476,-8.33772529148313,"mixture",3,355
-0.581008570291323,-1.33351025251495,-8.3016685782488,"mixture",3,356
-0.581008570291323,-1.33351025251495,-8.3016685782488,"mixture",3,357
-0.581008570291323,-1.33351025251495,-8.3016685782488,"mixture",3,358
-0.880713223291206,-1.56339135968674,-8.2871720125014,"mixture",3,359
-0.880713223291206,-1.56339135968674,-8.2871720125014,"mixture",3,360
-0.880713223291206,-1.56339135968674,-8.2871720125014,"mixture",3,361
-1.08447470125344,-1.61408283851002,-8.4219450114399,"mixture",3,362
-1.08447470125344,-1.61408283851002,-8.4219450114399,"mixture",3,363
-0.414565193794711,-1.24216214264185,-9.25912710214053,"mixture",3,364
-0.414565193794711,-1.24216214264185,-9.25912710214053,"mixture",3,365
-0.132197462300736,-0.996806933861615,-9.01726147897384,"mixture",3,366
-1.11568373906285,-1.47338010770622,-8.80507044504454,"mixture",3,367
-1.16310937290568,-1.48065959695628,-8.40397778680751,"mixture",3,368
-1.16310937290568,-1.48065959695628,-8.40397778680751,"mixture",3,369
-0.956113359825891,-1.62125370324485,-8.51673669004964,"mixture",3,370
-0.956113359825891,-1.62125370324485,-8.51673669004964,"mixture",3,371
-0.873150253658382,-1.42403700353004,-8.48347031002042,"mixture",3,372
-0.873150253658382,-1.42403700353004,-8.48347031002042,"mixture",3,373
-1.35168135367541,-1.4159913369248,-8.87106506276318,"mixture",3,374
-1.35168135367541,-1.4159913369248,-8.87106506276318,"mixture",3,375
-1.35168135367541,-1.4159913369248,-8.87106506276318,"mixture",3,376
-1.35168135367541,-1.4159913369248,-8.87106506276318,"mixture",3,377
-1.14329433294096,-1.09629777913241,-9.06148766166673,"mixture",3,378
-0.239917934815192,-0.741202032713768,-8.78804957860592,"mixture",3,379
-0.710981411706187,-1.11139334758257,-8.12780670881001,"mixture",3,380
-0.732987224967808,-1.52493138451691,-9.06626615297781,"mixture",3,381
-1.40676474717196,-1.56865412542635,-8.81676695083619,"mixture",3,382
-1.08828002904661,-1.5339170041846,-8.6298326246295,"mixture",3,383
-0.239710212811518,-1.14919324418953,-8.46831925352482,"mixture",3,384
-1.02379725457328,-1.34279668680685,-8.93520176724242,"mixture",3,385
-1.91533684704328,-1.61482294891866,-8.86315081697785,"mixture",3,386
-1.73569603341854,-1.91194578312983,-8.83269413702222,"mixture",3,387
-1.73569603341854,-1.91194578312983,-8.83269413702222,"mixture",3,388
-1.17403656697666,-1.52706848296308,-8.5026101418301,"mixture",3,389
-0.456943323801286,-1.15789711377634,-8.5934574049892,"mixture",3,390
-1.74532296500527,-1.33351693109789,-8.82935811740873,"mixture",3,391
-1.48138125122105,-1.45118600443426,-9.24342788875846,"mixture",3,392
-0.8049630431964,-1.46212592906943,-8.81892759745589,"mixture",3,393
-0.8049630431964,-1.46212592906943,-8.81892759745589,"mixture",3,394
-0.8049630431964,-1.46212592906943,-8.81892759745589,"mixture",3,395
-1.19630417259801,-1.65374720557589,-8.94842475542,"mixture",3,396
-1.58314584005475,-1.58501571848431,-9.01736585547302,"mixture",3,397
-1.58314584005475,-1.58501571848431,-9.01736585547302,"mixture",3,398
-1.56578895466667,-1.61591417009856,-8.80600816929706,"mixture",3,399
-1.59805195604023,-1.67089559143945,-8.5215943921195,"mixture",3,400
-1.8119475870294,-1.59137954123953,-8.89881772212392,"mixture",3,401
-1.16149288386789,-1.39706916744643,-8.92122733680213,"mixture",3,402
-1.16149288386789,-1.39706916744643,-8.92122733680213,"mixture",3,403
-1.16149288386789,-1.39706916744643,-8.92122733680213,"mixture",3,404
-0.741190631647605,-1.6532945793462,-8.35198970906764,"mixture",3,405
-1.80237374514902,-1.65859910458417,-9.05476563545602,"mixture",3,406
-1.80237374514902,-1.65859910458417,-9.05476563545602,"mixture",3,407
-0.93180468755652,-1.56919967719922,-9.00039880771065,"mixture",3,408
-0.93180468755652,-1.56919967719922,-9.00039880771065,"mixture",3,409
-1.32039762028636,-1.60102104798629,-9.12586678946804,"mixture",3,410
-1.32039762028636,-1.60102104798629,-9.12586678946804,"mixture",3,411
-1.32039762028636,-1.60102104798629,-9.12586678946804,"mixture",3,412
-1.32039762028636,-1.60102104798629,-9.12586678946804,"mixture",3,413
-1.32039762028636,-1.60102104798629,-9.12586678946804,"mixture",3,414
-1.32039762028636,-1.60102104798629,-9.12586678946804,"mixture",3,415
-1.53166141485054,-1.66554327210536,-8.81779338093163,"mixture",3,416
-1.53166141485054,-1.66554327210536,-8.81779338093163,"mixture",3,417
-1.53166141485054,-1.66554327210536,-8.81779338093163,"mixture",3,418
-0.938642648230376,-1.37014533109974,-8.79455867443279,"mixture",3,419
-0.938642648230376,-1.37014533109974,-8.79455867443279,"mixture",3,420
-0.938642648230376,-1.37014533109974,-8.79455867443279,"mixture",3,421
-1.20010702799108,-1.47854884323062,-8.88569314416105,"mixture",3,422
-1.46037780475932,-1.82419012486812,-8.64913716877804,"mixture",3,423
-1.48925263135512,-1.64172980083216,-9.0491186735157,"mixture",3,424
-1.48925263135512,-1.64172980083216,-9.0491186735157,"mixture",3,425
-1.48925263135512,-1.64172980083216,-9.0491186735157,"mixture",3,426
-1.84034105755522,-1.57657084949004,-8.56741009739286,"mixture",3,427
-0.904871356155312,-1.45347066470004,-8.72900907168455,"mixture",3,428
-0.904871356155312,-1.45347066470004,-8.72900907168455,"mixture",3,429
-0.904871356155312,-1.45347066470004,-8.72900907168455,"mixture",3,430
-0.904871356155312,-1.45347066470004,-8.72900907168455,"mixture",3,431
-0.904871356155312,-1.45347066470004,-8.72900907168455,"mixture",3,432
-0.904871356155312,-1.45347066470004,-8.72900907168455,"mixture",3,433
-0.904871356155312,-1.45347066470004,-8.72900907168455,"mixture",3,434
-1.18244713587972,-1.61794035242964,-8.59117550076413,"mixture",3,435
-1.18244713587972,-1.61794035242964,-8.59117550076413,"mixture",3,436
-1.18244713587972,-1.61794035242964,-8.59117550076413,"mixture",3,437
-1.18244713587972,-1.61794035242964,-8.59117550076413,"mixture",3,438
-1.18244713587972,-1.61794035242964,-8.59117550076413,"mixture",3,439
-1.18244713587972,-1.61794035242964,-8.59117550076413,"mixture",3,440
-1.18244713587972,-1.61794035242964,-8.59117550076413,"mixture",3,441
-1.18244713587972,-1.61794035242964,-8.59117550076413,"mixture",3,442
-0.215776353831953,-1.16578621774056,-8.75859448609658,"mixture",3,443
-0.4000417406608,-1.10450508471458,-8.74263816979278,"mixture",3,444
-0.934741711558671,-1.20240618237341,-8.66123244402299,"mixture",3,445
-1.32631092340606,-1.28361053502363,-8.48162391721862,"mixture",3,446
-1.32631092340606,-1.28361053502363,-8.48162391721862,"mixture",3,447
0.163808701177979,-0.78854983747351,-8.52969657536765,"mixture",3,448
0.163808701177979,-0.78854983747351,-8.52969657536765,"mixture",3,449
0.163808701177979,-0.78854983747351,-8.52969657536765,"mixture",3,450
0.163808701177979,-0.78854983747351,-8.52969657536765,"mixture",3,451
-0.344170399669753,-1.22665181813288,-8.49587392038794,"mixture",3,452
-0.344170399669753,-1.22665181813288,-8.49587392038794,"mixture",3,453
-0.344170399669753,-1.22665181813288,-8.49587392038794,"mixture",3,454
-1.40695608696779,-1.69331440591436,-9.26096513161868,"mixture",3,455
-0.510996901803679,-1.04191638339776,-9.29996020129093,"mixture",3,456
-0.0818819220286591,-1.1316186292328,-8.65259613935529,"mixture",3,457
-0.0818819220286591,-1.1316186292328,-8.65259613935529,"mixture",3,458
-0.0818819220286591,-1.1316186292328,-8.65259613935529,"mixture",3,459
-0.0818819220286591,-1.1316186292328,-8.65259613935529,"mixture",3,460
-0.0818819220286591,-1.1316186292328,-8.65259613935529,"mixture",3,461
-1.07313345044812,-1.5916313607815,-8.66651436166861,"mixture",3,462
-1.22920323958578,-1.56367265829436,-8.67385383244197,"mixture",3,463
-0.689306204943791,-1.27671754201351,-8.67485122096519,"mixture",3,464
-0.689306204943791,-1.27671754201351,-8.67485122096519,"mixture",3,465
-0.689306204943791,-1.27671754201351,-8.67485122096519,"mixture",3,466
-0.0972991258596189,-0.987519491893389,-8.7674462327778,"mixture",3,467
-0.955640699320072,-1.42727939662612,-8.61286003895298,"mixture",3,468
-1.32865897091439,-1.52850925614867,-8.39712696303008,"mixture",3,469
-1.56669215529829,-1.45957852640964,-8.66020569619208,"mixture",3,470
-1.56669215529829,-1.45957852640964,-8.66020569619208,"mixture",3,471
-0.242679537592106,-1.08098842180916,-8.87026230922317,"mixture",3,472
-0.615966838114787,-1.37099576971331,-8.23944723774203,"mixture",3,473
-1.4973038667305,-1.77247932165838,-8.95398904537902,"mixture",3,474
-1.4973038667305,-1.77247932165838,-8.95398904537902,"mixture",3,475
-0.200013118795861,-1.49406288425034,-8.46744219517519,"mixture",3,476
-0.0905003834966064,-1.04364141644134,-8.65992764963958,"mixture",3,477
-1.16969132293364,-1.57729530269761,-8.3778859093015,"mixture",3,478
-0.621195555846955,-1.4417362484629,-8.68512229836244,"mixture",3,479
-0.621195555846955,-1.4417362484629,-8.68512229836244,"mixture",3,480
-0.621195555846955,-1.4417362484629,-8.68512229836244,"mixture",3,481
-0.785650682993843,-1.70387995639079,-8.38417073648325,"mixture",3,482
-1.08857749977545,-1.72040883842599,-8.34493867556387,"mixture",3,483
-0.219134151431459,-0.953910234152236,-8.76487226666102,"mixture",3,484
-0.219134151431459,-0.953910234152236,-8.76487226666102,"mixture",3,485
-0.553793501790787,-0.970879835313545,-8.55119655881167,"mixture",3,486
-0.553793501790787,-0.970879835313545,-8.55119655881167,"mixture",3,487
-0.553793501790787,-0.970879835313545,-8.55119655881167,"mixture",3,488
-0.913647589968369,-1.48945267329015,-8.76814990385139,"mixture",3,489
-1.54276858312952,-1.58474408548596,-8.59532087064119,"mixture",3,490
-1.75007568395578,-1.80080961901186,-8.7669795107739,"mixture",3,491
-0.841424394180732,-1.4079750346786,-8.12799697197461,"mixture",3,492
-1.04605634848265,-1.40235896513735,-9.21607034286976,"mixture",3,493
-0.924182368884922,-1.17953300721317,-8.967006747064,"mixture",3,494
-0.0570530997840513,-0.936518319564347,-8.68286692998429,"mixture",3,495
-0.0570530997840513,-0.936518319564347,-8.68286692998429,"mixture",3,496
-0.561405951229774,-1.46814419144972,-8.67648355543879,"mixture",3,497
-0.727009822684837,-1.34551334114879,-8.83508812467697,"mixture",3,498
-0.727009822684837,-1.34551334114879,-8.83508812467697,"mixture",3,499
-1.37529641726842,-1.60512113002654,-9.22984581463953,"mixture",3,500
-1.299152301901,-1.64192745506598,-8.52572563763121,"mixture",3,501
-0.694822507395816,-1.27742596606841,-8.42526548901413,"mixture",3,502
-1.2614383083806,-1.4061046346283,-8.34166810822941,"mixture",3,503
-0.934823051679401,-1.20456781219383,-8.87003113233584,"mixture",3,504
-1.52322967597342,-1.33716278053312,-8.50306170170881,"mixture",3,505
-1.52322967597342,-1.33716278053312,-8.50306170170881,"mixture",3,506
-1.52322967597342,-1.33716278053312,-8.50306170170881,"mixture",3,507
-1.21016782166588,-1.61308703697564,-8.4676616668354,"mixture",3,508
-1.21016782166588,-1.61308703697564,-8.4676616668354,"mixture",3,509
-1.21016782166588,-1.61308703697564,-8.4676616668354,"mixture",3,510
-1.26912523149189,-1.67635962113383,-8.67006589299822,"mixture",3,511
-1.44293633995771,-1.69203605951673,-8.64698846724177,"mixture",3,512
-1.44293633995771,-1.69203605951673,-8.64698846724177,"mixture",3,513
-1.58775977660797,-1.66825409210047,-8.78159778496694,"mixture",3,514
-1.58775977660797,-1.66825409210047,-8.78159778496694,"mixture",3,515
-1.58775977660797,-1.66825409210047,-8.78159778496694,"mixture",3,516
-1.561856242133,-1.54854991523952,-8.91969920705241,"mixture",3,517
-1.26957664971352,-1.53993264032544,-7.88898882260752,"mixture",3,518
-1.05732741096852,-1.13544262593046,-8.35633958702893,"mixture",3,519
-1.07023066309951,-1.1579596656425,-8.34447880440991,"mixture",3,520
-1.06150788259422,-1.42668257100682,-8.26890538718963,"mixture",3,521
-1.06150788259422,-1.42668257100682,-8.26890538718963,"mixture",3,522
-1.06150788259422,-1.42668257100682,-8.26890538718963,"mixture",3,523
-0.393793488449025,-1.26025339963721,-8.94492822843296,"mixture",3,524
-0.864322669124811,-1.56743309908148,-8.7999466081784,"mixture",3,525
-1.43192799440922,-1.52825767482471,-8.70699633636771,"mixture",3,526
-0.675699273921488,-1.29875845041559,-8.87574826398738,"mixture",3,527
-1.54394164963148,-1.64406069701674,-8.398823733223,"mixture",3,528
-0.45595412868295,-1.08987051264215,-8.8729302282508,"mixture",3,529
-0.476489787807342,-1.30120976122937,-8.31399765391614,"mixture",3,530
-0.476489787807342,-1.30120976122937,-8.31399765391614,"mixture",3,531
-0.476489787807342,-1.30120976122937,-8.31399765391614,"mixture",3,532
-0.871213737501885,-1.37776177556049,-8.57234692739607,"mixture",3,533
-0.854650018343537,-1.58444171773624,-8.55083093502472,"mixture",3,534
-0.854650018343537,-1.58444171773624,-8.55083093502472,"mixture",3,535
-1.36267054545,-1.70568422892252,-8.42685009682281,"mixture",3,536
-1.14124087481805,-1.59849746974068,-8.23659751244093,"mixture",3,537
-1.14124087481805,-1.59849746974068,-8.23659751244093,"mixture",3,538
-1.28531064249687,-1.64655079166551,-8.49563129024362,"mixture",3,539
-0.740224198540886,-1.07671298689508,-8.77190618756611,"mixture",3,540
-0.740224198540886,-1.07671298689508,-8.77190618756611,"mixture",3,541
-0.697365157090803,-1.07093341121315,-9.06085351956701,"mixture",3,542
-0.115828230120655,-1.07105415935802,-8.37356572501728,"mixture",3,543
-0.565750629385481,-1.24210800825845,-9.26156145758773,"mixture",3,544
-0.439779969851817,-1.31646245180041,-8.63106379965331,"mixture",3,545
-1.44104429141646,-1.68623449992718,-8.90343530906742,"mixture",3,546
-1.74010345369026,-1.68208473380335,-8.92545961411741,"mixture",3,547
-1.74010345369026,-1.68208473380335,-8.92545961411741,"mixture",3,548
-1.69797023952413,-1.44771270651487,-8.66378308946061,"mixture",3,549
-0.816009014071332,-1.45605508022831,-8.97576361803075,"mixture",3,550
-1.34133325580743,-1.64144413848574,-8.784284476617,"mixture",3,551
-1.34133325580743,-1.64144413848574,-8.784284476617,"mixture",3,552
-1.34133325580743,-1.64144413848574,-8.784284476617,"mixture",3,553
-1.34133325580743,-1.64144413848574,-8.784284476617,"mixture",3,554
-0.606517414792479,-1.29768156961828,-8.67587245725331,"mixture",3,555
-0.659581568424112,-1.43457367319641,-8.69897272473497,"mixture",3,556
-0.73574169323327,-1.39137280163512,-8.85776216126191,"mixture",3,557
-1.63238866782787,-1.41360881390596,-8.58771330558605,"mixture",3,558
-1.07442717958195,-1.2097379705382,-8.78628435283223,"mixture",3,559
-1.07442717958195,-1.2097379705382,-8.78628435283223,"mixture",3,560
-1.07442717958195,-1.2097379705382,-8.78628435283223,"mixture",3,561
-0.549345185277448,-1.29718519032142,-8.25941779966231,"mixture",3,562
-1.69734877956247,-1.61853481890177,-8.59065070145279,"mixture",3,563
-1.65503160803067,-1.80074318364871,-8.88819736774986,"mixture",3,564
-1.65503160803067,-1.80074318364871,-8.88819736774986,"mixture",3,565
-1.15995270529531,-1.55246998669852,-8.52471888937925,"mixture",3,566
-1.15995270529531,-1.55246998669852,-8.52471888937925,"mixture",3,567
-0.601595483587256,-1.26660227169384,-8.76558302702101,"mixture",3,568
-1.2868304966316,-1.41030312201167,-8.70886506499186,"mixture",3,569
-0.776233056096738,-1.62142359138021,-8.69464664527098,"mixture",3,570
-1.51798058860171,-1.50760734881769,-8.83771371540616,"mixture",3,571
-1.53368598037999,-1.70829623701356,-8.57461757433652,"mixture",3,572
-1.24130108071089,-1.62381226342606,-8.15238583354374,"mixture",3,573
-1.29216713699642,-1.53706974944527,-9.13303523585092,"mixture",3,574
-0.221005980211913,-1.16931266878814,-9.04686320492255,"mixture",3,575
-0.221005980211913,-1.16931266878814,-9.04686320492255,"mixture",3,576
-1.39442145253543,-1.60723531277846,-8.65444989142523,"mixture",3,577
-1.39442145253543,-1.60723531277846,-8.65444989142523,"mixture",3,578
-0.215343952935972,-1.15863988032642,-8.41001417831489,"mixture",3,579
-1.03827985144507,-1.65637040991951,-8.44318637265974,"mixture",3,580
-1.03827985144507,-1.65637040991951,-8.44318637265974,"mixture",3,581
-1.03827985144507,-1.65637040991951,-8.44318637265974,"mixture",3,582
-1.03827985144507,-1.65637040991951,-8.44318637265974,"mixture",3,583
-0.549734441012636,-1.29251256964599,-9.04106292812882,"mixture",3,584
-0.873425840293484,-1.50442961397649,-8.78131554862933,"mixture",3,585
-1.06217296816543,-1.61994825248119,-8.8246437823007,"mixture",3,586
-1.34616324452813,-1.60995921263126,-8.64777567003496,"mixture",3,587
-1.34616324452813,-1.60995921263126,-8.64777567003496,"mixture",3,588
-1.34616324452813,-1.60995921263126,-8.64777567003496,"mixture",3,589
0.0499185200177697,-1.20967292309947,-8.70588200794082,"mixture",3,590
0.0499185200177697,-1.20967292309947,-8.70588200794082,"mixture",3,591
0.0499185200177697,-1.20967292309947,-8.70588200794082,"mixture",3,592
-0.836067377047655,-1.04389713983205,-9.19840061701147,"mixture",3,593
-1.56788961878668,-1.38780056201453,-8.71032657788841,"mixture",3,594
-1.56788961878668,-1.38780056201453,-8.71032657788841,"mixture",3,595
-0.876051867344018,-1.41763786970148,-8.46426278734269,"mixture",3,596
-1.16024669781243,-1.44807621183409,-9.11481770879655,"mixture",3,597
-1.20957318017511,-1.46222582435593,-9.09386547839664,"mixture",3,598
-1.20957318017511,-1.46222582435593,-9.09386547839664,"mixture",3,599
-1.36290829669677,-1.55320660968619,-8.39544002033964,"mixture",3,600
-1.36290829669677,-1.55320660968619,-8.39544002033964,"mixture",3,601
-0.994135272402515,-1.24654064333465,-8.91570472336222,"mixture",3,602
-1.77792256880367,-1.66263772781598,-8.79815256995998,"mixture",3,603
-1.77792256880367,-1.66263772781598,-8.79815256995998,"mixture",3,604
-1.77792256880367,-1.66263772781598,-8.79815256995998,"mixture",3,605
-1.77792256880367,-1.66263772781598,-8.79815256995998,"mixture",3,606
-1.63263349735141,-1.66336711712477,-8.58773169527944,"mixture",3,607
-1.63263349735141,-1.66336711712477,-8.58773169527944,"mixture",3,608
-0.9302369258632,-1.23640673502069,-8.359863698726,"mixture",3,609
-1.49868102626156,-1.5370797497548,-8.3857875131651,"mixture",3,610
-0.787048262838607,-1.39868776044375,-8.44339393055129,"mixture",3,611
-0.787048262838607,-1.39868776044375,-8.44339393055129,"mixture",3,612
-0.940270102829198,-1.35452532021649,-8.76847678245665,"mixture",3,613
-0.940270102829198,-1.35452532021649,-8.76847678245665,"mixture",3,614
-0.940270102829198,-1.35452532021649,-8.76847678245665,"mixture",3,615
-0.940270102829198,-1.35452532021649,-8.76847678245665,"mixture",3,616
-1.51837770068484,-1.60568676127752,-9.01181928645258,"mixture",3,617
-1.67794976802262,-1.82166739251848,-8.5599784270646,"mixture",3,618
-0.811484275496721,-1.20906811948793,-8.71904935542739,"mixture",3,619
-0.65940942622059,-1.54047771431574,-8.35031160539113,"mixture",3,620
-0.65940942622059,-1.54047771431574,-8.35031160539113,"mixture",3,621
-0.662274928162049,-1.14158988358587,-9.17898069256206,"mixture",3,622
-0.631600599344892,-1.14059749247625,-8.85691119039985,"mixture",3,623
-0.631600599344892,-1.14059749247625,-8.85691119039985,"mixture",3,624
-1.70049205128478,-1.81744459664776,-8.51882949016088,"mixture",3,625
-0.938857869887054,-1.35518759278833,-8.99686519949924,"mixture",3,626
-0.627055583436207,-1.56119518116925,-9.18726594458833,"mixture",3,627
-0.422680400974718,-1.67144051043676,-8.32719117861291,"mixture",3,628
-0.0853978493732768,-1.29610316038238,-8.85244967909858,"mixture",3,629
-0.0853978493732768,-1.29610316038238,-8.85244967909858,"mixture",3,630
-0.877019736275528,-1.56888580432807,-8.18418406541775,"mixture",3,631
-0.177188663786343,-1.32683628668475,-8.74011091546963,"mixture",3,632
-0.177188663786343,-1.32683628668475,-8.74011091546963,"mixture",3,633
-0.244043100733673,-1.20769284976938,-8.71801547325006,"mixture",3,634
-0.0101368370588342,-0.925111590157274,-8.4782139285557,"mixture",3,635
-0.567497100091092,-1.24094514691048,-8.34983185105201,"mixture",3,636
-0.567497100091092,-1.24094514691048,-8.34983185105201,"mixture",3,637
-0.904495660524161,-1.32204258446969,-8.41371861437779,"mixture",3,638
-0.810986466811639,-1.10754968997445,-8.66042480083629,"mixture",3,639
-0.810986466811639,-1.10754968997445,-8.66042480083629,"mixture",3,640
-1.26244161113463,-1.75175913983817,-8.40118684140024,"mixture",3,641
-1.20254964177793,-1.44504052240168,-8.70432524271216,"mixture",3,642
-1.51350710462087,-1.48457827055791,-8.94112776881194,"mixture",3,643
-0.448979205029233,-1.02530054767789,-8.81264394637218,"mixture",3,644
-0.506213701281947,-0.950423336393292,-8.50247204810123,"mixture",3,645
-0.449022189836782,-1.21330453668978,-8.58588662896676,"mixture",3,646
-0.449022189836782,-1.21330453668978,-8.58588662896676,"mixture",3,647
-0.449022189836782,-1.21330453668978,-8.58588662896676,"mixture",3,648
-0.449022189836782,-1.21330453668978,-8.58588662896676,"mixture",3,649
-0.449022189836782,-1.21330453668978,-8.58588662896676,"mixture",3,650
-0.449022189836782,-1.21330453668978,-8.58588662896676,"mixture",3,651
-0.449022189836782,-1.21330453668978,-8.58588662896676,"mixture",3,652
-0.449022189836782,-1.21330453668978,-8.58588662896676,"mixture",3,653
-1.37588891822133,-1.66729425500972,-8.62652518582317,"mixture",3,654
-0.864615491954961,-1.43486035213462,-8.69156912868187,"mixture",3,655
-0.545906810151407,-0.998833598247565,-8.81008453908559,"mixture",3,656
0.156487288543991,-0.757473302953862,-8.66797613548843,"mixture",3,657
-0.148920169824658,-1.27124667707874,-8.33597728861222,"mixture",3,658
-0.148920169824658,-1.27124667707874,-8.33597728861222,"mixture",3,659
-0.641623311103942,-1.26796776732155,-8.48155765716373,"mixture",3,660
-0.641623311103942,-1.26796776732155,-8.48155765716373,"mixture",3,661
-0.644425152397475,-1.19673597514617,-8.94949255428146,"mixture",3,662
-1.03297473303256,-1.44744338331767,-9.0561063319597,"mixture",3,663
-1.03297473303256,-1.44744338331767,-9.0561063319597,"mixture",3,664
-0.935361232598391,-1.37962846390942,-8.98284349880914,"mixture",3,665
-0.560378065875572,-1.24583130217428,-8.91735162025048,"mixture",3,666
-1.65970061593497,-1.62912189660099,-8.73132964828433,"mixture",3,667
-1.65970061593497,-1.62912189660099,-8.73132964828433,"mixture",3,668
-0.531140825314946,-1.27832167474218,-8.71863106864391,"mixture",3,669
-0.531140825314946,-1.27832167474218,-8.71863106864391,"mixture",3,670
-1.31696339377834,-1.49422155260203,-8.63272904664425,"mixture",3,671
-1.31696339377834,-1.49422155260203,-8.63272904664425,"mixture",3,672
-1.31696339377834,-1.49422155260203,-8.63272904664425,"mixture",3,673
-1.02012525497046,-1.59388577894154,-8.78422563430592,"mixture",3,674
-0.998511002926887,-1.46157337280887,-8.90090031389033,"mixture",3,675
-1.02838796499612,-1.58891342033578,-8.6024897088055,"mixture",3,676
-1.02838796499612,-1.58891342033578,-8.6024897088055,"mixture",3,677
-1.02838796499612,-1.58891342033578,-8.6024897088055,"mixture",3,678
-1.02838796499612,-1.58891342033578,-8.6024897088055,"mixture",3,679
-1.39373155459285,-1.64054415586766,-8.33789594755105,"mixture",3,680
-1.14124910185999,-1.81035813102253,-8.29172890379405,"mixture",3,681
-1.14124910185999,-1.81035813102253,-8.29172890379405,"mixture",3,682
-1.14124910185999,-1.81035813102253,-8.29172890379405,"mixture",3,683
-0.906761909818521,-1.48749042839213,-8.87280536864314,"mixture",3,684
-0.906761909818521,-1.48749042839213,-8.87280536864314,"mixture",3,685
-0.906761909818521,-1.48749042839213,-8.87280536864314,"mixture",3,686
-0.875743828109579,-1.40591207975168,-9.06685009856322,"mixture",3,687
-0.875743828109579,-1.40591207975168,-9.06685009856322,"mixture",3,688
-0.799029226530221,-1.56943144041174,-8.80003277659524,"mixture",3,689
-0.221530708677765,-1.24904743934361,-8.8286962018276,"mixture",3,690
-0.221530708677765,-1.24904743934361,-8.8286962018276,"mixture",3,691
-0.221530708677765,-1.24904743934361,-8.8286962018276,"mixture",3,692
-1.01950212175862,-1.54214420762973,-8.47200156936553,"mixture",3,693
-1.01950212175862,-1.54214420762973,-8.47200156936553,"mixture",3,694
-1.01950212175862,-1.54214420762973,-8.47200156936553,"mixture",3,695
-1.01950212175862,-1.54214420762973,-8.47200156936553,"mixture",3,696
-1.01950212175862,-1.54214420762973,-8.47200156936553,"mixture",3,697
-1.01950212175862,-1.54214420762973,-8.47200156936553,"mixture",3,698
-1.67825788393253,-1.78496240771739,-9.13541243728304,"mixture",3,699
-1.49619358414381,-1.94464754172752,-8.37553007961855,"mixture",3,700
-0.866528065596806,-1.50237192024926,-8.60971724183431,"mixture",4,1
-0.866528065596806,-1.50237192024926,-8.60971724183431,"mixture",4,2
-0.866528065596806,-1.50237192024926,-8.60971724183431,"mixture",4,3
-0.746551979712798,-1.44724798340301,-8.41492916080348,"mixture",4,4
-0.746551979712798,-1.44724798340301,-8.41492916080348,"mixture",4,5
-0.660433820539536,-1.13480722017872,-8.7708615145002,"mixture",4,6
-1.14512230483347,-1.29110541716499,-8.84962062205443,"mixture",4,7
-1.14512230483347,-1.29110541716499,-8.84962062205443,"mixture",4,8
-0.615206597506899,-1.41608806427013,-8.68364762542529,"mixture",4,9
-0.0502595166302026,-0.973278319805565,-8.45959224821818,"mixture",4,10
-0.0502595166302026,-0.973278319805565,-8.45959224821818,"mixture",4,11
-1.07800731733157,-1.47987810377888,-8.4301016219774,"mixture",4,12
-0.710200137496477,-1.36597554557035,-8.24365781147292,"mixture",4,13
-0.00816246583509461,-1.16212973332397,-8.65347747491027,"mixture",4,14
-0.523435800939024,-1.38160557159513,-8.70423158998404,"mixture",4,15
-1.25957451271811,-1.62152068270652,-8.39081234070565,"mixture",4,16
-1.25957451271811,-1.62152068270652,-8.39081234070565,"mixture",4,17
-1.57739056268243,-1.58907602397102,-8.74489264392193,"mixture",4,18
-0.940290716528404,-1.59475971550764,-8.43431769290157,"mixture",4,19
-0.940290716528404,-1.59475971550764,-8.43431769290157,"mixture",4,20
-0.940290716528404,-1.59475971550764,-8.43431769290157,"mixture",4,21
-0.940290716528404,-1.59475971550764,-8.43431769290157,"mixture",4,22
-0.67287077042457,-1.30172365503648,-8.63841818456518,"mixture",4,23
-0.67287077042457,-1.30172365503648,-8.63841818456518,"mixture",4,24
-0.67287077042457,-1.30172365503648,-8.63841818456518,"mixture",4,25
-0.67287077042457,-1.30172365503648,-8.63841818456518,"mixture",4,26
-1.24258902805944,-1.66240489619198,-8.55213030815562,"mixture",4,27
-1.24258902805944,-1.66240489619198,-8.55213030815562,"mixture",4,28
-1.24258902805944,-1.66240489619198,-8.55213030815562,"mixture",4,29
-0.171932065310885,-1.28022855145441,-8.84251265581861,"mixture",4,30
-0.293393436074777,-1.12754363391694,-8.60535214777486,"mixture",4,31
-0.653689690697218,-1.34452727807491,-9.11070950485201,"mixture",4,32
-1.56463048991425,-1.76398779857744,-8.72865288185589,"mixture",4,33
-1.30178705964405,-1.37650863047602,-8.57080711468191,"mixture",4,34
-1.24576030218826,-1.48607280942316,-8.77216593813727,"mixture",4,35
-1.46236267565398,-1.58383739973941,-9.02800468008204,"mixture",4,36
-1.41795942722257,-1.41327975382196,-9.09339753658577,"mixture",4,37
-0.899390884184117,-1.41460766705259,-9.21057178027451,"mixture",4,38
-0.931713570650436,-1.58166624521672,-8.95641793292966,"mixture",4,39
-0.507705577831774,-1.45368353044167,-8.4945831976186,"mixture",4,40
-0.507705577831774,-1.45368353044167,-8.4945831976186,"mixture",4,41
-0.983156440826916,-1.55701367152076,-8.67231092051227,"mixture",4,42
-0.983156440826916,-1.55701367152076,-8.67231092051227,"mixture",4,43
-0.983156440826916,-1.55701367152076,-8.67231092051227,"mixture",4,44
-0.983156440826916,-1.55701367152076,-8.67231092051227,"mixture",4,45
-0.983156440826916,-1.55701367152076,-8.67231092051227,"mixture",4,46
-0.983156440826916,-1.55701367152076,-8.67231092051227,"mixture",4,47
-0.983156440826916,-1.55701367152076,-8.67231092051227,"mixture",4,48
-0.983156440826916,-1.55701367152076,-8.67231092051227,"mixture",4,49
-0.983156440826916,-1.55701367152076,-8.67231092051227,"mixture",4,50
-0.983156440826916,-1.55701367152076,-8.67231092051227,"mixture",4,51
-0.983156440826916,-1.55701367152076,-8.67231092051227,"mixture",4,52
-1.10370129840708,-1.44636641622694,-8.84764339568372,"mixture",4,53
-1.10370129840708,-1.44636641622694,-8.84764339568372,"mixture",4,54
-0.65082570329473,-1.34917796865054,-8.77313917425093,"mixture",4,55
-0.65082570329473,-1.34917796865054,-8.77313917425093,"mixture",4,56
-0.419364098228537,-1.25570554322793,-8.64881965155094,"mixture",4,57
-0.419364098228537,-1.25570554322793,-8.64881965155094,"mixture",4,58
-0.419364098228537,-1.25570554322793,-8.64881965155094,"mixture",4,59
-1.57602623367138,-1.72772942906321,-9.02403484114356,"mixture",4,60
-1.57602623367138,-1.72772942906321,-9.02403484114356,"mixture",4,61
-1.21368185228725,-1.73521978634778,-8.57673023419091,"mixture",4,62
-1.21368185228725,-1.73521978634778,-8.57673023419091,"mixture",4,63
-1.21368185228725,-1.73521978634778,-8.57673023419091,"mixture",4,64
-0.506976293055519,-1.32340688703448,-8.2987814777585,"mixture",4,65
-0.540528782119318,-1.43832058287957,-8.66852267795864,"mixture",4,66
-0.540528782119318,-1.43832058287957,-8.66852267795864,"mixture",4,67
-1.12822958264457,-1.455487745722,-8.71922216315816,"mixture",4,68
-0.611696815483877,-1.20882258850978,-8.85302602243593,"mixture",4,69
-1.01526150865031,-1.68107835937572,-8.32359719201919,"mixture",4,70
-1.41061184274468,-1.71679648412275,-8.41504787455987,"mixture",4,71
-1.41061184274468,-1.71679648412275,-8.41504787455987,"mixture",4,72
-0.631507904428071,-1.42857020257535,-8.80482731548513,"mixture",4,73
-0.471562088847958,-1.42937278536028,-8.61994958495003,"mixture",4,74
-0.471562088847958,-1.42937278536028,-8.61994958495003,"mixture",4,75
-0.434876076929553,-1.22133669928815,-9.06094989567488,"mixture",4,76
-0.907468136748342,-1.40569258755385,-8.70790207614726,"mixture",4,77
-0.907468136748342,-1.40569258755385,-8.70790207614726,"mixture",4,78
-0.907468136748342,-1.40569258755385,-8.70790207614726,"mixture",4,79
-1.21202547804283,-1.44800540427991,-9.15237871129252,"mixture",4,80
-1.61802168911917,-1.61598738088602,-8.44471738241729,"mixture",4,81
-1.05781039983814,-1.61027321611789,-8.92106683360302,"mixture",4,82
-0.770955142263342,-1.4476346822681,-8.87237384788007,"mixture",4,83
-0.770955142263342,-1.4476346822681,-8.87237384788007,"mixture",4,84
-1.04017416502136,-1.39388570201359,-8.7196455837298,"mixture",4,85
-1.10412280564338,-1.41044834348839,-8.43548587225725,"mixture",4,86
-0.984346478572019,-1.38210321430089,-9.03341863309775,"mixture",4,87
-1.08060346716855,-1.69042696863982,-8.72532779427683,"mixture",4,88
-0.546063233037552,-1.39902404589166,-8.82650597246924,"mixture",4,89
-1.48788388288041,-1.67449228075149,-8.66404811007011,"mixture",4,90
-1.57087046265208,-1.45982534860287,-8.7422975409172,"mixture",4,91
-1.57087046265208,-1.45982534860287,-8.7422975409172,"mixture",4,92
-0.389347476378785,-1.1566553493377,-8.58300327342178,"mixture",4,93
-0.389347476378785,-1.1566553493377,-8.58300327342178,"mixture",4,94
-0.389347476378785,-1.1566553493377,-8.58300327342178,"mixture",4,95
-0.389347476378785,-1.1566553493377,-8.58300327342178,"mixture",4,96
-0.21559643602785,-1.02448398675923,-8.61048293524044,"mixture",4,97
-0.0687580697016893,-1.10907651555339,-8.71227670856569,"mixture",4,98
-0.678228630518433,-1.45547435561002,-8.34962984223273,"mixture",4,99
-1.26748062806849,-1.45589365453899,-8.80528654559174,"mixture",4,100
-0.650511863415312,-1.48698003726365,-8.66222668322134,"mixture",4,101
-0.127032049866466,-1.30479165497369,-8.87780367410887,"mixture",4,102
-1.12597355417383,-1.35228353792934,-9.11841224896519,"mixture",4,103
-1.12597355417383,-1.35228353792934,-9.11841224896519,"mixture",4,104
-1.12597355417383,-1.35228353792934,-9.11841224896519,"mixture",4,105
-1.12597355417383,-1.35228353792934,-9.11841224896519,"mixture",4,106
-1.45606126466391,-1.54132838303616,-8.58003968594815,"mixture",4,107
-1.45606126466391,-1.54132838303616,-8.58003968594815,"mixture",4,108
-1.53985275622933,-1.57738269426233,-9.05273720242162,"mixture",4,109
-0.301590682734166,-1.23673225188281,-8.59637520791335,"mixture",4,110
-0.301590682734166,-1.23673225188281,-8.59637520791335,"mixture",4,111
-1.24298678181757,-1.61842591609115,-8.75210723851207,"mixture",4,112
-1.24298678181757,-1.61842591609115,-8.75210723851207,"mixture",4,113
-1.24298678181757,-1.61842591609115,-8.75210723851207,"mixture",4,114
-1.66038774468069,-1.62989620618515,-9.18570284746935,"mixture",4,115
-1.13260697161694,-1.62287826257337,-8.79288857281916,"mixture",4,116
-1.13260697161694,-1.62287826257337,-8.79288857281916,"mixture",4,117
-1.53272226017761,-1.7732406766315,-8.93015992107816,"mixture",4,118
-1.53272226017761,-1.7732406766315,-8.93015992107816,"mixture",4,119
-1.53272226017761,-1.7732406766315,-8.93015992107816,"mixture",4,120
-1.53272226017761,-1.7732406766315,-8.93015992107816,"mixture",4,121
-1.53272226017761,-1.7732406766315,-8.93015992107816,"mixture",4,122
-0.828320107915887,-1.28996445447291,-8.63746710263724,"mixture",4,123
-0.684686451709517,-1.51291534834072,-8.80136259297487,"mixture",4,124
-0.326911559140849,-1.1818754273389,-8.59607238588625,"mixture",4,125
-0.326911559140849,-1.1818754273389,-8.59607238588625,"mixture",4,126
-0.413177941291336,-1.40100819743799,-8.62005390059232,"mixture",4,127
-0.413177941291336,-1.40100819743799,-8.62005390059232,"mixture",4,128
-1.45525190667582,-1.58598408807672,-9.0109516171821,"mixture",4,129
-1.45525190667582,-1.58598408807672,-9.0109516171821,"mixture",4,130
-1.45525190667582,-1.58598408807672,-9.0109516171821,"mixture",4,131
-1.45525190667582,-1.58598408807672,-9.0109516171821,"mixture",4,132
-1.00271250397892,-1.38735261214686,-8.48997983718771,"mixture",4,133
-0.821494403436412,-1.21338458119903,-8.95378663549159,"mixture",4,134
-0.649669042993468,-1.25571859810285,-8.73090984594105,"mixture",4,135
-0.906642396737563,-1.30778287092133,-8.86022986708962,"mixture",4,136
-0.906642396737563,-1.30778287092133,-8.86022986708962,"mixture",4,137
-1.66977557636962,-1.57411903590306,-9.07908989882054,"mixture",4,138
-1.66977557636962,-1.57411903590306,-9.07908989882054,"mixture",4,139
-1.66977557636962,-1.57411903590306,-9.07908989882054,"mixture",4,140
-1.92408763433289,-1.7523701389402,-8.74157624788032,"mixture",4,141
-1.92408763433289,-1.7523701389402,-8.74157624788032,"mixture",4,142
-1.92408763433289,-1.7523701389402,-8.74157624788032,"mixture",4,143
-0.73842609207448,-1.24850196419717,-9.11998897844307,"mixture",4,144
-0.152648645336865,-1.34342579880023,-8.14787299340186,"mixture",4,145
-0.152648645336865,-1.34342579880023,-8.14787299340186,"mixture",4,146
-1.38407104403605,-1.75227878979398,-8.36604938812713,"mixture",4,147
-1.38407104403605,-1.75227878979398,-8.36604938812713,"mixture",4,148
-1.40234336164834,-1.82631803294915,-8.88097934421781,"mixture",4,149
-1.40234336164834,-1.82631803294915,-8.88097934421781,"mixture",4,150
-1.40234336164834,-1.82631803294915,-8.88097934421781,"mixture",4,151
-1.29592273113723,-1.83290924002604,-9.11923717677456,"mixture",4,152
-0.358297756017703,-1.18590372789326,-8.99002694994853,"mixture",4,153
-0.637760021796902,-1.17879625348253,-8.93403401248228,"mixture",4,154
-0.637760021796902,-1.17879625348253,-8.93403401248228,"mixture",4,155
-0.637760021796902,-1.17879625348253,-8.93403401248228,"mixture",4,156
-0.637760021796902,-1.17879625348253,-8.93403401248228,"mixture",4,157
-0.55663142609831,-1.12829541156826,-9.17437441273311,"mixture",4,158
-1.04411810866017,-1.54448695955315,-9.00588480316564,"mixture",4,159
-1.04411810866017,-1.54448695955315,-9.00588480316564,"mixture",4,160
-1.07834860698123,-1.35450071190302,-9.31650831184596,"mixture",4,161
-1.07834860698123,-1.35450071190302,-9.31650831184596,"mixture",4,162
-0.785244750926712,-1.27670488410986,-8.69930466935507,"mixture",4,163
-0.785244750926712,-1.27670488410986,-8.69930466935507,"mixture",4,164
-0.106909322683159,-1.15613771888223,-8.3631949452747,"mixture",4,165
-0.159272044353689,-1.28947876671363,-8.61246642836278,"mixture",4,166
-0.159272044353689,-1.28947876671363,-8.61246642836278,"mixture",4,167
-0.159272044353689,-1.28947876671363,-8.61246642836278,"mixture",4,168
-0.699355523200836,-1.1415201906381,-8.91687296825902,"mixture",4,169
-0.699355523200836,-1.1415201906381,-8.91687296825902,"mixture",4,170
-0.414464940179681,-1.30614699336072,-8.16593488620645,"mixture",4,171
-0.764946573323249,-1.24786559006487,-8.41762087256718,"mixture",4,172
-0.902021211770733,-1.44867631840479,-8.34411340590712,"mixture",4,173
-1.61748652586319,-1.64091761216878,-8.96421323886399,"mixture",4,174
-1.09371804541288,-1.34491156587511,-8.59941707057177,"mixture",4,175
-0.276610001854137,-1.17295758382991,-8.48647141872542,"mixture",4,176
-0.692089627605064,-1.36842218632196,-8.50583306566402,"mixture",4,177
-0.869444296227938,-1.39656111523721,-8.4052539438391,"mixture",4,178
-0.869444296227938,-1.39656111523721,-8.4052539438391,"mixture",4,179
-0.869444296227938,-1.39656111523721,-8.4052539438391,"mixture",4,180
-1.30537474923262,-1.3693956259464,-8.81543272407235,"mixture",4,181
-1.30537474923262,-1.3693956259464,-8.81543272407235,"mixture",4,182
-1.30537474923262,-1.3693956259464,-8.81543272407235,"mixture",4,183
-0.343543713348346,-1.09250372119536,-9.03550770667961,"mixture",4,184
-0.891336144664463,-1.39039140061107,-8.99885066696957,"mixture",4,185
-0.891336144664463,-1.39039140061107,-8.99885066696957,"mixture",4,186
-0.891336144664463,-1.39039140061107,-8.99885066696957,"mixture",4,187
-1.31464104423492,-1.84533076945529,-8.77043435269222,"mixture",4,188
-1.28762988334518,-1.69095997151861,-9.05938579367748,"mixture",4,189
-0.0645670911810635,-1.01177006673299,-8.95297977698391,"mixture",4,190
-0.0645670911810635,-1.01177006673299,-8.95297977698391,"mixture",4,191
-0.959172647420011,-1.34963667569815,-9.30462145969137,"mixture",4,192
0.0547286044450559,-1.231715578237,-8.72653275949252,"mixture",4,193
-0.884144100694029,-1.48675990799777,-8.57793209122506,"mixture",4,194
-0.404162136943717,-1.49871210177366,-8.56215708158384,"mixture",4,195
-1.09899553721834,-1.44438238209589,-9.3458814949533,"mixture",4,196
-0.329295387482747,-1.31672498132619,-8.64674883319096,"mixture",4,197
-0.476984226327688,-1.46328660459407,-8.91665225975493,"mixture",4,198
0.170828721641766,-1.02332090812385,-8.88588534456084,"mixture",4,199
0.170828721641766,-1.02332090812385,-8.88588534456084,"mixture",4,200
-0.742209327600444,-1.35151811170525,-9.16792212527459,"mixture",4,201
-1.16809525301517,-1.61124194532831,-9.0890346941782,"mixture",4,202
-1.16809525301517,-1.61124194532831,-9.0890346941782,"mixture",4,203
-1.16809525301517,-1.61124194532831,-9.0890346941782,"mixture",4,204
-1.16809525301517,-1.61124194532831,-9.0890346941782,"mixture",4,205
-1.16809525301517,-1.61124194532831,-9.0890346941782,"mixture",4,206
-0.822399933931064,-1.41219178358703,-9.05158165524521,"mixture",4,207
-0.990874443022317,-1.44627968625372,-9.12709890989376,"mixture",4,208
-0.582006510122203,-1.27896036814692,-8.91807160644364,"mixture",4,209
-1.13693576560523,-1.36998930174371,-8.60050340537463,"mixture",4,210
-0.903929275170462,-1.13671173990457,-8.72021196728585,"mixture",4,211
-0.962925418671802,-1.53037659730821,-8.82531405534372,"mixture",4,212
-1.12994062519858,-1.82229364816946,-8.33328993451976,"mixture",4,213
-1.12994062519858,-1.82229364816946,-8.33328993451976,"mixture",4,214
-1.12994062519858,-1.82229364816946,-8.33328993451976,"mixture",4,215
-1.2781082817919,-1.54176006213431,-8.8807892444918,"mixture",4,216
-1.2781082817919,-1.54176006213431,-8.8807892444918,"mixture",4,217
-1.2781082817919,-1.54176006213431,-8.8807892444918,"mixture",4,218
-1.2781082817919,-1.54176006213431,-8.8807892444918,"mixture",4,219
-0.724577132197554,-1.15594256004817,-9.0986602944338,"mixture",4,220
-1.4703493010604,-1.73720492356239,-9.21618059872589,"mixture",4,221
-1.37711946711281,-1.82401047248819,-8.48103156000874,"mixture",4,222
-1.09771607233888,-1.70074869205901,-8.81049740903359,"mixture",4,223
-1.45392476851186,-1.69866567406075,-8.75236910190499,"mixture",4,224
-1.32825627599893,-1.58131549776153,-8.90709842531471,"mixture",4,225
-0.171368056293187,-1.15569108214443,-8.56419788398172,"mixture",4,226
-0.171368056293187,-1.15569108214443,-8.56419788398172,"mixture",4,227
-1.41564187138126,-1.81125083171095,-8.81900769442918,"mixture",4,228
-1.41564187138126,-1.81125083171095,-8.81900769442918,"mixture",4,229
-0.659903556512575,-1.47342106128925,-8.54070753966166,"mixture",4,230
-0.659903556512575,-1.47342106128925,-8.54070753966166,"mixture",4,231
-0.500189724299688,-1.38852409903189,-8.63785760411565,"mixture",4,232
-1.2052600244507,-1.62156975697533,-8.45776386735029,"mixture",4,233
-1.2052600244507,-1.62156975697533,-8.45776386735029,"mixture",4,234
-1.31890441135488,-1.64693591345301,-8.6561491958631,"mixture",4,235
-1.34848927207902,-1.74978061574228,-8.55885730094096,"mixture",4,236
-0.973169897437532,-1.49987997000103,-8.97108865204574,"mixture",4,237
-1.04554772287709,-1.56525353365897,-8.55438432121564,"mixture",4,238
-0.288566014080638,-1.13457720097171,-8.61722962400403,"mixture",4,239
-1.17934839368179,-1.37705356691909,-8.76919485426217,"mixture",4,240
-1.74230301650468,-1.49252483474569,-9.20690783875534,"mixture",4,241
-0.911024869363861,-1.37519174059261,-8.71216529463193,"mixture",4,242
-0.911024869363861,-1.37519174059261,-8.71216529463193,"mixture",4,243
-1.27612839362972,-1.56381403698776,-8.6353755160503,"mixture",4,244
-0.715955386335487,-1.3483933414073,-8.67365102859424,"mixture",4,245
-0.715955386335487,-1.3483933414073,-8.67365102859424,"mixture",4,246
-0.715955386335487,-1.3483933414073,-8.67365102859424,"mixture",4,247
-0.715955386335487,-1.3483933414073,-8.67365102859424,"mixture",4,248
-0.715955386335487,-1.3483933414073,-8.67365102859424,"mixture",4,249
-0.780988943408971,-1.58207227359294,-8.33736888793247,"mixture",4,250
-0.719906448739745,-1.45396697346245,-8.43304427743731,"mixture",4,251
-0.952130683211698,-1.6455513534166,-8.56225170265199,"mixture",4,252
-0.952130683211698,-1.6455513534166,-8.56225170265199,"mixture",4,253
-1.20950843400896,-1.55405926474968,-9.04194807651833,"mixture",4,254
-1.20950843400896,-1.55405926474968,-9.04194807651833,"mixture",4,255
-0.728094306763353,-1.3360070020713,-8.97922530088629,"mixture",4,256
-1.09311422740059,-1.56576157698719,-8.55300310159084,"mixture",4,257
-1.09311422740059,-1.56576157698719,-8.55300310159084,"mixture",4,258
-1.09311422740059,-1.56576157698719,-8.55300310159084,"mixture",4,259
-1.23176309941467,-1.56430529171821,-8.77615123116195,"mixture",4,260
-1.23176309941467,-1.56430529171821,-8.77615123116195,"mixture",4,261
-1.23176309941467,-1.56430529171821,-8.77615123116195,"mixture",4,262
-1.67260722504026,-1.74382934118249,-8.75168963919223,"mixture",4,263
-1.30529726646156,-1.57516492060722,-8.26528246320452,"mixture",4,264
-1.30529726646156,-1.57516492060722,-8.26528246320452,"mixture",4,265
-1.85550091362692,-1.7397675504819,-8.51844869343722,"mixture",4,266
-1.85550091362692,-1.7397675504819,-8.51844869343722,"mixture",4,267
-1.49593016978481,-1.51862257324572,-8.76453137601044,"mixture",4,268
-1.49593016978481,-1.51862257324572,-8.76453137601044,"mixture",4,269
-1.60954178306282,-1.53484972162715,-9.16632732531849,"mixture",4,270
-1.38936682768917,-1.5265881720686,-8.74048413698596,"mixture",4,271
-1.51088789419598,-1.80021714119271,-8.55515633553342,"mixture",4,272
-1.51088789419598,-1.80021714119271,-8.55515633553342,"mixture",4,273
-1.64353055773003,-1.91557500634262,-8.62432557827692,"mixture",4,274
-1.64353055773003,-1.91557500634262,-8.62432557827692,"mixture",4,275
-0.7071435490715,-1.2921240356726,-8.520252782795,"mixture",4,276
-0.837464732759745,-1.32858377208463,-8.22550332048201,"mixture",4,277
-1.43307504666534,-1.3286596890174,-9.15541564792613,"mixture",4,278
-0.908563521300756,-1.47117725172782,-8.79511286179464,"mixture",4,279
-1.2682299015902,-1.54190582650738,-8.88879440869363,"mixture",4,280
-1.2682299015902,-1.54190582650738,-8.88879440869363,"mixture",4,281
-1.2682299015902,-1.54190582650738,-8.88879440869363,"mixture",4,282
-1.2682299015902,-1.54190582650738,-8.88879440869363,"mixture",4,283
-1.2682299015902,-1.54190582650738,-8.88879440869363,"mixture",4,284
-1.2682299015902,-1.54190582650738,-8.88879440869363,"mixture",4,285
-0.910374420634699,-1.45882590574668,-9.08677400027278,"mixture",4,286
-0.436627717484821,-1.14711783995309,-8.93325732271149,"mixture",4,287
-0.892533439235622,-1.36382842957025,-9.19326260342547,"mixture",4,288
-1.70135073147735,-1.79816672768276,-8.8604096932729,"mixture",4,289
-1.70135073147735,-1.79816672768276,-8.8604096932729,"mixture",4,290
-0.708802652536427,-1.27999073200438,-8.55468603538869,"mixture",4,291
-0.447212462865623,-1.29808604580772,-8.24442603881938,"mixture",4,292
-1.16708816915407,-1.25630751549858,-8.60989023825047,"mixture",4,293
-0.601753415616904,-1.40947442855521,-8.75980430345885,"mixture",4,294
-1.32229838608154,-1.59815120334781,-8.84189322737743,"mixture",4,295
-0.481247093611829,-1.19325112406204,-8.82338929394647,"mixture",4,296
-0.846342692605695,-1.52259115120419,-8.35941127098659,"mixture",4,297
-0.846342692605695,-1.52259115120419,-8.35941127098659,"mixture",4,298
-0.846342692605695,-1.52259115120419,-8.35941127098659,"mixture",4,299
-1.46619806760738,-1.60598459748284,-8.44058855629816,"mixture",4,300
-1.46619806760738,-1.60598459748284,-8.44058855629816,"mixture",4,301
-1.46619806760738,-1.60598459748284,-8.44058855629816,"mixture",4,302
-1.36184804070623,-1.81942635959005,-8.54183523257647,"mixture",4,303
-0.497109175519077,-1.32356060557132,-8.70981767200688,"mixture",4,304
-1.85715373173983,-1.84358562397377,-8.89973792182637,"mixture",4,305
-1.71390334216936,-1.62415580960048,-8.29432428402814,"mixture",4,306
-1.156378946366,-1.52463254277512,-8.65309605778466,"mixture",4,307
-0.208177567320246,-1.02424576046912,-8.9470533134872,"mixture",4,308
-0.498286898269946,-1.01259682802455,-9.00138908627425,"mixture",4,309
-0.829632753988744,-1.24285858746561,-9.37679632095076,"mixture",4,310
-0.898650380156965,-1.04363210403717,-8.69580162599408,"mixture",4,311
-0.898650380156965,-1.04363210403717,-8.69580162599408,"mixture",4,312
-0.319141017842403,-0.945549389540159,-8.53358720892071,"mixture",4,313
-1.48565752280684,-1.402739570587,-9.02484282570359,"mixture",4,314
-0.68139228640246,-1.23368537426787,-8.4150587061114,"mixture",4,315
-0.68139228640246,-1.23368537426787,-8.4150587061114,"mixture",4,316
-0.336410157680371,-1.04335083436698,-8.7835939126725,"mixture",4,317
-0.924319279863199,-1.31029186853016,-9.32911117819546,"mixture",4,318
-1.41364486133786,-1.49418589169362,-9.43756227598938,"mixture",4,319
-1.67656722854534,-1.90742109552563,-9.0779937418196,"mixture",4,320
-1.80311722188097,-1.88202285062476,-9.12938056151174,"mixture",4,321
-1.53130264520892,-1.45230211914193,-8.69055039578268,"mixture",4,322
-1.53130264520892,-1.45230211914193,-8.69055039578268,"mixture",4,323
-1.53130264520892,-1.45230211914193,-8.69055039578268,"mixture",4,324
-1.53130264520892,-1.45230211914193,-8.69055039578268,"mixture",4,325
-0.760726415535632,-1.27113190452999,-8.73582383826629,"mixture",4,326
-0.760726415535632,-1.27113190452999,-8.73582383826629,"mixture",4,327
-0.707453639748077,-1.44821203208284,-8.62853014048949,"mixture",4,328
-0.707453639748077,-1.44821203208284,-8.62853014048949,"mixture",4,329
-0.216114933788976,-1.27399535700277,-8.27855969872507,"mixture",4,330
-0.216114933788976,-1.27399535700277,-8.27855969872507,"mixture",4,331
-0.216114933788976,-1.27399535700277,-8.27855969872507,"mixture",4,332
-0.473175609620662,-1.36963286791154,-8.56782928229806,"mixture",4,333
-0.473175609620662,-1.36963286791154,-8.56782928229806,"mixture",4,334
-0.776130778086977,-1.54314574450601,-8.80747767267231,"mixture",4,335
-0.776130778086977,-1.54314574450601,-8.80747767267231,"mixture",4,336
-1.42408531486336,-1.62983747845184,-8.77541585625842,"mixture",4,337
-1.42408531486336,-1.62983747845184,-8.77541585625842,"mixture",4,338
-1.42408531486336,-1.62983747845184,-8.77541585625842,"mixture",4,339
-1.42408531486336,-1.62983747845184,-8.77541585625842,"mixture",4,340
-1.2292952003545,-1.67512885507482,-8.57330697556241,"mixture",4,341
-0.95330612886695,-1.52161990411085,-8.61142783864095,"mixture",4,342
0.0412457343432375,-1.18929467510106,-8.17059949122211,"mixture",4,343
0.0412457343432375,-1.18929467510106,-8.17059949122211,"mixture",4,344
0.0499096904518815,-1.05270127906448,-8.7097040995233,"mixture",4,345
0.0499096904518815,-1.05270127906448,-8.7097040995233,"mixture",4,346
-0.503075321044321,-1.28664831413766,-8.4057248095973,"mixture",4,347
-0.503075321044321,-1.28664831413766,-8.4057248095973,"mixture",4,348
-0.503075321044321,-1.28664831413766,-8.4057248095973,"mixture",4,349
-0.503075321044321,-1.28664831413766,-8.4057248095973,"mixture",4,350
-0.503075321044321,-1.28664831413766,-8.4057248095973,"mixture",4,351
-0.503075321044321,-1.28664831413766,-8.4057248095973,"mixture",4,352
-0.682965671618909,-1.5466665049801,-8.82101954046255,"mixture",4,353
-1.40917366062979,-1.49757840359345,-8.25715731679155,"mixture",4,354
-1.10974381956474,-1.41916524955999,-8.51055980210517,"mixture",4,355
-1.06312855534859,-1.42901562118795,-8.53317992805396,"mixture",4,356
-1.5470275486806,-1.4155312353751,-8.6348438804923,"mixture",4,357
-1.04849807128851,-1.43580549426019,-8.9800908247428,"mixture",4,358
0.154869381012779,-0.970683884441883,-8.80192445226117,"mixture",4,359
-0.500986770030218,-1.20373011687325,-8.76908402777123,"mixture",4,360
-0.619482239348274,-1.50439277239355,-8.79127768034067,"mixture",4,361
-0.500464574894177,-1.1293246067475,-8.77139730576435,"mixture",4,362
-0.500464574894177,-1.1293246067475,-8.77139730576435,"mixture",4,363
-0.500464574894177,-1.1293246067475,-8.77139730576435,"mixture",4,364
-0.500464574894177,-1.1293246067475,-8.77139730576435,"mixture",4,365
-0.279890323753852,-1.00775387882644,-8.97362261438772,"mixture",4,366
-1.02408990780433,-1.45519357330834,-8.51513361575806,"mixture",4,367
-1.02408990780433,-1.45519357330834,-8.51513361575806,"mixture",4,368
-1.02408990780433,-1.45519357330834,-8.51513361575806,"mixture",4,369
-1.02408990780433,-1.45519357330834,-8.51513361575806,"mixture",4,370
-1.02408990780433,-1.45519357330834,-8.51513361575806,"mixture",4,371
-1.45716111590374,-1.54996933700091,-8.52226577535675,"mixture",4,372
-0.0925183656408173,-1.2141124180812,-9.03124183869499,"mixture",4,373
-1.18590457733852,-1.53553423803878,-9.21393029799661,"mixture",4,374
-0.690274403151516,-1.20073128763365,-8.99803870742304,"mixture",4,375
-0.690274403151516,-1.20073128763365,-8.99803870742304,"mixture",4,376
-1.0258965121453,-1.57289627561964,-9.06513848515625,"mixture",4,377
-1.0258965121453,-1.57289627561964,-9.06513848515625,"mixture",4,378
-1.33856154989607,-1.47979895346796,-9.15533302668276,"mixture",4,379
-1.37586768399847,-1.27178339997114,-8.83286053718794,"mixture",4,380
-1.37586768399847,-1.27178339997114,-8.83286053718794,"mixture",4,381
-1.0849616812993,-1.28812983411784,-8.46716698391959,"mixture",4,382
0.171501831635335,-0.689469355503426,-8.71331177143818,"mixture",4,383
0.171501831635335,-0.689469355503426,-8.71331177143818,"mixture",4,384
0.171501831635335,-0.689469355503426,-8.71331177143818,"mixture",4,385
-1.50483273386313,-1.25157168127231,-8.65475676986964,"mixture",4,386
-0.846389877481437,-1.21637252194186,-8.81215567233349,"mixture",4,387
-0.383909282689375,-1.31734195730094,-8.58675945930866,"mixture",4,388
-0.306187112224125,-1.19583603565669,-8.88995702457573,"mixture",4,389
-0.71223050722305,-1.37319458602971,-8.54120837708351,"mixture",4,390
-0.71223050722305,-1.37319458602971,-8.54120837708351,"mixture",4,391
-1.13834989119827,-1.44514477145551,-8.58092813858946,"mixture",4,392
-1.13834989119827,-1.44514477145551,-8.58092813858946,"mixture",4,393
-1.13834989119827,-1.44514477145551,-8.58092813858946,"mixture",4,394
-0.422225772569313,-1.26419966040486,-8.71793300457617,"mixture",4,395
-0.152600695234017,-1.17015172272652,-8.48593465124782,"mixture",4,396
-0.152600695234017,-1.17015172272652,-8.48593465124782,"mixture",4,397
-0.181429497057463,-0.9855717646758,-8.81919493690315,"mixture",4,398
0.0109018833090701,-0.826059049254756,-8.79287310336475,"mixture",4,399
-0.0842318842430936,-1.00565795034059,-8.98905856556832,"mixture",4,400
0.032584842136419,-0.824886742627788,-9.10906837224628,"mixture",4,401
0.032584842136419,-0.824886742627788,-9.10906837224628,"mixture",4,402
-0.527383832634515,-1.34328568599861,-9.18203368131488,"mixture",4,403
-1.06301240050233,-1.59144594698639,-9.04497189924216,"mixture",4,404
-0.300060387303158,-1.21541358648576,-8.81532548147079,"mixture",4,405
-0.300060387303158,-1.21541358648576,-8.81532548147079,"mixture",4,406
-1.15262311226305,-1.68487907757191,-8.5069676537264,"mixture",4,407
-1.15262311226305,-1.68487907757191,-8.5069676537264,"mixture",4,408
-0.945014236496713,-1.61733455419029,-8.32113131652764,"mixture",4,409
-0.496755834812188,-1.42801700283996,-8.34469206004074,"mixture",4,410
-1.12926838848891,-1.66057438006513,-8.80621730598426,"mixture",4,411
-1.07864544741335,-1.5910773288222,-8.46736417775854,"mixture",4,412
-1.07864544741335,-1.5910773288222,-8.46736417775854,"mixture",4,413
-0.99962840438852,-1.61980512171428,-8.67807402804862,"mixture",4,414
-0.732883318438855,-1.37219301498916,-8.35032819139944,"mixture",4,415
-0.354674884720088,-1.40346981612951,-8.2183958055634,"mixture",4,416
-1.45189327144422,-1.56551328200003,-8.57468811477963,"mixture",4,417
-1.60190614481277,-1.60827198042601,-8.91348866096245,"mixture",4,418
-1.36379425888303,-1.62864408337655,-9.20173633628489,"mixture",4,419
-1.36379425888303,-1.62864408337655,-9.20173633628489,"mixture",4,420
-0.756491112771422,-1.2174360151096,-9.02122014897942,"mixture",4,421
-0.937556560983747,-1.53857899613317,-8.72783294720433,"mixture",4,422
-0.937556560983747,-1.53857899613317,-8.72783294720433,"mixture",4,423
-0.937556560983747,-1.53857899613317,-8.72783294720433,"mixture",4,424
-0.923055477023172,-1.35577454425089,-8.82038698335577,"mixture",4,425
-0.716654633522251,-1.38202477426107,-8.67610652470183,"mixture",4,426
-1.22025960252537,-1.70809513356164,-8.70990000503719,"mixture",4,427
-1.22025960252537,-1.70809513356164,-8.70990000503719,"mixture",4,428
0.166988582038169,-1.17208996909232,-8.24024219530662,"mixture",4,429
-1.04038751144453,-1.61761617111259,-8.77457667567014,"mixture",4,430
-1.04038751144453,-1.61761617111259,-8.77457667567014,"mixture",4,431
-0.457764895526866,-1.27384633627201,-8.56403074084484,"mixture",4,432
-0.457764895526866,-1.27384633627201,-8.56403074084484,"mixture",4,433
-0.457764895526866,-1.27384633627201,-8.56403074084484,"mixture",4,434
-0.745137946840739,-1.32137553616597,-8.60967653465865,"mixture",4,435
-0.745137946840739,-1.32137553616597,-8.60967653465865,"mixture",4,436
-1.2055718331596,-1.54805380713203,-8.62469839992433,"mixture",4,437
-1.69520049568574,-1.5405308163399,-8.50788221920837,"mixture",4,438
-1.69520049568574,-1.5405308163399,-8.50788221920837,"mixture",4,439
-1.62030029797296,-1.57176713261918,-8.58560167178247,"mixture",4,440
-1.59213717472073,-1.70043308324907,-8.88086891293985,"mixture",4,441
-1.30919165502498,-1.54290121432374,-9.44182115131848,"mixture",4,442
-0.9232443966064,-1.28888570532414,-9.10059957474776,"mixture",4,443
-0.621043348924146,-1.17866574262514,-8.66836070079473,"mixture",4,444
-0.848641689756779,-1.20627854224566,-8.56569371399674,"mixture",4,445
-0.168466929985037,-1.12685117723087,-8.35559644919609,"mixture",4,446
-0.207655938114863,-1.07999634154743,-8.69601457863438,"mixture",4,447
-0.207655938114863,-1.07999634154743,-8.69601457863438,"mixture",4,448
-0.207655938114863,-1.07999634154743,-8.69601457863438,"mixture",4,449
-0.207655938114863,-1.07999634154743,-8.69601457863438,"mixture",4,450
-0.873460133643135,-1.28638269010602,-8.63651173259459,"mixture",4,451
-0.873460133643135,-1.28638269010602,-8.63651173259459,"mixture",4,452
-0.990679992974812,-1.55119945772118,-8.59987552847396,"mixture",4,453
-0.985154951688949,-1.53281553069128,-9.04733735766101,"mixture",4,454
-0.985154951688949,-1.53281553069128,-9.04733735766101,"mixture",4,455
-1.60408701203857,-1.67700093097003,-8.96553891508149,"mixture",4,456
-1.60408701203857,-1.67700093097003,-8.96553891508149,"mixture",4,457
-1.16766169320959,-1.47249123135434,-8.49079775014359,"mixture",4,458
-1.16766169320959,-1.47249123135434,-8.49079775014359,"mixture",4,459
-1.16766169320959,-1.47249123135434,-8.49079775014359,"mixture",4,460
-1.16766169320959,-1.47249123135434,-8.49079775014359,"mixture",4,461
-1.16766169320959,-1.47249123135434,-8.49079775014359,"mixture",4,462
-1.16766169320959,-1.47249123135434,-8.49079775014359,"mixture",4,463
-1.43112675136294,-1.72004983593438,-8.55616270090193,"mixture",4,464
-1.43112675136294,-1.72004983593438,-8.55616270090193,"mixture",4,465
-1.46023227321434,-1.56654792542502,-8.71450002519655,"mixture",4,466
-0.767148426665631,-1.48691826165581,-8.63612819094284,"mixture",4,467
-0.767148426665631,-1.48691826165581,-8.63612819094284,"mixture",4,468
-0.63428907561488,-1.43416693500034,-8.51511108036918,"mixture",4,469
-0.63428907561488,-1.43416693500034,-8.51511108036918,"mixture",4,470
-0.63428907561488,-1.43416693500034,-8.51511108036918,"mixture",4,471
-0.916828513124389,-1.60678450007222,-8.96296339212205,"mixture",4,472
-0.849874939868295,-1.23068872853965,-8.93017718281706,"mixture",4,473
-0.808898510094524,-1.54170598147869,-8.53326884501996,"mixture",4,474
-0.263476920014983,-1.27858672598047,-8.70201624187305,"mixture",4,475
-0.463364083275998,-1.48226742393506,-8.46440233926674,"mixture",4,476
-0.463364083275998,-1.48226742393506,-8.46440233926674,"mixture",4,477
-0.892652595512684,-1.66423729874496,-8.32475595851997,"mixture",4,478
-0.527887021161434,-1.20528272382276,-8.56855296127973,"mixture",4,479
-0.863008977345931,-1.35402268124798,-8.71988826071278,"mixture",4,480
-0.863008977345931,-1.35402268124798,-8.71988826071278,"mixture",4,481
-0.863008977345931,-1.35402268124798,-8.71988826071278,"mixture",4,482
-0.863008977345931,-1.35402268124798,-8.71988826071278,"mixture",4,483
-0.863008977345931,-1.35402268124798,-8.71988826071278,"mixture",4,484
-0.818619817495003,-1.66391615012863,-8.24344798401413,"mixture",4,485
-0.818619817495003,-1.66391615012863,-8.24344798401413,"mixture",4,486
-1.16590249746838,-1.61311799512671,-8.34101499739819,"mixture",4,487
-1.16590249746838,-1.61311799512671,-8.34101499739819,"mixture",4,488
-0.866550029639542,-1.36953252254158,-8.46541710714192,"mixture",4,489
-1.18127970065331,-1.49454372171477,-9.14275686463838,"mixture",4,490
-0.86029961460299,-1.49601594844591,-8.67992199696675,"mixture",4,491
-0.95111085665628,-1.32236343451795,-8.69722178231187,"mixture",4,492
-0.358540405766168,-1.37478666105669,-8.79609105177236,"mixture",4,493
-0.357785922535745,-1.32885166556879,-9.14149770388154,"mixture",4,494
-1.11506581013014,-1.58108749750197,-8.39672697674812,"mixture",4,495
-1.11506581013014,-1.58108749750197,-8.39672697674812,"mixture",4,496
-1.11506581013014,-1.58108749750197,-8.39672697674812,"mixture",4,497
-1.45243216980577,-1.75535921349777,-8.32973880489412,"mixture",4,498
-1.45243216980577,-1.75535921349777,-8.32973880489412,"mixture",4,499
-1.7015993961255,-1.73181098914026,-8.85527310204927,"mixture",4,500
-0.850854133337951,-1.45248531799796,-8.62634948432844,"mixture",4,501
-0.850854133337951,-1.45248531799796,-8.62634948432844,"mixture",4,502
-1.77788817141861,-1.90111581290525,-8.5699509360223,"mixture",4,503
-0.9723220231934,-1.57915695199687,-8.62635401310009,"mixture",4,504
-0.9723220231934,-1.57915695199687,-8.62635401310009,"mixture",4,505
-1.35423713366958,-1.5222440675247,-8.79045706520529,"mixture",4,506
-1.35423713366958,-1.5222440675247,-8.79045706520529,"mixture",4,507
-1.35423713366958,-1.5222440675247,-8.79045706520529,"mixture",4,508
-1.35423713366958,-1.5222440675247,-8.79045706520529,"mixture",4,509
-1.62680677696363,-1.64687823753996,-8.64911345479258,"mixture",4,510
-1.62680677696363,-1.64687823753996,-8.64911345479258,"mixture",4,511
-1.66977335441491,-1.65982135997292,-8.78868294637512,"mixture",4,512
-1.66977335441491,-1.65982135997292,-8.78868294637512,"mixture",4,513
-1.66977335441491,-1.65982135997292,-8.78868294637512,"mixture",4,514
-1.66977335441491,-1.65982135997292,-8.78868294637512,"mixture",4,515
-1.47391507842703,-1.8088239805581,-8.83482015535457,"mixture",4,516
-0.916634569169337,-1.31825264529319,-8.59326113879165,"mixture",4,517
-0.669220086004072,-1.26328455991477,-8.97296613354953,"mixture",4,518
-0.705207377630133,-1.32938877836274,-8.91280377177344,"mixture",4,519
-0.0843124260787251,-1.19041197438473,-8.60979495364789,"mixture",4,520
-0.0843124260787251,-1.19041197438473,-8.60979495364789,"mixture",4,521
-0.0843124260787251,-1.19041197438473,-8.60979495364789,"mixture",4,522
-0.380032900982617,-1.04576682598451,-8.89226141042419,"mixture",4,523
-0.907799424094542,-1.50915618523416,-8.6907824547531,"mixture",4,524
-1.04767373517979,-1.56635023290571,-8.66566248751665,"mixture",4,525
-1.04767373517979,-1.56635023290571,-8.66566248751665,"mixture",4,526
-0.937351967944378,-1.41030156303891,-8.59369512044587,"mixture",4,527
-0.937351967944378,-1.41030156303891,-8.59369512044587,"mixture",4,528
-0.937351967944378,-1.41030156303891,-8.59369512044587,"mixture",4,529
-0.937351967944378,-1.41030156303891,-8.59369512044587,"mixture",4,530
-0.937351967944378,-1.41030156303891,-8.59369512044587,"mixture",4,531
-0.937351967944378,-1.41030156303891,-8.59369512044587,"mixture",4,532
-0.937351967944378,-1.41030156303891,-8.59369512044587,"mixture",4,533
-0.937351967944378,-1.41030156303891,-8.59369512044587,"mixture",4,534
-0.937351967944378,-1.41030156303891,-8.59369512044587,"mixture",4,535
-1.15237204849153,-1.40995405412564,-8.76064996456275,"mixture",4,536
-1.36962820345327,-1.41710862740996,-8.47243470045172,"mixture",4,537
-1.36962820345327,-1.41710862740996,-8.47243470045172,"mixture",4,538
-1.62183642551142,-1.6915036550101,-8.457051128512,"mixture",4,539
-1.61064810120214,-1.71719911879072,-8.8633955944515,"mixture",4,540
-1.61064810120214,-1.71719911879072,-8.8633955944515,"mixture",4,541
-0.357842192415557,-1.26670492804077,-8.68741828137818,"mixture",4,542
-0.357842192415557,-1.26670492804077,-8.68741828137818,"mixture",4,543
-0.26744031065817,-1.24386696536088,-8.66826380031578,"mixture",4,544
-0.960548872734375,-1.42642182792034,-8.82231257931933,"mixture",4,545
-0.262894930538018,-1.2444219356543,-8.92680841160097,"mixture",4,546
-0.854979821154486,-1.39934326879359,-8.97677196281899,"mixture",4,547
-0.854979821154486,-1.39934326879359,-8.97677196281899,"mixture",4,548
-0.569811097044569,-1.38366494535519,-9.05131878585337,"mixture",4,549
-1.25647585083509,-1.76084262844542,-8.60815510648839,"mixture",4,550
-0.605484950505607,-1.47223536083516,-8.29292369497908,"mixture",4,551
-1.0777136414333,-1.5008390571597,-9.11798436018581,"mixture",4,552
-1.40552793088011,-1.62382586030982,-8.79364176044425,"mixture",4,553
-1.30734860240632,-1.49143679991984,-8.23933923753242,"mixture",4,554
-1.30734860240632,-1.49143679991984,-8.23933923753242,"mixture",4,555
-1.30734860240632,-1.49143679991984,-8.23933923753242,"mixture",4,556
-1.30734860240632,-1.49143679991984,-8.23933923753242,"mixture",4,557
-0.849435309690697,-1.43869640021483,-8.20132928691148,"mixture",4,558
-1.17260970068724,-1.50332793137836,-8.4414378454263,"mixture",4,559
-0.940227610642246,-1.44215393657614,-8.26697216432158,"mixture",4,560
-0.940227610642246,-1.44215393657614,-8.26697216432158,"mixture",4,561
-0.607804332633537,-1.03539015085968,-8.69153777945054,"mixture",4,562
-1.75587554254062,-1.66830286348931,-8.47913963175792,"mixture",4,563
-0.23887271611995,-1.23886289536118,-8.66885137403085,"mixture",4,564
-0.23887271611995,-1.23886289536118,-8.66885137403085,"mixture",4,565
-1.50653578349475,-1.7888519923599,-8.69375278141271,"mixture",4,566
-0.918982435734371,-1.50380942419358,-8.28823081020173,"mixture",4,567
-0.918982435734371,-1.50380942419358,-8.28823081020173,"mixture",4,568
-0.255208875899578,-1.06398954596557,-8.67533166750557,"mixture",4,569
-0.846410940975406,-1.63753877353356,-8.35139797050266,"mixture",4,570
-0.846410940975406,-1.63753877353356,-8.35139797050266,"mixture",4,571
-0.846410940975406,-1.63753877353356,-8.35139797050266,"mixture",4,572
-0.596731613359093,-1.50160829012288,-8.18895244356047,"mixture",4,573
-1.73453480605514,-1.66153862167027,-8.71560096108016,"mixture",4,574
-1.73453480605514,-1.66153862167027,-8.71560096108016,"mixture",4,575
-1.12917393747628,-1.20676320899011,-9.03934432280534,"mixture",4,576
-0.192929139513285,-0.913442950472404,-8.59015659138067,"mixture",4,577
-0.498146386707171,-1.22225201848343,-8.97816084921929,"mixture",4,578
-0.498146386707171,-1.22225201848343,-8.97816084921929,"mixture",4,579
-0.498146386707171,-1.22225201848343,-8.97816084921929,"mixture",4,580
-0.498146386707171,-1.22225201848343,-8.97816084921929,"mixture",4,581
-0.498146386707171,-1.22225201848343,-8.97816084921929,"mixture",4,582
-0.136346020726965,-1.05799788537696,-8.59717159809569,"mixture",4,583
-0.20716614012778,-1.18905006887726,-8.71459915355965,"mixture",4,584
-0.425943215954781,-1.17827758062672,-8.46508362513393,"mixture",4,585
-1.72056616476164,-1.69772660547609,-8.87413909567566,"mixture",4,586
-1.54219765900351,-1.54633902727489,-9.01216228084916,"mixture",4,587
-1.30677391685473,-1.4605138784512,-9.02539928875952,"mixture",4,588
-1.30677391685473,-1.4605138784512,-9.02539928875952,"mixture",4,589
-1.30677391685473,-1.4605138784512,-9.02539928875952,"mixture",4,590
-1.04156204657112,-1.43589238223021,-8.68626800047357,"mixture",4,591
-0.951585162353429,-1.55872786769241,-8.31644349666253,"mixture",4,592
-0.944096126539002,-1.66143181679695,-8.66642285720748,"mixture",4,593
-1.02802616990966,-1.54205361701692,-8.79509855092835,"mixture",4,594
-1.00212557123292,-1.57567997227709,-8.65641109478157,"mixture",4,595
-1.8286655231704,-1.5420146372646,-8.42539701126576,"mixture",4,596
-1.8286655231704,-1.5420146372646,-8.42539701126576,"mixture",4,597
-0.834023216609573,-1.39278782208554,-8.92495501341384,"mixture",4,598
-0.834023216609573,-1.39278782208554,-8.92495501341384,"mixture",4,599
-1.14863318897773,-1.3753795015595,-8.7922574883571,"mixture",4,600
-1.27058667114593,-1.5036445952332,-8.61624045426627,"mixture",4,601
-0.859944804263118,-1.36936399848186,-8.6905782248629,"mixture",4,602
-0.859944804263118,-1.36936399848186,-8.6905782248629,"mixture",4,603
-0.859944804263118,-1.36936399848186,-8.6905782248629,"mixture",4,604
-1.41049425495943,-1.53132127895057,-8.98426273076817,"mixture",4,605
-1.41049425495943,-1.53132127895057,-8.98426273076817,"mixture",4,606
-1.14553940140583,-1.54339312859181,-8.64790985514432,"mixture",4,607
-0.550788432527739,-1.35552924301241,-8.39375611872853,"mixture",4,608
-1.32857322025815,-1.41171275068258,-8.5574030889219,"mixture",4,609
-1.1367607299312,-1.39475015958134,-8.60525421400345,"mixture",4,610
-1.1367607299312,-1.39475015958134,-8.60525421400345,"mixture",4,611
-1.15417231412332,-1.44066685721304,-8.70704923172265,"mixture",4,612
-1.15417231412332,-1.44066685721304,-8.70704923172265,"mixture",4,613
-0.816556313558715,-1.3520368845246,-8.42823989752585,"mixture",4,614
-1.13340132331423,-1.67845961299298,-8.76966410885021,"mixture",4,615
-1.13340132331423,-1.67845961299298,-8.76966410885021,"mixture",4,616
-1.30187703300377,-1.72708066993234,-8.85969103947605,"mixture",4,617
-0.541474327828013,-1.258040926917,-9.07089422945392,"mixture",4,618
-0.541474327828013,-1.258040926917,-9.07089422945392,"mixture",4,619
-0.833248758575218,-1.26865638274669,-9.24062671617693,"mixture",4,620
-0.591149306322373,-1.48323508093231,-9.36195765586161,"mixture",4,621
-0.432343819402596,-0.946752385924401,-9.54385843116073,"mixture",4,622
-0.325914913389821,-1.26479885948735,-9.22821586233228,"mixture",4,623
0.0558527393086672,-0.926781094317562,-9.11354407023602,"mixture",4,624
0.0558527393086672,-0.926781094317562,-9.11354407023602,"mixture",4,625
-0.984899249011576,-1.31956573264384,-9.4512140660809,"mixture",4,626
-0.907792244851849,-1.64259062291479,-8.47015681747909,"mixture",4,627
-0.907792244851849,-1.64259062291479,-8.47015681747909,"mixture",4,628
-1.27492825561611,-1.53392829293556,-9.20517536722092,"mixture",4,629
-1.27492825561611,-1.53392829293556,-9.20517536722092,"mixture",4,630
0.0269138726826152,-0.965020635382266,-8.93538185523054,"mixture",4,631
-1.09919716434513,-1.29471825345472,-8.77253797603112,"mixture",4,632
-0.965762748738241,-1.36960890820136,-9.09071212779283,"mixture",4,633
-0.54362773824375,-1.26743104258209,-8.56193912815003,"mixture",4,634
-0.54362773824375,-1.26743104258209,-8.56193912815003,"mixture",4,635
-0.54362773824375,-1.26743104258209,-8.56193912815003,"mixture",4,636
-0.386933712383813,-1.30345320983279,-8.63037910705655,"mixture",4,637
-0.951379640882703,-1.4955585433963,-9.07675820119826,"mixture",4,638
-0.402174546873638,-1.28154958098205,-8.79559541686568,"mixture",4,639
-1.06199946224995,-1.40189555586306,-9.05975786772009,"mixture",4,640
-1.06199946224995,-1.40189555586306,-9.05975786772009,"mixture",4,641
-0.909878902788243,-1.40877584339172,-8.67545980622051,"mixture",4,642
-1.07621021946492,-1.51316031767023,-8.97168048217201,"mixture",4,643
-1.07621021946492,-1.51316031767023,-8.97168048217201,"mixture",4,644
-1.07621021946492,-1.51316031767023,-8.97168048217201,"mixture",4,645
-1.07621021946492,-1.51316031767023,-8.97168048217201,"mixture",4,646
-1.47405932477749,-1.57946468248538,-8.48731566822086,"mixture",4,647
-0.868589121161025,-1.52954679510808,-8.41880086811777,"mixture",4,648
-1.4965015909022,-1.69200455176149,-8.60566959702838,"mixture",4,649
-1.4965015909022,-1.69200455176149,-8.60566959702838,"mixture",4,650
-1.4965015909022,-1.69200455176149,-8.60566959702838,"mixture",4,651
-1.44636481192,-1.59396624606582,-8.69866516577047,"mixture",4,652
-0.711012683548666,-1.30856474369253,-9.08839150800295,"mixture",4,653
-0.711012683548666,-1.30856474369253,-9.08839150800295,"mixture",4,654
-1.35077324244396,-1.29306026220124,-8.85949627854945,"mixture",4,655
-1.35077324244396,-1.29306026220124,-8.85949627854945,"mixture",4,656
-0.615479380087205,-1.30603390191919,-8.81407489320223,"mixture",4,657
-0.855876045932414,-1.39508496783393,-8.74338156526416,"mixture",4,658
-0.498862872742605,-1.39825103678167,-8.82770395415599,"mixture",4,659
-0.846939532851726,-1.56212662280482,-8.51628953291094,"mixture",4,660
-1.06200507108342,-1.65940780036248,-8.22224813095579,"mixture",4,661
-0.915958701476946,-1.55098536410845,-8.86920397530197,"mixture",4,662
-0.915958701476946,-1.55098536410845,-8.86920397530197,"mixture",4,663
-1.33666312975014,-1.70399217409366,-8.47505487547621,"mixture",4,664
-0.876121658191765,-1.69767732310262,-8.05438090250613,"mixture",4,665
-0.866888648369574,-1.5110063607178,-8.76398520701201,"mixture",4,666
-0.876051320500634,-1.40496297175195,-8.87997555075417,"mixture",4,667
-1.21256601954149,-1.638466832094,-9.09584817192621,"mixture",4,668
-1.31205565697953,-1.69833695354879,-8.46500427196576,"mixture",4,669
-1.31205565697953,-1.69833695354879,-8.46500427196576,"mixture",4,670
-1.31205565697953,-1.69833695354879,-8.46500427196576,"mixture",4,671
-0.819809992757931,-1.39142299824448,-8.9733517470516,"mixture",4,672
-0.240865229897296,-1.03671919642916,-9.12392586380421,"mixture",4,673
-0.756028764645833,-1.42230438630668,-8.66584116908905,"mixture",4,674
-0.756028764645833,-1.42230438630668,-8.66584116908905,"mixture",4,675
0.0920933709044014,-1.06811549844687,-8.60183986000043,"mixture",4,676
-0.742129270618616,-1.28361477860981,-8.94132167527916,"mixture",4,677
-1.01532787757609,-1.38181273826531,-8.46333065147144,"mixture",4,678
-1.01532787757609,-1.38181273826531,-8.46333065147144,"mixture",4,679
-1.01532787757609,-1.38181273826531,-8.46333065147144,"mixture",4,680
-1.13998139404624,-1.55193763808486,-8.9474836023009,"mixture",4,681
-0.540665301040745,-1.33595061452385,-8.37132660384625,"mixture",4,682
-0.828339678467576,-1.40869349965223,-8.75064423826748,"mixture",4,683
-0.828339678467576,-1.40869349965223,-8.75064423826748,"mixture",4,684
-0.828339678467576,-1.40869349965223,-8.75064423826748,"mixture",4,685
-0.828339678467576,-1.40869349965223,-8.75064423826748,"mixture",4,686
-0.828339678467576,-1.40869349965223,-8.75064423826748,"mixture",4,687
-0.828339678467576,-1.40869349965223,-8.75064423826748,"mixture",4,688
-1.18488720955891,-1.35741550450701,-8.61351351919069,"mixture",4,689
-0.660553989928336,-1.26057139334827,-9.07673853179522,"mixture",4,690
-1.67140848600379,-1.55874356606087,-8.4375738846222,"mixture",4,691
-0.900925395971874,-1.46896349630884,-8.92566385818692,"mixture",4,692
-1.33442478526454,-1.45033015854618,-8.92542686321012,"mixture",4,693
-0.754106967986277,-1.5286315923924,-8.61141500741276,"mixture",4,694
-0.728803578190504,-1.24014949053517,-8.56173695365158,"mixture",4,695
-1.04319459879819,-1.62272439989737,-8.66392289681097,"mixture",4,696
-1.4730068602139,-1.68751736598526,-8.87038025180513,"mixture",4,697
-1.36316777763292,-1.5932133532365,-8.96300832488274,"mixture",4,698
-1.36316777763292,-1.5932133532365,-8.96300832488274,"mixture",4,699
-1.36316777763292,-1.5932133532365,-8.96300832488274,"mixture",4,700
