"log_ell","log_sigma_f","log_sigma_n","source","chain","retained_draw"
-1.70511331245065,-1.37607465926289,-9.60801141427979,"dipole",1,1
-1.53117962896532,-1.42037081971633,-10.192026961679,"dipole",1,2
-1.53117962896532,-1.42037081971633,-10.192026961679,"dipole",1,3
-2.1166042686161,-1.4724629888295,-9.22479274184959,"dipole",1,4
-2.1166042686161,-1.4724629888295,-9.22479274184959,"dipole",1,5
-2.1166042686161,-1.4724629888295,-9.22479274184959,"dipole",1,6
-2.05878035237874,-1.43327725386103,-10.0986500757009,"dipole",1,7
-2.05878035237874,-1.43327725386103,-10.0986500757009,"dipole",1,8
-2.3760258847388,-1.46058068109404,-9.82500069645209,"dipole",1,9
-2.38419594825865,-1.42975538775651,-9.79457889311112,"dipole",1,10
-2.6556312818484,-1.46003652045288,-10.0725976465837,"dipole",1,11
-2.6556312818484,-1.46003652045288,-10.0725976465837,"dipole",1,12
-2.6556312818484,-1.46003652045288,-10.0725976465837,"dipole",1,13
-2.06509097526002,-1.66129039950028,-10.031494907569,"dipole",1,14
-2.20674544194308,-1.7712815847286,-10.1770350152208,"dipole",1,15
-2.20674544194308,-1.7712815847286,-10.1770350152208,"dipole",1,16
-2.20674544194308,-1.7712815847286,-10.1770350152208,"dipole",1,17
-1.99077502566432,-1.61048968918729,-10.1056692006348,"dipole",1,18
-1.99077502566432,-1.61048968918729,-10.1056692006348,"dipole",1,19
-2.34612703841986,-1.7967431114657,-9.65529533638025,"dipole",1,20
-1.06693586915174,-1.16349636545979,-9.55890168621628,"dipole",1,21
-0.985123028479312,-1.26335016409933,-9.67285510177635,"dipole",1,22
-1.50266350578154,-1.44157307296409,-10.182347229977,"dipole",1,23
-1.90808977934164,-1.69902804808105,-10.6187319273452,"dipole",1,24
-1.69204151974793,-1.33461961034182,-10.120303918448,"dipole",1,25
-1.88612691475342,-1.57178057608854,-10.3407293434654,"dipole",1,26
-1.90676181917676,-1.68593896263122,-9.84845461452808,"dipole",1,27
-2.07456128995095,-1.70623177658988,-10.1040843984568,"dipole",1,28
-1.74132111389373,-1.69174525396677,-9.88470108375376,"dipole",1,29
-1.74132111389373,-1.69174525396677,-9.88470108375376,"dipole",1,30
-1.85680658886361,-1.63795011309686,-9.59869604996748,"dipole",1,31
-0.72771575591314,-1.03904266968801,-10.3346567957755,"dipole",1,32
-1.4621207211478,-1.36473982443719,-9.9734389932056,"dipole",1,33
-1.46068488078899,-1.21391265346893,-10.6563025459082,"dipole",1,34
-1.13699728958407,-1.04306558671107,-9.40757871470002,"dipole",1,35
-0.339044628681383,-1.06351645578426,-9.87793753076479,"dipole",1,36
-0.339044628681383,-1.06351645578426,-9.87793753076479,"dipole",1,37
-2.12753248084965,-1.38162240502952,-10.1096196358857,"dipole",1,38
-1.91910953919801,-1.62007909677991,-9.59650442868773,"dipole",1,39
-1.91910953919801,-1.62007909677991,-9.59650442868773,"dipole",1,40
-1.88611652927962,-1.5317061881903,-9.99136281832262,"dipole",1,41
-1.88611652927962,-1.5317061881903,-9.99136281832262,"dipole",1,42
-1.88611652927962,-1.5317061881903,-9.99136281832262,"dipole",1,43
-2.26674097259564,-1.69838210103061,-9.40892509456458,"dipole",1,44
-2.26674097259564,-1.69838210103061,-9.40892509456458,"dipole",1,45
-2.00610110180143,-1.63801758211027,-10.1855581740223,"dipole",1,46
-2.31537479325221,-1.5764393789678,-9.38145967280721,"dipole",1,47
-1.93713432597694,-1.61766618869944,-9.95117436593415,"dipole",1,48
-1.93713432597694,-1.61766618869944,-9.95117436593415,"dipole",1,49
-1.93713432597694,-1.61766618869944,-9.95117436593415,"dipole",1,50
-1.93713432597694,-1.61766618869944,-9.95117436593415,"dipole",1,51
-1.87703567978856,-1.52637103680182,-9.6078508904328,"dipole",1,52
-2.6301322671886,-1.68811627720235,-9.50913986663867,"dipole",1,53
-2.45857612105755,-1.69899827942993,-9.62090330969942,"dipole",1,54
-2.45857612105755,-1.69899827942993,-9.62090330969942,"dipole",1,55
-2.41316779164528,-1.60028928980628,-9.80444496836782,"dipole",1,56
-1.90913817188114,-1.66467815019846,-10.0331616350349,"dipole",1,57
-1.57385119691557,-1.45247394580878,-9.59837926761345,"dipole",1,58
-1.57385119691557,-1.45247394580878,-9.59837926761345,"dipole",1,59
-2.31816202958753,-1.69810015323857,-9.2727487331973,"dipole",1,60
-2.00870704226218,-1.69146120256432,-8.97008263849125,"dipole",1,61
-2.29157108568798,-1.59693065596797,-9.45851544766202,"dipole",1,62
-1.58088353576069,-1.45980822484405,-9.9840172527122,"dipole",1,63
-1.95134229722526,-1.65170497495357,-9.97521174309753,"dipole",1,64
-1.78194243277484,-1.54696126708488,-9.75745040713741,"dipole",1,65
-1.78194243277484,-1.54696126708488,-9.75745040713741,"dipole",1,66
-1.78194243277484,-1.54696126708488,-9.75745040713741,"dipole",1,67
-1.78194243277484,-1.54696126708488,-9.75745040713741,"dipole",1,68
-1.78194243277484,-1.54696126708488,-9.75745040713741,"dipole",1,69
-1.6626892377335,-1.52018171536383,-10.3720510620342,"dipole",1,70
-1.6626892377335,-1.52018171536383,-10.3720510620342,"dipole",1,71
-1.6626892377335,-1.52018171536383,-10.3720510620342,"dipole",1,72
-1.6626892377335,-1.52018171536383,-10.3720510620342,"dipole",1,73
-2.25847245591036,-1.52187181063104,-9.9113167396953,"dipole",1,74
-2.25847245591036,-1.52187181063104,-9.9113167396953,"dipole",1,75
-2.25847245591036,-1.52187181063104,-9.9113167396953,"dipole",1,76
-2.25847245591036,-1.52187181063104,-9.9113167396953,"dipole",1,77
-1.44346971129256,-1.32661809446987,-9.89544665977018,"dipole",1,78
-1.44346971129256,-1.32661809446987,-9.89544665977018,"dipole",1,79
-1.57953227991972,-1.38011584078416,-10.168318278279,"dipole",1,80
-1.83367500442754,-1.4898130290734,-10.4184302884254,"dipole",1,81
-1.56597237939561,-1.44520949695809,-9.96042706531698,"dipole",1,82
-0.603064588639683,-1.07691379838612,-9.32090815085608,"dipole",1,83
-1.16664969848917,-1.27006742581662,-9.34868907820424,"dipole",1,84
-2.00987801376067,-1.44132614004233,-10.0853287721347,"dipole",1,85
-1.64369165057929,-1.38082011036224,-10.1214354023543,"dipole",1,86
-1.32418349583011,-1.42321562829266,-9.72890041687697,"dipole",1,87
-1.82212653629748,-1.56183030224393,-9.78286276328318,"dipole",1,88
-1.82212653629748,-1.56183030224393,-9.78286276328318,"dipole",1,89
-2.5317919943647,-1.58511017030698,-10.0937989288609,"dipole",1,90
-1.60668710400278,-1.37798861406098,-9.73688016526004,"dipole",1,91
-0.883165018501541,-1.27127248595726,-9.86007637967211,"dipole",1,92
-2.42554750999223,-1.67401420616622,-9.72705966156801,"dipole",1,93
-2.42554750999223,-1.67401420616622,-9.72705966156801,"dipole",1,94
-2.42554750999223,-1.67401420616622,-9.72705966156801,"dipole",1,95
-2.51865676109138,-1.65023082247584,-10.2648008237271,"dipole",1,96
-2.51865676109138,-1.65023082247584,-10.2648008237271,"dipole",1,97
-2.15343472875464,-1.70486303070942,-10.4442447738885,"dipole",1,98
-2.15343472875464,-1.70486303070942,-10.4442447738885,"dipole",1,99
-1.81878854744262,-1.66913240670305,-9.69218188070821,"dipole",1,100
-2.09790121132728,-1.70662848043702,-9.42204853784592,"dipole",1,101
-2.09790121132728,-1.70662848043702,-9.42204853784592,"dipole",1,102
-1.82774466557805,-1.43603420284087,-9.71149166497974,"dipole",1,103
-1.82774466557805,-1.43603420284087,-9.71149166497974,"dipole",1,104
-1.13526888455359,-1.34471295666416,-10.0887603747776,"dipole",1,105
-2.13926056755423,-1.77014891874922,-9.57490530584989,"dipole",1,106
-2.13926056755423,-1.77014891874922,-9.57490530584989,"dipole",1,107
-2.13926056755423,-1.77014891874922,-9.57490530584989,"dipole",1,108
-2.13926056755423,-1.77014891874922,-9.57490530584989,"dipole",1,109
-1.5064733304503,-1.57097373402754,-9.62051365087457,"dipole",1,110
-1.5064733304503,-1.57097373402754,-9.62051365087457,"dipole",1,111
-1.5064733304503,-1.57097373402754,-9.62051365087457,"dipole",1,112
-1.5064733304503,-1.57097373402754,-9.62051365087457,"dipole",1,113
-2.08015381718319,-1.78283766869592,-9.80994942714831,"dipole",1,114
-2.11955343516451,-1.52739421250992,-9.86723991395816,"dipole",1,115
-1.53629990107884,-1.60620985503657,-9.59255769475736,"dipole",1,116
-1.39284820626913,-1.33276264286246,-9.71310477213067,"dipole",1,117
-2.2739223291668,-1.43655751947508,-9.62717536436028,"dipole",1,118
-1.90202447380674,-1.66516735457527,-9.88559381201943,"dipole",1,119
-1.90202447380674,-1.66516735457527,-9.88559381201943,"dipole",1,120
-1.90202447380674,-1.66516735457527,-9.88559381201943,"dipole",1,121
-2.59339690409871,-1.65333509982185,-10.0375679037899,"dipole",1,122
-2.59339690409871,-1.65333509982185,-10.0375679037899,"dipole",1,123
-0.903778493650203,-1.02205237338947,-9.61130153405638,"dipole",1,124
-2.45923194103535,-1.36924157667509,-9.7319471204683,"dipole",1,125
-2.559270296647,-1.71599122382182,-9.64481851832378,"dipole",1,126
-2.85981968135359,-1.69303834107108,-10.1742248686192,"dipole",1,127
-1.21562938990851,-1.41481922650937,-9.98913674356557,"dipole",1,128
-1.27432408410405,-1.34632779698804,-9.76866954483616,"dipole",1,129
-1.27432408410405,-1.34632779698804,-9.76866954483616,"dipole",1,130
-2.4802359371239,-1.79683562710229,-9.70528055189494,"dipole",1,131
-2.4802359371239,-1.79683562710229,-9.70528055189494,"dipole",1,132
-2.44570238769756,-1.83980577695821,-9.36406500007135,"dipole",1,133
-2.44570238769756,-1.83980577695821,-9.36406500007135,"dipole",1,134
-1.5729770928499,-1.551248957091,-9.83984227514642,"dipole",1,135
-1.5729770928499,-1.551248957091,-9.83984227514642,"dipole",1,136
-1.86421686153374,-1.63972133130714,-10.1531317075675,"dipole",1,137
-1.86421686153374,-1.63972133130714,-10.1531317075675,"dipole",1,138
-2.09856428471429,-1.79159187809701,-9.48442925463017,"dipole",1,139
-2.30851321497462,-1.55532220544133,-9.95296165919871,"dipole",1,140
-2.16361868985837,-1.52082794513389,-10.1133278998182,"dipole",1,141
-1.41220105217411,-1.40846527259154,-9.95414620328344,"dipole",1,142
-1.41220105217411,-1.40846527259154,-9.95414620328344,"dipole",1,143
-2.47241727675887,-1.63969724207179,-10.0549858999708,"dipole",1,144
-1.91866209754073,-1.56082672234732,-10.340923565171,"dipole",1,145
-1.91866209754073,-1.56082672234732,-10.340923565171,"dipole",1,146
-1.67698570539986,-1.40517011600467,-10.4331247201225,"dipole",1,147
-1.67698570539986,-1.40517011600467,-10.4331247201225,"dipole",1,148
-2.67796729716049,-1.64927006679328,-9.51157850477247,"dipole",1,149
-1.79369689964907,-1.50489867696954,-9.78361462549727,"dipole",1,150
-1.79369689964907,-1.50489867696954,-9.78361462549727,"dipole",1,151
-2.22622991334458,-1.51253066201735,-9.91616227856631,"dipole",1,152
-2.39986148279642,-1.84777471370456,-9.93231011485834,"dipole",1,153
-2.39986148279642,-1.84777471370456,-9.93231011485834,"dipole",1,154
-1.9291394369529,-1.48617714158574,-9.77066681031894,"dipole",1,155
-1.48143093339385,-1.53796058362969,-10.3350332491347,"dipole",1,156
-1.89486760794964,-1.43744346980922,-9.97007513399834,"dipole",1,157
-1.89486760794964,-1.43744346980922,-9.97007513399834,"dipole",1,158
-1.37090591812026,-1.50309733250618,-10.4625996091317,"dipole",1,159
-1.37090591812026,-1.50309733250618,-10.4625996091317,"dipole",1,160
-1.17068724883912,-1.21859696609882,-9.68390480730984,"dipole",1,161
0.0438364538868297,-0.68836769632024,-9.30379307645001,"dipole",1,162
-0.096417920703413,-0.680309057473057,-9.49982455246655,"dipole",1,163
-0.724240209402495,-0.9284899704145,-9.7052706361174,"dipole",1,164
-0.598470206068722,-1.05400019353909,-10.0681035659343,"dipole",1,165
-0.980365693913337,-1.32142544780413,-10.2995532284133,"dipole",1,166
-1.11621659926869,-1.2672937247281,-10.1262494480432,"dipole",1,167
-1.99284349634997,-1.42851560669113,-9.64097977008311,"dipole",1,168
-1.84807686488235,-1.51353320008064,-9.79316268172002,"dipole",1,169
-1.84807686488235,-1.51353320008064,-9.79316268172002,"dipole",1,170
-2.23960613798148,-1.67691287404951,-9.78174976633571,"dipole",1,171
-2.23960613798148,-1.67691287404951,-9.78174976633571,"dipole",1,172
-2.11479885547991,-1.71698007543618,-9.74969922519293,"dipole",1,173
-2.07018575606161,-1.70517020043086,-9.54037801227893,"dipole",1,174
-2.3708736227908,-1.58589773943103,-9.9729459650112,"dipole",1,175
-2.51828294646899,-1.66933351334067,-9.98802974731802,"dipole",1,176
-1.69970481880548,-1.56521350169613,-9.67236598562743,"dipole",1,177
-2.16449243441667,-1.32066943294741,-9.90877965747229,"dipole",1,178
-1.93704900043039,-1.35563790843353,-9.60108830954737,"dipole",1,179
-2.30881294549192,-1.79293974980729,-9.77546926404679,"dipole",1,180
-1.68267730418156,-1.49993689887859,-9.78211917476527,"dipole",1,181
-1.97529177160965,-1.51068322941353,-10.0275712275021,"dipole",1,182
-1.97529177160965,-1.51068322941353,-10.0275712275021,"dipole",1,183
-1.97529177160965,-1.51068322941353,-10.0275712275021,"dipole",1,184
-2.01164664557356,-1.36422662965491,-9.79473697687225,"dipole",1,185
-2.01164664557356,-1.36422662965491,-9.79473697687225,"dipole",1,186
-1.88776274171956,-1.42628100708935,-10.2727489424456,"dipole",1,187
-2.66034861480578,-1.85267073686223,-9.20615204696494,"dipole",1,188
-1.77728772368838,-1.66750072531102,-9.30967433573876,"dipole",1,189
-1.41136984818548,-1.5924900054517,-9.76032266180681,"dipole",1,190
-2.36793486566561,-1.50113324040307,-9.67471785274705,"dipole",1,191
-2.11104684545567,-1.57815806893003,-9.69689261929886,"dipole",1,192
-2.11104684545567,-1.57815806893003,-9.69689261929886,"dipole",1,193
-2.21417933427923,-1.64401695224965,-9.94214639253839,"dipole",1,194
-2.21417933427923,-1.64401695224965,-9.94214639253839,"dipole",1,195
-2.21417933427923,-1.64401695224965,-9.94214639253839,"dipole",1,196
-2.61294529864758,-1.64593892773629,-10.0554854423746,"dipole",1,197
-0.993704663550714,-1.32098024676685,-9.6586735285856,"dipole",1,198
-1.9082655517591,-1.74113899961643,-10.0914902109444,"dipole",1,199
-1.7458587827429,-1.4586758931732,-9.75814111400228,"dipole",1,200
-1.7458587827429,-1.4586758931732,-9.75814111400228,"dipole",1,201
-2.17791990246501,-1.56545631866342,-9.59687507598792,"dipole",1,202
-1.84679157867229,-1.63717493444463,-9.75444549037048,"dipole",1,203
-1.84679157867229,-1.63717493444463,-9.75444549037048,"dipole",1,204
-1.84679157867229,-1.63717493444463,-9.75444549037048,"dipole",1,205
-1.84679157867229,-1.63717493444463,-9.75444549037048,"dipole",1,206
-1.84679157867229,-1.63717493444463,-9.75444549037048,"dipole",1,207
-1.84679157867229,-1.63717493444463,-9.75444549037048,"dipole",1,208
-1.84679157867229,-1.63717493444463,-9.75444549037048,"dipole",1,209
-2.02166601984429,-1.62637591287775,-9.22757226715417,"dipole",1,210
-1.63480727672486,-1.4763599689686,-9.31069028072625,"dipole",1,211
-1.86044873290822,-1.76333365853051,-9.43686591599482,"dipole",1,212
-1.86044873290822,-1.76333365853051,-9.43686591599482,"dipole",1,213
-1.86044873290822,-1.76333365853051,-9.43686591599482,"dipole",1,214
-1.69196103307608,-1.44324342153177,-10.1836934946805,"dipole",1,215
-2.25159477063573,-1.50963317638148,-10.3839220041521,"dipole",1,216
-2.25159477063573,-1.50963317638148,-10.3839220041521,"dipole",1,217
-2.40482915278416,-1.59790833169188,-10.4270054211615,"dipole",1,218
-1.69257757177521,-1.46090111006949,-10.3053694156678,"dipole",1,219
-2.31368289798968,-1.59974367543594,-10.3236627043201,"dipole",1,220
-2.31368289798968,-1.59974367543594,-10.3236627043201,"dipole",1,221
-2.01830207733807,-1.55748559152567,-10.3655746149054,"dipole",1,222
-1.97578114238048,-1.5348387174998,-10.2989363172218,"dipole",1,223
-2.04714270247581,-1.51672662677417,-10.2990198790784,"dipole",1,224
-1.82530208125268,-1.60500727842557,-9.69766391784715,"dipole",1,225
-1.82530208125268,-1.60500727842557,-9.69766391784715,"dipole",1,226
-1.82530208125268,-1.60500727842557,-9.69766391784715,"dipole",1,227
-1.67346939067005,-1.51425015409508,-9.98412960085353,"dipole",1,228
-1.67346939067005,-1.51425015409508,-9.98412960085353,"dipole",1,229
-2.23553688033662,-1.59098128810468,-9.49747601610966,"dipole",1,230
-2.23553688033662,-1.59098128810468,-9.49747601610966,"dipole",1,231
-2.23553688033662,-1.59098128810468,-9.49747601610966,"dipole",1,232
-2.03570617870668,-1.66911123440949,-9.84097605123305,"dipole",1,233
-1.96004707986964,-1.59275047455726,-10.0526560025221,"dipole",1,234
-1.96004707986964,-1.59275047455726,-10.0526560025221,"dipole",1,235
-1.44976484095741,-1.54291329041426,-9.7515406017468,"dipole",1,236
-1.44976484095741,-1.54291329041426,-9.7515406017468,"dipole",1,237
-1.44976484095741,-1.54291329041426,-9.7515406017468,"dipole",1,238
-1.44976484095741,-1.54291329041426,-9.7515406017468,"dipole",1,239
-1.44976484095741,-1.54291329041426,-9.7515406017468,"dipole",1,240
-1.44976484095741,-1.54291329041426,-9.7515406017468,"dipole",1,241
-1.93360392327683,-1.64130011039331,-9.50476571828018,"dipole",1,242
-1.93360392327683,-1.64130011039331,-9.50476571828018,"dipole",1,243
-1.87960636203327,-1.5323898124931,-9.59022178877736,"dipole",1,244
-1.87960636203327,-1.5323898124931,-9.59022178877736,"dipole",1,245
-1.87960636203327,-1.5323898124931,-9.59022178877736,"dipole",1,246
-1.87960636203327,-1.5323898124931,-9.59022178877736,"dipole",1,247
-1.87960636203327,-1.5323898124931,-9.59022178877736,"dipole",1,248
-1.78284627977436,-1.44161772510593,-9.39746182044731,"dipole",1,249
-1.46442228014937,-1.50755960989888,-9.7431740383323,"dipole",1,250
-2.08990876208022,-1.62867918972479,-9.00729610581712,"dipole",1,251
-2.22889836386338,-1.83971426068487,-9.19770464743636,"dipole",1,252
-1.16221094054669,-1.18214210295523,-9.77656077201114,"dipole",1,253
-2.08019813772731,-1.32102529246032,-10.0681160101476,"dipole",1,254
-2.7524255586576,-1.44418407017032,-10.1341120783583,"dipole",1,255
-1.53204438268933,-1.42337228342815,-9.51220126394488,"dipole",1,256
-1.53204438268933,-1.42337228342815,-9.51220126394488,"dipole",1,257
-1.53204438268933,-1.42337228342815,-9.51220126394488,"dipole",1,258
-2.13054320200604,-1.6472723003144,-9.99562808790362,"dipole",1,259
-2.13054320200604,-1.6472723003144,-9.99562808790362,"dipole",1,260
-2.13054320200604,-1.6472723003144,-9.99562808790362,"dipole",1,261
-2.03475510088424,-1.56770384847664,-9.56175050622567,"dipole",1,262
-2.01994494143462,-1.46423376292731,-9.40402606740593,"dipole",1,263
-1.69954956033541,-1.4242713174134,-9.70767875104851,"dipole",1,264
-2.06537963613953,-1.47604793248787,-9.58081156248356,"dipole",1,265
-2.06537963613953,-1.47604793248787,-9.58081156248356,"dipole",1,266
-1.88973815986657,-1.54422569630748,-9.47585580125013,"dipole",1,267
-1.69060899526519,-1.54312284923948,-10.161890506141,"dipole",1,268
-1.42170695641212,-1.36605342558588,-10.5203975362742,"dipole",1,269
-1.42170695641212,-1.36605342558588,-10.5203975362742,"dipole",1,270
-1.92344297644313,-1.36718367669339,-9.09059824766546,"dipole",1,271
-1.82095876290697,-1.51324358753585,-10.3112454090751,"dipole",1,272
-2.36121560606692,-1.44351025991639,-9.60288739389693,"dipole",1,273
-1.6990630154522,-1.40395587990131,-10.2535800031183,"dipole",1,274
-2.16667265967547,-1.43224729006191,-9.46746538113419,"dipole",1,275
-2.31325421157652,-1.74207509341485,-9.4117328797505,"dipole",1,276
-2.31325421157652,-1.74207509341485,-9.4117328797505,"dipole",1,277
-2.53322914062698,-1.62497527790963,-9.5720500449742,"dipole",1,278
-2.53322914062698,-1.62497527790963,-9.5720500449742,"dipole",1,279
-2.10056311635002,-1.50536000854758,-9.58966663978751,"dipole",1,280
-2.10056311635002,-1.50536000854758,-9.58966663978751,"dipole",1,281
-1.30016192772233,-1.28595468521624,-9.43512204427976,"dipole",1,282
-1.44597720637182,-1.2818792439982,-9.5991094936808,"dipole",1,283
-1.95661351132597,-1.41331187870232,-10.3669640299772,"dipole",1,284
-1.69316276702651,-1.60464208425067,-10.1700152255924,"dipole",1,285
-1.69316276702651,-1.60464208425067,-10.1700152255924,"dipole",1,286
-1.62147678822615,-1.55254694439258,-10.1048778780138,"dipole",1,287
-1.62147678822615,-1.55254694439258,-10.1048778780138,"dipole",1,288
-1.62147678822615,-1.55254694439258,-10.1048778780138,"dipole",1,289
-1.62147678822615,-1.55254694439258,-10.1048778780138,"dipole",1,290
-1.64680503376756,-1.15611318597785,-10.0790530337248,"dipole",1,291
-2.00062111231777,-1.41621278559903,-9.36668816264463,"dipole",1,292
-1.51674282931027,-1.51808338779541,-9.8819267636379,"dipole",1,293
-1.87524529317508,-1.61433064667198,-10.3065305070239,"dipole",1,294
-1.96255014957317,-1.70356565588523,-10.2932749486815,"dipole",1,295
-1.96255014957317,-1.70356565588523,-10.2932749486815,"dipole",1,296
-1.96255014957317,-1.70356565588523,-10.2932749486815,"dipole",1,297
-1.9211920674686,-1.63428696367673,-10.0127610256111,"dipole",1,298
-2.15489348721084,-1.6587179012426,-9.70286074412672,"dipole",1,299
-2.15489348721084,-1.6587179012426,-9.70286074412672,"dipole",1,300
-1.91946194124897,-1.63847692558807,-10.2962138085031,"dipole",1,301
-1.91946194124897,-1.63847692558807,-10.2962138085031,"dipole",1,302
-1.91946194124897,-1.63847692558807,-10.2962138085031,"dipole",1,303
-1.91946194124897,-1.63847692558807,-10.2962138085031,"dipole",1,304
-1.91946194124897,-1.63847692558807,-10.2962138085031,"dipole",1,305
-1.9650362619664,-1.75607069210122,-9.76955186705947,"dipole",1,306
-1.88542131410944,-1.79973821463964,-10.0200568182196,"dipole",1,307
-1.88542131410944,-1.79973821463964,-10.0200568182196,"dipole",1,308
-1.72251832221833,-1.43364996976697,-9.32491810060889,"dipole",1,309
-2.03067082902886,-1.64686872073257,-9.66441568934774,"dipole",1,310
-2.05849378842023,-1.72057901939138,-9.59996693460969,"dipole",1,311
-2.05849378842023,-1.72057901939138,-9.59996693460969,"dipole",1,312
-2.05849378842023,-1.72057901939138,-9.59996693460969,"dipole",1,313
-2.05849378842023,-1.72057901939138,-9.59996693460969,"dipole",1,314
-2.15288960620536,-1.73333184039792,-9.79379550666559,"dipole",1,315
-1.08402486580101,-1.36639220001125,-9.45510861976617,"dipole",1,316
-1.49414821793622,-1.75325326023009,-9.93863581197578,"dipole",1,317
-1.34340158409824,-1.57513338476466,-9.95548322670643,"dipole",1,318
-2.76661967630257,-1.70803972982477,-10.0521149560942,"dipole",1,319
-2.13301291041615,-1.84415142913505,-9.87002614123186,"dipole",1,320
-2.09136767104869,-1.71715834301881,-9.15880509943278,"dipole",1,321
-2.09136767104869,-1.71715834301881,-9.15880509943278,"dipole",1,322
-1.54042466362237,-1.46074344354383,-9.8926785358033,"dipole",1,323
-1.71142419627423,-1.65094254270394,-10.0725883886913,"dipole",1,324
-1.71142419627423,-1.65094254270394,-10.0725883886913,"dipole",1,325
-1.71142419627423,-1.65094254270394,-10.0725883886913,"dipole",1,326
-1.61498676792132,-1.44574543341636,-10.5154415928568,"dipole",1,327
-2.14656559924373,-1.83739737118894,-10.6247313096168,"dipole",1,328
-1.77817265566994,-1.3900802577849,-10.4748188658661,"dipole",1,329
-1.77817265566994,-1.3900802577849,-10.4748188658661,"dipole",1,330
-2.52533082127995,-1.73636935939975,-9.90178250515191,"dipole",1,331
-2.45326248070744,-1.60425707230686,-10.3473830980289,"dipole",1,332
-1.26128145011358,-1.3578569884269,-10.1724719113604,"dipole",1,333
-2.34272817391547,-1.61344834817184,-10.1443951744427,"dipole",1,334
-2.34272817391547,-1.61344834817184,-10.1443951744427,"dipole",1,335
-2.27921099162337,-1.69388133764272,-10.1333436984883,"dipole",1,336
-2.27921099162337,-1.69388133764272,-10.1333436984883,"dipole",1,337
-2.59417422943745,-1.60080463139352,-9.44350433337804,"dipole",1,338
-2.59417422943745,-1.60080463139352,-9.44350433337804,"dipole",1,339
-2.53238286013507,-1.59499143437621,-9.84239916925525,"dipole",1,340
-2.53238286013507,-1.59499143437621,-9.84239916925525,"dipole",1,341
-2.53238286013507,-1.59499143437621,-9.84239916925525,"dipole",1,342
-1.55514711699813,-1.61725013018208,-9.69802904191768,"dipole",1,343
-1.53419989295094,-1.43541173404449,-9.50953459056835,"dipole",1,344
-1.91664075383563,-1.56420161985326,-9.22942106473938,"dipole",1,345
-1.91664075383563,-1.56420161985326,-9.22942106473938,"dipole",1,346
-2.37051498023205,-1.71219705998288,-8.90064225393616,"dipole",1,347
-1.13539377525994,-1.25648716159912,-9.5474860750399,"dipole",1,348
-1.57160011630392,-1.46414756477971,-9.49423329243756,"dipole",1,349
-1.45924871565064,-1.50082518907938,-10.0855128951671,"dipole",1,350
-1.45924871565064,-1.50082518907938,-10.0855128951671,"dipole",1,351
-1.45924871565064,-1.50082518907938,-10.0855128951671,"dipole",1,352
-1.45924871565064,-1.50082518907938,-10.0855128951671,"dipole",1,353
-1.45924871565064,-1.50082518907938,-10.0855128951671,"dipole",1,354
-1.99276220071095,-1.57567619783608,-10.4945640760716,"dipole",1,355
-1.99276220071095,-1.57567619783608,-10.4945640760716,"dipole",1,356
-1.99276220071095,-1.57567619783608,-10.4945640760716,"dipole",1,357
-1.59279929179766,-1.23071029287744,-9.09237766411999,"dipole",1,358
-2.08300770159277,-1.64139904248939,-9.27955963901167,"dipole",1,359
-2.08300770159277,-1.64139904248939,-9.27955963901167,"dipole",1,360
-2.08300770159277,-1.64139904248939,-9.27955963901167,"dipole",1,361
-2.32244116343906,-1.68546497216854,-10.1320467472145,"dipole",1,362
-1.66421096928618,-1.59805171430276,-10.3813816244439,"dipole",1,363
-1.66421096928618,-1.59805171430276,-10.3813816244439,"dipole",1,364
-1.66421096928618,-1.59805171430276,-10.3813816244439,"dipole",1,365
-1.66421096928618,-1.59805171430276,-10.3813816244439,"dipole",1,366
-1.66421096928618,-1.59805171430276,-10.3813816244439,"dipole",1,367
-1.66421096928618,-1.59805171430276,-10.3813816244439,"dipole",1,368
-1.66421096928618,-1.59805171430276,-10.3813816244439,"dipole",1,369
-1.66421096928618,-1.59805171430276,-10.3813816244439,"dipole",1,370
-2.32064581902149,-1.79228852390648,-9.820131573239,"dipole",1,371
-1.75214062410657,-1.72251435951615,-9.68391704697805,"dipole",1,372
-2.23459941295751,-1.48737338712122,-10.0726697544727,"dipole",1,373
-2.48695232590643,-1.59114874885402,-10.1323093289888,"dipole",1,374
-2.28456457916714,-1.49885010958106,-9.96898393771867,"dipole",1,375
-2.28456457916714,-1.49885010958106,-9.96898393771867,"dipole",1,376
-2.11824090458329,-1.46936131070932,-9.88568727567428,"dipole",1,377
-2.09703888538681,-1.56692864194119,-10.3574785594001,"dipole",1,378
-1.95006370596753,-1.39184176152927,-9.6882165190652,"dipole",1,379
-1.95006370596753,-1.39184176152927,-9.6882165190652,"dipole",1,380
-1.95006370596753,-1.39184176152927,-9.6882165190652,"dipole",1,381
-1.78029521923409,-1.35760296134362,-9.51136494549421,"dipole",1,382
-1.9775679260789,-1.55570141424912,-10.1033381516447,"dipole",1,383
-2.0952494068859,-1.4822786268438,-9.55655501320876,"dipole",1,384
-2.0952494068859,-1.4822786268438,-9.55655501320876,"dipole",1,385
-2.0952494068859,-1.4822786268438,-9.55655501320876,"dipole",1,386
-2.0952494068859,-1.4822786268438,-9.55655501320876,"dipole",1,387
-1.48579975374304,-1.37845569040844,-9.86190589651557,"dipole",1,388
-2.53623517523114,-1.71675359394543,-9.60141643562977,"dipole",1,389
-2.53623517523114,-1.71675359394543,-9.60141643562977,"dipole",1,390
-2.25511088043314,-1.52381490304912,-10.0404065691607,"dipole",1,391
-2.31128741267658,-1.49793982590535,-10.2050122898555,"dipole",1,392
-1.53152897435794,-1.43295733374616,-9.81308760265111,"dipole",1,393
-1.53152897435794,-1.43295733374616,-9.81308760265111,"dipole",1,394
-1.95547291833473,-1.52246745282208,-9.64877616580282,"dipole",1,395
-1.95547291833473,-1.52246745282208,-9.64877616580282,"dipole",1,396
-2.0444082974635,-1.55166152852692,-9.44992269273379,"dipole",1,397
-2.0444082974635,-1.55166152852692,-9.44992269273379,"dipole",1,398
-1.20317109726188,-1.25472086091815,-9.89878186144065,"dipole",1,399
-1.15984424468039,-1.04701929489848,-9.19559367239292,"dipole",1,400
-1.7297673184087,-1.37692105052269,-9.37220610362922,"dipole",1,401
-2.38372458194574,-1.56951727970727,-9.6765188088234,"dipole",1,402
-1.88530158166792,-1.65268519692186,-9.32564691293856,"dipole",1,403
-1.88530158166792,-1.65268519692186,-9.32564691293856,"dipole",1,404
-1.88530158166792,-1.65268519692186,-9.32564691293856,"dipole",1,405
-1.98177295054075,-1.68715378830071,-9.95793421152502,"dipole",1,406
-1.70150639299809,-1.46859161516277,-10.1540416637283,"dipole",1,407
-1.37494861527969,-1.42529427138677,-9.41138981622214,"dipole",1,408
-2.05887627255573,-1.66778078853928,-9.67412987877175,"dipole",1,409
-2.05887627255573,-1.66778078853928,-9.67412987877175,"dipole",1,410
-2.05887627255573,-1.66778078853928,-9.67412987877175,"dipole",1,411
-2.05887627255573,-1.66778078853928,-9.67412987877175,"dipole",1,412
-2.28832455796657,-1.64755128433048,-9.59873793577668,"dipole",1,413
-1.911909527071,-1.72801187968521,-9.6940201855119,"dipole",1,414
-2.15351097190893,-1.76912700847043,-9.73150033337338,"dipole",1,415
-1.93431877794188,-1.60220271764789,-9.5899400225015,"dipole",1,416
-1.93431877794188,-1.60220271764789,-9.5899400225015,"dipole",1,417
-1.61053474279574,-1.50328130046597,-9.58609224978481,"dipole",1,418
-1.9799367410395,-1.67715582138193,-10.1853520071557,"dipole",1,419
-2.27586438527537,-1.79827871468036,-10.1857599734081,"dipole",1,420
-2.27586438527537,-1.79827871468036,-10.1857599734081,"dipole",1,421
-2.34295502167399,-1.77768978219956,-9.75519514368401,"dipole",1,422
-2.19163136974243,-1.66509190110505,-10.1039753274077,"dipole",1,423
-2.19163136974243,-1.66509190110505,-10.1039753274077,"dipole",1,424
-2.04321375165329,-1.58293375676708,-10.3207040280134,"dipole",1,425
-1.47407758760572,-1.31969342969275,-9.95079050723109,"dipole",1,426
-1.02605893686747,-1.2364837312787,-9.26734994357286,"dipole",1,427
-2.06624771122952,-1.73943485161305,-9.81541910457407,"dipole",1,428
-2.37661213906136,-1.74025966702276,-9.78270333371351,"dipole",1,429
-1.26441867197997,-1.31671243140035,-9.76682560790131,"dipole",1,430
-1.24166923332534,-1.17565332459461,-9.78059753958653,"dipole",1,431
-1.90752369319311,-1.62868317913694,-9.36364174998259,"dipole",1,432
-1.66173869475824,-1.61347456158888,-10.5602047733179,"dipole",1,433
-1.63050477489923,-1.22317456757007,-10.8169113963538,"dipole",1,434
-1.92195426142367,-1.4866186323185,-10.7053150895198,"dipole",1,435
-1.37310879995656,-1.49354414311669,-10.4079683405137,"dipole",1,436
-2.29429867115082,-1.69931922747848,-10.6119325742447,"dipole",1,437
-1.87075322005135,-1.55805597627015,-10.5343102743266,"dipole",1,438
-1.60597801557433,-1.68100777024495,-10.4524496955863,"dipole",1,439
-1.11112157006543,-1.3247643686247,-10.379087818488,"dipole",1,440
-1.40771849645209,-1.3672626616456,-10.2944054472861,"dipole",1,441
-1.05290611004497,-1.3689301335987,-9.96383996397212,"dipole",1,442
-1.05290611004497,-1.3689301335987,-9.96383996397212,"dipole",1,443
-2.03584961746195,-1.80471981104874,-10.4964941502104,"dipole",1,444
-2.25920534552678,-1.6675954983136,-10.4275227819448,"dipole",1,445
-1.68627129050093,-1.49529664576592,-10.9481837917315,"dipole",1,446
-1.55587767413904,-1.31378534893137,-10.6661348742516,"dipole",1,447
-1.36439482843143,-1.25973246104691,-10.5101738230971,"dipole",1,448
-1.55134675087033,-1.40656934953355,-10.367763157337,"dipole",1,449
-1.71590714308252,-1.48993669060933,-9.73828693308568,"dipole",1,450
-1.71590714308252,-1.48993669060933,-9.73828693308568,"dipole",1,451
-1.35023058305233,-1.45997720600153,-9.94289461920535,"dipole",1,452
-1.35023058305233,-1.45997720600153,-9.94289461920535,"dipole",1,453
-1.35023058305233,-1.45997720600153,-9.94289461920535,"dipole",1,454
-1.87038978659353,-1.63168316573091,-10.478244988845,"dipole",1,455
-1.71607388280556,-1.45721574061242,-10.0136942947476,"dipole",1,456
-1.96780004280894,-1.47232946116841,-9.92517539483361,"dipole",1,457
-1.97065446469869,-1.48116146600735,-9.55513026795734,"dipole",1,458
-1.31358490788672,-1.40703238120619,-9.48295306821528,"dipole",1,459
-1.90557114176678,-1.67022807654255,-9.69305189164515,"dipole",1,460
-1.50974439299204,-1.62649417544583,-9.96798834024643,"dipole",1,461
-2.30366647437807,-1.61347013029217,-9.98045139694409,"dipole",1,462
-1.90233389911591,-1.66345435431715,-10.4186069098423,"dipole",1,463
-2.21001329440789,-1.58523817635319,-10.0359372076223,"dipole",1,464
-2.10375895782511,-1.60626388842388,-10.1891990705976,"dipole",1,465
-2.10375895782511,-1.60626388842388,-10.1891990705976,"dipole",1,466
-1.7301370266745,-1.57295067370398,-10.0510914751897,"dipole",1,467
-1.52909335223727,-1.65688529511417,-9.7825816407701,"dipole",1,468
-1.55099357788607,-1.54010339520733,-9.88143601459416,"dipole",1,469
-2.39653398344786,-1.67780533389479,-10.0718424167365,"dipole",1,470
-1.91685310143877,-1.66126016731956,-9.68834828423755,"dipole",1,471
-1.91685310143877,-1.66126016731956,-9.68834828423755,"dipole",1,472
-2.35361807784283,-1.57569160399807,-9.77175605832791,"dipole",1,473
-2.52530484550866,-1.72611198110444,-9.76728861984084,"dipole",1,474
-2.52530484550866,-1.72611198110444,-9.76728861984084,"dipole",1,475
-1.65618054828308,-1.50722563741183,-10.2405255144872,"dipole",1,476
-2.42010647663535,-1.54675385316157,-9.56666230466304,"dipole",1,477
-2.42010647663535,-1.54675385316157,-9.56666230466304,"dipole",1,478
-2.57306790892334,-1.63169858040175,-10.0274093063741,"dipole",1,479
-1.90918942282757,-1.43549463331771,-9.2558001623646,"dipole",1,480
-1.84631627736537,-1.74566171182147,-9.55128004045774,"dipole",1,481
-1.65309987551816,-1.63448992210963,-9.491907649666,"dipole",1,482
-2.169180834912,-1.77199428889745,-9.41475325792088,"dipole",1,483
-1.90373113074431,-1.5175355935541,-9.63569113126869,"dipole",1,484
-1.74134582011639,-1.49573649025127,-10.2190886774959,"dipole",1,485
-2.29406331366739,-1.75933693321066,-9.58642863975221,"dipole",1,486
-2.29406331366739,-1.75933693321066,-9.58642863975221,"dipole",1,487
-2.46281353814577,-1.60330383650688,-9.94205047946561,"dipole",1,488
-2.46281353814577,-1.60330383650688,-9.94205047946561,"dipole",1,489
-2.04465007944867,-1.72835329970177,-10.10502854419,"dipole",1,490
-2.20843605301934,-1.73653711010914,-9.65531512693642,"dipole",1,491
-2.20843605301934,-1.73653711010914,-9.65531512693642,"dipole",1,492
-2.39865629317535,-1.58434416737077,-9.92347886072625,"dipole",1,493
-2.39865629317535,-1.58434416737077,-9.92347886072625,"dipole",1,494
-2.27793710349805,-1.58648909110305,-9.88915922770129,"dipole",1,495
-2.65431312651308,-1.66825106672127,-9.88495153635962,"dipole",1,496
-1.25767039062571,-1.58062709127593,-10.4498681448657,"dipole",1,497
-1.62219814426621,-1.52457696935381,-10.7308121253812,"dipole",1,498
-1.62219814426621,-1.52457696935381,-10.7308121253812,"dipole",1,499
-1.8036086587765,-1.67162909738712,-10.237524754959,"dipole",1,500
-1.53997305665632,-1.51340966539869,-9.801402525186,"dipole",1,501
-1.53997305665632,-1.51340966539869,-9.801402525186,"dipole",1,502
-1.53997305665632,-1.51340966539869,-9.801402525186,"dipole",1,503
-2.03986716855459,-1.59615729950332,-9.95997431729883,"dipole",1,504
-2.03986716855459,-1.59615729950332,-9.95997431729883,"dipole",1,505
-2.03986716855459,-1.59615729950332,-9.95997431729883,"dipole",1,506
-2.03986716855459,-1.59615729950332,-9.95997431729883,"dipole",1,507
-1.40755489646805,-1.30941970036842,-10.2422710079839,"dipole",1,508
-1.69036611254592,-1.39211030965538,-9.31901932927313,"dipole",1,509
-1.6731672691933,-1.54622176227448,-9.20429221568856,"dipole",1,510
-1.01525883568486,-1.40812774879303,-10.0675104882188,"dipole",1,511
-2.49269756364708,-1.45881316428067,-9.70341576193972,"dipole",1,512
-2.49269756364708,-1.45881316428067,-9.70341576193972,"dipole",1,513
-2.49269756364708,-1.45881316428067,-9.70341576193972,"dipole",1,514
-2.49269756364708,-1.45881316428067,-9.70341576193972,"dipole",1,515
-2.61102332027597,-1.66002645620282,-9.79284065712758,"dipole",1,516
-2.66259219904468,-1.80679983438225,-9.54874205157211,"dipole",1,517
-2.48043365711229,-1.62777856990495,-9.36114451677022,"dipole",1,518
-2.04274533842537,-1.50146494964934,-9.42748298902246,"dipole",1,519
-1.62773520117579,-1.66636220835462,-9.26427681367209,"dipole",1,520
-1.62773520117579,-1.66636220835462,-9.26427681367209,"dipole",1,521
-1.62773520117579,-1.66636220835462,-9.26427681367209,"dipole",1,522
-1.62756863612931,-1.3966071680033,-9.59528944905027,"dipole",1,523
-1.62756863612931,-1.3966071680033,-9.59528944905027,"dipole",1,524
-1.62756863612931,-1.3966071680033,-9.59528944905027,"dipole",1,525
-1.80797765588287,-1.47682000725187,-9.27369931565774,"dipole",1,526
-1.80797765588287,-1.47682000725187,-9.27369931565774,"dipole",1,527
-1.24849405209034,-1.37750016677554,-9.74056910118763,"dipole",1,528
-1.39490680851311,-1.30483793033471,-10.3807405652073,"dipole",1,529
-0.866188155880917,-1.19489152852511,-10.3201856369041,"dipole",1,530
-1.96317649044153,-1.57385957403864,-10.7107224562869,"dipole",1,531
-1.96317649044153,-1.57385957403864,-10.7107224562869,"dipole",1,532
-1.12829348779085,-1.20288741727973,-9.58607637095381,"dipole",1,533
-1.12829348779085,-1.20288741727973,-9.58607637095381,"dipole",1,534
-2.16404653477937,-1.56951443070508,-9.96449434473278,"dipole",1,535
-2.10436375842187,-1.59747784774639,-9.58510564749914,"dipole",1,536
-1.75896602446563,-1.5709026697802,-9.82335637040949,"dipole",1,537
-1.75896602446563,-1.5709026697802,-9.82335637040949,"dipole",1,538
-1.75896602446563,-1.5709026697802,-9.82335637040949,"dipole",1,539
-1.75896602446563,-1.5709026697802,-9.82335637040949,"dipole",1,540
-1.82628964235205,-1.3241852189244,-9.56609985837027,"dipole",1,541
-1.57897279307573,-1.58131524586015,-9.93335042018098,"dipole",1,542
-1.98005330721714,-1.64410371126087,-10.3393250346218,"dipole",1,543
-1.81053610020746,-1.5767356534114,-9.84077205386949,"dipole",1,544
-2.03796736688186,-1.5636853983871,-9.66238373413046,"dipole",1,545
-2.03796736688186,-1.5636853983871,-9.66238373413046,"dipole",1,546
-1.85479410635718,-1.41539705695707,-9.06374158000985,"dipole",1,547
-1.71513826778797,-1.41231004834479,-9.35988480195979,"dipole",1,548
-2.46875091651522,-1.62902336844733,-9.41076711734509,"dipole",1,549
-1.84326317551743,-1.59047900319632,-10.2390973696046,"dipole",1,550
-1.84326317551743,-1.59047900319632,-10.2390973696046,"dipole",1,551
-1.84326317551743,-1.59047900319632,-10.2390973696046,"dipole",1,552
-1.84326317551743,-1.59047900319632,-10.2390973696046,"dipole",1,553
-2.02851623120009,-1.44858010492464,-9.8677001942793,"dipole",1,554
-2.42109998240625,-1.76630405384711,-10.1088170282341,"dipole",1,555
-2.21719859922893,-1.70431851257646,-9.45042938458801,"dipole",1,556
-2.20494612432344,-1.73123141535266,-9.35580588159173,"dipole",1,557
-2.38790127951265,-1.62775766414271,-9.67299141889211,"dipole",1,558
-1.96181476767383,-1.64281902696823,-10.0613311246598,"dipole",1,559
-2.00166009940822,-1.79448498833453,-9.72281642629915,"dipole",1,560
-1.69376840647498,-1.71277150497676,-9.80451064999636,"dipole",1,561
-1.1722573151866,-1.44431979524122,-9.84524158843954,"dipole",1,562
-2.68269881232005,-1.5181427928986,-9.83168873934511,"dipole",1,563
-2.54881074350628,-1.49206657378929,-9.78006837270974,"dipole",1,564
-2.32112371032719,-1.8285273373251,-9.94776065219168,"dipole",1,565
-1.91803199136991,-1.67301006997683,-9.32750022741618,"dipole",1,566
-1.91803199136991,-1.67301006997683,-9.32750022741618,"dipole",1,567
-1.64333810772603,-1.44176776202278,-9.83875746169966,"dipole",1,568
-1.64333810772603,-1.44176776202278,-9.83875746169966,"dipole",1,569
-1.64333810772603,-1.44176776202278,-9.83875746169966,"dipole",1,570
-1.64333810772603,-1.44176776202278,-9.83875746169966,"dipole",1,571
-1.64333810772603,-1.44176776202278,-9.83875746169966,"dipole",1,572
-1.64333810772603,-1.44176776202278,-9.83875746169966,"dipole",1,573
-1.56653846032967,-1.47804257079923,-9.60890083098436,"dipole",1,574
-1.56653846032967,-1.47804257079923,-9.60890083098436,"dipole",1,575
-1.26586313542394,-1.18900351803379,-9.89785807702253,"dipole",1,576
-1.26586313542394,-1.18900351803379,-9.89785807702253,"dipole",1,577
-1.26586313542394,-1.18900351803379,-9.89785807702253,"dipole",1,578
-2.4437974518109,-1.51297933451401,-10.6695090960891,"dipole",1,579
-2.0769468193998,-1.54841754602317,-10.4935087101614,"dipole",1,580
-2.0769468193998,-1.54841754602317,-10.4935087101614,"dipole",1,581
-1.59749565990247,-1.60540351857801,-9.7951579785689,"dipole",1,582
-1.59749565990247,-1.60540351857801,-9.7951579785689,"dipole",1,583
-1.88002769481857,-1.68715840092839,-9.66957208508588,"dipole",1,584
-1.64003576409432,-1.53365787093025,-9.54184919767708,"dipole",1,585
-1.64003576409432,-1.53365787093025,-9.54184919767708,"dipole",1,586
-1.786819938196,-1.48033825292809,-9.60276013344162,"dipole",1,587
-1.57140656480697,-1.45325469550142,-9.62911282866046,"dipole",1,588
-1.68153953351484,-1.54186123784438,-9.60632379267339,"dipole",1,589
-1.84614768554146,-1.51813354111309,-9.62814585653218,"dipole",1,590
-1.84614768554146,-1.51813354111309,-9.62814585653218,"dipole",1,591
-2.00216943918803,-1.4966478169811,-10.3784467957452,"dipole",1,592
-2.16050955242203,-1.49238057979667,-10.0039125919838,"dipole",1,593
-1.86754834547561,-1.53863858702797,-10.3952142595323,"dipole",1,594
-1.80273849597593,-1.35691158713294,-9.55574958592301,"dipole",1,595
-1.80273849597593,-1.35691158713294,-9.55574958592301,"dipole",1,596
-1.80273849597593,-1.35691158713294,-9.55574958592301,"dipole",1,597
-2.23388762250549,-1.45996062411533,-9.40089497731157,"dipole",1,598
-2.23388762250549,-1.45996062411533,-9.40089497731157,"dipole",1,599
-2.53975342675244,-1.66456174634226,-9.49157236160874,"dipole",1,600
-2.53975342675244,-1.66456174634226,-9.49157236160874,"dipole",1,601
-2.53975342675244,-1.66456174634226,-9.49157236160874,"dipole",1,602
-1.08334574518854,-1.30817491561418,-10.1265211694713,"dipole",1,603
-0.75072307392349,-1.16741455488981,-9.86591002004111,"dipole",1,604
-1.12653902272139,-1.11066109727387,-10.2446074887303,"dipole",1,605
-1.01480639686032,-1.449881117303,-9.71845493184992,"dipole",1,606
-0.777773429086287,-1.28383679907789,-9.84876495943505,"dipole",1,607
-0.877123708298253,-1.13841427011994,-9.45363584421832,"dipole",1,608
-1.39637978509259,-1.54427417504684,-9.20752039008349,"dipole",1,609
-1.84874818058748,-1.69727241835408,-9.18242064794565,"dipole",1,610
-1.84874818058748,-1.69727241835408,-9.18242064794565,"dipole",1,611
-1.585169232782,-1.59928826359459,-9.13314780785012,"dipole",1,612
-0.823269778880177,-1.09929125251093,-9.07379230877539,"dipole",1,613
-1.35469602149672,-1.46654521541689,-9.41217018440683,"dipole",1,614
-1.69555602901866,-1.49693102172199,-9.75379458161209,"dipole",1,615
-1.95218330836562,-1.55654575629433,-9.93793131986478,"dipole",1,616
-1.76118017303082,-1.68453268685546,-9.78947543193089,"dipole",1,617
-2.16943509848036,-1.74718351189981,-10.2080864321175,"dipole",1,618
-1.4915105401536,-1.41967335789362,-9.38411296250831,"dipole",1,619
-1.4915105401536,-1.41967335789362,-9.38411296250831,"dipole",1,620
-2.04715426360351,-1.82798682977251,-9.52960781321678,"dipole",1,621
-1.93168038114908,-1.53405389037329,-9.50186113442345,"dipole",1,622
-1.93168038114908,-1.53405389037329,-9.50186113442345,"dipole",1,623
-1.63831603335657,-1.59999245276898,-9.66319421397087,"dipole",1,624
-2.45894393325825,-1.67768539331472,-9.844289331448,"dipole",1,625
-2.45894393325825,-1.67768539331472,-9.844289331448,"dipole",1,626
-2.20876955973086,-1.73695526598217,-9.6975249220959,"dipole",1,627
-2.20876955973086,-1.73695526598217,-9.6975249220959,"dipole",1,628
-2.20876955973086,-1.73695526598217,-9.6975249220959,"dipole",1,629
-2.20876955973086,-1.73695526598217,-9.6975249220959,"dipole",1,630
-2.20876955973086,-1.73695526598217,-9.6975249220959,"dipole",1,631
-2.20876955973086,-1.73695526598217,-9.6975249220959,"dipole",1,632
-2.20876955973086,-1.73695526598217,-9.6975249220959,"dipole",1,633
-2.20876955973086,-1.73695526598217,-9.6975249220959,"dipole",1,634
-2.75217443548005,-1.77280530365843,-9.5163450393808,"dipole",1,635
-2.44499314354806,-1.67561766919887,-9.35366299073466,"dipole",1,636
-2.42075947157594,-1.6230105160733,-9.21805008236878,"dipole",1,637
-2.42075947157594,-1.6230105160733,-9.21805008236878,"dipole",1,638
-2.42075947157594,-1.6230105160733,-9.21805008236878,"dipole",1,639
-2.68931951205114,-1.49433884426406,-9.637236280216,"dipole",1,640
-1.7347536014434,-1.29062365609098,-9.46503919807637,"dipole",1,641
-2.17647781204713,-1.67671514117685,-9.48872224062413,"dipole",1,642
-2.17647781204713,-1.67671514117685,-9.48872224062413,"dipole",1,643
-2.52589961605601,-1.59061317317195,-9.88147799924507,"dipole",1,644
-2.52589961605601,-1.59061317317195,-9.88147799924507,"dipole",1,645
-2.52589961605601,-1.59061317317195,-9.88147799924507,"dipole",1,646
-2.52589961605601,-1.59061317317195,-9.88147799924507,"dipole",1,647
-1.95871203298139,-1.5809448296208,-10.0183061776139,"dipole",1,648
-1.95871203298139,-1.5809448296208,-10.0183061776139,"dipole",1,649
-1.95871203298139,-1.5809448296208,-10.0183061776139,"dipole",1,650
-1.86911833911448,-1.60810298908133,-9.38990139713573,"dipole",1,651
-2.25321430044127,-1.72943490414553,-10.0946448274739,"dipole",1,652
-1.57300455873816,-1.49786388698334,-9.94957832063062,"dipole",1,653
-1.57300455873816,-1.49786388698334,-9.94957832063062,"dipole",1,654
-1.42455602539874,-1.71109833245707,-9.29584751335572,"dipole",1,655
-1.65477791698814,-1.49979057913997,-9.56110130110536,"dipole",1,656
-1.65477791698814,-1.49979057913997,-9.56110130110536,"dipole",1,657
-1.95476447840348,-1.62302668460818,-9.82474632962066,"dipole",1,658
-1.95476447840348,-1.62302668460818,-9.82474632962066,"dipole",1,659
-1.95476447840348,-1.62302668460818,-9.82474632962066,"dipole",1,660
-2.53768369182839,-1.38151905282253,-10.0066442586947,"dipole",1,661
-1.69630170942164,-1.45649185516633,-10.5882485424716,"dipole",1,662
-0.918690593385406,-1.32940501226825,-9.45587867889598,"dipole",1,663
-1.08644102659849,-1.43781726755985,-10.1137613339142,"dipole",1,664
-1.24690484600883,-1.18617941412045,-10.0106567649323,"dipole",1,665
-0.907380020391982,-1.05410671590674,-9.61597705646708,"dipole",1,666
-0.853058033270067,-1.28310425900479,-10.0664643727191,"dipole",1,667
-1.66561268723395,-1.38784072874093,-10.1855312671778,"dipole",1,668
-2.67328948148364,-1.52171686745997,-10.170312458069,"dipole",1,669
-2.32416141466841,-1.58599648120578,-10.3594072313509,"dipole",1,670
-1.87054282471159,-1.57358857110341,-9.91348059679873,"dipole",1,671
-1.87054282471159,-1.57358857110341,-9.91348059679873,"dipole",1,672
-2.01175649398259,-1.6936744527204,-9.57705088935608,"dipole",1,673
-2.08508429196674,-1.78697556869036,-10.4485860945901,"dipole",1,674
-2.08508429196674,-1.78697556869036,-10.4485860945901,"dipole",1,675
-1.95392422968911,-1.78175455416538,-10.0169614427781,"dipole",1,676
-1.95392422968911,-1.78175455416538,-10.0169614427781,"dipole",1,677
-1.78501375012144,-1.52834069348348,-9.77863598070608,"dipole",1,678
-2.084221704843,-1.75113552175081,-10.0123075170979,"dipole",1,679
-2.084221704843,-1.75113552175081,-10.0123075170979,"dipole",1,680
-2.084221704843,-1.75113552175081,-10.0123075170979,"dipole",1,681
-2.14275891500461,-1.60832824404739,-9.53212003371446,"dipole",1,682
-2.14275891500461,-1.60832824404739,-9.53212003371446,"dipole",1,683
-2.37420021511569,-1.51447214039925,-9.8490068316988,"dipole",1,684
-2.37420021511569,-1.51447214039925,-9.8490068316988,"dipole",1,685
-2.30935658421003,-1.75299936256807,-10.3538170548213,"dipole",1,686
-1.48830707703199,-1.53300030900123,-10.0897556620723,"dipole",1,687
-1.48830707703199,-1.53300030900123,-10.0897556620723,"dipole",1,688
-2.09349096925389,-1.48505641580445,-9.77786526068919,"dipole",1,689
-2.48080056259924,-1.57384041532919,-10.1584827694393,"dipole",1,690
-2.01949084636213,-1.75319767266234,-9.91644315367762,"dipole",1,691
-2.01949084636213,-1.75319767266234,-9.91644315367762,"dipole",1,692
-1.86561348756712,-1.48266782642558,-9.86440233355138,"dipole",1,693
-1.81542733325672,-1.53583959754298,-9.83936979285752,"dipole",1,694
-1.81542733325672,-1.53583959754298,-9.83936979285752,"dipole",1,695
-1.81542733325672,-1.53583959754298,-9.83936979285752,"dipole",1,696
-1.81542733325672,-1.53583959754298,-9.83936979285752,"dipole",1,697
-1.99354046819011,-1.40160496041873,-10.1473592253926,"dipole",1,698
-1.87336408552961,-1.61745940688838,-10.5845126853423,"dipole",1,699
-1.87336408552961,-1.61745940688838,-10.5845126853423,"dipole",1,700
-1.77744605045972,-1.67065880360312,-10.078742557585,"dipole",2,1
-1.77744605045972,-1.67065880360312,-10.078742557585,"dipole",2,2
-1.68070033936476,-1.45195757869192,-9.89565542079833,"dipole",2,3
-2.13737823590458,-1.61855160184693,-9.96127259840711,"dipole",2,4
-1.84645576656795,-1.61520067373774,-9.78165942999198,"dipole",2,5
-1.84645576656795,-1.61520067373774,-9.78165942999198,"dipole",2,6
-2.17268131962133,-1.78289299829064,-9.94838788908316,"dipole",2,7
-2.17268131962133,-1.78289299829064,-9.94838788908316,"dipole",2,8
-1.70420240029863,-1.63067221210761,-10.1629952015522,"dipole",2,9
-1.70420240029863,-1.63067221210761,-10.1629952015522,"dipole",2,10
-2.19381360623491,-1.61826343280989,-9.60985967133877,"dipole",2,11
-2.19381360623491,-1.61826343280989,-9.60985967133877,"dipole",2,12
-2.32926360132309,-1.63804079186768,-10.0257364446943,"dipole",2,13
-2.32926360132309,-1.63804079186768,-10.0257364446943,"dipole",2,14
-2.48830502012489,-1.69146511666403,-9.35100243812544,"dipole",2,15
-2.48830502012489,-1.69146511666403,-9.35100243812544,"dipole",2,16
-2.2176834836123,-1.733261769476,-10.7011733487419,"dipole",2,17
-2.12766015935055,-1.61513639646007,-10.7560278772243,"dipole",2,18
-2.12766015935055,-1.61513639646007,-10.7560278772243,"dipole",2,19
-2.06919772734034,-1.43967364066181,-10.1459107001403,"dipole",2,20
-2.06919772734034,-1.43967364066181,-10.1459107001403,"dipole",2,21
-1.74094971225467,-1.4468541927749,-10.0338754537169,"dipole",2,22
-2.16195152490159,-1.72853082104423,-9.96988256216922,"dipole",2,23
-2.43589219587022,-1.58969211904339,-10.1050473785475,"dipole",2,24
-1.88447469311728,-1.5625490027788,-9.66896730768486,"dipole",2,25
-1.88447469311728,-1.5625490027788,-9.66896730768486,"dipole",2,26
-1.52964779687414,-1.45972986241038,-9.92772528148949,"dipole",2,27
-1.52964779687414,-1.45972986241038,-9.92772528148949,"dipole",2,28
-2.43785181859924,-1.71487025165381,-9.46416852299699,"dipole",2,29
-2.43785181859924,-1.71487025165381,-9.46416852299699,"dipole",2,30
-2.08524110969826,-1.64548786912277,-9.63013157630894,"dipole",2,31
-2.08524110969826,-1.64548786912277,-9.63013157630894,"dipole",2,32
-2.08524110969826,-1.64548786912277,-9.63013157630894,"dipole",2,33
-1.86842941138358,-1.65813484628261,-10.4657982752897,"dipole",2,34
-1.86842941138358,-1.65813484628261,-10.4657982752897,"dipole",2,35
-1.53553993846372,-1.44855557002444,-10.179967981179,"dipole",2,36
-2.08876845477445,-1.6284038442207,-10.1985776596756,"dipole",2,37
-2.08876845477445,-1.6284038442207,-10.1985776596756,"dipole",2,38
-2.08876845477445,-1.6284038442207,-10.1985776596756,"dipole",2,39
-2.08876845477445,-1.6284038442207,-10.1985776596756,"dipole",2,40
-1.90381050869264,-1.81507440094076,-10.0228030135979,"dipole",2,41
-1.11991668770364,-1.31023566238622,-9.46526591583877,"dipole",2,42
-1.27412341990611,-1.53534400361362,-9.47912085462976,"dipole",2,43
-1.91628497465398,-1.54375363766611,-9.98957208884864,"dipole",2,44
-1.91628497465398,-1.54375363766611,-9.98957208884864,"dipole",2,45
-2.26125985739638,-1.74723597806777,-9.94328493376285,"dipole",2,46
-1.78599892593374,-1.66747736134963,-9.99396060513955,"dipole",2,47
-1.78599892593374,-1.66747736134963,-9.99396060513955,"dipole",2,48
-1.78599892593374,-1.66747736134963,-9.99396060513955,"dipole",2,49
-1.81673378549115,-1.47875088041818,-9.76993816038098,"dipole",2,50
-2.15323268738656,-1.60030464612072,-9.68505321401728,"dipole",2,51
-2.15323268738656,-1.60030464612072,-9.68505321401728,"dipole",2,52
-2.15323268738656,-1.60030464612072,-9.68505321401728,"dipole",2,53
-2.15323268738656,-1.60030464612072,-9.68505321401728,"dipole",2,54
-2.15323268738656,-1.60030464612072,-9.68505321401728,"dipole",2,55
-2.41187009496428,-1.74826203962446,-9.66929323634814,"dipole",2,56
-2.41187009496428,-1.74826203962446,-9.66929323634814,"dipole",2,57
-2.44743290028487,-1.58156909844951,-9.35216659899878,"dipole",2,58
-1.53129780773009,-1.62906978651842,-10.0932434220405,"dipole",2,59
-2.65257592434846,-1.68242994244025,-10.4137616874298,"dipole",2,60
-2.65257592434846,-1.68242994244025,-10.4137616874298,"dipole",2,61
-1.91503628346976,-1.69396907003951,-9.57432330636488,"dipole",2,62
-1.91503628346976,-1.69396907003951,-9.57432330636488,"dipole",2,63
-2.00308421088139,-1.56898593905343,-10.1826406527213,"dipole",2,64
-2.00308421088139,-1.56898593905343,-10.1826406527213,"dipole",2,65
-2.00308421088139,-1.56898593905343,-10.1826406527213,"dipole",2,66
-2.00308421088139,-1.56898593905343,-10.1826406527213,"dipole",2,67
-2.00308421088139,-1.56898593905343,-10.1826406527213,"dipole",2,68
-2.00308421088139,-1.56898593905343,-10.1826406527213,"dipole",2,69
-2.00308421088139,-1.56898593905343,-10.1826406527213,"dipole",2,70
-1.45461874805003,-1.63447279635905,-10.1632290470682,"dipole",2,71
-1.43532023192963,-1.36109265133772,-10.0624868739627,"dipole",2,72
-1.96936893993016,-1.41440165675598,-10.0807802707668,"dipole",2,73
-2.42927071267995,-1.6064245195098,-9.58788274605058,"dipole",2,74
-1.45018589700286,-1.40180342685576,-9.95465543823049,"dipole",2,75
-2.00283209873817,-1.72921228460209,-9.90232046807789,"dipole",2,76
-1.25241606372481,-1.40374898857613,-10.2068976616512,"dipole",2,77
-1.73077415539236,-1.34044851169881,-10.0336440420768,"dipole",2,78
-1.89218239665338,-1.19608072563376,-9.94694806282218,"dipole",2,79
-1.29750765819432,-1.34509393304894,-10.0810314377461,"dipole",2,80
-1.22653639942424,-1.12460870824503,-9.75785432881102,"dipole",2,81
-1.94954290075181,-1.84488721308615,-9.73154566630423,"dipole",2,82
-2.38651834919744,-1.80176475574926,-9.44971735178263,"dipole",2,83
-2.38651834919744,-1.80176475574926,-9.44971735178263,"dipole",2,84
-1.58928561839908,-1.75699338222939,-9.40842083996516,"dipole",2,85
-2.39978020102081,-1.4873211069572,-9.79293200703245,"dipole",2,86
-2.39978020102081,-1.4873211069572,-9.79293200703245,"dipole",2,87
-2.39978020102081,-1.4873211069572,-9.79293200703245,"dipole",2,88
-1.97739489890253,-1.44196112614606,-9.79376880381555,"dipole",2,89
-1.97739489890253,-1.44196112614606,-9.79376880381555,"dipole",2,90
-1.97739489890253,-1.44196112614606,-9.79376880381555,"dipole",2,91
-0.637237543480706,-1.16140317761445,-10.2255119132334,"dipole",2,92
-1.24993482154824,-1.11698829939279,-10.3509830311491,"dipole",2,93
-1.25813281027481,-1.37975597533433,-10.1547790684854,"dipole",2,94
-1.25813281027481,-1.37975597533433,-10.1547790684854,"dipole",2,95
-1.6785609270338,-1.5209200023222,-9.94011085196452,"dipole",2,96
-1.82205208492845,-1.75339261793664,-9.82233888046116,"dipole",2,97
-1.53926796643262,-1.70242352027602,-9.97127571734715,"dipole",2,98
-1.04939247648516,-1.4003597171386,-9.50823029420676,"dipole",2,99
-2.09877289863778,-1.66195505968753,-9.11171634985223,"dipole",2,100
-1.75062509768157,-1.56343052403059,-10.1006959707128,"dipole",2,101
-1.75062509768157,-1.56343052403059,-10.1006959707128,"dipole",2,102
-1.75062509768157,-1.56343052403059,-10.1006959707128,"dipole",2,103
-1.44667515525723,-1.40686240793603,-9.65100614802608,"dipole",2,104
-1.91996346145413,-1.71124199806712,-10.4816663957704,"dipole",2,105
-1.91996346145413,-1.71124199806712,-10.4816663957704,"dipole",2,106
-0.8369277417947,-1.30214104659694,-10.0470004888391,"dipole",2,107
-1.21182418480586,-1.23853805875352,-10.0399456896861,"dipole",2,108
-2.08572689674193,-1.58487844691893,-10.4073533957178,"dipole",2,109
-2.08572689674193,-1.58487844691893,-10.4073533957178,"dipole",2,110
-2.08572689674193,-1.58487844691893,-10.4073533957178,"dipole",2,111
-1.98487911848678,-1.54934775772089,-10.3520574878853,"dipole",2,112
-2.03754313598108,-1.68521409502063,-10.3497292758923,"dipole",2,113
-2.03754313598108,-1.68521409502063,-10.3497292758923,"dipole",2,114
-2.03754313598108,-1.68521409502063,-10.3497292758923,"dipole",2,115
-1.90695391750482,-1.61535348819486,-9.99549872380942,"dipole",2,116
-1.90695391750482,-1.61535348819486,-9.99549872380942,"dipole",2,117
-1.90695391750482,-1.61535348819486,-9.99549872380942,"dipole",2,118
-1.35941902194404,-1.41641884705986,-9.93152750844004,"dipole",2,119
-1.6344457166687,-1.4773326831053,-9.95424658998425,"dipole",2,120
-1.6344457166687,-1.4773326831053,-9.95424658998425,"dipole",2,121
-1.42789909207939,-1.42831110928971,-10.1548049968641,"dipole",2,122
-1.42789909207939,-1.42831110928971,-10.1548049968641,"dipole",2,123
-1.81779428374448,-1.48450417119438,-10.3924004100924,"dipole",2,124
-1.81779428374448,-1.48450417119438,-10.3924004100924,"dipole",2,125
-1.71124899700194,-1.5127493188721,-10.4254363587589,"dipole",2,126
-2.36021288182118,-1.51803441471266,-9.96699401827697,"dipole",2,127
-2.16819036855113,-1.62227408974229,-10.1681948764251,"dipole",2,128
-2.79103657221752,-1.79011340254125,-10.0076368723875,"dipole",2,129
-0.798102894515425,-1.27085130999102,-10.3001250108346,"dipole",2,130
-0.979291564038464,-1.3022361036332,-9.67746341178888,"dipole",2,131
-0.979291564038464,-1.3022361036332,-9.67746341178888,"dipole",2,132
-0.979291564038464,-1.3022361036332,-9.67746341178888,"dipole",2,133
-0.979291564038464,-1.3022361036332,-9.67746341178888,"dipole",2,134
-1.42449416468458,-1.45577726036847,-9.44267912780695,"dipole",2,135
-1.42449416468458,-1.45577726036847,-9.44267912780695,"dipole",2,136
-2.37450599259975,-1.48905695787244,-10.1758940832413,"dipole",2,137
-2.70253603568956,-1.65104999462046,-9.85538063307289,"dipole",2,138
-2.38222206328085,-1.52922633334667,-9.29700177218367,"dipole",2,139
-2.35884950016254,-1.58676917870931,-9.92219385672478,"dipole",2,140
-1.95077956462385,-1.56147535039807,-9.81108848892071,"dipole",2,141
-1.95077956462385,-1.56147535039807,-9.81108848892071,"dipole",2,142
-1.95077956462385,-1.56147535039807,-9.81108848892071,"dipole",2,143
-1.95077956462385,-1.56147535039807,-9.81108848892071,"dipole",2,144
-1.95077956462385,-1.56147535039807,-9.81108848892071,"dipole",2,145
-1.95077956462385,-1.56147535039807,-9.81108848892071,"dipole",2,146
-1.50987611680188,-1.68181282859757,-9.26800696699163,"dipole",2,147
-1.67352071559342,-1.67842857276121,-9.21022865715553,"dipole",2,148
-1.67352071559342,-1.67842857276121,-9.21022865715553,"dipole",2,149
-1.52784858199069,-1.65441201901313,-9.51687539724631,"dipole",2,150
-1.52784858199069,-1.65441201901313,-9.51687539724631,"dipole",2,151
-1.61698508754362,-1.40917094277251,-9.9347865861202,"dipole",2,152
-2.33827042709346,-1.62045112782549,-10.1917061097372,"dipole",2,153
-2.33827042709346,-1.62045112782549,-10.1917061097372,"dipole",2,154
-2.07277826100281,-1.61542495734283,-9.39584419006064,"dipole",2,155
-1.98406969659118,-1.4305277228783,-10.0842188533099,"dipole",2,156
-2.09965600966853,-1.65242934643669,-9.8861902466522,"dipole",2,157
-2.09965600966853,-1.65242934643669,-9.8861902466522,"dipole",2,158
-2.09965600966853,-1.65242934643669,-9.8861902466522,"dipole",2,159
-2.09965600966853,-1.65242934643669,-9.8861902466522,"dipole",2,160
-2.09965600966853,-1.65242934643669,-9.8861902466522,"dipole",2,161
-2.09965600966853,-1.65242934643669,-9.8861902466522,"dipole",2,162
-2.09965600966853,-1.65242934643669,-9.8861902466522,"dipole",2,163
-2.09965600966853,-1.65242934643669,-9.8861902466522,"dipole",2,164
-2.09965600966853,-1.65242934643669,-9.8861902466522,"dipole",2,165
-2.09965600966853,-1.65242934643669,-9.8861902466522,"dipole",2,166
-2.09965600966853,-1.65242934643669,-9.8861902466522,"dipole",2,167
-2.09965600966853,-1.65242934643669,-9.8861902466522,"dipole",2,168
-2.09965600966853,-1.65242934643669,-9.8861902466522,"dipole",2,169
-1.69393393437339,-1.63017087998358,-10.0017030881264,"dipole",2,170
-1.9696700028307,-1.69693452038428,-9.53758335222434,"dipole",2,171
-1.9696700028307,-1.69693452038428,-9.53758335222434,"dipole",2,172
-1.9696700028307,-1.69693452038428,-9.53758335222434,"dipole",2,173
-1.9696700028307,-1.69693452038428,-9.53758335222434,"dipole",2,174
-1.95448229268177,-1.54520224318699,-9.51208347344855,"dipole",2,175
-1.89905550128144,-1.58638607502864,-10.1798499595301,"dipole",2,176
-2.25419863264639,-1.59618523824156,-10.0223633510264,"dipole",2,177
-2.25419863264639,-1.59618523824156,-10.0223633510264,"dipole",2,178
-2.2962577569857,-1.50071362012697,-10.5440777450806,"dipole",2,179
-2.2962577569857,-1.50071362012697,-10.5440777450806,"dipole",2,180
-2.52798531539084,-1.62972384770162,-10.6222661754476,"dipole",2,181
-2.23411017554119,-1.58102592606504,-10.3832837603821,"dipole",2,182
-2.44634022430868,-1.77316834121317,-10.1723463608576,"dipole",2,183
-2.44634022430868,-1.77316834121317,-10.1723463608576,"dipole",2,184
-2.45493888729231,-1.79812584722908,-10.1761141165663,"dipole",2,185
-1.91548601778601,-1.25934642495943,-9.80547486914876,"dipole",2,186
-0.747972507978001,-1.21682128864381,-10.0645344183491,"dipole",2,187
-1.15335280123795,-1.33245891475865,-9.50155925301563,"dipole",2,188
-1.15335280123795,-1.33245891475865,-9.50155925301563,"dipole",2,189
-2.26017464958316,-1.62035229504531,-9.66070614316289,"dipole",2,190
-2.26017464958316,-1.62035229504531,-9.66070614316289,"dipole",2,191
-2.26017464958316,-1.62035229504531,-9.66070614316289,"dipole",2,192
-2.36210519624407,-1.66337771875119,-9.5641693421934,"dipole",2,193
-1.92733978843919,-1.4954653230292,-9.99514377581267,"dipole",2,194
-2.41215126268606,-1.71551559002251,-10.2050528519818,"dipole",2,195
-2.41215126268606,-1.71551559002251,-10.2050528519818,"dipole",2,196
-2.43602026829111,-1.6364417662609,-9.95009056766792,"dipole",2,197
-2.25967928599692,-1.69740498002036,-9.7756462545415,"dipole",2,198
-2.25967928599692,-1.69740498002036,-9.7756462545415,"dipole",2,199
-2.25967928599692,-1.69740498002036,-9.7756462545415,"dipole",2,200
-1.98361438924752,-1.56909078226476,-9.68424547643867,"dipole",2,201
-2.18070817498366,-1.55201295203523,-9.84114395929711,"dipole",2,202
-2.18070817498366,-1.55201295203523,-9.84114395929711,"dipole",2,203
-1.89551812299893,-1.52907691956686,-9.95229626462178,"dipole",2,204
-1.89551812299893,-1.52907691956686,-9.95229626462178,"dipole",2,205
-1.89551812299893,-1.52907691956686,-9.95229626462178,"dipole",2,206
-2.01534414222697,-1.58382626901809,-9.9951947605305,"dipole",2,207
-1.70146785996262,-1.66081854589479,-9.62371389175343,"dipole",2,208
-1.70146785996262,-1.66081854589479,-9.62371389175343,"dipole",2,209
-1.86831444938683,-1.60697311400597,-9.60893317927571,"dipole",2,210
-1.49730358812624,-1.34544155129057,-9.84138677777624,"dipole",2,211
-2.3233577335009,-1.72423927009642,-10.111998959022,"dipole",2,212
-2.3233577335009,-1.72423927009642,-10.111998959022,"dipole",2,213
-2.3209426906301,-1.62424199354014,-10.3142604896394,"dipole",2,214
-2.35007917952447,-1.78620156300255,-10.0820671563695,"dipole",2,215
-2.35007917952447,-1.78620156300255,-10.0820671563695,"dipole",2,216
-2.35649613897908,-1.78399054343429,-9.68108809118835,"dipole",2,217
-1.88235042044277,-1.61750873186706,-10.2199311176408,"dipole",2,218
-2.02489625194415,-1.63214152063007,-10.0576101495165,"dipole",2,219
-1.43255919519177,-1.59711044306264,-9.46172386114295,"dipole",2,220
-1.95679164383044,-1.61072881214912,-9.40600129176806,"dipole",2,221
-1.95679164383044,-1.61072881214912,-9.40600129176806,"dipole",2,222
-1.95679164383044,-1.61072881214912,-9.40600129176806,"dipole",2,223
-1.95679164383044,-1.61072881214912,-9.40600129176806,"dipole",2,224
-1.95679164383044,-1.61072881214912,-9.40600129176806,"dipole",2,225
-1.95679164383044,-1.61072881214912,-9.40600129176806,"dipole",2,226
-1.95679164383044,-1.61072881214912,-9.40600129176806,"dipole",2,227
-1.95679164383044,-1.61072881214912,-9.40600129176806,"dipole",2,228
-2.38219984631408,-1.50775952026555,-9.85084854682872,"dipole",2,229
-1.62517556015512,-1.60774039938532,-9.77879795007697,"dipole",2,230
-1.8632716331284,-1.58032273075504,-9.91043856972612,"dipole",2,231
-1.8632716331284,-1.58032273075504,-9.91043856972612,"dipole",2,232
-1.8632716331284,-1.58032273075504,-9.91043856972612,"dipole",2,233
-1.8632716331284,-1.58032273075504,-9.91043856972612,"dipole",2,234
-1.08947585874887,-1.09371193780086,-9.45238844640085,"dipole",2,235
-1.85544861861456,-1.57491523362802,-8.90669796776419,"dipole",2,236
-1.40117389513825,-1.40555094474858,-9.52702646437839,"dipole",2,237
-1.40117389513825,-1.40555094474858,-9.52702646437839,"dipole",2,238
-1.51103842998955,-1.48633941079758,-9.91945084419878,"dipole",2,239
-1.51103842998955,-1.48633941079758,-9.91945084419878,"dipole",2,240
-1.51103842998955,-1.48633941079758,-9.91945084419878,"dipole",2,241
-1.59434441477082,-1.3863274979329,-10.1855108638041,"dipole",2,242
-1.79833600856822,-1.6351568671617,-9.78166800547519,"dipole",2,243
-2.10652080702164,-1.7224952195519,-9.96413370699896,"dipole",2,244
-2.13678032993416,-1.60442986567606,-9.77030513309711,"dipole",2,245
-2.5920184584561,-1.61032270314334,-9.65914524977053,"dipole",2,246
-1.84071270138784,-1.54967417224439,-9.76092030265216,"dipole",2,247
-2.16828286090178,-1.51382580056812,-9.82894111085884,"dipole",2,248
-2.16828286090178,-1.51382580056812,-9.82894111085884,"dipole",2,249
-2.16828286090178,-1.51382580056812,-9.82894111085884,"dipole",2,250
-2.16828286090178,-1.51382580056812,-9.82894111085884,"dipole",2,251
-1.93778817883673,-1.45411308013968,-9.82508651530748,"dipole",2,252
-1.93778817883673,-1.45411308013968,-9.82508651530748,"dipole",2,253
-1.17526193045414,-1.39694271901142,-9.86898143970551,"dipole",2,254
-1.65448035503098,-1.51903842984115,-10.1626277507669,"dipole",2,255
-1.76626331775015,-1.53571839356659,-9.68776844840854,"dipole",2,256
-1.76626331775015,-1.53571839356659,-9.68776844840854,"dipole",2,257
-2.54470288509837,-1.69931402096847,-9.80577658954888,"dipole",2,258
-1.59153191412868,-1.52766263972682,-10.0843449975579,"dipole",2,259
-1.94216787581654,-1.52147489746175,-10.1533102640235,"dipole",2,260
-1.17651914224575,-1.24546347011047,-9.80280943459682,"dipole",2,261
-1.6576574070986,-1.444722307652,-9.37669468512753,"dipole",2,262
-1.6576574070986,-1.444722307652,-9.37669468512753,"dipole",2,263
-1.6576574070986,-1.444722307652,-9.37669468512753,"dipole",2,264
-2.26391474722206,-1.88545219290724,-9.7461676289357,"dipole",2,265
-1.96491354630981,-1.68292279139061,-9.60527197409119,"dipole",2,266
-1.9321745711805,-1.71812649600888,-9.59481790313919,"dipole",2,267
-1.9321745711805,-1.71812649600888,-9.59481790313919,"dipole",2,268
-1.9321745711805,-1.71812649600888,-9.59481790313919,"dipole",2,269
-2.05271385870053,-1.63061305052311,-9.61253627905049,"dipole",2,270
-2.47942382067086,-1.68554678645393,-9.64421246466897,"dipole",2,271
-1.13491438809972,-1.37104180509628,-10.3692861641292,"dipole",2,272
-2.45244390487584,-1.64561806624934,-9.81741519518004,"dipole",2,273
-1.27432936000581,-1.55261422720346,-9.68105382378514,"dipole",2,274
-2.20233470304514,-1.4435847650051,-9.38467661884561,"dipole",2,275
-2.03150121497643,-1.56232381932004,-9.00824044020104,"dipole",2,276
-1.44467762515226,-1.5251035759091,-9.73899826479244,"dipole",2,277
-1.44467762515226,-1.5251035759091,-9.73899826479244,"dipole",2,278
-2.22999417606751,-1.74863673971154,-10.4260566506358,"dipole",2,279
-2.22999417606751,-1.74863673971154,-10.4260566506358,"dipole",2,280
-1.74749106266089,-1.5882731408823,-10.1285815600862,"dipole",2,281
-1.74749106266089,-1.5882731408823,-10.1285815600862,"dipole",2,282
-1.74749106266089,-1.5882731408823,-10.1285815600862,"dipole",2,283
-2.2455148851117,-1.52736168289443,-10.3872833550157,"dipole",2,284
-0.435429386262213,-1.15403817966222,-9.36291410877934,"dipole",2,285
-0.798877733406048,-1.28210005661824,-9.3016728831871,"dipole",2,286
-0.917981195256869,-1.05302629605888,-9.42591857707526,"dipole",2,287
-1.6301320560957,-1.46371290339175,-9.29704527118887,"dipole",2,288
-1.57469457119809,-1.55592182022144,-10.3172698918952,"dipole",2,289
-1.57469457119809,-1.55592182022144,-10.3172698918952,"dipole",2,290
-1.89894329056728,-1.5454437926103,-10.0803708631385,"dipole",2,291
-2.04512100950675,-1.55385259148946,-9.97978158993825,"dipole",2,292
-2.04512100950675,-1.55385259148946,-9.97978158993825,"dipole",2,293
-2.04512100950675,-1.55385259148946,-9.97978158993825,"dipole",2,294
-2.46334259506969,-1.78579635708996,-10.0445180171237,"dipole",2,295
-2.46334259506969,-1.78579635708996,-10.0445180171237,"dipole",2,296
-2.49863683510315,-1.55696267713757,-9.47425982594946,"dipole",2,297
-0.840669256264195,-1.2338155716239,-9.91281501261923,"dipole",2,298
-1.65061052517775,-1.41808003067324,-10.4871458416067,"dipole",2,299
-2.40798390178733,-1.72478400658891,-9.96727287503264,"dipole",2,300
-2.377330667122,-1.65227660877277,-10.023012195944,"dipole",2,301
-2.0413100816144,-1.74614004604471,-10.2737558389111,"dipole",2,302
-2.0413100816144,-1.74614004604471,-10.2737558389111,"dipole",2,303
-2.02908740061874,-1.41142802198551,-10.1935520090825,"dipole",2,304
-2.02908740061874,-1.41142802198551,-10.1935520090825,"dipole",2,305
-2.58972712620327,-1.60921763572688,-9.46892731038531,"dipole",2,306
-1.77577929326753,-1.72471993676868,-10.1924299567199,"dipole",2,307
-2.48115884767567,-1.81526560532771,-10.0080245623957,"dipole",2,308
-1.89172182878103,-1.64801453559406,-10.2499299560365,"dipole",2,309
-1.96084993189962,-1.68857755923791,-10.3121330424932,"dipole",2,310
-0.89409617751569,-1.1330544835216,-9.85388755204591,"dipole",2,311
-1.47095350420538,-1.34601546367263,-10.3355689804376,"dipole",2,312
-1.54298553118032,-1.26069368874154,-10.0208859981096,"dipole",2,313
-2.58519520960774,-1.575768215689,-9.75432179008303,"dipole",2,314
-1.72436150938481,-1.70416332185836,-10.1370742806621,"dipole",2,315
-2.15437933127237,-1.45912550045715,-10.115614708984,"dipole",2,316
-2.15437933127237,-1.45912550045715,-10.115614708984,"dipole",2,317
-2.15437933127237,-1.45912550045715,-10.115614708984,"dipole",2,318
-1.74945603161614,-1.32491904743416,-10.0425169646173,"dipole",2,319
-1.91078872829963,-1.58044608217392,-10.0135942940787,"dipole",2,320
-1.90039755881274,-1.54707133714251,-9.99756444643698,"dipole",2,321
-2.07130557515501,-1.63256660612967,-9.94550925422733,"dipole",2,322
-1.88100341417724,-1.48603895919885,-9.76031038449483,"dipole",2,323
-1.88100341417724,-1.48603895919885,-9.76031038449483,"dipole",2,324
-1.88100341417724,-1.48603895919885,-9.76031038449483,"dipole",2,325
-1.7585468871078,-1.53366332883905,-9.45510146638494,"dipole",2,326
-2.18284361183419,-1.631582732304,-9.67283534300728,"dipole",2,327
-2.18284361183419,-1.631582732304,-9.67283534300728,"dipole",2,328
-1.73494797439922,-1.4850950932095,-10.2895254998539,"dipole",2,329
-1.86704604846301,-1.42272454255563,-9.59411767585501,"dipole",2,330
-1.77162670158991,-1.59511653545413,-9.31312093784904,"dipole",2,331
-2.61957912386308,-1.63895344327858,-8.79884376916859,"dipole",2,332
-2.01621904431854,-1.62653361854675,-9.80483186042375,"dipole",2,333
-2.45021015558395,-1.75151829558834,-9.81337166425122,"dipole",2,334
-2.45476702695906,-1.79853764945314,-10.0493065945618,"dipole",2,335
-2.30582977873642,-1.74526033002977,-10.0298977867873,"dipole",2,336
-2.30582977873642,-1.74526033002977,-10.0298977867873,"dipole",2,337
-2.30582977873642,-1.74526033002977,-10.0298977867873,"dipole",2,338
-2.19350916868044,-1.6295192235204,-9.56974083656733,"dipole",2,339
-2.19322485272396,-1.66369712731828,-9.92982321061049,"dipole",2,340
-2.19322485272396,-1.66369712731828,-9.92982321061049,"dipole",2,341
-2.19322485272396,-1.66369712731828,-9.92982321061049,"dipole",2,342
-2.19322485272396,-1.66369712731828,-9.92982321061049,"dipole",2,343
-1.61221373290694,-1.529388366846,-9.4371329653578,"dipole",2,344
-1.61221373290694,-1.529388366846,-9.4371329653578,"dipole",2,345
-1.728517442382,-1.49413343007498,-9.99663927869192,"dipole",2,346
-2.01178190849736,-1.49141733478756,-10.1134727150016,"dipole",2,347
-2.00206345729626,-1.48790787534475,-9.80014414703285,"dipole",2,348
-2.04366809879717,-1.57954367909264,-10.2658383865588,"dipole",2,349
-2.04366809879717,-1.57954367909264,-10.2658383865588,"dipole",2,350
-1.88502836172109,-1.48396453973952,-9.93247638833917,"dipole",2,351
-1.62934289827814,-1.59278915188148,-10.2694792106534,"dipole",2,352
-1.62934289827814,-1.59278915188148,-10.2694792106534,"dipole",2,353
-1.62934289827814,-1.59278915188148,-10.2694792106534,"dipole",2,354
-2.15987151658876,-1.89468402715619,-9.59782634372293,"dipole",2,355
-1.96250072949584,-1.57137468722051,-9.95762751648819,"dipole",2,356
-1.96250072949584,-1.57137468722051,-9.95762751648819,"dipole",2,357
-1.96250072949584,-1.57137468722051,-9.95762751648819,"dipole",2,358
-1.96250072949584,-1.57137468722051,-9.95762751648819,"dipole",2,359
-1.96250072949584,-1.57137468722051,-9.95762751648819,"dipole",2,360
-1.96250072949584,-1.57137468722051,-9.95762751648819,"dipole",2,361
-2.17330258161702,-1.58289152848636,-10.2573246988051,"dipole",2,362
-2.22795153003896,-1.62844841221778,-9.67702198505795,"dipole",2,363
-2.22795153003896,-1.62844841221778,-9.67702198505795,"dipole",2,364
-2.39143882831855,-1.80310180061468,-10.3092128548482,"dipole",2,365
-2.76287337727013,-1.78994643184667,-10.6279800889515,"dipole",2,366
-1.81749483476196,-1.6051827644813,-10.8279252619198,"dipole",2,367
-1.81749483476196,-1.6051827644813,-10.8279252619198,"dipole",2,368
-1.81749483476196,-1.6051827644813,-10.8279252619198,"dipole",2,369
-1.72590309453972,-1.49725563643494,-10.6433926346922,"dipole",2,370
-1.55618808563425,-1.42341044355386,-10.4100390982935,"dipole",2,371
-1.55618808563425,-1.42341044355386,-10.4100390982935,"dipole",2,372
-1.97826697492213,-1.63793855997416,-10.1818240107204,"dipole",2,373
-1.97826697492213,-1.63793855997416,-10.1818240107204,"dipole",2,374
-1.97826697492213,-1.63793855997416,-10.1818240107204,"dipole",2,375
-2.08441758966194,-1.49683375580722,-10.0695190229491,"dipole",2,376
-0.79775329108242,-1.03062387905644,-10.0229282963322,"dipole",2,377
-1.01509030930753,-1.30390490680891,-9.92058549491825,"dipole",2,378
-1.57183078036921,-1.34220454108418,-9.47581375968464,"dipole",2,379
-2.33719314425138,-1.57661892700384,-9.68846556344671,"dipole",2,380
-2.65433438745763,-1.68147761020404,-9.92971757675645,"dipole",2,381
-1.93535606372057,-1.59951465199378,-10.5322835395497,"dipole",2,382
-1.90944680938427,-1.56847407327573,-10.27039865796,"dipole",2,383
-1.90944680938427,-1.56847407327573,-10.27039865796,"dipole",2,384
-2.45524352532697,-1.74683128897572,-10.3145744315098,"dipole",2,385
-2.91663991370914,-1.50030357997145,-9.9923955226359,"dipole",2,386
-2.47260703994647,-1.43796068111123,-9.51751229055005,"dipole",2,387
-2.47260703994647,-1.43796068111123,-9.51751229055005,"dipole",2,388
-2.2310829164099,-1.54405412946964,-9.39206290506947,"dipole",2,389
-2.33239821888435,-1.59990231000415,-9.955421549364,"dipole",2,390
-2.33239821888435,-1.59990231000415,-9.955421549364,"dipole",2,391
-2.33239821888435,-1.59990231000415,-9.955421549364,"dipole",2,392
-2.33239821888435,-1.59990231000415,-9.955421549364,"dipole",2,393
-1.84108506836874,-1.62412721177097,-10.0861161833613,"dipole",2,394
-2.65141095728789,-1.67185687284557,-9.89757188908314,"dipole",2,395
-2.65141095728789,-1.67185687284557,-9.89757188908314,"dipole",2,396
-2.08332164188291,-1.5912869653051,-9.40689194948519,"dipole",2,397
-1.96458431855063,-1.4229470054862,-9.51141762767428,"dipole",2,398
-1.96458431855063,-1.4229470054862,-9.51141762767428,"dipole",2,399
-1.99795056625553,-1.55260961177776,-10.274752193528,"dipole",2,400
-2.19259578460076,-1.54721178045908,-10.0134485168814,"dipole",2,401
-2.19259578460076,-1.54721178045908,-10.0134485168814,"dipole",2,402
-2.08103222093597,-1.66628958762039,-9.62070989875489,"dipole",2,403
-2.08103222093597,-1.66628958762039,-9.62070989875489,"dipole",2,404
-2.46497855524409,-1.76273012997522,-9.76404481510987,"dipole",2,405
-2.46293737579948,-1.64838326259583,-9.67623131306912,"dipole",2,406
-2.02073038027077,-1.49041288699297,-9.26604178456522,"dipole",2,407
-2.02073038027077,-1.49041288699297,-9.26604178456522,"dipole",2,408
-2.10486294415547,-1.92348608814758,-9.9136912501661,"dipole",2,409
-1.68469136528214,-1.64259495162022,-9.50863705337768,"dipole",2,410
-2.02182882283287,-1.51092593107358,-9.78611502536515,"dipole",2,411
-2.02182882283287,-1.51092593107358,-9.78611502536515,"dipole",2,412
-2.02182882283287,-1.51092593107358,-9.78611502536515,"dipole",2,413
-1.74696795694548,-1.67913576578619,-9.64984307894034,"dipole",2,414
-1.74696795694548,-1.67913576578619,-9.64984307894034,"dipole",2,415
-1.74696795694548,-1.67913576578619,-9.64984307894034,"dipole",2,416
-1.74696795694548,-1.67913576578619,-9.64984307894034,"dipole",2,417
-2.28275708193006,-1.78256175789511,-9.6457976177697,"dipole",2,418
-2.28275708193006,-1.78256175789511,-9.6457976177697,"dipole",2,419
-2.01284349910964,-1.79403094539072,-9.50709950238911,"dipole",2,420
-1.10451234149198,-1.32757783460591,-10.4356605576969,"dipole",2,421
-1.30363678242921,-1.28201660977752,-9.9712999781955,"dipole",2,422
-1.55882360142522,-1.52970400991141,-9.6291843414062,"dipole",2,423
-1.55882360142522,-1.52970400991141,-9.6291843414062,"dipole",2,424
-1.55882360142522,-1.52970400991141,-9.6291843414062,"dipole",2,425
-1.76113156580911,-1.51107833035533,-9.17828671625854,"dipole",2,426
-1.129535067657,-1.0731073220671,-9.41292230818452,"dipole",2,427
-2.01522685426002,-1.4561726154025,-9.90119913172577,"dipole",2,428
-2.05118569101004,-1.79969986605595,-10.2565630634137,"dipole",2,429
-1.36004505667938,-1.5495929411785,-10.1163674053812,"dipole",2,430
-1.36004505667938,-1.5495929411785,-10.1163674053812,"dipole",2,431
-1.40965081639657,-1.4921385607051,-10.5327317286111,"dipole",2,432
-1.34138554491521,-1.5931719352438,-9.97049997621631,"dipole",2,433
-1.34138554491521,-1.5931719352438,-9.97049997621631,"dipole",2,434
-1.93422979676667,-1.80926605871349,-10.1471048159,"dipole",2,435
-1.93422979676667,-1.80926605871349,-10.1471048159,"dipole",2,436
-1.36969940974089,-1.31981719627692,-9.59726931351392,"dipole",2,437
-2.24856633416176,-1.65808663553771,-9.42844718306613,"dipole",2,438
-2.38905343722347,-1.54453782521119,-9.44937359687419,"dipole",2,439
-1.92539827615164,-1.63087664934635,-9.50434687504087,"dipole",2,440
-1.7924057678449,-1.59738332735474,-10.0962577386717,"dipole",2,441
-1.7924057678449,-1.59738332735474,-10.0962577386717,"dipole",2,442
-1.7924057678449,-1.59738332735474,-10.0962577386717,"dipole",2,443
-2.04560168887129,-1.71486939407386,-10.0105094840847,"dipole",2,444
-2.04560168887129,-1.71486939407386,-10.0105094840847,"dipole",2,445
-1.08995669013382,-1.20979674988508,-10.2761955793126,"dipole",2,446
0.144605632788765,-0.845355163188621,-9.92395937849726,"dipole",2,447
-0.00667384510642022,-0.684635748957094,-10.1407598586692,"dipole",2,448
-0.429264472105921,-0.894896993405232,-10.6578687331985,"dipole",2,449
-1.24745994088746,-1.26936767508171,-10.4810052125158,"dipole",2,450
-2.22396204901471,-1.63648104924716,-10.1258382466572,"dipole",2,451
-1.90373593906009,-1.62499821954383,-9.97647757000636,"dipole",2,452
-1.90373593906009,-1.62499821954383,-9.97647757000636,"dipole",2,453
-1.90373593906009,-1.62499821954383,-9.97647757000636,"dipole",2,454
-1.89215818690712,-1.59568879130785,-10.0907593011525,"dipole",2,455
-1.89215818690712,-1.59568879130785,-10.0907593011525,"dipole",2,456
-2.11561935536811,-1.53624095864483,-9.7601919532209,"dipole",2,457
-1.45856184731774,-1.3946145164463,-9.57667781808208,"dipole",2,458
-1.45856184731774,-1.3946145164463,-9.57667781808208,"dipole",2,459
-0.434830770730285,-1.02338466551896,-9.70413691076727,"dipole",2,460
-1.63197957241834,-1.61928180080424,-9.61696680980687,"dipole",2,461
-1.90253306109336,-1.6373881402642,-9.76763705767337,"dipole",2,462
-1.93727080205028,-1.59252529458984,-10.51892167281,"dipole",2,463
-1.49410920992224,-1.45881749474184,-9.89135348335728,"dipole",2,464
-2.09728016328334,-1.47363940383269,-9.37250240356851,"dipole",2,465
-1.95661865750752,-1.65503727376583,-9.88371387894274,"dipole",2,466
-1.95661865750752,-1.65503727376583,-9.88371387894274,"dipole",2,467
-1.59792214254558,-1.41449022753686,-9.77546190217656,"dipole",2,468
-1.59792214254558,-1.41449022753686,-9.77546190217656,"dipole",2,469
-1.49219069659594,-1.57325197469947,-9.3235057175029,"dipole",2,470
-1.49219069659594,-1.57325197469947,-9.3235057175029,"dipole",2,471
-1.49219069659594,-1.57325197469947,-9.3235057175029,"dipole",2,472
-1.49219069659594,-1.57325197469947,-9.3235057175029,"dipole",2,473
-1.49219069659594,-1.57325197469947,-9.3235057175029,"dipole",2,474
-1.00484372253578,-1.32639498441487,-9.95974075144778,"dipole",2,475
-1.304329952366,-1.24961970513917,-9.55940233041698,"dipole",2,476
-1.62268712878961,-1.52161005694118,-9.8848671020244,"dipole",2,477
-1.90402063618353,-1.49742506981677,-10.3663616334811,"dipole",2,478
-1.90402063618353,-1.49742506981677,-10.3663616334811,"dipole",2,479
-2.26615685530918,-1.43078872850752,-10.0148788032761,"dipole",2,480
-2.51993219488329,-1.50427831866971,-9.86289265299648,"dipole",2,481
-2.51993219488329,-1.50427831866971,-9.86289265299648,"dipole",2,482
-2.61689986382224,-1.78442961348651,-10.1228122752082,"dipole",2,483
-1.10425936043471,-1.41643448124998,-9.64885042211269,"dipole",2,484
-1.10425936043471,-1.41643448124998,-9.64885042211269,"dipole",2,485
-2.02710005483584,-1.69430498466014,-9.65768776186068,"dipole",2,486
-2.21862556661808,-1.50319062476096,-9.48669972287762,"dipole",2,487
-2.21667717275006,-1.75134631710879,-9.19900331305824,"dipole",2,488
-1.56294637748816,-1.60579226496548,-9.65790832357661,"dipole",2,489
-2.22668136987025,-1.65172473769427,-9.11170968920696,"dipole",2,490
-1.41770261767285,-1.31035138121037,-9.13839579395714,"dipole",2,491
-2.18316688398823,-1.60516402303331,-9.93108691227491,"dipole",2,492
-2.18316688398823,-1.60516402303331,-9.93108691227491,"dipole",2,493
-2.36524070864614,-1.51394506545997,-10.2987930692891,"dipole",2,494
-1.17059394329209,-1.32999221118035,-10.178749698975,"dipole",2,495
-2.37042879820711,-1.8450580337539,-9.81909690247839,"dipole",2,496
-2.05979075257254,-1.83506753138102,-9.82980459032861,"dipole",2,497
-2.05979075257254,-1.83506753138102,-9.82980459032861,"dipole",2,498
-1.95185566009694,-1.73891597323306,-9.96079340713635,"dipole",2,499
-2.1000529916769,-1.46487820666743,-9.952183758423,"dipole",2,500
-2.07286824705755,-1.34112589703095,-9.84435553185481,"dipole",2,501
-1.9934709155269,-1.32144680066009,-9.42961590348369,"dipole",2,502
-2.17585794658912,-1.32078017259979,-9.76840469120734,"dipole",2,503
-1.45040302488766,-1.34333251380483,-9.43038706818981,"dipole",2,504
-1.45040302488766,-1.34333251380483,-9.43038706818981,"dipole",2,505
-1.67310606605597,-1.36724059212897,-9.22449372677433,"dipole",2,506
-1.72390809695173,-1.41797597706048,-9.09380691544943,"dipole",2,507
-1.71289598332377,-1.69185348272088,-10.0221910598712,"dipole",2,508
-1.3116180807642,-1.42822903006507,-9.59276965297347,"dipole",2,509
-1.3116180807642,-1.42822903006507,-9.59276965297347,"dipole",2,510
-2.36316925930423,-1.73040374657957,-9.70761849354352,"dipole",2,511
-2.36316925930423,-1.73040374657957,-9.70761849354352,"dipole",2,512
-2.12245341269261,-1.83013511037674,-9.50638861441373,"dipole",2,513
-2.12245341269261,-1.83013511037674,-9.50638861441373,"dipole",2,514
-2.12245341269261,-1.83013511037674,-9.50638861441373,"dipole",2,515
-2.58027867892256,-1.63540416452036,-9.49166614671484,"dipole",2,516
-0.958365205084002,-1.32731675764561,-9.62302677182471,"dipole",2,517
-2.12131429357021,-1.69712359080733,-8.83219429573053,"dipole",2,518
-2.12131429357021,-1.69712359080733,-8.83219429573053,"dipole",2,519
-1.02119759963361,-1.0728548903385,-9.48076393460419,"dipole",2,520
-0.897705613239531,-1.30694379951463,-9.50577084663759,"dipole",2,521
-0.57335777058409,-1.10319018785518,-10.1025104417035,"dipole",2,522
-0.510805418359035,-0.98979215201273,-10.4113230957342,"dipole",2,523
-1.15155446290789,-1.08910838861412,-10.2770229906048,"dipole",2,524
-1.41930923854562,-1.31850140540328,-10.4019215280536,"dipole",2,525
-1.41930923854562,-1.31850140540328,-10.4019215280536,"dipole",2,526
-0.76997336195599,-1.10351751668265,-10.2041979554561,"dipole",2,527
-1.95489336592997,-1.76339988627765,-10.2944586831934,"dipole",2,528
-2.17879533934288,-1.61921970266281,-10.1808653772433,"dipole",2,529
-2.17879533934288,-1.61921970266281,-10.1808653772433,"dipole",2,530
-2.62354671933973,-1.62536784757595,-9.89630301980361,"dipole",2,531
-2.39688395420432,-1.50841075587334,-9.66423407645297,"dipole",2,532
-1.85251115789763,-1.55902760428091,-9.26393069246268,"dipole",2,533
-1.61741165109126,-1.45619034222801,-9.47642903442352,"dipole",2,534
-1.8803781750444,-1.60551636681646,-9.98089321176793,"dipole",2,535
-1.8803781750444,-1.60551636681646,-9.98089321176793,"dipole",2,536
-0.816636563892068,-1.27734374297019,-10.1034457201647,"dipole",2,537
-1.29693650687192,-1.5584867844863,-10.2088244011041,"dipole",2,538
-2.01843582216123,-1.85924060056029,-10.1607541872213,"dipole",2,539
-1.53410300392647,-1.08804766846428,-9.604440159501,"dipole",2,540
-2.723793564549,-1.44287951877084,-9.37251769111457,"dipole",2,541
-2.723793564549,-1.44287951877084,-9.37251769111457,"dipole",2,542
-1.12019979253346,-1.3830389332719,-9.81133390045603,"dipole",2,543
-1.12019979253346,-1.3830389332719,-9.81133390045603,"dipole",2,544
-1.12019979253346,-1.3830389332719,-9.81133390045603,"dipole",2,545
-1.26979743365702,-1.2215977810369,-9.66178898337561,"dipole",2,546
-1.40607853180343,-1.53150676728634,-9.79366360608001,"dipole",2,547
-2.39121938840128,-1.66752569731667,-9.39246154153475,"dipole",2,548
-2.39121938840128,-1.66752569731667,-9.39246154153475,"dipole",2,549
-1.62299774344518,-1.51337550798625,-9.18893240539782,"dipole",2,550
-1.62299774344518,-1.51337550798625,-9.18893240539782,"dipole",2,551
-1.92206583409899,-1.51605824932366,-9.60839450905236,"dipole",2,552
-2.45071963294902,-1.77207435269521,-9.6673944365676,"dipole",2,553
-1.85798099713778,-1.36841160054685,-9.93746648533285,"dipole",2,554
-1.85798099713778,-1.36841160054685,-9.93746648533285,"dipole",2,555
-1.87776574831538,-1.60297177712151,-10.165689979502,"dipole",2,556
-1.87776574831538,-1.60297177712151,-10.165689979502,"dipole",2,557
-1.83155980307976,-1.72083323603591,-9.80132115282361,"dipole",2,558
-1.63172928509591,-1.33777981622168,-9.67693055390787,"dipole",2,559
-1.76227488554663,-1.4805858374644,-9.45741531415944,"dipole",2,560
-2.02923967129954,-1.68201573532436,-9.36997690742916,"dipole",2,561
-2.58307309087446,-1.62669126463748,-9.20532528646019,"dipole",2,562
-2.04929555515497,-1.42373142512246,-9.52681028530558,"dipole",2,563
-2.04929555515497,-1.42373142512246,-9.52681028530558,"dipole",2,564
-1.32023166479966,-1.2928257757921,-10.0099954700572,"dipole",2,565
-2.26250043822297,-1.64918935903942,-9.76698920633763,"dipole",2,566
-2.03254622666315,-1.33229258817973,-9.69226641273847,"dipole",2,567
-2.25679288838247,-1.55666242372999,-9.74584003022599,"dipole",2,568
-2.25679288838247,-1.55666242372999,-9.74584003022599,"dipole",2,569
-2.43676743233723,-1.72401563128904,-9.8470414508987,"dipole",2,570
-1.53977960277853,-1.22591362203996,-9.32006700070858,"dipole",2,571
-2.1559800613449,-1.53667452848466,-9.75417955460664,"dipole",2,572
-2.59493493659439,-1.74358993155936,-9.83729875857947,"dipole",2,573
-1.53365327911585,-1.37291823826709,-9.66487365747196,"dipole",2,574
-1.53365327911585,-1.37291823826709,-9.66487365747196,"dipole",2,575
-1.53365327911585,-1.37291823826709,-9.66487365747196,"dipole",2,576
-1.83950767426544,-1.47998798558815,-10.0610641352308,"dipole",2,577
-1.83950767426544,-1.47998798558815,-10.0610641352308,"dipole",2,578
-2.26735587861339,-1.6469155690616,-9.63257376714667,"dipole",2,579
-2.26735587861339,-1.6469155690616,-9.63257376714667,"dipole",2,580
-2.26735587861339,-1.6469155690616,-9.63257376714667,"dipole",2,581
-2.26735587861339,-1.6469155690616,-9.63257376714667,"dipole",2,582
-2.12129608921589,-1.74392631480787,-9.45830299314484,"dipole",2,583
-2.12129608921589,-1.74392631480787,-9.45830299314484,"dipole",2,584
-1.89184838657294,-1.5878737286056,-9.55270147051153,"dipole",2,585
-2.06672892398425,-1.62537134391779,-9.76263153691423,"dipole",2,586
-2.06672892398425,-1.62537134391779,-9.76263153691423,"dipole",2,587
-2.52122455162716,-1.47508841282267,-10.2071300922553,"dipole",2,588
-2.71097844964816,-1.53871008755985,-9.83260897857315,"dipole",2,589
-2.59657206344954,-1.7680073174715,-10.0346678408396,"dipole",2,590
-2.23393984870579,-1.69048448113829,-10.5357863512346,"dipole",2,591
-2.38160292697062,-1.52459630502635,-9.77818900276951,"dipole",2,592
-1.25397925377697,-1.38753731661775,-9.70540731686238,"dipole",2,593
-2.4564672941271,-1.67290834931509,-9.90608524799314,"dipole",2,594
-2.4564672941271,-1.67290834931509,-9.90608524799314,"dipole",2,595
-1.81735543487125,-1.44726828197944,-9.89506644456919,"dipole",2,596
-2.23670003607148,-1.5556599814995,-9.5977292142077,"dipole",2,597
-1.31728023158581,-1.31950412825991,-10.3008085003846,"dipole",2,598
-1.8056076930393,-1.40023839452631,-9.96231213777431,"dipole",2,599
-1.55520842310507,-1.33836332973581,-9.76344009603785,"dipole",2,600
-2.00178170526792,-1.73571039173556,-10.2231594640427,"dipole",2,601
-2.00178170526792,-1.73571039173556,-10.2231594640427,"dipole",2,602
-1.9883865425704,-1.83460383547922,-10.1823444006076,"dipole",2,603
-1.9883865425704,-1.83460383547922,-10.1823444006076,"dipole",2,604
-2.18112158139737,-1.63343258018057,-10.3505152286323,"dipole",2,605
-2.18112158139737,-1.63343258018057,-10.3505152286323,"dipole",2,606
-2.18112158139737,-1.63343258018057,-10.3505152286323,"dipole",2,607
-1.88625581715849,-1.76383159476675,-10.2733011005267,"dipole",2,608
-1.40498635333993,-1.46630590949475,-10.1837216426461,"dipole",2,609
-2.31302490260188,-1.61838328725618,-9.96624076743806,"dipole",2,610
-2.31302490260188,-1.61838328725618,-9.96624076743806,"dipole",2,611
-2.59690235517571,-1.6359536259481,-9.4883302288208,"dipole",2,612
-1.50751465530706,-1.36376332123284,-9.82458771117563,"dipole",2,613
-1.70235531973678,-1.62781165331068,-9.8101684874782,"dipole",2,614
-1.03420286398645,-1.36115022160573,-9.32149818887154,"dipole",2,615
-1.03420286398645,-1.36115022160573,-9.32149818887154,"dipole",2,616
-1.49068886304066,-1.54908068607759,-9.99847297881946,"dipole",2,617
-1.69984471203915,-1.57170520402636,-10.6066799981008,"dipole",2,618
-1.69984471203915,-1.57170520402636,-10.6066799981008,"dipole",2,619
-1.69984471203915,-1.57170520402636,-10.6066799981008,"dipole",2,620
-1.87699894513558,-1.74570532977235,-10.5571624316313,"dipole",2,621
-1.39955982883832,-1.52225817674943,-9.90297674715812,"dipole",2,622
-1.73816161804222,-1.583267099527,-10.1011885113546,"dipole",2,623
-1.73816161804222,-1.583267099527,-10.1011885113546,"dipole",2,624
-1.97897313313616,-1.53309278773901,-9.66996461287903,"dipole",2,625
-1.97897313313616,-1.53309278773901,-9.66996461287903,"dipole",2,626
-1.97897313313616,-1.53309278773901,-9.66996461287903,"dipole",2,627
-1.97897313313616,-1.53309278773901,-9.66996461287903,"dipole",2,628
-2.03775326468863,-1.63071608939338,-10.2868044568362,"dipole",2,629
-1.95371701276039,-1.66780530397456,-10.3945713135376,"dipole",2,630
-1.95371701276039,-1.66780530397456,-10.3945713135376,"dipole",2,631
-1.95371701276039,-1.66780530397456,-10.3945713135376,"dipole",2,632
-1.70947022250109,-1.27469865422729,-10.0299617931035,"dipole",2,633
-1.46296434162151,-1.21733563088467,-9.87596878796738,"dipole",2,634
-1.47682210169986,-1.30549697603606,-9.79826035483101,"dipole",2,635
-2.18367442320872,-1.52963756733261,-9.69531224449099,"dipole",2,636
-1.2624174468769,-1.29063900177039,-10.0664325852384,"dipole",2,637
-1.72214748926617,-1.49939909905764,-9.73376027683154,"dipole",2,638
-1.90317493353497,-1.63447989395617,-10.17339996197,"dipole",2,639
-1.51163152613928,-1.60546268324328,-10.1021219339649,"dipole",2,640
-1.78332679429889,-1.6916090540811,-10.3493194210455,"dipole",2,641
-1.78332679429889,-1.6916090540811,-10.3493194210455,"dipole",2,642
-1.72395776946887,-1.55267224181845,-10.0644101845501,"dipole",2,643
-1.72395776946887,-1.55267224181845,-10.0644101845501,"dipole",2,644
-1.49893147129858,-1.47935038688292,-9.7540081310783,"dipole",2,645
-1.49893147129858,-1.47935038688292,-9.7540081310783,"dipole",2,646
-1.2006532451021,-1.32445616990307,-9.44084857121747,"dipole",2,647
-2.2792576833946,-1.52990696095268,-9.52071593164831,"dipole",2,648
-2.2792576833946,-1.52990696095268,-9.52071593164831,"dipole",2,649
-2.28508563981069,-1.66552664298719,-9.76022172371593,"dipole",2,650
-2.28508563981069,-1.66552664298719,-9.76022172371593,"dipole",2,651
-2.1759919144641,-1.67269710202235,-9.82313511218937,"dipole",2,652
-2.1759919144641,-1.67269710202235,-9.82313511218937,"dipole",2,653
-2.1759919144641,-1.67269710202235,-9.82313511218937,"dipole",2,654
-1.75019053324074,-1.6137362389398,-9.84353682733599,"dipole",2,655
-1.75019053324074,-1.6137362389398,-9.84353682733599,"dipole",2,656
-1.75019053324074,-1.6137362389398,-9.84353682733599,"dipole",2,657
-1.75019053324074,-1.6137362389398,-9.84353682733599,"dipole",2,658
-1.75305273805427,-1.35332361968655,-9.5924548622783,"dipole",2,659
-1.80634821659992,-1.68701844021815,-9.89089125163964,"dipole",2,660
-1.80692526999072,-1.51892524863755,-9.89417714011135,"dipole",2,661
-1.66708131922939,-1.65484420386597,-9.64577722252671,"dipole",2,662
-1.66708131922939,-1.65484420386597,-9.64577722252671,"dipole",2,663
-1.98746841215624,-1.49634714224488,-9.20001950994395,"dipole",2,664
-1.92666525334987,-1.62685863171334,-9.27914547730771,"dipole",2,665
-1.92666525334987,-1.62685863171334,-9.27914547730771,"dipole",2,666
-1.96107706232642,-1.5842992403738,-9.39724000649169,"dipole",2,667
-2.23548032386749,-1.66959291512151,-9.87462049319453,"dipole",2,668
-2.23548032386749,-1.66959291512151,-9.87462049319453,"dipole",2,669
-2.23548032386749,-1.66959291512151,-9.87462049319453,"dipole",2,670
-1.87812657686823,-1.45577024281486,-10.1153952129371,"dipole",2,671
-1.37067143614067,-1.20662914099893,-9.64205419815423,"dipole",2,672
-1.76230608299129,-1.59375495852896,-9.79510143045843,"dipole",2,673
-2.45483189323306,-1.72241779235815,-9.95339203021349,"dipole",2,674
-2.48316312998642,-1.76025453798731,-9.17092061604144,"dipole",2,675
-2.48316312998642,-1.76025453798731,-9.17092061604144,"dipole",2,676
-1.77449430619639,-1.5682041588115,-9.06071803321129,"dipole",2,677
-2.11945307642134,-1.59565334800421,-9.22128022007472,"dipole",2,678
-1.62430098277173,-1.32539443371146,-9.65284110311014,"dipole",2,679
-1.7906357997191,-1.68947827735301,-9.97915046155167,"dipole",2,680
-1.7906357997191,-1.68947827735301,-9.97915046155167,"dipole",2,681
-2.2555286939108,-1.50852870122662,-9.95823652840887,"dipole",2,682
-1.97807288068478,-1.48870180048002,-9.56251654529646,"dipole",2,683
-2.26350324000073,-1.81448680521793,-9.8036847667644,"dipole",2,684
-1.48559343868477,-1.57948096656696,-9.40301966729491,"dipole",2,685
-2.09969421904537,-1.80313464475259,-10.1342037902986,"dipole",2,686
-1.57803209426212,-1.43960242567884,-9.98202654697616,"dipole",2,687
-1.57803209426212,-1.43960242567884,-9.98202654697616,"dipole",2,688
-2.20857945369559,-1.687903300968,-10.1807620314277,"dipole",2,689
-2.20857945369559,-1.687903300968,-10.1807620314277,"dipole",2,690
-2.20857945369559,-1.687903300968,-10.1807620314277,"dipole",2,691
-2.20857945369559,-1.687903300968,-10.1807620314277,"dipole",2,692
-2.20857945369559,-1.687903300968,-10.1807620314277,"dipole",2,693
-2.20857945369559,-1.687903300968,-10.1807620314277,"dipole",2,694
-2.20857945369559,-1.687903300968,-10.1807620314277,"dipole",2,695
-2.20857945369559,-1.687903300968,-10.1807620314277,"dipole",2,696
-2.20857945369559,-1.687903300968,-10.1807620314277,"dipole",2,697
-2.37902879926115,-1.68050187893623,-9.9216940884774,"dipole",2,698
-2.81815544122425,-1.52702989763515,-9.53362056662641,"dipole",2,699
-0.961505034606019,-1.07172850820664,-10.0635481799852,"dipole",2,700
-1.19535330844176,-1.46104356140208,-10.0663830746905,"dipole",3,1
-2.53078050403214,-1.70625075183666,-10.5780175062231,"dipole",3,2
-1.45414105996206,-1.60797748894817,-10.4420800164316,"dipole",3,3
-1.45414105996206,-1.60797748894817,-10.4420800164316,"dipole",3,4
-2.10085119006903,-1.74345466772543,-10.4361959063309,"dipole",3,5
-2.10085119006903,-1.74345466772543,-10.4361959063309,"dipole",3,6
-1.99435452800789,-1.5504654503946,-10.1594935309322,"dipole",3,7
-1.99435452800789,-1.5504654503946,-10.1594935309322,"dipole",3,8
-1.99435452800789,-1.5504654503946,-10.1594935309322,"dipole",3,9
-1.99435452800789,-1.5504654503946,-10.1594935309322,"dipole",3,10
-2.175286529242,-1.91159224506186,-9.96347754273353,"dipole",3,11
-1.6515052115504,-1.76448740306535,-9.6604417927856,"dipole",3,12
-1.6515052115504,-1.76448740306535,-9.6604417927856,"dipole",3,13
-1.70840541527678,-1.42379982545044,-9.85611983984665,"dipole",3,14
-2.05926428417449,-1.43959570732043,-9.3997698559058,"dipole",3,15
-1.76944456419049,-1.5649626694342,-10.0204986603056,"dipole",3,16
-2.32290383528528,-1.69215058569738,-10.1245694576763,"dipole",3,17
-2.32290383528528,-1.69215058569738,-10.1245694576763,"dipole",3,18
-2.70462269370076,-1.65732013861523,-9.78157803438628,"dipole",3,19
-2.70462269370076,-1.65732013861523,-9.78157803438628,"dipole",3,20
-2.68947746480692,-1.60749601550385,-9.91692545665556,"dipole",3,21
-2.68947746480692,-1.60749601550385,-9.91692545665556,"dipole",3,22
-2.44138240328497,-1.44304806591081,-10.1767391534711,"dipole",3,23
-1.58775726365334,-1.3780718367133,-9.00238796136577,"dipole",3,24
-1.36126473524081,-1.50243938951941,-9.03310912484642,"dipole",3,25
-1.24063775122368,-1.37723141548191,-9.36988146389027,"dipole",3,26
-2.30925853860106,-1.4915434389614,-9.56043491986953,"dipole",3,27
-1.81156992159039,-1.5226362549566,-9.47304227218383,"dipole",3,28
-1.81156992159039,-1.5226362549566,-9.47304227218383,"dipole",3,29
-1.88148706584208,-1.6452322635334,-9.69812707855798,"dipole",3,30
-2.13913187856528,-1.61017298924956,-9.95422067534705,"dipole",3,31
-1.84858598622127,-1.44525412207671,-9.78531681683912,"dipole",3,32
-1.84858598622127,-1.44525412207671,-9.78531681683912,"dipole",3,33
-1.84858598622127,-1.44525412207671,-9.78531681683912,"dipole",3,34
-1.84858598622127,-1.44525412207671,-9.78531681683912,"dipole",3,35
-2.26233525486707,-1.69391922074975,-9.91992700077299,"dipole",3,36
-2.26233525486707,-1.69391922074975,-9.91992700077299,"dipole",3,37
-2.14283230164939,-1.68881504440183,-10.106123535007,"dipole",3,38
-1.92691607290864,-1.59839113510942,-9.8282671572728,"dipole",3,39
-2.07323262173979,-1.53951873953821,-9.55637746126502,"dipole",3,40
-2.07323262173979,-1.53951873953821,-9.55637746126502,"dipole",3,41
-2.07323262173979,-1.53951873953821,-9.55637746126502,"dipole",3,42
-2.07323262173979,-1.53951873953821,-9.55637746126502,"dipole",3,43
-1.51599140270992,-1.35686062221608,-10.0049528078301,"dipole",3,44
-1.51599140270992,-1.35686062221608,-10.0049528078301,"dipole",3,45
-1.51599140270992,-1.35686062221608,-10.0049528078301,"dipole",3,46
-1.51599140270992,-1.35686062221608,-10.0049528078301,"dipole",3,47
-2.25517490552107,-1.58547927468694,-9.90887953855753,"dipole",3,48
-1.17446604447939,-1.37268931212559,-9.9184517576859,"dipole",3,49
-1.64997914806942,-1.34253450372551,-9.84045232505512,"dipole",3,50
-1.63760995204141,-1.5258668562961,-10.1789521835134,"dipole",3,51
-1.63760995204141,-1.5258668562961,-10.1789521835134,"dipole",3,52
-1.92690560825477,-1.67521478163179,-10.5334497744081,"dipole",3,53
-1.92690560825477,-1.67521478163179,-10.5334497744081,"dipole",3,54
-1.92690560825477,-1.67521478163179,-10.5334497744081,"dipole",3,55
-2.0212457943928,-1.62044730793583,-9.90265055842936,"dipole",3,56
-2.0212457943928,-1.62044730793583,-9.90265055842936,"dipole",3,57
-2.0212457943928,-1.62044730793583,-9.90265055842936,"dipole",3,58
-2.0212457943928,-1.62044730793583,-9.90265055842936,"dipole",3,59
-2.0212457943928,-1.62044730793583,-9.90265055842936,"dipole",3,60
-2.0212457943928,-1.62044730793583,-9.90265055842936,"dipole",3,61
-2.0212457943928,-1.62044730793583,-9.90265055842936,"dipole",3,62
-2.0212457943928,-1.62044730793583,-9.90265055842936,"dipole",3,63
-1.79826124963687,-1.47176414672042,-9.63379389973251,"dipole",3,64
-1.79826124963687,-1.47176414672042,-9.63379389973251,"dipole",3,65
-1.51505617160771,-1.59487020155513,-9.97591241533857,"dipole",3,66
-1.70031103656665,-1.63664957993053,-9.85522977803713,"dipole",3,67
-1.85391746184643,-1.70631535603849,-9.63524421552888,"dipole",3,68
-1.85391746184643,-1.70631535603849,-9.63524421552888,"dipole",3,69
-1.85391746184643,-1.70631535603849,-9.63524421552888,"dipole",3,70
-1.89745005062224,-1.78253908881592,-10.1911870316656,"dipole",3,71
-1.53846893825465,-1.64487468318748,-9.88951356027851,"dipole",3,72
-1.54441403756383,-1.61170266850663,-10.0507558881292,"dipole",3,73
-1.89917967687321,-1.75020210421308,-10.2634986517053,"dipole",3,74
-2.45114759575072,-1.75886541508248,-10.0582224005906,"dipole",3,75
-2.30491088261376,-1.51020445138349,-10.0865469964518,"dipole",3,76
-2.30491088261376,-1.51020445138349,-10.0865469964518,"dipole",3,77
-2.12740091855792,-1.50413871918138,-9.18019001042159,"dipole",3,78
-2.70162258358202,-1.54267787187203,-10.0469344782296,"dipole",3,79
-2.58901093150911,-1.52363000550511,-10.1132095743179,"dipole",3,80
-2.58901093150911,-1.52363000550511,-10.1132095743179,"dipole",3,81
-2.58901093150911,-1.52363000550511,-10.1132095743179,"dipole",3,82
-2.05301208771862,-1.42708193334962,-10.1276926946696,"dipole",3,83
-2.38102205971575,-1.78006830579697,-9.56087299883398,"dipole",3,84
-2.86369377534101,-1.64873067370249,-9.77329011883276,"dipole",3,85
-2.02915711702613,-1.56889190271742,-10.2084369418933,"dipole",3,86
-2.02915711702613,-1.56889190271742,-10.2084369418933,"dipole",3,87
-2.10644352920232,-1.72682881895788,-9.69888495313035,"dipole",3,88
-2.10644352920232,-1.72682881895788,-9.69888495313035,"dipole",3,89
-1.34170732396516,-1.39546166012076,-9.96515203184607,"dipole",3,90
-1.06211600163181,-1.42245179124724,-10.1502192690547,"dipole",3,91
-1.15278381440671,-1.3545216608148,-9.80127012165613,"dipole",3,92
-1.15278381440671,-1.3545216608148,-9.80127012165613,"dipole",3,93
-1.15278381440671,-1.3545216608148,-9.80127012165613,"dipole",3,94
-1.5212113953818,-1.55733002562487,-9.47750605225112,"dipole",3,95
-1.9236775692973,-1.63708852317987,-9.75581400858806,"dipole",3,96
-1.9236775692973,-1.63708852317987,-9.75581400858806,"dipole",3,97
-1.9236775692973,-1.63708852317987,-9.75581400858806,"dipole",3,98
-2.00490003113236,-1.4596526252018,-9.90877171687814,"dipole",3,99
-1.5555878293268,-1.52107097781517,-9.47855387714718,"dipole",3,100
-1.5555878293268,-1.52107097781517,-9.47855387714718,"dipole",3,101
-1.99557705487976,-1.67760435847808,-9.49649638154199,"dipole",3,102
-1.99557705487976,-1.67760435847808,-9.49649638154199,"dipole",3,103
-1.99557705487976,-1.67760435847808,-9.49649638154199,"dipole",3,104
-1.99557705487976,-1.67760435847808,-9.49649638154199,"dipole",3,105
-2.16058342654673,-1.70085014606481,-9.76757590995789,"dipole",3,106
-1.75206876537678,-1.75839056278776,-9.27622765440521,"dipole",3,107
-1.58885388918083,-1.57743273127365,-9.63772691356216,"dipole",3,108
-2.4741265475654,-1.63506784544893,-9.64621732539185,"dipole",3,109
-2.4741265475654,-1.63506784544893,-9.64621732539185,"dipole",3,110
-2.4741265475654,-1.63506784544893,-9.64621732539185,"dipole",3,111
-1.68531793180365,-1.65993383415082,-9.89346328454596,"dipole",3,112
-1.68531793180365,-1.65993383415082,-9.89346328454596,"dipole",3,113
-1.68531793180365,-1.65993383415082,-9.89346328454596,"dipole",3,114
-1.7857020623555,-1.69498028791173,-9.66324469494676,"dipole",3,115
-1.94098688245624,-1.67044551132499,-9.32323869852783,"dipole",3,116
-1.98536326653313,-1.64314197861194,-9.17491287018604,"dipole",3,117
-1.34744814083934,-1.51800129808033,-10.0062960993428,"dipole",3,118
-1.34744814083934,-1.51800129808033,-10.0062960993428,"dipole",3,119
-1.76517639167671,-1.61026919651538,-9.97232905345202,"dipole",3,120
-2.33279929816454,-1.55918514789185,-9.33682008777353,"dipole",3,121
-1.31817788839247,-1.39427505278967,-9.71833253455145,"dipole",3,122
-1.31817788839247,-1.39427505278967,-9.71833253455145,"dipole",3,123
-1.36587005663005,-1.30733498969326,-9.77422413516597,"dipole",3,124
-1.36587005663005,-1.30733498969326,-9.77422413516597,"dipole",3,125
-1.47454825670349,-1.44650381518018,-9.81069317626924,"dipole",3,126
-1.47454825670349,-1.44650381518018,-9.81069317626924,"dipole",3,127
-1.26052261692887,-1.56352817848712,-10.1709237683007,"dipole",3,128
-2.04445457843348,-1.76676059318495,-10.405200399252,"dipole",3,129
-1.32051767306457,-1.41307120390797,-10.2950618021525,"dipole",3,130
-1.21941740001706,-1.53556314289877,-9.97321831279789,"dipole",3,131
-2.17486125143754,-1.57586515425725,-9.56431201105067,"dipole",3,132
-2.17486125143754,-1.57586515425725,-9.56431201105067,"dipole",3,133
-2.17486125143754,-1.57586515425725,-9.56431201105067,"dipole",3,134
-2.30111902333222,-1.52184417715203,-9.60170468458374,"dipole",3,135
-2.07432279423301,-1.60452777206823,-10.2734388566084,"dipole",3,136
-2.28947707953138,-1.50570310331957,-9.72601935338617,"dipole",3,137
-2.17804809990367,-1.61054130625164,-9.42709299409409,"dipole",3,138
-2.14010500985186,-1.56746728677518,-9.47762422435393,"dipole",3,139
-2.14010500985186,-1.56746728677518,-9.47762422435393,"dipole",3,140
-2.14010500985186,-1.56746728677518,-9.47762422435393,"dipole",3,141
-1.69914220893903,-1.40381316527663,-9.72997392509116,"dipole",3,142
-1.69914220893903,-1.40381316527663,-9.72997392509116,"dipole",3,143
-1.69914220893903,-1.40381316527663,-9.72997392509116,"dipole",3,144
-1.97093453962897,-1.44599537145499,-9.54076534557074,"dipole",3,145
-1.97093453962897,-1.44599537145499,-9.54076534557074,"dipole",3,146
-1.97093453962897,-1.44599537145499,-9.54076534557074,"dipole",3,147
-1.74847781557498,-1.38474797044007,-9.73539808034356,"dipole",3,148
-1.25654740509144,-1.4992400868991,-10.130900095597,"dipole",3,149
-2.10223398745733,-1.52685196500441,-10.2534521124643,"dipole",3,150
-1.89043524218087,-1.56300749992692,-10.5115981030046,"dipole",3,151
-2.39872445675856,-1.56826016980824,-9.71224269545508,"dipole",3,152
-2.48361819575863,-1.73025985769801,-9.55212025309805,"dipole",3,153
-1.46048123609561,-1.54961738588404,-10.1768798705079,"dipole",3,154
-1.46048123609561,-1.54961738588404,-10.1768798705079,"dipole",3,155
-2.33984069159526,-1.58722684288357,-9.86349168847756,"dipole",3,156
-2.08034311347512,-1.44630595660226,-9.5911663699733,"dipole",3,157
-2.42578885063471,-1.57729267514036,-9.49258241463572,"dipole",3,158
-2.42578885063471,-1.57729267514036,-9.49258241463572,"dipole",3,159
-2.08885063025247,-1.65231353556409,-10.2126706347933,"dipole",3,160
-2.70496428227305,-1.64432706229373,-10.5351430743217,"dipole",3,161
-2.67005754601395,-1.71212295551537,-9.67121923485358,"dipole",3,162
-2.16391820248368,-1.78594198260646,-9.85063875947762,"dipole",3,163
-2.16391820248368,-1.78594198260646,-9.85063875947762,"dipole",3,164
-2.16391820248368,-1.78594198260646,-9.85063875947762,"dipole",3,165
-2.47033573313007,-1.65078404808352,-9.70969384283906,"dipole",3,166
-1.79602787267885,-1.43407046455128,-9.51265110891789,"dipole",3,167
-1.79602787267885,-1.43407046455128,-9.51265110891789,"dipole",3,168
-2.29908088174555,-1.48402544702398,-9.99212883757439,"dipole",3,169
-2.29908088174555,-1.48402544702398,-9.99212883757439,"dipole",3,170
-2.29908088174555,-1.48402544702398,-9.99212883757439,"dipole",3,171
-2.5152995457572,-1.55774411878253,-9.60184198715827,"dipole",3,172
-1.30970403899645,-1.34479575544921,-9.57515183518624,"dipole",3,173
-1.08492036030677,-1.30900614446153,-9.26269412637928,"dipole",3,174
-1.51738777352485,-1.28925186259571,-9.53561121895604,"dipole",3,175
-1.38028357760484,-1.10471276267301,-10.1337009238477,"dipole",3,176
-1.29459713690805,-1.26207335140051,-10.2211996066307,"dipole",3,177
-1.07225309255106,-1.36721158451655,-10.2699759192687,"dipole",3,178
-1.11174299190161,-1.11008141486234,-9.94909467562404,"dipole",3,179
-1.11174299190161,-1.11008141486234,-9.94909467562404,"dipole",3,180
-2.04669383715741,-1.42794532782495,-10.1089696767821,"dipole",3,181
-1.63528131745426,-1.58232437659146,-10.39663116449,"dipole",3,182
-1.76178159874922,-1.47369505740029,-9.72084828574718,"dipole",3,183
-2.25921253715418,-1.6024819223489,-9.06033105991338,"dipole",3,184
-2.25921253715418,-1.6024819223489,-9.06033105991338,"dipole",3,185
-2.57911205278082,-1.72337481015776,-9.38755502349761,"dipole",3,186
-2.57911205278082,-1.72337481015776,-9.38755502349761,"dipole",3,187
-2.23586639890382,-1.5667124965833,-9.06819286115109,"dipole",3,188
-1.77139047211989,-1.62420594193236,-9.98373536129351,"dipole",3,189
-1.77139047211989,-1.62420594193236,-9.98373536129351,"dipole",3,190
-1.77139047211989,-1.62420594193236,-9.98373536129351,"dipole",3,191
-1.77139047211989,-1.62420594193236,-9.98373536129351,"dipole",3,192
-1.77139047211989,-1.62420594193236,-9.98373536129351,"dipole",3,193
-1.77139047211989,-1.62420594193236,-9.98373536129351,"dipole",3,194
-2.27273753930794,-1.86013405883555,-9.47409142150705,"dipole",3,195
-1.3273683963818,-1.39570433205506,-9.83054451029793,"dipole",3,196
-1.68947455753614,-1.62045150847445,-10.241084635526,"dipole",3,197
-1.6722947780568,-1.56681568814431,-9.66393750796462,"dipole",3,198
-1.6722947780568,-1.56681568814431,-9.66393750796462,"dipole",3,199
-1.6722947780568,-1.56681568814431,-9.66393750796462,"dipole",3,200
-1.59204040299574,-1.51653705179652,-9.83407755165212,"dipole",3,201
-1.59204040299574,-1.51653705179652,-9.83407755165212,"dipole",3,202
-1.87544850863108,-1.60556978444599,-9.82300790249895,"dipole",3,203
-2.25948673281424,-1.55134278192062,-9.75297495345253,"dipole",3,204
-2.25948673281424,-1.55134278192062,-9.75297495345253,"dipole",3,205
-1.6914677810344,-1.5969183494877,-9.74771497865318,"dipole",3,206
-2.31968330048814,-1.68841930845378,-9.53404300596954,"dipole",3,207
-1.08416722293602,-1.2606478012232,-10.1858085525899,"dipole",3,208
-1.7591565230774,-1.46579192386768,-9.89202802750124,"dipole",3,209
-1.99694766726425,-1.56849278229401,-9.40693876118646,"dipole",3,210
-2.09556443855359,-1.52242435329687,-9.54456512802708,"dipole",3,211
-2.09556443855359,-1.52242435329687,-9.54456512802708,"dipole",3,212
-2.15055521636515,-1.54859130601678,-10.1957563436961,"dipole",3,213
-2.15055521636515,-1.54859130601678,-10.1957563436961,"dipole",3,214
-1.58350703137575,-1.33956401844408,-10.592622662151,"dipole",3,215
-2.7586484037309,-1.33588601688914,-10.3474450538698,"dipole",3,216
-2.66415227686979,-1.41371987928607,-9.70864104865374,"dipole",3,217
-2.72010305679025,-1.48298186054001,-9.4911832593076,"dipole",3,218
-2.72010305679025,-1.48298186054001,-9.4911832593076,"dipole",3,219
-1.7805290117291,-1.43474895099524,-9.38531763595008,"dipole",3,220
-2.42215363680725,-1.55002717408936,-9.81991083225872,"dipole",3,221
-1.79698134166029,-1.49145680002213,-9.79397251043327,"dipole",3,222
-2.14080849442168,-1.38825708303921,-10.1293554034977,"dipole",3,223
-2.38099974216573,-1.61013717566774,-9.81590083134317,"dipole",3,224
-2.00946615037146,-1.59556871048662,-9.67242995061821,"dipole",3,225
-2.00946615037146,-1.59556871048662,-9.67242995061821,"dipole",3,226
-2.10926973105194,-1.64175474033194,-9.34248025688133,"dipole",3,227
-2.10926973105194,-1.64175474033194,-9.34248025688133,"dipole",3,228
-2.01659153839339,-1.62805754229712,-9.53786557998699,"dipole",3,229
-2.01659153839339,-1.62805754229712,-9.53786557998699,"dipole",3,230
-2.01659153839339,-1.62805754229712,-9.53786557998699,"dipole",3,231
-1.83987608507533,-1.63906147667879,-9.90186369261837,"dipole",3,232
-2.18578280886486,-1.76848315088291,-9.50962933592852,"dipole",3,233
-2.18578280886486,-1.76848315088291,-9.50962933592852,"dipole",3,234
-2.18578280886486,-1.76848315088291,-9.50962933592852,"dipole",3,235
-2.18578280886486,-1.76848315088291,-9.50962933592852,"dipole",3,236
-1.73854874616308,-1.60183848790341,-9.69942650920957,"dipole",3,237
-1.73854874616308,-1.60183848790341,-9.69942650920957,"dipole",3,238
-1.73854874616308,-1.60183848790341,-9.69942650920957,"dipole",3,239
-1.73854874616308,-1.60183848790341,-9.69942650920957,"dipole",3,240
-1.73854874616308,-1.60183848790341,-9.69942650920957,"dipole",3,241
-1.73854874616308,-1.60183848790341,-9.69942650920957,"dipole",3,242
-1.73854874616308,-1.60183848790341,-9.69942650920957,"dipole",3,243
-2.43989433595878,-1.67037848046523,-9.54434846007167,"dipole",3,244
-2.43989433595878,-1.67037848046523,-9.54434846007167,"dipole",3,245
-2.49792106362443,-1.67565169193022,-9.40671626948552,"dipole",3,246
-1.94962240649647,-1.59687470265672,-9.22573485265526,"dipole",3,247
-1.94962240649647,-1.59687470265672,-9.22573485265526,"dipole",3,248
-1.5937011829257,-1.54957858656996,-9.58060660270176,"dipole",3,249
-1.66126053226005,-1.49100566730451,-9.8400091252099,"dipole",3,250
-1.59826775873426,-1.53388035159757,-9.67770118374709,"dipole",3,251
-1.59826775873426,-1.53388035159757,-9.67770118374709,"dipole",3,252
-1.59826775873426,-1.53388035159757,-9.67770118374709,"dipole",3,253
-1.59826775873426,-1.53388035159757,-9.67770118374709,"dipole",3,254
-1.59826775873426,-1.53388035159757,-9.67770118374709,"dipole",3,255
-1.59826775873426,-1.53388035159757,-9.67770118374709,"dipole",3,256
-1.53556689995402,-1.57242651960535,-9.64971458078423,"dipole",3,257
-1.53556689995402,-1.57242651960535,-9.64971458078423,"dipole",3,258
-1.53556689995402,-1.57242651960535,-9.64971458078423,"dipole",3,259
-1.54778682211203,-1.38228403514756,-10.0575731578083,"dipole",3,260
-2.15961470242888,-1.72155256131773,-10.0399239238105,"dipole",3,261
-2.15961470242888,-1.72155256131773,-10.0399239238105,"dipole",3,262
-2.15961470242888,-1.72155256131773,-10.0399239238105,"dipole",3,263
-2.15479752766237,-1.65556770216011,-10.454884800655,"dipole",3,264
-1.83009634210531,-1.67608924117641,-10.3769315308169,"dipole",3,265
-1.83009634210531,-1.67608924117641,-10.3769315308169,"dipole",3,266
-1.72146692748752,-1.3949102213022,-9.93406571629924,"dipole",3,267
-1.70682255242582,-1.68527012406169,-10.2205230010458,"dipole",3,268
-1.61952302278488,-1.42333605087201,-9.83989766053056,"dipole",3,269
-2.10900074859837,-1.77754060753286,-9.41528780134555,"dipole",3,270
-2.10900074859837,-1.77754060753286,-9.41528780134555,"dipole",3,271
-2.40128766703217,-1.59258999577215,-9.79544325051105,"dipole",3,272
-2.40128766703217,-1.59258999577215,-9.79544325051105,"dipole",3,273
-2.64407116875816,-1.64066036965602,-9.82716470225937,"dipole",3,274
-2.64407116875816,-1.64066036965602,-9.82716470225937,"dipole",3,275
-2.64407116875816,-1.64066036965602,-9.82716470225937,"dipole",3,276
-2.64407116875816,-1.64066036965602,-9.82716470225937,"dipole",3,277
-1.92722726734591,-1.39603098109011,-9.77173582132996,"dipole",3,278
-1.61475059338757,-1.24219507965383,-10.1945070501248,"dipole",3,279
-2.21707276597008,-1.33108254899492,-9.55450826714343,"dipole",3,280
-2.91010144076158,-1.5193689160056,-9.75260582404872,"dipole",3,281
-2.91010144076158,-1.5193689160056,-9.75260582404872,"dipole",3,282
-2.91010144076158,-1.5193689160056,-9.75260582404872,"dipole",3,283
-2.09758467769369,-1.55744178772249,-9.74245289336848,"dipole",3,284
-1.83148885006413,-1.45741587378603,-9.93481859857212,"dipole",3,285
-2.12092363515793,-1.66869895925993,-9.79648063257957,"dipole",3,286
-2.13639271209556,-1.64630973170341,-9.48008064208862,"dipole",3,287
-1.47600704790406,-1.48180730243871,-9.57561613438856,"dipole",3,288
-2.0501849738975,-1.82221486984351,-9.94815382563473,"dipole",3,289
-2.0501849738975,-1.82221486984351,-9.94815382563473,"dipole",3,290
-2.03022876598166,-1.73449903231745,-9.34878833003682,"dipole",3,291
-2.03022876598166,-1.73449903231745,-9.34878833003682,"dipole",3,292
-2.22696057562647,-1.72287595133088,-9.70714320875621,"dipole",3,293
-2.25238504855415,-1.60411264912592,-10.1263771980975,"dipole",3,294
-2.25238504855415,-1.60411264912592,-10.1263771980975,"dipole",3,295
-2.25238504855415,-1.60411264912592,-10.1263771980975,"dipole",3,296
-2.25238504855415,-1.60411264912592,-10.1263771980975,"dipole",3,297
-1.90833469343583,-1.68270940296743,-9.27113399510525,"dipole",3,298
-1.5649630517231,-1.58856919391104,-9.81361860421558,"dipole",3,299
-0.95433955148981,-1.29976972787083,-9.68840497966777,"dipole",3,300
-0.95433955148981,-1.29976972787083,-9.68840497966777,"dipole",3,301
-1.2014716311565,-1.19034732442195,-9.86915374584929,"dipole",3,302
-2.34086775265301,-1.41650883277069,-9.40431012451258,"dipole",3,303
-2.00884355353472,-1.41318184235528,-9.73210945491205,"dipole",3,304
-2.43168284703753,-1.74644815058754,-9.44323864675798,"dipole",3,305
-2.04441435930583,-1.60007447382354,-9.81451424833857,"dipole",3,306
-2.04441435930583,-1.60007447382354,-9.81451424833857,"dipole",3,307
-2.04441435930583,-1.60007447382354,-9.81451424833857,"dipole",3,308
-2.04441435930583,-1.60007447382354,-9.81451424833857,"dipole",3,309
-2.04441435930583,-1.60007447382354,-9.81451424833857,"dipole",3,310
-2.04441435930583,-1.60007447382354,-9.81451424833857,"dipole",3,311
-1.34552050953711,-1.30358663205582,-9.71984595034181,"dipole",3,312
-1.87198076828142,-1.39021365029866,-9.9217575774147,"dipole",3,313
-1.66340050188138,-1.60978084828697,-10.4241426113013,"dipole",3,314
-1.66340050188138,-1.60978084828697,-10.4241426113013,"dipole",3,315
-1.66340050188138,-1.60978084828697,-10.4241426113013,"dipole",3,316
-1.11739587183125,-1.37427325510332,-9.30678610960408,"dipole",3,317
-0.518269536130891,-0.957029538767622,-10.3829784157559,"dipole",3,318
-0.551601977980959,-1.00066590440848,-10.2803344941698,"dipole",3,319
-1.7653405766472,-1.42214483687029,-9.85679859546313,"dipole",3,320
-1.84386318931721,-1.60005395228123,-10.1012211889025,"dipole",3,321
-1.84386318931721,-1.60005395228123,-10.1012211889025,"dipole",3,322
-2.08690913745065,-1.79308412156049,-9.44925314261869,"dipole",3,323
-2.08690913745065,-1.79308412156049,-9.44925314261869,"dipole",3,324
-2.08690913745065,-1.79308412156049,-9.44925314261869,"dipole",3,325
-2.08690913745065,-1.79308412156049,-9.44925314261869,"dipole",3,326
-2.54791342982008,-1.54435458528484,-9.90784282759528,"dipole",3,327
-2.04249690894734,-1.72361906973851,-9.29029670192149,"dipole",3,328
-2.62140454750454,-1.70199391093441,-9.9489845776616,"dipole",3,329
-2.27833879675972,-1.52028361189932,-9.97572503480772,"dipole",3,330
-2.27833879675972,-1.52028361189932,-9.97572503480772,"dipole",3,331
-2.27833879675972,-1.52028361189932,-9.97572503480772,"dipole",3,332
-2.15370621608254,-1.68471857230011,-9.60471435910226,"dipole",3,333
-2.15370621608254,-1.68471857230011,-9.60471435910226,"dipole",3,334
-2.15370621608254,-1.68471857230011,-9.60471435910226,"dipole",3,335
-2.15370621608254,-1.68471857230011,-9.60471435910226,"dipole",3,336
-2.28577778451252,-1.50728691698517,-9.6973354293465,"dipole",3,337
-2.64887229250743,-1.64263530894004,-9.4957840287311,"dipole",3,338
-2.33012985056916,-1.60604114225844,-9.55886843189602,"dipole",3,339
-2.33012985056916,-1.60604114225844,-9.55886843189602,"dipole",3,340
-2.65252507530639,-1.56213442668364,-10.3316292392648,"dipole",3,341
-2.23700921437894,-1.47001814557533,-10.2771866171991,"dipole",3,342
-1.94751654905765,-1.32853938764101,-10.0474693345125,"dipole",3,343
-1.94751654905765,-1.32853938764101,-10.0474693345125,"dipole",3,344
-1.46311700143684,-1.31974210414012,-9.79752505491631,"dipole",3,345
-1.46311700143684,-1.31974210414012,-9.79752505491631,"dipole",3,346
-1.5064631209174,-1.44432397549288,-9.63799256583824,"dipole",3,347
-1.5064631209174,-1.44432397549288,-9.63799256583824,"dipole",3,348
-1.93236563238038,-1.62660632619766,-9.91645567067976,"dipole",3,349
-1.93236563238038,-1.62660632619766,-9.91645567067976,"dipole",3,350
-1.93236563238038,-1.62660632619766,-9.91645567067976,"dipole",3,351
-1.93236563238038,-1.62660632619766,-9.91645567067976,"dipole",3,352
-1.93236563238038,-1.62660632619766,-9.91645567067976,"dipole",3,353
-2.02173963108243,-1.55826514133411,-10.1845169967402,"dipole",3,354
-2.02173963108243,-1.55826514133411,-10.1845169967402,"dipole",3,355
-2.02173963108243,-1.55826514133411,-10.1845169967402,"dipole",3,356
-2.02173963108243,-1.55826514133411,-10.1845169967402,"dipole",3,357
-2.02173963108243,-1.55826514133411,-10.1845169967402,"dipole",3,358
-2.02173963108243,-1.55826514133411,-10.1845169967402,"dipole",3,359
-2.02173963108243,-1.55826514133411,-10.1845169967402,"dipole",3,360
-1.42451484643023,-1.50187121696531,-9.97522763913574,"dipole",3,361
-1.58427912100403,-1.44143580566592,-9.40517212692098,"dipole",3,362
-1.58427912100403,-1.44143580566592,-9.40517212692098,"dipole",3,363
-2.16005389963018,-1.6174463092044,-9.81806893046896,"dipole",3,364
-2.32957706155882,-1.4944117613496,-10.0264977505883,"dipole",3,365
-1.69522022856522,-1.77131961916399,-9.95336046243149,"dipole",3,366
-1.5778513274533,-1.57816575123973,-9.28223172991279,"dipole",3,367
-1.5778513274533,-1.57816575123973,-9.28223172991279,"dipole",3,368
-1.5778513274533,-1.57816575123973,-9.28223172991279,"dipole",3,369
-1.5778513274533,-1.57816575123973,-9.28223172991279,"dipole",3,370
-2.11487609033697,-1.53333464148991,-10.1150629005397,"dipole",3,371
-2.11487609033697,-1.53333464148991,-10.1150629005397,"dipole",3,372
-2.44782676160538,-1.64919011958452,-10.3010270161618,"dipole",3,373
-2.20223407385193,-1.51839577174682,-9.80316960956556,"dipole",3,374
-2.20223407385193,-1.51839577174682,-9.80316960956556,"dipole",3,375
-2.20223407385193,-1.51839577174682,-9.80316960956556,"dipole",3,376
-2.20223407385193,-1.51839577174682,-9.80316960956556,"dipole",3,377
-2.20223407385193,-1.51839577174682,-9.80316960956556,"dipole",3,378
-2.04390742367209,-1.652617546645,-9.66663726805576,"dipole",3,379
-2.33930404012874,-1.73849141548217,-9.38213570957999,"dipole",3,380
-2.3924472145616,-1.63146214601782,-9.67009289185797,"dipole",3,381
-2.3924472145616,-1.63146214601782,-9.67009289185797,"dipole",3,382
-2.3924472145616,-1.63146214601782,-9.67009289185797,"dipole",3,383
-2.3924472145616,-1.63146214601782,-9.67009289185797,"dipole",3,384
-2.46853332547539,-1.69637884546409,-9.73524415341761,"dipole",3,385
-2.10973238975665,-1.71175964845018,-9.9864819996666,"dipole",3,386
-2.10973238975665,-1.71175964845018,-9.9864819996666,"dipole",3,387
-2.10973238975665,-1.71175964845018,-9.9864819996666,"dipole",3,388
-2.44377546565031,-1.70303779408622,-9.75288923480651,"dipole",3,389
-2.00024763672706,-1.52899257261554,-9.58407715250583,"dipole",3,390
-2.34992064022112,-1.74790647582682,-9.80480206797384,"dipole",3,391
-1.98610614430938,-1.62154075327842,-9.97777969107371,"dipole",3,392
-2.22009649246244,-1.47801387316469,-9.48859816414577,"dipole",3,393
-1.91262059409863,-1.54886442912967,-9.56318258281167,"dipole",3,394
-1.99437099195043,-1.81879819253021,-9.88272088506139,"dipole",3,395
-2.11437877322472,-1.62337830209415,-10.0560313544445,"dipole",3,396
-2.11437877322472,-1.62337830209415,-10.0560313544445,"dipole",3,397
-2.11437877322472,-1.62337830209415,-10.0560313544445,"dipole",3,398
-1.99796449857925,-1.75510540322197,-9.78517507851971,"dipole",3,399
-1.99796449857925,-1.75510540322197,-9.78517507851971,"dipole",3,400
-1.99796449857925,-1.75510540322197,-9.78517507851971,"dipole",3,401
-2.07084073489914,-1.59527449337688,-9.41594764316237,"dipole",3,402
-2.07084073489914,-1.59527449337688,-9.41594764316237,"dipole",3,403
-2.0611417815345,-1.79634059660158,-9.39818016322531,"dipole",3,404
-1.99484424364274,-1.65555048069456,-9.61470281256932,"dipole",3,405
-1.695811224509,-1.42683604394764,-10.1644154807463,"dipole",3,406
-1.79359596020595,-1.76097442641993,-9.39706626703247,"dipole",3,407
-1.19168339713108,-1.2418891664881,-9.67806715898047,"dipole",3,408
-1.19168339713108,-1.2418891664881,-9.67806715898047,"dipole",3,409
-1.91968600095917,-1.45768128270425,-9.90045005563631,"dipole",3,410
-1.13423263640138,-1.27532654332547,-10.3896910738165,"dipole",3,411
-1.22760851142862,-1.51396278194321,-10.2271686980399,"dipole",3,412
-1.45202364502869,-1.32658849465708,-9.60322529966417,"dipole",3,413
-1.89541411434756,-1.77488136171402,-9.79870999971457,"dipole",3,414
-1.89541411434756,-1.77488136171402,-9.79870999971457,"dipole",3,415
-2.30575730925015,-1.56598813481595,-9.8661685668565,"dipole",3,416
-2.04494327748016,-1.70444195437951,-9.86587551173564,"dipole",3,417
-2.04494327748016,-1.70444195437951,-9.86587551173564,"dipole",3,418
-2.04494327748016,-1.70444195437951,-9.86587551173564,"dipole",3,419
-2.04494327748016,-1.70444195437951,-9.86587551173564,"dipole",3,420
-2.10173159059525,-1.5883302947266,-9.59227673075571,"dipole",3,421
-2.10173159059525,-1.5883302947266,-9.59227673075571,"dipole",3,422
-2.10173159059525,-1.5883302947266,-9.59227673075571,"dipole",3,423
-1.7186810883228,-1.46141918271893,-9.61348903264307,"dipole",3,424
-1.7186810883228,-1.46141918271893,-9.61348903264307,"dipole",3,425
-0.637700630130896,-0.985703194684208,-9.33273269137394,"dipole",3,426
-1.42971136265571,-1.18004907351434,-9.34660761972298,"dipole",3,427
-1.97351358092795,-1.63416875917776,-8.95299655531125,"dipole",3,428
-2.25429107416023,-1.61230871154063,-9.4263310871234,"dipole",3,429
-2.25429107416023,-1.61230871154063,-9.4263310871234,"dipole",3,430
-2.25429107416023,-1.61230871154063,-9.4263310871234,"dipole",3,431
-1.79583027037371,-1.54517086429772,-9.52749369241367,"dipole",3,432
-1.79583027037371,-1.54517086429772,-9.52749369241367,"dipole",3,433
-2.3926210419006,-1.58298395604707,-10.0102652824881,"dipole",3,434
-1.78004110752594,-1.57479713229576,-10.106426157058,"dipole",3,435
-1.78004110752594,-1.57479713229576,-10.106426157058,"dipole",3,436
-1.78004110752594,-1.57479713229576,-10.106426157058,"dipole",3,437
-1.78004110752594,-1.57479713229576,-10.106426157058,"dipole",3,438
-1.95215973908441,-1.47164726695647,-9.36624888830031,"dipole",3,439
-1.95215973908441,-1.47164726695647,-9.36624888830031,"dipole",3,440
-1.95215973908441,-1.47164726695647,-9.36624888830031,"dipole",3,441
-2.07255064529628,-1.57134318052033,-9.34719552412451,"dipole",3,442
-2.03562814346522,-1.50819574105953,-9.71135809733921,"dipole",3,443
-1.08487834793404,-1.22108939987867,-9.47276704222469,"dipole",3,444
-1.33537490426646,-1.35721008231075,-9.3432458383323,"dipole",3,445
-1.42290830875572,-1.4600777038366,-9.57971077908927,"dipole",3,446
-1.42290830875572,-1.4600777038366,-9.57971077908927,"dipole",3,447
-1.42290830875572,-1.4600777038366,-9.57971077908927,"dipole",3,448
-1.42290830875572,-1.4600777038366,-9.57971077908927,"dipole",3,449
-1.42290830875572,-1.4600777038366,-9.57971077908927,"dipole",3,450
-1.59976544117369,-1.47046874096299,-9.95880131548441,"dipole",3,451
-1.44641768198082,-1.57576598740291,-9.56677504817209,"dipole",3,452
-1.45634400077078,-1.44620080659035,-9.44301878662015,"dipole",3,453
-0.906243077792131,-1.3954837140383,-9.24244865043229,"dipole",3,454
-1.28407728952704,-1.5579040449705,-9.50336186529914,"dipole",3,455
-2.06821605417766,-1.72062107793096,-10.2353515959479,"dipole",3,456
-2.06821605417766,-1.72062107793096,-10.2353515959479,"dipole",3,457
-2.06821605417766,-1.72062107793096,-10.2353515959479,"dipole",3,458
-2.06821605417766,-1.72062107793096,-10.2353515959479,"dipole",3,459
-2.06821605417766,-1.72062107793096,-10.2353515959479,"dipole",3,460
-1.28540440096207,-1.45532806432507,-10.1568933549986,"dipole",3,461
-2.29784569712356,-1.7122832942086,-10.3791185490031,"dipole",3,462
-2.29784569712356,-1.7122832942086,-10.3791185490031,"dipole",3,463
-2.10939081326776,-1.6720130523157,-10.2744819704481,"dipole",3,464
-2.10939081326776,-1.6720130523157,-10.2744819704481,"dipole",3,465
-2.10939081326776,-1.6720130523157,-10.2744819704481,"dipole",3,466
-2.3884230630501,-1.72644865103565,-10.2849171541377,"dipole",3,467
-2.29698322220621,-1.65964440980059,-9.58812099246454,"dipole",3,468
-2.29698322220621,-1.65964440980059,-9.58812099246454,"dipole",3,469
-2.73991423185628,-1.43639958907363,-10.157371833696,"dipole",3,470
-2.73991423185628,-1.43639958907363,-10.157371833696,"dipole",3,471
-2.73991423185628,-1.43639958907363,-10.157371833696,"dipole",3,472
-2.47366387555748,-1.45772278249838,-10.2174617367292,"dipole",3,473
-2.15956109670501,-1.45223727768019,-10.1726259213673,"dipole",3,474
-2.15956109670501,-1.45223727768019,-10.1726259213673,"dipole",3,475
-1.71393398055724,-1.62308894285011,-9.80125814687743,"dipole",3,476
-1.81000077059057,-1.64857131528514,-9.69332594650763,"dipole",3,477
-1.81000077059057,-1.64857131528514,-9.69332594650763,"dipole",3,478
-1.81000077059057,-1.64857131528514,-9.69332594650763,"dipole",3,479
-2.39359571642558,-1.56764841484669,-9.73185721405285,"dipole",3,480
-2.39359571642558,-1.56764841484669,-9.73185721405285,"dipole",3,481
-2.39359571642558,-1.56764841484669,-9.73185721405285,"dipole",3,482
-2.47204225715891,-1.65984031272075,-10.1941787554941,"dipole",3,483
-2.47204225715891,-1.65984031272075,-10.1941787554941,"dipole",3,484
-2.45964736717009,-1.75621582076633,-10.2429245682314,"dipole",3,485
-2.45964736717009,-1.75621582076633,-10.2429245682314,"dipole",3,486
-2.28557206234319,-1.7500151163317,-10.3487934150897,"dipole",3,487
-2.3198197141451,-1.72377913438263,-9.65736865102783,"dipole",3,488
-2.3198197141451,-1.72377913438263,-9.65736865102783,"dipole",3,489
-1.53572191178491,-1.39037921307671,-9.65353311155768,"dipole",3,490
-2.14488351065691,-1.65418221268913,-9.46963003206937,"dipole",3,491
-1.812799025718,-1.41870933958159,-9.36360336191543,"dipole",3,492
-1.812799025718,-1.41870933958159,-9.36360336191543,"dipole",3,493
-1.38579924533053,-1.27455627714621,-9.81375700205558,"dipole",3,494
-1.14216696048624,-1.20005617524063,-9.88503644467926,"dipole",3,495
-1.14216696048624,-1.20005617524063,-9.88503644467926,"dipole",3,496
-1.14216696048624,-1.20005617524063,-9.88503644467926,"dipole",3,497
-1.97911479457439,-1.57247162619545,-9.96169366664348,"dipole",3,498
-1.47567514846053,-1.49505273540803,-9.57354115934363,"dipole",3,499
-1.57036880943619,-1.49578890961444,-9.52745437815176,"dipole",3,500
-1.9022764915174,-1.47992996519212,-10.1133587045606,"dipole",3,501
-1.9022764915174,-1.47992996519212,-10.1133587045606,"dipole",3,502
-2.25095297174196,-1.60941549631496,-9.67708916868083,"dipole",3,503
-1.50828163179656,-1.55611024441385,-9.65755925667466,"dipole",3,504
-1.72584933544129,-1.45504597365861,-9.74005606875481,"dipole",3,505
-1.72584933544129,-1.45504597365861,-9.74005606875481,"dipole",3,506
-1.72584933544129,-1.45504597365861,-9.74005606875481,"dipole",3,507
-1.18513483392097,-1.41913405117184,-9.74892532114328,"dipole",3,508
-1.72637726152881,-1.63906788385689,-9.30150449398618,"dipole",3,509
-1.95230962686334,-1.78632602028442,-9.19012353935844,"dipole",3,510
-1.85216091993142,-1.64931896722072,-10.05526330266,"dipole",3,511
-1.56133008535758,-1.25914860555793,-9.58618710584253,"dipole",3,512
-2.73454173102908,-1.72471631901239,-9.35494519655517,"dipole",3,513
-0.711384960169422,-1.22072558291935,-9.58072932322434,"dipole",3,514
-0.364386593157162,-0.989420862033477,-9.42015370913033,"dipole",3,515
-0.635794485371756,-0.996995050876151,-9.44784414311118,"dipole",3,516
-2.14752736977943,-1.61454118563977,-9.23917461973235,"dipole",3,517
-2.6083375645469,-1.84050925838902,-9.80089666979302,"dipole",3,518
-2.31054746122952,-1.72853088686442,-9.92053548042526,"dipole",3,519
-2.31054746122952,-1.72853088686442,-9.92053548042526,"dipole",3,520
-2.0136126070347,-1.73712761311765,-10.356833992244,"dipole",3,521
-2.0136126070347,-1.73712761311765,-10.356833992244,"dipole",3,522
-1.79759498188643,-1.56862031808634,-10.4561415940615,"dipole",3,523
-1.70996163584442,-1.44261122271487,-9.4005700229167,"dipole",3,524
-2.02576374740622,-1.46175658790634,-9.37531602425996,"dipole",3,525
-2.37215764396565,-1.71392499070305,-9.98542261579262,"dipole",3,526
-2.16054430703301,-1.71518359284621,-9.82756951607545,"dipole",3,527
-1.62756214487568,-1.57680007338891,-9.58400317580022,"dipole",3,528
-1.62756214487568,-1.57680007338891,-9.58400317580022,"dipole",3,529
-2.45894296309961,-1.72440618294091,-9.78041284282197,"dipole",3,530
-2.27320047960984,-1.61390073146071,-9.91741083754924,"dipole",3,531
-1.77976053365152,-1.45063310889029,-9.88062901864875,"dipole",3,532
-1.77976053365152,-1.45063310889029,-9.88062901864875,"dipole",3,533
-1.78892033266734,-1.37594663412942,-9.43190692543008,"dipole",3,534
-1.51417350380434,-1.45392235922214,-9.55853436661409,"dipole",3,535
-1.49013675414022,-1.3845808832119,-9.94392099687184,"dipole",3,536
-1.49013675414022,-1.3845808832119,-9.94392099687184,"dipole",3,537
-1.7409419629091,-1.57666676059082,-9.46847132397377,"dipole",3,538
-1.7409419629091,-1.57666676059082,-9.46847132397377,"dipole",3,539
-1.7409419629091,-1.57666676059082,-9.46847132397377,"dipole",3,540
-2.08208623080545,-1.6055677348316,-10.6525187668389,"dipole",3,541
-2.08208623080545,-1.6055677348316,-10.6525187668389,"dipole",3,542
-2.08208623080545,-1.6055677348316,-10.6525187668389,"dipole",3,543
-2.3586431295486,-1.76485202927035,-10.3243766098951,"dipole",3,544
-1.65729875132942,-1.48915032524954,-10.0332063055736,"dipole",3,545
-1.65729875132942,-1.48915032524954,-10.0332063055736,"dipole",3,546
-1.92484807409991,-1.55919682705116,-10.3096730820148,"dipole",3,547
-1.72585059177658,-1.58087522904626,-9.77110373209425,"dipole",3,548
-1.74129389556903,-1.53981656985612,-10.1348526573585,"dipole",3,549
-1.74129389556903,-1.53981656985612,-10.1348526573585,"dipole",3,550
-1.74129389556903,-1.53981656985612,-10.1348526573585,"dipole",3,551
-2.2166988700504,-1.71767715510247,-9.83330938087481,"dipole",3,552
-2.2166988700504,-1.71767715510247,-9.83330938087481,"dipole",3,553
-2.2166988700504,-1.71767715510247,-9.83330938087481,"dipole",3,554
-1.87889886794746,-1.67614913926231,-9.56510898729038,"dipole",3,555
-1.87889886794746,-1.67614913926231,-9.56510898729038,"dipole",3,556
-1.87889886794746,-1.67614913926231,-9.56510898729038,"dipole",3,557
-2.36834386086296,-1.76278413519049,-10.6085773462032,"dipole",3,558
-1.9167508166062,-1.40750822762883,-10.3037556567773,"dipole",3,559
-2.02450417487706,-1.43838791428959,-9.22402549786962,"dipole",3,560
-1.95176924502437,-1.26283703050863,-9.37768949969728,"dipole",3,561
-1.95176924502437,-1.26283703050863,-9.37768949969728,"dipole",3,562
-2.2823424664825,-1.21667654847983,-10.0158378758441,"dipole",3,563
-2.08254466061197,-1.38431601645718,-10.2185401409835,"dipole",3,564
-1.75696287279161,-1.4189138546195,-10.0913146575108,"dipole",3,565
-1.2642919964834,-1.40504966364759,-9.73462037737423,"dipole",3,566
-1.2642919964834,-1.40504966364759,-9.73462037737423,"dipole",3,567
-1.2642919964834,-1.40504966364759,-9.73462037737423,"dipole",3,568
-2.45392841608402,-1.5643096504094,-9.1751270922819,"dipole",3,569
-2.11812825028782,-1.55767505313137,-9.56221979536719,"dipole",3,570
-2.11130263008591,-1.77020803702119,-9.62650667908555,"dipole",3,571
-2.11130263008591,-1.77020803702119,-9.62650667908555,"dipole",3,572
-2.11130263008591,-1.77020803702119,-9.62650667908555,"dipole",3,573
-2.11130263008591,-1.77020803702119,-9.62650667908555,"dipole",3,574
-1.6402160295701,-1.52635542544868,-10.3391879914374,"dipole",3,575
-2.10150693613823,-1.80449879964716,-9.54285552339217,"dipole",3,576
-2.13434189499592,-1.74050644363929,-10.0902692196425,"dipole",3,577
-2.40818340699135,-1.71219220069111,-9.80701439125361,"dipole",3,578
-2.40818340699135,-1.71219220069111,-9.80701439125361,"dipole",3,579
-2.40818340699135,-1.71219220069111,-9.80701439125361,"dipole",3,580
-2.40818340699135,-1.71219220069111,-9.80701439125361,"dipole",3,581
-2.12402570970485,-1.60224248679552,-9.93900289396816,"dipole",3,582
-2.12402570970485,-1.60224248679552,-9.93900289396816,"dipole",3,583
-2.10718042297128,-1.62599525667136,-9.63893259471619,"dipole",3,584
-2.10718042297128,-1.62599525667136,-9.63893259471619,"dipole",3,585
-2.10718042297128,-1.62599525667136,-9.63893259471619,"dipole",3,586
-2.20211695557452,-1.54807162330318,-9.84203609652726,"dipole",3,587
-2.1054576844711,-1.63156381824345,-9.28783687919968,"dipole",3,588
-2.1054576844711,-1.63156381824345,-9.28783687919968,"dipole",3,589
-2.24421469925933,-1.67129314916478,-10.250189010111,"dipole",3,590
-2.24421469925933,-1.67129314916478,-10.250189010111,"dipole",3,591
-2.02689950498233,-1.64087061098063,-10.6244322922804,"dipole",3,592
-2.02689950498233,-1.64087061098063,-10.6244322922804,"dipole",3,593
-1.42224242055419,-1.63305855299185,-9.71198840185169,"dipole",3,594
-1.42224242055419,-1.63305855299185,-9.71198840185169,"dipole",3,595
-2.49672708732341,-1.67571796721481,-9.64138551577396,"dipole",3,596
-2.49672708732341,-1.67571796721481,-9.64138551577396,"dipole",3,597
-1.7710534676592,-1.52917164462761,-9.38269938741328,"dipole",3,598
-1.38925407153473,-1.42611450381118,-9.87154117142622,"dipole",3,599
-1.38925407153473,-1.42611450381118,-9.87154117142622,"dipole",3,600
-1.06933236049446,-1.44922489589944,-9.87805157492695,"dipole",3,601
-1.59656901286098,-1.39841346741282,-9.3648567103651,"dipole",3,602
-1.59656901286098,-1.39841346741282,-9.3648567103651,"dipole",3,603
-1.45782711379503,-1.57977743518331,-9.71149308511391,"dipole",3,604
-1.52663519239081,-1.42055776690473,-9.99185135741341,"dipole",3,605
-1.92386094391326,-1.46638240090859,-9.77596490442007,"dipole",3,606
-1.92386094391326,-1.46638240090859,-9.77596490442007,"dipole",3,607
-1.68182851013609,-1.48554019710634,-10.2566578359306,"dipole",3,608
-1.09760137911624,-1.47941499735831,-10.2485550757943,"dipole",3,609
-1.69127569070094,-1.36365355850982,-10.1321287895276,"dipole",3,610
-1.74905609788814,-1.32918137293239,-10.3080882571268,"dipole",3,611
-2.10135737894253,-1.35731360048257,-10.1574821796901,"dipole",3,612
-0.873360662241958,-1.07702447158871,-10.0416668431251,"dipole",3,613
-0.873360662241958,-1.07702447158871,-10.0416668431251,"dipole",3,614
-0.873360662241958,-1.07702447158871,-10.0416668431251,"dipole",3,615
-2.13110163524432,-1.54564193950472,-9.830412648343,"dipole",3,616
-2.13110163524432,-1.54564193950472,-9.830412648343,"dipole",3,617
-1.1796894445685,-1.35857497535934,-9.55518037614978,"dipole",3,618
-1.4017270961949,-1.52433096375311,-9.44055434931938,"dipole",3,619
-2.11558365413824,-1.73433186318405,-10.4157135788386,"dipole",3,620
-2.09942016984958,-1.65326583727969,-10.0889810295944,"dipole",3,621
-1.30491712556485,-1.57620969897318,-10.1476928834915,"dipole",3,622
-2.29928644847732,-1.62433207411329,-9.71010131611152,"dipole",3,623
-2.29928644847732,-1.62433207411329,-9.71010131611152,"dipole",3,624
-2.29928644847732,-1.62433207411329,-9.71010131611152,"dipole",3,625
-2.29928644847732,-1.62433207411329,-9.71010131611152,"dipole",3,626
-1.28312927262567,-1.41482461378251,-9.51582807702582,"dipole",3,627
-1.28312927262567,-1.41482461378251,-9.51582807702582,"dipole",3,628
-1.28312927262567,-1.41482461378251,-9.51582807702582,"dipole",3,629
-1.86458613670557,-1.50173738198465,-9.80197592221864,"dipole",3,630
-1.84834466285129,-1.62373832731259,-10.0300314472908,"dipole",3,631
-1.71246811437129,-1.51175223308899,-9.96460529595045,"dipole",3,632
-1.23553574563288,-1.39371123859794,-9.41283634060602,"dipole",3,633
-1.31320091160391,-1.36576047506457,-9.39158407522111,"dipole",3,634
-1.31320091160391,-1.36576047506457,-9.39158407522111,"dipole",3,635
-1.41987393187686,-1.42241873050812,-10.0599977859145,"dipole",3,636
-2.50179851010132,-1.77369889766718,-9.79088269260065,"dipole",3,637
-1.22168495209796,-1.35752969511121,-9.62250862291101,"dipole",3,638
-1.96523413904586,-1.50671697566448,-9.23629816437888,"dipole",3,639
-2.21165752660759,-1.28134991325895,-9.82575288842713,"dipole",3,640
-2.21165752660759,-1.28134991325895,-9.82575288842713,"dipole",3,641
-1.90019551229722,-1.50210233692734,-9.30380993656026,"dipole",3,642
-1.2552688600173,-1.46844891330384,-9.88846941428372,"dipole",3,643
-1.77262419787295,-1.54253763958946,-9.7504309021525,"dipole",3,644
-1.77262419787295,-1.54253763958946,-9.7504309021525,"dipole",3,645
-1.77262419787295,-1.54253763958946,-9.7504309021525,"dipole",3,646
-1.99520996138922,-1.56699423872541,-10.212315509819,"dipole",3,647
-1.99520996138922,-1.56699423872541,-10.212315509819,"dipole",3,648
-1.99520996138922,-1.56699423872541,-10.212315509819,"dipole",3,649
-1.99520996138922,-1.56699423872541,-10.212315509819,"dipole",3,650
-2.26496105494233,-1.8544323129862,-9.91069661675031,"dipole",3,651
-2.26496105494233,-1.8544323129862,-9.91069661675031,"dipole",3,652
-2.26496105494233,-1.8544323129862,-9.91069661675031,"dipole",3,653
-2.26496105494233,-1.8544323129862,-9.91069661675031,"dipole",3,654
-2.38177560594148,-1.5319286115183,-9.53682378512302,"dipole",3,655
-1.75596001971622,-1.5803088504118,-9.79868772417789,"dipole",3,656
-2.53160146820198,-1.53072116508248,-10.3469674870568,"dipole",3,657
-2.53160146820198,-1.53072116508248,-10.3469674870568,"dipole",3,658
-1.62883408245643,-1.54534239996321,-10.2603017663411,"dipole",3,659
-1.48310310604149,-1.68366396182722,-9.55014397336202,"dipole",3,660
-2.14279219764934,-1.70930268839721,-10.2784808979743,"dipole",3,661
-1.38949631248975,-1.4525939033724,-10.5269277236874,"dipole",3,662
-1.86849708167501,-1.69467011205048,-10.5260031066962,"dipole",3,663
-2.62022086362494,-1.56103615839877,-10.4245766434818,"dipole",3,664
-2.32400401478783,-1.72302012800399,-10.1739879009258,"dipole",3,665
-2.24301556800768,-1.31087301207003,-10.1136775134372,"dipole",3,666
-1.38938351572487,-1.20863188567651,-9.99602971595962,"dipole",3,667
-1.49301204507786,-1.52771543763873,-9.7237831194197,"dipole",3,668
-2.23978076274056,-1.46568186474836,-9.33495725140704,"dipole",3,669
-2.35631393248437,-1.37875743277868,-9.95715306937143,"dipole",3,670
-1.83236583133695,-1.48580492159413,-10.0156830576933,"dipole",3,671
-1.83236583133695,-1.48580492159413,-10.0156830576933,"dipole",3,672
-1.83236583133695,-1.48580492159413,-10.0156830576933,"dipole",3,673
-1.83236583133695,-1.48580492159413,-10.0156830576933,"dipole",3,674
-1.82513031426915,-1.52632166402102,-9.73496035015924,"dipole",3,675
-1.82513031426915,-1.52632166402102,-9.73496035015924,"dipole",3,676
-2.1199354811177,-1.52170754741338,-9.21163275982151,"dipole",3,677
-1.87867509946958,-1.56930188140117,-10.3012438428565,"dipole",3,678
-1.87867509946958,-1.56930188140117,-10.3012438428565,"dipole",3,679
-1.90411486862311,-1.68956384800301,-9.72432149031336,"dipole",3,680
-1.90411486862311,-1.68956384800301,-9.72432149031336,"dipole",3,681
-1.94718423389394,-1.58501442471347,-9.72976908991753,"dipole",3,682
-1.81323357476952,-1.66081531248275,-9.81408883732129,"dipole",3,683
-2.14577674970598,-1.71369131489445,-9.16557669742338,"dipole",3,684
-1.75959674787623,-1.78158189950103,-9.23555782900847,"dipole",3,685
-1.75959674787623,-1.78158189950103,-9.23555782900847,"dipole",3,686
-1.68430889977696,-1.64482933092191,-10.2905903559592,"dipole",3,687
-1.68430889977696,-1.64482933092191,-10.2905903559592,"dipole",3,688
-1.78266389790229,-1.50655484004082,-9.55309709161478,"dipole",3,689
-1.7722857861045,-1.66596747984405,-9.61296057208054,"dipole",3,690
-1.7722857861045,-1.66596747984405,-9.61296057208054,"dipole",3,691
-1.87927365321611,-1.72566526329877,-9.18626953682552,"dipole",3,692
-2.07691670896877,-1.76331154610233,-9.43189226621517,"dipole",3,693
-2.07691670896877,-1.76331154610233,-9.43189226621517,"dipole",3,694
-2.07691670896877,-1.76331154610233,-9.43189226621517,"dipole",3,695
-2.35372506413996,-1.53840984824159,-10.1413080719629,"dipole",3,696
-2.35372506413996,-1.53840984824159,-10.1413080719629,"dipole",3,697
-2.64113581057128,-1.41837522093006,-9.93618269757041,"dipole",3,698
-2.64113581057128,-1.41837522093006,-9.93618269757041,"dipole",3,699
-2.27719994444135,-1.57346674329028,-9.72280883448384,"dipole",3,700
-2.03051086822087,-1.69969354475536,-9.84786866686935,"dipole",4,1
-2.03051086822087,-1.69969354475536,-9.84786866686935,"dipole",4,2
-2.03051086822087,-1.69969354475536,-9.84786866686935,"dipole",4,3
-2.03051086822087,-1.69969354475536,-9.84786866686935,"dipole",4,4
-2.03051086822087,-1.69969354475536,-9.84786866686935,"dipole",4,5
-1.65832047317102,-1.73213987366503,-10.0326614875122,"dipole",4,6
-1.65832047317102,-1.73213987366503,-10.0326614875122,"dipole",4,7
-1.65832047317102,-1.73213987366503,-10.0326614875122,"dipole",4,8
-2.42279613575452,-1.52166505760035,-9.46639369963841,"dipole",4,9
-2.42279613575452,-1.52166505760035,-9.46639369963841,"dipole",4,10
-2.19594139969964,-1.66873243611216,-9.435921230888,"dipole",4,11
-2.22586773656182,-1.60281706939467,-9.40936118121142,"dipole",4,12
-2.22586773656182,-1.60281706939467,-9.40936118121142,"dipole",4,13
-2.15637548947888,-1.63863165915121,-9.55287853370952,"dipole",4,14
-2.15637548947888,-1.63863165915121,-9.55287853370952,"dipole",4,15
-2.15637548947888,-1.63863165915121,-9.55287853370952,"dipole",4,16
-1.94166741700675,-1.61725522042138,-10.091897299828,"dipole",4,17
-1.95651878835095,-1.452512969774,-10.3400377371642,"dipole",4,18
-2.31515633462632,-1.57484575102779,-10.0083674299066,"dipole",4,19
-2.31515633462632,-1.57484575102779,-10.0083674299066,"dipole",4,20
-2.31515633462632,-1.57484575102779,-10.0083674299066,"dipole",4,21
-2.31515633462632,-1.57484575102779,-10.0083674299066,"dipole",4,22
-2.31515633462632,-1.57484575102779,-10.0083674299066,"dipole",4,23
-2.46953554904275,-1.72227135282582,-9.91269389483809,"dipole",4,24
-2.46953554904275,-1.72227135282582,-9.91269389483809,"dipole",4,25
-2.46953554904275,-1.72227135282582,-9.91269389483809,"dipole",4,26
-2.08544810721112,-1.73849619073747,-9.65943256334461,"dipole",4,27
-2.08544810721112,-1.73849619073747,-9.65943256334461,"dipole",4,28
-2.08544810721112,-1.73849619073747,-9.65943256334461,"dipole",4,29
-2.08544810721112,-1.73849619073747,-9.65943256334461,"dipole",4,30
-1.95896229904089,-1.54443393248807,-9.85640422580714,"dipole",4,31
-2.29137968420794,-1.60060345995837,-10.4143246360288,"dipole",4,32
-2.29137968420794,-1.60060345995837,-10.4143246360288,"dipole",4,33
-1.39438344586256,-1.40178324878975,-9.93004067614354,"dipole",4,34
-1.85243736591821,-1.65305738170862,-9.98370482679456,"dipole",4,35
-1.99011313430495,-1.89929392591574,-9.80302085779246,"dipole",4,36
-1.99011313430495,-1.89929392591574,-9.80302085779246,"dipole",4,37
-1.97496250007771,-1.74113006134774,-9.18108178900201,"dipole",4,38
-1.65075177906604,-1.44413718868034,-9.74278721975317,"dipole",4,39
-1.10363600102875,-1.31954496434691,-9.6872414615235,"dipole",4,40
-1.10363600102875,-1.31954496434691,-9.6872414615235,"dipole",4,41
-2.72498599269935,-1.58708456527475,-9.42530911120005,"dipole",4,42
-2.44698219116944,-1.56679968092921,-10.0984679340686,"dipole",4,43
-2.44698219116944,-1.56679968092921,-10.0984679340686,"dipole",4,44
-2.44698219116944,-1.56679968092921,-10.0984679340686,"dipole",4,45
-2.44698219116944,-1.56679968092921,-10.0984679340686,"dipole",4,46
-2.44698219116944,-1.56679968092921,-10.0984679340686,"dipole",4,47
-1.36740645448036,-1.25217223122762,-9.4236224237257,"dipole",4,48
-0.899642542123582,-1.17826531294042,-9.17094966150473,"dipole",4,49
-0.899642542123582,-1.17826531294042,-9.17094966150473,"dipole",4,50
-0.135254531164703,-0.864634357854024,-9.47600362995284,"dipole",4,51
-1.46330546813419,-1.29482071589657,-9.17535939857531,"dipole",4,52
-2.89746208425115,-1.55972753804488,-9.50789557991622,"dipole",4,53
-2.80510593639713,-1.54255321455495,-10.2593438957685,"dipole",4,54
-2.45099890533904,-1.52500259141661,-9.58832494656698,"dipole",4,55
-2.45099890533904,-1.52500259141661,-9.58832494656698,"dipole",4,56
-2.45099890533904,-1.52500259141661,-9.58832494656698,"dipole",4,57
-2.11628471126671,-1.55996534164919,-9.13668714447356,"dipole",4,58
-2.11628471126671,-1.55996534164919,-9.13668714447356,"dipole",4,59
-2.21374217589571,-1.81779744202246,-9.97215191637292,"dipole",4,60
-1.76298653924861,-1.75111109728293,-9.52820476762665,"dipole",4,61
-1.20322273856259,-1.24694752906349,-9.36161066552494,"dipole",4,62
-1.20322273856259,-1.24694752906349,-9.36161066552494,"dipole",4,63
-2.47478413208498,-1.61039612287857,-9.72107037281259,"dipole",4,64
-2.47478413208498,-1.61039612287857,-9.72107037281259,"dipole",4,65
-1.99763902440672,-1.41311199389305,-9.93168863362123,"dipole",4,66
-1.73323764594907,-1.3424596764057,-9.70980103961562,"dipole",4,67
-1.80053356308239,-1.83375834074667,-9.09659537560923,"dipole",4,68
-1.94063387599785,-1.87976790006442,-9.20116107934722,"dipole",4,69
-1.94063387599785,-1.87976790006442,-9.20116107934722,"dipole",4,70
-1.52567007944516,-1.39128617564257,-9.27955735497193,"dipole",4,71
-1.50308246889873,-1.49017182980882,-9.51263896523338,"dipole",4,72
-1.50308246889873,-1.49017182980882,-9.51263896523338,"dipole",4,73
-0.882335872073508,-1.29934290938464,-9.1521480914896,"dipole",4,74
-0.585729158397188,-1.12910250997882,-8.9178735303281,"dipole",4,75
-0.585729158397188,-1.12910250997882,-8.9178735303281,"dipole",4,76
-0.89921429844203,-1.25286065078796,-9.3509746039443,"dipole",4,77
-1.41502013182468,-1.53209967491339,-9.82439559606355,"dipole",4,78
-1.00733461512303,-1.33198256980192,-10.2307440821193,"dipole",4,79
-1.00733461512303,-1.33198256980192,-10.2307440821193,"dipole",4,80
-1.47491569843513,-1.51230982672604,-10.2796679553911,"dipole",4,81
-1.53398800314717,-1.52331383793232,-9.88668361857989,"dipole",4,82
-1.53398800314717,-1.52331383793232,-9.88668361857989,"dipole",4,83
-1.83680833517345,-1.4795637937242,-10.0198046322111,"dipole",4,84
-1.43194591466594,-1.52940246244701,-9.92511050767129,"dipole",4,85
-1.72331263739159,-1.5915439107228,-10.1887827885565,"dipole",4,86
-1.72331263739159,-1.5915439107228,-10.1887827885565,"dipole",4,87
-1.72331263739159,-1.5915439107228,-10.1887827885565,"dipole",4,88
-1.72331263739159,-1.5915439107228,-10.1887827885565,"dipole",4,89
-2.1120934679316,-1.68833402867691,-9.62234654191774,"dipole",4,90
-1.7043049191678,-1.43573757910123,-10.2785676127128,"dipole",4,91
-2.26992840523991,-1.50817956407647,-9.66656235701451,"dipole",4,92
-1.61856814407999,-1.41314811116284,-9.17577001697359,"dipole",4,93
-2.57775277703795,-1.56667882807298,-9.83655431775117,"dipole",4,94
-2.57775277703795,-1.56667882807298,-9.83655431775117,"dipole",4,95
-2.3267434220968,-1.73350485906439,-10.4026093707512,"dipole",4,96
-2.82261194670411,-1.68223066555905,-9.94217731204703,"dipole",4,97
-2.26707747152437,-1.63557875315038,-9.95891761607095,"dipole",4,98
-2.26707747152437,-1.63557875315038,-9.95891761607095,"dipole",4,99
-2.26707747152437,-1.63557875315038,-9.95891761607095,"dipole",4,100
-2.26707747152437,-1.63557875315038,-9.95891761607095,"dipole",4,101
-2.26707747152437,-1.63557875315038,-9.95891761607095,"dipole",4,102
-2.26707747152437,-1.63557875315038,-9.95891761607095,"dipole",4,103
-2.26707747152437,-1.63557875315038,-9.95891761607095,"dipole",4,104
-2.26707747152437,-1.63557875315038,-9.95891761607095,"dipole",4,105
-2.26707747152437,-1.63557875315038,-9.95891761607095,"dipole",4,106
-2.26707747152437,-1.63557875315038,-9.95891761607095,"dipole",4,107
-1.88223499283402,-1.61957839484207,-9.64449056165134,"dipole",4,108
-1.88223499283402,-1.61957839484207,-9.64449056165134,"dipole",4,109
-2.38052455591715,-1.6185705402494,-10.0427534892319,"dipole",4,110
-2.38052455591715,-1.6185705402494,-10.0427534892319,"dipole",4,111
-2.38052455591715,-1.6185705402494,-10.0427534892319,"dipole",4,112
-2.38052455591715,-1.6185705402494,-10.0427534892319,"dipole",4,113
-2.38052455591715,-1.6185705402494,-10.0427534892319,"dipole",4,114
-2.38052455591715,-1.6185705402494,-10.0427534892319,"dipole",4,115
-2.38052455591715,-1.6185705402494,-10.0427534892319,"dipole",4,116
-2.4277492515876,-1.64222653635481,-10.09030230224,"dipole",4,117
-1.58330448540783,-1.64923350992293,-10.0042143427731,"dipole",4,118
-1.95802743474808,-1.44277824201267,-10.2684259103069,"dipole",4,119
-1.65873481404143,-1.61957561398465,-10.0734726688536,"dipole",4,120
-1.78396233972051,-1.51610270626675,-10.4370986362809,"dipole",4,121
-1.64734292058798,-1.60483318677591,-9.73256754711989,"dipole",4,122
-1.64734292058798,-1.60483318677591,-9.73256754711989,"dipole",4,123
-2.30433756109917,-1.67202171601987,-10.1195509723171,"dipole",4,124
-2.30433756109917,-1.67202171601987,-10.1195509723171,"dipole",4,125
-2.30433756109917,-1.67202171601987,-10.1195509723171,"dipole",4,126
-2.30433756109917,-1.67202171601987,-10.1195509723171,"dipole",4,127
-2.30433756109917,-1.67202171601987,-10.1195509723171,"dipole",4,128
-2.30433756109917,-1.67202171601987,-10.1195509723171,"dipole",4,129
-2.68553340361777,-1.61171038861909,-10.512989571875,"dipole",4,130
-2.11970556017613,-1.66488649913513,-10.4596045329418,"dipole",4,131
-2.11970556017613,-1.66488649913513,-10.4596045329418,"dipole",4,132
-2.11970556017613,-1.66488649913513,-10.4596045329418,"dipole",4,133
-2.06525689917139,-1.60658851328651,-10.3045343161947,"dipole",4,134
-2.06525689917139,-1.60658851328651,-10.3045343161947,"dipole",4,135
-2.06525689917139,-1.60658851328651,-10.3045343161947,"dipole",4,136
-2.06525689917139,-1.60658851328651,-10.3045343161947,"dipole",4,137
-2.06525689917139,-1.60658851328651,-10.3045343161947,"dipole",4,138
-2.42552297101595,-1.57722326732513,-10.1242283164897,"dipole",4,139
-0.995278976788844,-1.22506758542293,-9.92288384934617,"dipole",4,140
-1.32979889208624,-1.57370506509147,-9.63330032064273,"dipole",4,141
-1.32979889208624,-1.57370506509147,-9.63330032064273,"dipole",4,142
-1.32979889208624,-1.57370506509147,-9.63330032064273,"dipole",4,143
-1.51412261859021,-1.57090105751525,-9.30323006931819,"dipole",4,144
-1.51412261859021,-1.57090105751525,-9.30323006931819,"dipole",4,145
-2.3574808119484,-1.62550199773471,-8.86720146359621,"dipole",4,146
-2.3574808119484,-1.62550199773471,-8.86720146359621,"dipole",4,147
-2.3574808119484,-1.62550199773471,-8.86720146359621,"dipole",4,148
-2.3574808119484,-1.62550199773471,-8.86720146359621,"dipole",4,149
-1.90576821606004,-1.65430745481572,-9.40284036399956,"dipole",4,150
-1.90576821606004,-1.65430745481572,-9.40284036399956,"dipole",4,151
-1.90576821606004,-1.65430745481572,-9.40284036399956,"dipole",4,152
-1.90576821606004,-1.65430745481572,-9.40284036399956,"dipole",4,153
-1.90576821606004,-1.65430745481572,-9.40284036399956,"dipole",4,154
-1.99935142857163,-1.64132275090055,-9.73637858831489,"dipole",4,155
-2.27510674161946,-1.67622356690799,-9.88086247691685,"dipole",4,156
-2.20700156646861,-1.73364711611046,-9.6612020579137,"dipole",4,157
-2.20700156646861,-1.73364711611046,-9.6612020579137,"dipole",4,158
-2.20700156646861,-1.73364711611046,-9.6612020579137,"dipole",4,159
-2.20700156646861,-1.73364711611046,-9.6612020579137,"dipole",4,160
-2.26218997381737,-1.66595198320084,-9.64905042992721,"dipole",4,161
-2.26218997381737,-1.66595198320084,-9.64905042992721,"dipole",4,162
-2.2302962867377,-1.65903208051978,-9.91368746566554,"dipole",4,163
-2.2302962867377,-1.65903208051978,-9.91368746566554,"dipole",4,164
-2.2302962867377,-1.65903208051978,-9.91368746566554,"dipole",4,165
-1.95077650252248,-1.64651049637108,-9.69826153046141,"dipole",4,166
-1.95077650252248,-1.64651049637108,-9.69826153046141,"dipole",4,167
-2.11622835566347,-1.63800917312265,-9.71020308387189,"dipole",4,168
-2.11622835566347,-1.63800917312265,-9.71020308387189,"dipole",4,169
-2.11622835566347,-1.63800917312265,-9.71020308387189,"dipole",4,170
-2.2080162178255,-1.6899408647589,-9.94989683078419,"dipole",4,171
-2.22892168187026,-1.7881114425561,-10.1263105138889,"dipole",4,172
-2.14401616715445,-1.81803972533341,-10.0547623223964,"dipole",4,173
-2.14401616715445,-1.81803972533341,-10.0547623223964,"dipole",4,174
-2.14401616715445,-1.81803972533341,-10.0547623223964,"dipole",4,175
-1.67644153684891,-1.488200595996,-10.1633487651196,"dipole",4,176
-1.41515436602483,-1.34671561981803,-10.0828490454839,"dipole",4,177
-1.26740915672832,-1.43998062986925,-10.155398720485,"dipole",4,178
-2.12991838351869,-1.71423643695585,-9.63333418370998,"dipole",4,179
-2.00729291994942,-1.60310516308165,-10.3679799870411,"dipole",4,180
-2.04910615650849,-1.66498450770968,-10.1845463522259,"dipole",4,181
-2.06917471239332,-1.64252544859329,-9.98079311780633,"dipole",4,182
-2.28419743679356,-1.51185711840027,-9.82305381937555,"dipole",4,183
-2.6531170855217,-1.59799368721244,-10.218547917494,"dipole",4,184
-2.15627703631784,-1.5429529211322,-9.69930302556843,"dipole",4,185
-1.97384082218553,-1.61725941112464,-9.79334372035418,"dipole",4,186
-1.97384082218553,-1.61725941112464,-9.79334372035418,"dipole",4,187
-1.97384082218553,-1.61725941112464,-9.79334372035418,"dipole",4,188
-1.53045937508748,-1.6655224913776,-9.96669301627828,"dipole",4,189
-1.42586171880254,-1.62990322325525,-10.0499779265086,"dipole",4,190
-1.26438748021088,-1.47830341528317,-10.0107487325619,"dipole",4,191
-1.37751520633557,-1.4795889229725,-9.67228274832001,"dipole",4,192
-1.1847025655383,-1.40347663484122,-9.39516732313467,"dipole",4,193
-1.9456568045267,-1.66592441674073,-10.1293594212092,"dipole",4,194
-1.9456568045267,-1.66592441674073,-10.1293594212092,"dipole",4,195
-1.9456568045267,-1.66592441674073,-10.1293594212092,"dipole",4,196
-1.9456568045267,-1.66592441674073,-10.1293594212092,"dipole",4,197
-1.95464561749297,-1.49124818922665,-9.99617796899227,"dipole",4,198
-2.29850026112796,-1.77127698329695,-9.90542916744493,"dipole",4,199
-1.42510075379999,-1.42266890107242,-9.75338318397295,"dipole",4,200
-1.84483814477047,-1.47224629718036,-10.6186745427039,"dipole",4,201
-0.870975848859068,-1.17522978156619,-10.0817210035934,"dipole",4,202
-2.02914123774365,-1.61414539421685,-10.0033165902098,"dipole",4,203
-2.02914123774365,-1.61414539421685,-10.0033165902098,"dipole",4,204
-2.02914123774365,-1.61414539421685,-10.0033165902098,"dipole",4,205
-2.1634020835427,-1.74143485760879,-9.86671870806709,"dipole",4,206
-2.1634020835427,-1.74143485760879,-9.86671870806709,"dipole",4,207
-2.1634020835427,-1.74143485760879,-9.86671870806709,"dipole",4,208
-2.1634020835427,-1.74143485760879,-9.86671870806709,"dipole",4,209
-2.1634020835427,-1.74143485760879,-9.86671870806709,"dipole",4,210
-1.84399608801938,-1.36500103963971,-10.0961098931403,"dipole",4,211
-1.84399608801938,-1.36500103963971,-10.0961098931403,"dipole",4,212
-1.84399608801938,-1.36500103963971,-10.0961098931403,"dipole",4,213
-1.84399608801938,-1.36500103963971,-10.0961098931403,"dipole",4,214
-2.11611245859104,-1.59217663560407,-10.1362570817357,"dipole",4,215
-2.11611245859104,-1.59217663560407,-10.1362570817357,"dipole",4,216
-2.11611245859104,-1.59217663560407,-10.1362570817357,"dipole",4,217
-1.44648927239817,-1.30560928048968,-10.1483415715645,"dipole",4,218
-1.44907712013416,-1.35687221152523,-9.80350524141753,"dipole",4,219
-1.64815594232781,-1.38032297599029,-9.34042773952953,"dipole",4,220
-1.64815594232781,-1.38032297599029,-9.34042773952953,"dipole",4,221
-1.3683119224456,-1.45394911135539,-10.6434562242036,"dipole",4,222
-2.36323989721311,-1.7011840244572,-9.53589297863088,"dipole",4,223
-2.07297360050639,-1.675167691691,-9.46110072744878,"dipole",4,224
-2.07297360050639,-1.675167691691,-9.46110072744878,"dipole",4,225
-2.07297360050639,-1.675167691691,-9.46110072744878,"dipole",4,226
-2.14087137015925,-1.55014585218424,-9.48018748931958,"dipole",4,227
-2.14087137015925,-1.55014585218424,-9.48018748931958,"dipole",4,228
-2.02013924052813,-1.46194944371347,-9.71685757271069,"dipole",4,229
-2.02013924052813,-1.46194944371347,-9.71685757271069,"dipole",4,230
-1.95560255543446,-1.77133942619305,-9.15500056130617,"dipole",4,231
-1.95560255543446,-1.77133942619305,-9.15500056130617,"dipole",4,232
-1.85789495974155,-1.67807586043295,-9.08951064903404,"dipole",4,233
-1.02879336951899,-1.20701189584255,-9.64817089576636,"dipole",4,234
-1.19426949757224,-1.19086517099997,-9.93833011187079,"dipole",4,235
-1.40717898500946,-1.70764574434297,-9.8279402467008,"dipole",4,236
-1.30640294380215,-1.35379674783443,-10.0036845215074,"dipole",4,237
-1.93418845360175,-1.50525258894929,-9.98982584975732,"dipole",4,238
-1.97382925394852,-1.73498359893677,-10.023149824083,"dipole",4,239
-1.39192156838586,-1.47504867010587,-10.3297993856004,"dipole",4,240
-1.19583279835435,-1.33496346458043,-9.78148865859186,"dipole",4,241
-2.16006800110358,-1.89681399849237,-9.93279603600489,"dipole",4,242
-2.65240630053788,-1.6626938579987,-9.3741849223968,"dipole",4,243
-2.48023797427014,-1.62892754968473,-9.33455857413047,"dipole",4,244
-1.80000571200388,-1.61297430701828,-9.57274999335101,"dipole",4,245
-1.80000571200388,-1.61297430701828,-9.57274999335101,"dipole",4,246
-1.65691155804224,-1.34325996085865,-9.24182787496149,"dipole",4,247
-1.58783439107469,-1.45584248445391,-9.3155572159602,"dipole",4,248
-0.980217778018224,-1.21679471855171,-9.90501768600666,"dipole",4,249
-1.93776219315555,-1.56115678993137,-9.44474967467276,"dipole",4,250
-1.98767127821027,-1.61457325251242,-10.1100202743059,"dipole",4,251
-2.2077794004891,-1.54790674753623,-9.71052760299796,"dipole",4,252
-2.2077794004891,-1.54790674753623,-9.71052760299796,"dipole",4,253
-2.2077794004891,-1.54790674753623,-9.71052760299796,"dipole",4,254
-2.2077794004891,-1.54790674753623,-9.71052760299796,"dipole",4,255
-2.2077794004891,-1.54790674753623,-9.71052760299796,"dipole",4,256
-2.27570629745342,-1.55269956773306,-9.00716654348708,"dipole",4,257
-2.27570629745342,-1.55269956773306,-9.00716654348708,"dipole",4,258
-2.27570629745342,-1.55269956773306,-9.00716654348708,"dipole",4,259
-2.78395474781749,-1.66859911268285,-9.24420648123473,"dipole",4,260
-2.45180269049192,-1.48379237792295,-9.56129533904538,"dipole",4,261
-2.45180269049192,-1.48379237792295,-9.56129533904538,"dipole",4,262
-2.13529236753856,-1.48906259609412,-9.92103776335794,"dipole",4,263
-2.525749713222,-1.53224458494643,-9.42884924102658,"dipole",4,264
-2.14157229451339,-1.60895878205021,-10.0224512980748,"dipole",4,265
-2.14157229451339,-1.60895878205021,-10.0224512980748,"dipole",4,266
-2.14157229451339,-1.60895878205021,-10.0224512980748,"dipole",4,267
-2.30296679821602,-1.76434556161804,-9.95162583494809,"dipole",4,268
-1.79503626347882,-1.57932137826903,-9.51663541084009,"dipole",4,269
-1.9154199432316,-1.60434568692277,-9.0973462336989,"dipole",4,270
-2.59097218146334,-1.82526721957255,-9.40867545117374,"dipole",4,271
-2.3321768011453,-1.57362373648556,-9.72018134938752,"dipole",4,272
-2.66441720226214,-1.61397932066494,-9.7540425152088,"dipole",4,273
-1.17526529484671,-1.3081716479214,-9.68885562871796,"dipole",4,274
-1.17526529484671,-1.3081716479214,-9.68885562871796,"dipole",4,275
-1.17526529484671,-1.3081716479214,-9.68885562871796,"dipole",4,276
-1.17526529484671,-1.3081716479214,-9.68885562871796,"dipole",4,277
-1.98427780901046,-1.68659689266535,-9.72508056606317,"dipole",4,278
-1.65371021901544,-1.6342416111566,-10.0715812951931,"dipole",4,279
-1.84105480241082,-1.5017211329164,-9.99324163153306,"dipole",4,280
-2.6342926534077,-1.72730529170815,-10.1132050810108,"dipole",4,281
-2.23014981690446,-1.71666777573206,-10.1579938553379,"dipole",4,282
-2.23014981690446,-1.71666777573206,-10.1579938553379,"dipole",4,283
-2.23014981690446,-1.71666777573206,-10.1579938553379,"dipole",4,284
-1.45510196844711,-1.48553734716267,-9.54459094057076,"dipole",4,285
-1.45510196844711,-1.48553734716267,-9.54459094057076,"dipole",4,286
-1.23501646835418,-1.14816507662621,-9.96260792124317,"dipole",4,287
-2.27124202886985,-1.51231176622352,-9.53924800056798,"dipole",4,288
-2.27124202886985,-1.51231176622352,-9.53924800056798,"dipole",4,289
-2.27124202886985,-1.51231176622352,-9.53924800056798,"dipole",4,290
-2.27124202886985,-1.51231176622352,-9.53924800056798,"dipole",4,291
-2.27124202886985,-1.51231176622352,-9.53924800056798,"dipole",4,292
-2.27124202886985,-1.51231176622352,-9.53924800056798,"dipole",4,293
-2.12268269625768,-1.66226614717776,-10.4697752110618,"dipole",4,294
-2.17878928114637,-1.46039629924996,-9.60716663546524,"dipole",4,295
-1.1077588634423,-1.38141716730716,-10.0463856662382,"dipole",4,296
-1.1077588634423,-1.38141716730716,-10.0463856662382,"dipole",4,297
-2.36409466144463,-1.77656072637692,-10.1275160216156,"dipole",4,298
-2.23176767872043,-1.57682241438092,-9.22469542217474,"dipole",4,299
-1.71675671565777,-1.52397918428665,-9.85217400783595,"dipole",4,300
-1.71675671565777,-1.52397918428665,-9.85217400783595,"dipole",4,301
-1.99237411452717,-1.65983574076904,-9.09987447909837,"dipole",4,302
-1.63012337799701,-1.49242142400523,-9.10398390286947,"dipole",4,303
-1.63012337799701,-1.49242142400523,-9.10398390286947,"dipole",4,304
-1.63012337799701,-1.49242142400523,-9.10398390286947,"dipole",4,305
-1.78304765885696,-1.63609597603959,-9.45070628696526,"dipole",4,306
-1.78304765885696,-1.63609597603959,-9.45070628696526,"dipole",4,307
-1.85622219511959,-1.33864157486266,-9.17964535308387,"dipole",4,308
-1.61359846598481,-1.6273004632486,-9.91600504997232,"dipole",4,309
-1.61359846598481,-1.6273004632486,-9.91600504997232,"dipole",4,310
-1.61359846598481,-1.6273004632486,-9.91600504997232,"dipole",4,311
-2.42239069051275,-1.65369368647838,-9.49877698441854,"dipole",4,312
-2.42239069051275,-1.65369368647838,-9.49877698441854,"dipole",4,313
-2.62784461090708,-1.62576814342416,-9.13527380717727,"dipole",4,314
-2.38660334048642,-1.36452981602194,-9.93127061641172,"dipole",4,315
-2.38660334048642,-1.36452981602194,-9.93127061641172,"dipole",4,316
-2.38660334048642,-1.36452981602194,-9.93127061641172,"dipole",4,317
-1.97389495870496,-1.34771963680257,-9.38650484514483,"dipole",4,318
-2.12603611600549,-1.53072906526438,-9.29094097250389,"dipole",4,319
-1.78485991784789,-1.53516805177731,-10.1774222965026,"dipole",4,320
-1.78485991784789,-1.53516805177731,-10.1774222965026,"dipole",4,321
-1.78485991784789,-1.53516805177731,-10.1774222965026,"dipole",4,322
-1.78485991784789,-1.53516805177731,-10.1774222965026,"dipole",4,323
-1.78485991784789,-1.53516805177731,-10.1774222965026,"dipole",4,324
-1.8436082276325,-1.68643718156438,-9.98873192857074,"dipole",4,325
-2.07687831175502,-1.53915598219562,-9.88454920106452,"dipole",4,326
-2.39700313129825,-1.70179796596297,-9.86940927672849,"dipole",4,327
-2.39700313129825,-1.70179796596297,-9.86940927672849,"dipole",4,328
-2.39700313129825,-1.70179796596297,-9.86940927672849,"dipole",4,329
-2.11369296061821,-1.62956015275812,-9.80250326875369,"dipole",4,330
-2.11369296061821,-1.62956015275812,-9.80250326875369,"dipole",4,331
-2.11369296061821,-1.62956015275812,-9.80250326875369,"dipole",4,332
-2.11369296061821,-1.62956015275812,-9.80250326875369,"dipole",4,333
-2.11369296061821,-1.62956015275812,-9.80250326875369,"dipole",4,334
-2.11369296061821,-1.62956015275812,-9.80250326875369,"dipole",4,335
-1.67242511737804,-1.41093365279893,-9.79397856367959,"dipole",4,336
-1.67242511737804,-1.41093365279893,-9.79397856367959,"dipole",4,337
-1.89128169472269,-1.47199132375541,-9.86096498764528,"dipole",4,338
-1.89128169472269,-1.47199132375541,-9.86096498764528,"dipole",4,339
-1.89128169472269,-1.47199132375541,-9.86096498764528,"dipole",4,340
-1.89128169472269,-1.47199132375541,-9.86096498764528,"dipole",4,341
-1.89128169472269,-1.47199132375541,-9.86096498764528,"dipole",4,342
-2.006764446732,-1.47975783722297,-10.0558000862831,"dipole",4,343
-2.006764446732,-1.47975783722297,-10.0558000862831,"dipole",4,344
-1.90603262990762,-1.70223437646326,-9.94939361239016,"dipole",4,345
-1.90603262990762,-1.70223437646326,-9.94939361239016,"dipole",4,346
-1.90603262990762,-1.70223437646326,-9.94939361239016,"dipole",4,347
-1.90603262990762,-1.70223437646326,-9.94939361239016,"dipole",4,348
-2.35303241764224,-1.65219974456886,-9.88817904820867,"dipole",4,349
-2.35303241764224,-1.65219974456886,-9.88817904820867,"dipole",4,350
-1.21376165622923,-1.30325269865854,-9.86191729029554,"dipole",4,351
-1.21376165622923,-1.30325269865854,-9.86191729029554,"dipole",4,352
-2.10470263861076,-1.52507700664181,-9.63584968862908,"dipole",4,353
-2.10470263861076,-1.52507700664181,-9.63584968862908,"dipole",4,354
-2.10470263861076,-1.52507700664181,-9.63584968862908,"dipole",4,355
-2.10470263861076,-1.52507700664181,-9.63584968862908,"dipole",4,356
-2.10470263861076,-1.52507700664181,-9.63584968862908,"dipole",4,357
-2.07920567651933,-1.61673081280933,-9.9885581591636,"dipole",4,358
-2.07920567651933,-1.61673081280933,-9.9885581591636,"dipole",4,359
-2.07920567651933,-1.61673081280933,-9.9885581591636,"dipole",4,360
-1.04303723904904,-1.18383132009772,-9.45367569378219,"dipole",4,361
-1.71365589685152,-1.65171823897661,-9.59895557363707,"dipole",4,362
-2.10302013294372,-1.64036496853424,-9.43000017135811,"dipole",4,363
-2.10302013294372,-1.64036496853424,-9.43000017135811,"dipole",4,364
-1.97439234653647,-1.72460207162622,-9.75937275833491,"dipole",4,365
-2.13630185841809,-1.63787601354446,-10.1910077300415,"dipole",4,366
-1.01163174186499,-1.1830352081008,-9.2123948700521,"dipole",4,367
-1.01163174186499,-1.1830352081008,-9.2123948700521,"dipole",4,368
-0.759979602238829,-1.25130022252859,-9.60985036365706,"dipole",4,369
-1.48547716493788,-1.20560384898381,-10.159472276678,"dipole",4,370
-1.48547716493788,-1.20560384898381,-10.159472276678,"dipole",4,371
-1.7561463998776,-1.50069242272716,-10.220411835738,"dipole",4,372
-1.11793644423335,-1.34029293936544,-10.112620253841,"dipole",4,373
-1.11793644423335,-1.34029293936544,-10.112620253841,"dipole",4,374
-1.11793644423335,-1.34029293936544,-10.112620253841,"dipole",4,375
-0.384281979716508,-0.955896939385645,-10.0131236270727,"dipole",4,376
-1.39254360241926,-1.37053013002573,-9.97965187144314,"dipole",4,377
-2.01190913539396,-1.67028143164091,-10.3724361616463,"dipole",4,378
-1.23597219136812,-1.4017571928589,-10.0953399898046,"dipole",4,379
-1.76399517155042,-1.87266668415847,-10.1660016081073,"dipole",4,380
-2.04301222710756,-1.72368709117365,-10.5022359990821,"dipole",4,381
-2.04301222710756,-1.72368709117365,-10.5022359990821,"dipole",4,382
-2.09349551709213,-1.65912336952434,-10.5656593489841,"dipole",4,383
-2.09349551709213,-1.65912336952434,-10.5656593489841,"dipole",4,384
-1.90955462757854,-1.55828239435637,-9.7333006446348,"dipole",4,385
-1.90955462757854,-1.55828239435637,-9.7333006446348,"dipole",4,386
-1.90955462757854,-1.55828239435637,-9.7333006446348,"dipole",4,387
-1.90955462757854,-1.55828239435637,-9.7333006446348,"dipole",4,388
-1.95609414830989,-1.70240031339924,-9.95233604658082,"dipole",4,389
-1.77842879379744,-1.56396150497264,-9.8828471612108,"dipole",4,390
-2.03853688836361,-1.69142018937033,-9.28831586206864,"dipole",4,391
-2.03853688836361,-1.69142018937033,-9.28831586206864,"dipole",4,392
-2.03853688836361,-1.69142018937033,-9.28831586206864,"dipole",4,393
-2.03853688836361,-1.69142018937033,-9.28831586206864,"dipole",4,394
-1.54406147453608,-1.36315483573303,-9.46181629458033,"dipole",4,395
-1.54406147453608,-1.36315483573303,-9.46181629458033,"dipole",4,396
-1.91912801526899,-1.4795344548191,-9.73102517466606,"dipole",4,397
-2.50822366956331,-1.58341613734245,-9.43888330015196,"dipole",4,398
-2.23265275877972,-1.84308549299725,-9.45262952311438,"dipole",4,399
-1.33490828343315,-1.54731562377021,-9.45215151238303,"dipole",4,400
-1.33490828343315,-1.54731562377021,-9.45215151238303,"dipole",4,401
-1.00266790792184,-1.29556316243309,-9.90025631720233,"dipole",4,402
-2.10527579368774,-1.71351703221707,-9.26728481215671,"dipole",4,403
-1.9176337158026,-1.56099178666747,-9.50744237718465,"dipole",4,404
-1.9176337158026,-1.56099178666747,-9.50744237718465,"dipole",4,405
-2.15623700647676,-1.49564714699297,-10.0143662696014,"dipole",4,406
-2.04403658733311,-1.48464153869362,-9.88334877557087,"dipole",4,407
-2.04403658733311,-1.48464153869362,-9.88334877557087,"dipole",4,408
-1.69969993643162,-1.51891326762644,-9.82170115039072,"dipole",4,409
-1.1908698876672,-1.24752632312198,-9.45933832720659,"dipole",4,410
-1.1908698876672,-1.24752632312198,-9.45933832720659,"dipole",4,411
-2.55834662603909,-1.61557483876931,-10.433106737446,"dipole",4,412
-1.98018586924229,-1.46256953320555,-9.77909943072142,"dipole",4,413
-1.98018586924229,-1.46256953320555,-9.77909943072142,"dipole",4,414
-1.98018586924229,-1.46256953320555,-9.77909943072142,"dipole",4,415
-1.84087036493534,-1.53004490790536,-9.76261288791558,"dipole",4,416
-2.02395853652951,-1.71225454697138,-10.1687590724813,"dipole",4,417
-1.13947972273666,-1.50789869643931,-9.4077766333223,"dipole",4,418
-1.26066549484631,-1.51595601592387,-9.53211101985648,"dipole",4,419
-2.18088526306626,-1.79608325503365,-9.39067090120929,"dipole",4,420
-1.61869373954943,-1.65095762924826,-9.85202345311798,"dipole",4,421
-1.58078751664869,-1.59378890282408,-9.67192410405805,"dipole",4,422
-1.4402157944702,-1.65583935693698,-9.41093150817544,"dipole",4,423
-0.731442861244632,-0.94766395451882,-9.55349012406253,"dipole",4,424
-0.488121340111846,-1.2389237833379,-9.60134781999614,"dipole",4,425
-2.16045138761321,-1.56330298619284,-9.58237623672367,"dipole",4,426
-2.4624738588226,-1.65325913815759,-9.60291605884572,"dipole",4,427
-2.4624738588226,-1.65325913815759,-9.60291605884572,"dipole",4,428
-2.03002863214655,-1.45668931934591,-9.54270248164487,"dipole",4,429
-1.94794107373302,-1.42003367147169,-9.34460140205462,"dipole",4,430
-2.4978459194216,-1.52599704628861,-9.88008901332561,"dipole",4,431
-2.4978459194216,-1.52599704628861,-9.88008901332561,"dipole",4,432
-2.56520672936349,-1.62298908285327,-9.83692755705635,"dipole",4,433
-1.83463279481539,-1.75883537196014,-9.80593816046198,"dipole",4,434
-1.83463279481539,-1.75883537196014,-9.80593816046198,"dipole",4,435
-1.60216234053307,-1.40258422707934,-9.8684912186561,"dipole",4,436
-2.01271614573905,-1.57684381957486,-10.3530015852717,"dipole",4,437
-2.01271614573905,-1.57684381957486,-10.3530015852717,"dipole",4,438
-2.01271614573905,-1.57684381957486,-10.3530015852717,"dipole",4,439
-1.67022350103072,-1.44166149948321,-9.76440606488586,"dipole",4,440
-1.67022350103072,-1.44166149948321,-9.76440606488586,"dipole",4,441
-1.67022350103072,-1.44166149948321,-9.76440606488586,"dipole",4,442
-1.77850488404982,-1.68697954687615,-9.85090008129783,"dipole",4,443
-1.77340114893973,-1.66974902529091,-10.4380533618632,"dipole",4,444
-2.31545650635867,-1.65958937285766,-10.5390892204031,"dipole",4,445
-2.13287891073548,-1.5657094254694,-9.74472614462936,"dipole",4,446
-2.13287891073548,-1.5657094254694,-9.74472614462936,"dipole",4,447
-2.13287891073548,-1.5657094254694,-9.74472614462936,"dipole",4,448
-2.13287891073548,-1.5657094254694,-9.74472614462936,"dipole",4,449
-2.13287891073548,-1.5657094254694,-9.74472614462936,"dipole",4,450
-1.91516566386679,-1.43768307471681,-9.57683761658754,"dipole",4,451
-1.91516566386679,-1.43768307471681,-9.57683761658754,"dipole",4,452
-2.23355818402672,-1.63080811583127,-10.0068447881326,"dipole",4,453
-2.23355818402672,-1.63080811583127,-10.0068447881326,"dipole",4,454
-2.23355818402672,-1.63080811583127,-10.0068447881326,"dipole",4,455
-1.91264581715781,-1.56535647473103,-9.60330450766306,"dipole",4,456
-1.91264581715781,-1.56535647473103,-9.60330450766306,"dipole",4,457
-2.43768876788498,-1.72739640074267,-9.6181906619149,"dipole",4,458
-2.55852457867513,-1.75598710100111,-10.1078594933816,"dipole",4,459
-1.86797201330219,-1.6126461378259,-10.4869196384273,"dipole",4,460
-1.86797201330219,-1.6126461378259,-10.4869196384273,"dipole",4,461
-1.86797201330219,-1.6126461378259,-10.4869196384273,"dipole",4,462
-1.86797201330219,-1.6126461378259,-10.4869196384273,"dipole",4,463
-1.86797201330219,-1.6126461378259,-10.4869196384273,"dipole",4,464
-1.65474833306667,-1.61598948306619,-9.94961200549213,"dipole",4,465
-1.65474833306667,-1.61598948306619,-9.94961200549213,"dipole",4,466
-1.65474833306667,-1.61598948306619,-9.94961200549213,"dipole",4,467
-1.65031216498425,-1.56099153349133,-9.95663145020085,"dipole",4,468
-1.65031216498425,-1.56099153349133,-9.95663145020085,"dipole",4,469
-1.88155632607608,-1.47131331680585,-9.78181048005932,"dipole",4,470
-1.88155632607608,-1.47131331680585,-9.78181048005932,"dipole",4,471
-1.77441069133736,-1.60694599882642,-9.81762484983396,"dipole",4,472
-1.77441069133736,-1.60694599882642,-9.81762484983396,"dipole",4,473
-1.77441069133736,-1.60694599882642,-9.81762484983396,"dipole",4,474
-1.94940957876661,-1.61337083314033,-10.2118881624853,"dipole",4,475
-1.64512648275472,-1.41159181645788,-10.018933637953,"dipole",4,476
-2.24102572790694,-1.66964058820216,-9.95866462256268,"dipole",4,477
-2.24102572790694,-1.66964058820216,-9.95866462256268,"dipole",4,478
-2.24102572790694,-1.66964058820216,-9.95866462256268,"dipole",4,479
-2.24102572790694,-1.66964058820216,-9.95866462256268,"dipole",4,480
-2.24102572790694,-1.66964058820216,-9.95866462256268,"dipole",4,481
-2.24102572790694,-1.66964058820216,-9.95866462256268,"dipole",4,482
-1.64997982830069,-1.57474267437194,-10.3246234375098,"dipole",4,483
-1.76738165630461,-1.48157416478148,-10.3251902254247,"dipole",4,484
-1.27732079679711,-1.34368189951159,-10.0724297502224,"dipole",4,485
-1.27732079679711,-1.34368189951159,-10.0724297502224,"dipole",4,486
-1.5889616417706,-1.48517829678236,-9.97111003875797,"dipole",4,487
-2.34462242434221,-1.53142756827782,-10.035343598455,"dipole",4,488
-2.55574383006207,-1.78415411787704,-9.51786160000684,"dipole",4,489
-1.34653999016725,-1.39944773961015,-9.63407121553724,"dipole",4,490
-1.34653999016725,-1.39944773961015,-9.63407121553724,"dipole",4,491
-2.17455303138826,-1.7386638682645,-9.07977688996764,"dipole",4,492
-1.79854295730015,-1.77467583074023,-9.28695465151338,"dipole",4,493
-2.15827539698858,-1.72960321894942,-8.84754816461837,"dipole",4,494
-2.20758137695452,-1.42498429287111,-9.55897429698507,"dipole",4,495
-1.92424925640447,-1.40503742690389,-9.19240275123097,"dipole",4,496
-2.47796248279383,-1.46989779846663,-9.4866870333533,"dipole",4,497
-2.47796248279383,-1.46989779846663,-9.4866870333533,"dipole",4,498
-1.73826275363209,-1.37249029640087,-9.67580087526117,"dipole",4,499
-1.94480429924926,-1.80866802921049,-10.0109346224283,"dipole",4,500
-2.09478558350768,-1.78252851385402,-9.36737735003749,"dipole",4,501
-1.51717065863084,-1.6354405343854,-10.2790413244656,"dipole",4,502
-2.12847740111273,-1.78935697471719,-10.3209112556076,"dipole",4,503
-1.76524873227383,-1.45829614580423,-9.96398732508053,"dipole",4,504
-1.76524873227383,-1.45829614580423,-9.96398732508053,"dipole",4,505
-1.76524873227383,-1.45829614580423,-9.96398732508053,"dipole",4,506
-1.8380045026474,-1.56913502408943,-10.0489304917704,"dipole",4,507
-1.8380045026474,-1.56913502408943,-10.0489304917704,"dipole",4,508
-2.17193027829303,-1.54834861843958,-10.3469132640768,"dipole",4,509
-2.25683084207014,-1.67073219661919,-10.0854356277792,"dipole",4,510
-2.25683084207014,-1.67073219661919,-10.0854356277792,"dipole",4,511
-2.03912195085074,-1.58177878900228,-10.274058203051,"dipole",4,512
-2.42002618790311,-1.68542170439283,-9.70432140747299,"dipole",4,513
-2.42002618790311,-1.68542170439283,-9.70432140747299,"dipole",4,514
-1.90294511748544,-1.49114819802726,-9.17888261447819,"dipole",4,515
-1.90294511748544,-1.49114819802726,-9.17888261447819,"dipole",4,516
-1.67991977218136,-1.61731225278551,-9.91683328849233,"dipole",4,517
-1.86529919779721,-1.36260653122213,-9.35574750298649,"dipole",4,518
-2.38734701648799,-1.73135043168468,-9.68456259496304,"dipole",4,519
-2.38734701648799,-1.73135043168468,-9.68456259496304,"dipole",4,520
-2.38734701648799,-1.73135043168468,-9.68456259496304,"dipole",4,521
-2.38734701648799,-1.73135043168468,-9.68456259496304,"dipole",4,522
-1.89056570235015,-1.58287613535829,-9.7319826139419,"dipole",4,523
-1.79164551468637,-1.37863172088388,-10.3967223607227,"dipole",4,524
-1.79164551468637,-1.37863172088388,-10.3967223607227,"dipole",4,525
-2.59014786606622,-1.74748703395417,-9.9775742618758,"dipole",4,526
-2.59014786606622,-1.74748703395417,-9.9775742618758,"dipole",4,527
-2.59014786606622,-1.74748703395417,-9.9775742618758,"dipole",4,528
-1.61556095646362,-1.56948551015487,-9.9568354941729,"dipole",4,529
-1.61556095646362,-1.56948551015487,-9.9568354941729,"dipole",4,530
-2.0273125772446,-1.65332538614793,-9.94689343978404,"dipole",4,531
-2.0273125772446,-1.65332538614793,-9.94689343978404,"dipole",4,532
-2.0273125772446,-1.65332538614793,-9.94689343978404,"dipole",4,533
-2.0273125772446,-1.65332538614793,-9.94689343978404,"dipole",4,534
-2.0273125772446,-1.65332538614793,-9.94689343978404,"dipole",4,535
-2.0273125772446,-1.65332538614793,-9.94689343978404,"dipole",4,536
-2.0273125772446,-1.65332538614793,-9.94689343978404,"dipole",4,537
-2.0273125772446,-1.65332538614793,-9.94689343978404,"dipole",4,538
-2.29024440040159,-1.74687504015459,-9.78398601006835,"dipole",4,539
-2.29024440040159,-1.74687504015459,-9.78398601006835,"dipole",4,540
-2.29024440040159,-1.74687504015459,-9.78398601006835,"dipole",4,541
-2.29024440040159,-1.74687504015459,-9.78398601006835,"dipole",4,542
-2.29024440040159,-1.74687504015459,-9.78398601006835,"dipole",4,543
-2.29024440040159,-1.74687504015459,-9.78398601006835,"dipole",4,544
-2.29024440040159,-1.74687504015459,-9.78398601006835,"dipole",4,545
-2.06245133925135,-1.69527256899758,-10.0881612400687,"dipole",4,546
-1.92894005881057,-1.75466763323532,-9.99082511048887,"dipole",4,547
-1.50667747435726,-1.58307390009331,-9.97217932552057,"dipole",4,548
-1.50667747435726,-1.58307390009331,-9.97217932552057,"dipole",4,549
-2.30632564196138,-1.56430652669772,-9.90388900023539,"dipole",4,550
-2.30632564196138,-1.56430652669772,-9.90388900023539,"dipole",4,551
-2.26218454000946,-1.70138347263333,-10.3555854282745,"dipole",4,552
-2.26218454000946,-1.70138347263333,-10.3555854282745,"dipole",4,553
-2.26218454000946,-1.70138347263333,-10.3555854282745,"dipole",4,554
-2.30134152723704,-1.7703199737708,-10.4775975086421,"dipole",4,555
-2.30134152723704,-1.7703199737708,-10.4775975086421,"dipole",4,556
-1.08555204762076,-1.49159123592468,-10.1902568491232,"dipole",4,557
-1.44920406127961,-1.64061986714731,-9.00948137466773,"dipole",4,558
-1.44920406127961,-1.64061986714731,-9.00948137466773,"dipole",4,559
-1.44920406127961,-1.64061986714731,-9.00948137466773,"dipole",4,560
-1.35228738801799,-1.4035023921159,-9.64822869712634,"dipole",4,561
-1.87107012217161,-1.45288299535566,-9.51751678056338,"dipole",4,562
-1.73225317740425,-1.60888582419058,-9.98920411604722,"dipole",4,563
-1.73225317740425,-1.60888582419058,-9.98920411604722,"dipole",4,564
-1.73225317740425,-1.60888582419058,-9.98920411604722,"dipole",4,565
-1.73225317740425,-1.60888582419058,-9.98920411604722,"dipole",4,566
-1.73225317740425,-1.60888582419058,-9.98920411604722,"dipole",4,567
-1.73225317740425,-1.60888582419058,-9.98920411604722,"dipole",4,568
-2.16092482894861,-1.54627727130931,-9.04454852810148,"dipole",4,569
-1.64603429463242,-1.57084932518397,-10.1448837925306,"dipole",4,570
-2.13868067861353,-1.78283859152514,-9.71371838999287,"dipole",4,571
-2.13868067861353,-1.78283859152514,-9.71371838999287,"dipole",4,572
-1.8020029097663,-1.51657619623542,-9.90115414899453,"dipole",4,573
-2.05741793783116,-1.55033440015569,-10.0370365915566,"dipole",4,574
-1.83959754837358,-1.45073540629128,-9.80320810879704,"dipole",4,575
-1.83959754837358,-1.45073540629128,-9.80320810879704,"dipole",4,576
-1.67493186652,-1.4631927071483,-9.63046189417979,"dipole",4,577
-1.97973615626895,-1.63636472817362,-10.0494584617805,"dipole",4,578
-1.97973615626895,-1.63636472817362,-10.0494584617805,"dipole",4,579
-1.97973615626895,-1.63636472817362,-10.0494584617805,"dipole",4,580
-1.97973615626895,-1.63636472817362,-10.0494584617805,"dipole",4,581
-1.97973615626895,-1.63636472817362,-10.0494584617805,"dipole",4,582
-2.56662717636704,-1.70181651173693,-9.84925579111098,"dipole",4,583
-2.31947418025403,-1.87448590145928,-9.6233663014215,"dipole",4,584
-1.81905729099807,-1.5348898692999,-10.4616486710047,"dipole",4,585
-1.08010209937751,-1.26108325162975,-10.1860400807581,"dipole",4,586
-1.08010209937751,-1.26108325162975,-10.1860400807581,"dipole",4,587
-1.08010209937751,-1.26108325162975,-10.1860400807581,"dipole",4,588
-1.35476178196816,-1.2096831825522,-10.1830249005552,"dipole",4,589
-1.35476178196816,-1.2096831825522,-10.1830249005552,"dipole",4,590
-0.643026887776806,-1.10332623893708,-10.4873369486824,"dipole",4,591
-0.643026887776806,-1.10332623893708,-10.4873369486824,"dipole",4,592
-0.951049951590307,-1.46612905541692,-10.2910683775607,"dipole",4,593
-2.0484258149439,-1.63796763494332,-9.71114026946949,"dipole",4,594
-2.0484258149439,-1.63796763494332,-9.71114026946949,"dipole",4,595
-2.0484258149439,-1.63796763494332,-9.71114026946949,"dipole",4,596
-2.0354031253385,-1.54849966356928,-9.31124877051849,"dipole",4,597
-2.41956491742675,-1.59269275691575,-9.77866564664494,"dipole",4,598
-2.41956491742675,-1.59269275691575,-9.77866564664494,"dipole",4,599
-2.41956491742675,-1.59269275691575,-9.77866564664494,"dipole",4,600
-1.13858707040445,-1.45365199600411,-9.4834995426139,"dipole",4,601
-1.68753739554108,-1.42638315964738,-9.94354500722805,"dipole",4,602
-1.68753739554108,-1.42638315964738,-9.94354500722805,"dipole",4,603
-1.68753739554108,-1.42638315964738,-9.94354500722805,"dipole",4,604
-2.17533187519403,-1.62044183914404,-10.1296445049161,"dipole",4,605
-2.17533187519403,-1.62044183914404,-10.1296445049161,"dipole",4,606
-2.17533187519403,-1.62044183914404,-10.1296445049161,"dipole",4,607
-2.44485735552688,-1.60827440502286,-10.2503479655814,"dipole",4,608
-2.44485735552688,-1.60827440502286,-10.2503479655814,"dipole",4,609
-2.44485735552688,-1.60827440502286,-10.2503479655814,"dipole",4,610
-2.24773188121798,-1.84818733838525,-9.53685848959142,"dipole",4,611
-1.55358044055178,-1.60390114510718,-9.5126578011167,"dipole",4,612
-0.867938568769472,-1.20251808059475,-9.33768617815118,"dipole",4,613
-0.867938568769472,-1.20251808059475,-9.33768617815118,"dipole",4,614
-0.867938568769472,-1.20251808059475,-9.33768617815118,"dipole",4,615
-1.49606226912842,-1.43489140082669,-9.71275362028932,"dipole",4,616
-2.5789219379807,-1.63024953034529,-9.69999147172836,"dipole",4,617
-2.5789219379807,-1.63024953034529,-9.69999147172836,"dipole",4,618
-1.81517588795915,-1.49999814651405,-9.61534820629526,"dipole",4,619
-1.81517588795915,-1.49999814651405,-9.61534820629526,"dipole",4,620
-1.31310325557128,-1.51561430270041,-9.23812457099693,"dipole",4,621
-1.71996182743157,-1.31685751364147,-10.0764478722404,"dipole",4,622
-1.08115845231828,-1.11413854972266,-10.0718067879195,"dipole",4,623
-2.33369943883565,-1.56668099520391,-10.1259724453699,"dipole",4,624
-2.18895395007904,-1.61328174819937,-10.3027827027261,"dipole",4,625
-1.84627175349731,-1.56616898636173,-9.31976928193455,"dipole",4,626
-1.32384146484862,-1.39045589395719,-9.277414308074,"dipole",4,627
-1.07985269014724,-1.38285079964001,-9.09490238244381,"dipole",4,628
-2.2596854996801,-1.39034171244154,-10.0753151304593,"dipole",4,629
-1.97544727379618,-1.71092354132119,-9.80693904881845,"dipole",4,630
-2.13580440294698,-1.51037016462982,-10.2067341558374,"dipole",4,631
-1.72139773701949,-1.35837996053487,-9.84898018786133,"dipole",4,632
-2.05208629368862,-1.53748458040284,-10.3721871865001,"dipole",4,633
-2.05208629368862,-1.53748458040284,-10.3721871865001,"dipole",4,634
-2.05208629368862,-1.53748458040284,-10.3721871865001,"dipole",4,635
-2.05208629368862,-1.53748458040284,-10.3721871865001,"dipole",4,636
-2.57256379858888,-1.82104894011175,-9.7219733739542,"dipole",4,637
-2.35796831533115,-1.61768888391469,-9.95848471359594,"dipole",4,638
-1.79651739465681,-1.47431019589188,-9.64080177556459,"dipole",4,639
-2.10192346072839,-1.62726929834361,-10.4209941824062,"dipole",4,640
-2.10192346072839,-1.62726929834361,-10.4209941824062,"dipole",4,641
-2.13147220633903,-1.65248705558787,-10.2062392431186,"dipole",4,642
-2.13147220633903,-1.65248705558787,-10.2062392431186,"dipole",4,643
-1.62205125305234,-1.61594233435754,-10.9008659097765,"dipole",4,644
-1.39561881003316,-1.48583795359976,-10.365143227289,"dipole",4,645
-1.94860795456217,-1.53745183936647,-10.4420226376133,"dipole",4,646
-2.00096547628745,-1.56739684762642,-9.38217671588648,"dipole",4,647
-2.00096547628745,-1.56739684762642,-9.38217671588648,"dipole",4,648
-2.36662110766512,-1.54889632647166,-9.38390418366229,"dipole",4,649
-0.849735980144252,-1.1354958883214,-10.0604616427793,"dipole",4,650
-1.94629315173211,-1.84047619197089,-9.98979534012296,"dipole",4,651
-2.14556917606696,-1.82552495937431,-9.89163719172756,"dipole",4,652
-2.39595696768034,-1.75779885991772,-9.43597379163829,"dipole",4,653
-2.2364559414644,-1.53011260407932,-10.3281963958329,"dipole",4,654
-2.08859355186602,-1.56563864653787,-9.94305980099671,"dipole",4,655
-2.08859355186602,-1.56563864653787,-9.94305980099671,"dipole",4,656
-2.75520506442871,-1.59288111403757,-9.86387883786373,"dipole",4,657
-2.24619223909976,-1.54043683527437,-10.193749043525,"dipole",4,658
-2.24619223909976,-1.54043683527437,-10.193749043525,"dipole",4,659
-2.24619223909976,-1.54043683527437,-10.193749043525,"dipole",4,660
-2.24619223909976,-1.54043683527437,-10.193749043525,"dipole",4,661
-2.01927028929148,-1.62523749675576,-9.9609774218616,"dipole",4,662
-2.01927028929148,-1.62523749675576,-9.9609774218616,"dipole",4,663
-2.01927028929148,-1.62523749675576,-9.9609774218616,"dipole",4,664
-2.01927028929148,-1.62523749675576,-9.9609774218616,"dipole",4,665
-2.01927028929148,-1.62523749675576,-9.9609774218616,"dipole",4,666
-2.01927028929148,-1.62523749675576,-9.9609774218616,"dipole",4,667
-2.01927028929148,-1.62523749675576,-9.9609774218616,"dipole",4,668
-1.77348390498598,-1.45513892505576,-9.3738182425073,"dipole",4,669
-1.77348390498598,-1.45513892505576,-9.3738182425073,"dipole",4,670
-1.77348390498598,-1.45513892505576,-9.3738182425073,"dipole",4,671
-1.24316341273851,-1.22481328710162,-9.68608416447583,"dipole",4,672
-1.96434786725916,-1.44327283534325,-10.4721830042727,"dipole",4,673
-2.01122256073836,-1.49829311795139,-10.3503856934213,"dipole",4,674
-1.71252235941734,-1.36320213453973,-9.8041169335456,"dipole",4,675
-1.32203157380877,-1.54867704913374,-9.35599230987319,"dipole",4,676
-0.685354182065007,-1.30723515219184,-10.225181732882,"dipole",4,677
-1.4853755853744,-1.40874261366897,-9.74031266917621,"dipole",4,678
-1.30663857203263,-1.44023286130074,-10.4780665099043,"dipole",4,679
-1.70708192419302,-1.38911631615484,-10.2968066675939,"dipole",4,680
-1.6687704890735,-1.56237330131287,-9.42279077475455,"dipole",4,681
-1.6687704890735,-1.56237330131287,-9.42279077475455,"dipole",4,682
-1.6687704890735,-1.56237330131287,-9.42279077475455,"dipole",4,683
-1.99227433658791,-1.41218623436321,-9.67495697770774,"dipole",4,684
-1.64553910256935,-1.60386780241965,-9.36595529081157,"dipole",4,685
-1.64553910256935,-1.60386780241965,-9.36595529081157,"dipole",4,686
-2.24934390855848,-1.6115822018164,-9.56170725391543,"dipole",4,687
-1.95630108558242,-1.7530481704379,-9.72387179571702,"dipole",4,688
-2.1225081591881,-1.57603560397365,-10.0505308512841,"dipole",4,689
-2.1225081591881,-1.57603560397365,-10.0505308512841,"dipole",4,690
-2.1225081591881,-1.57603560397365,-10.0505308512841,"dipole",4,691
-2.1225081591881,-1.57603560397365,-10.0505308512841,"dipole",4,692
-2.1225081591881,-1.57603560397365,-10.0505308512841,"dipole",4,693
-2.1225081591881,-1.57603560397365,-10.0505308512841,"dipole",4,694
-2.25055830339697,-1.69671308326701,-9.71380845012901,"dipole",4,695
-2.25055830339697,-1.69671308326701,-9.71380845012901,"dipole",4,696
-2.24025292375152,-1.57757016234434,-9.97051312466236,"dipole",4,697
-2.09512012185899,-1.68214059836538,-9.13632965528557,"dipole",4,698
-2.09512012185899,-1.68214059836538,-9.13632965528557,"dipole",4,699
-1.79263811850188,-1.62269014403796,-9.4708857843718,"dipole",4,700
