"log_ell","log_sigma_f","log_sigma_n","source","chain","retained_draw"
-0.815104139344852,-0.676470798402981,-7.60166178902916,"edge",1,1
-0.741240852790488,-0.688785987978859,-7.92162160497737,"edge",1,2
-1.03187291091695,-0.909395603126475,-7.51842388902053,"edge",1,3
-0.37819171608951,-0.75245405551184,-7.36514899050062,"edge",1,4
-0.294448517860871,-0.612707038391942,-7.27915430842835,"edge",1,5
-0.930484246327565,-0.717957459586733,-7.69956137350657,"edge",1,6
-0.391892219004566,-0.599443452828364,-7.68067106285503,"edge",1,7
-0.391892219004566,-0.599443452828364,-7.68067106285503,"edge",1,8
-0.391892219004566,-0.599443452828364,-7.68067106285503,"edge",1,9
-0.802358420110333,-0.78772241280368,-7.5577017455449,"edge",1,10
-0.341330739864851,-0.692371134954354,-7.496818844884,"edge",1,11
-0.341330739864851,-0.692371134954354,-7.496818844884,"edge",1,12
-0.299373111653858,-0.137393279901831,-7.84208462485783,"edge",1,13
-0.299373111653858,-0.137393279901831,-7.84208462485783,"edge",1,14
-0.299373111653858,-0.137393279901831,-7.84208462485783,"edge",1,15
-1.28717722720581,-0.548981753087026,-7.83024056811231,"edge",1,16
-1.63132264274595,-0.801993354699205,-7.90681008854723,"edge",1,17
-0.953293013280783,-0.930966672908302,-7.93689326461032,"edge",1,18
-0.647209239546151,-0.557213300541039,-8.06985333536151,"edge",1,19
-0.647209239546151,-0.557213300541039,-8.06985333536151,"edge",1,20
-1.0525756224838,-0.807301666798028,-7.978036100079,"edge",1,21
-1.13904856497356,-0.537848064533876,-8.09811221178615,"edge",1,22
-1.13904856497356,-0.537848064533876,-8.09811221178615,"edge",1,23
-1.13904856497356,-0.537848064533876,-8.09811221178615,"edge",1,24
-0.922531604106703,-0.905427686643031,-8.07500049909535,"edge",1,25
-0.922531604106703,-0.905427686643031,-8.07500049909535,"edge",1,26
-1.62872199878533,-0.930861593917617,-7.72975812045282,"edge",1,27
-1.62872199878533,-0.930861593917617,-7.72975812045282,"edge",1,28
-1.44563250447053,-0.499993522287051,-7.89487939648157,"edge",1,29
-1.01701812177449,-1.03327264945391,-7.39753437873256,"edge",1,30
-0.701233138453409,-0.735695272693708,-7.72049170963835,"edge",1,31
-0.701233138453409,-0.735695272693708,-7.72049170963835,"edge",1,32
-0.701233138453409,-0.735695272693708,-7.72049170963835,"edge",1,33
-0.458169976127314,-0.70435711525268,-7.48730609697047,"edge",1,34
-0.446887110850358,-0.598105325095981,-7.76260052834321,"edge",1,35
-0.446887110850358,-0.598105325095981,-7.76260052834321,"edge",1,36
-0.402464068573379,-0.58850461740275,-7.61373798231271,"edge",1,37
-0.402464068573379,-0.58850461740275,-7.61373798231271,"edge",1,38
-0.402464068573379,-0.58850461740275,-7.61373798231271,"edge",1,39
-0.565231538799388,-0.479724011480968,-7.53325768168065,"edge",1,40
-0.181464781661124,-0.531599559376696,-7.41911676362971,"edge",1,41
-0.181464781661124,-0.531599559376696,-7.41911676362971,"edge",1,42
-0.181464781661124,-0.531599559376696,-7.41911676362971,"edge",1,43
-0.281428989369525,-0.47417792537899,-7.66658545350211,"edge",1,44
-0.281428989369525,-0.47417792537899,-7.66658545350211,"edge",1,45
-0.829401897812433,-0.597829718513596,-7.72587147292471,"edge",1,46
-0.829401897812433,-0.597829718513596,-7.72587147292471,"edge",1,47
-0.829401897812433,-0.597829718513596,-7.72587147292471,"edge",1,48
-0.829401897812433,-0.597829718513596,-7.72587147292471,"edge",1,49
-0.903486017670834,-0.944043618764304,-7.47460010648208,"edge",1,50
-0.903486017670834,-0.944043618764304,-7.47460010648208,"edge",1,51
-0.903486017670834,-0.944043618764304,-7.47460010648208,"edge",1,52
-0.474892221292601,-0.444243195411918,-7.76300522050824,"edge",1,53
-0.711224400970145,-0.727524923643154,-7.72570318800029,"edge",1,54
-0.526245927898268,-0.525747360305132,-7.54857542036082,"edge",1,55
-0.967320978309497,-0.604443873362835,-7.64651765175268,"edge",1,56
-0.933790797414807,-0.629575249704219,-7.92526556120439,"edge",1,57
-1.18369141988977,-0.688345294685717,-7.81270723862314,"edge",1,58
-0.785262106860423,-0.766986372002257,-7.62551001930063,"edge",1,59
-0.429293180139002,-0.371678628852823,-7.82883172094535,"edge",1,60
-0.742273088244559,-0.481933871388705,-7.83318952012768,"edge",1,61
-0.000662030311404216,-0.367912829953487,-7.46466627744863,"edge",1,62
-0.000662030311404216,-0.367912829953487,-7.46466627744863,"edge",1,63
-0.0585330258906019,-0.39530176975392,-7.43277840661125,"edge",1,64
-0.0264780509323599,-0.0852862767535646,-7.30912159861432,"edge",1,65
0.110784678295522,-0.537183354314379,-7.18122553364129,"edge",1,66
-1.06474199560681,-0.886104535068411,-7.55017395500465,"edge",1,67
-0.853282282057287,-0.508110954283441,-7.37573233522783,"edge",1,68
-0.853282282057287,-0.508110954283441,-7.37573233522783,"edge",1,69
-0.235724417793232,-0.37102199670942,-7.77678547834451,"edge",1,70
-0.238917546746045,-0.505197950863058,-7.47573709559412,"edge",1,71
-0.238917546746045,-0.505197950863058,-7.47573709559412,"edge",1,72
-0.238917546746045,-0.505197950863058,-7.47573709559412,"edge",1,73
-0.238917546746045,-0.505197950863058,-7.47573709559412,"edge",1,74
-0.238917546746045,-0.505197950863058,-7.47573709559412,"edge",1,75
-0.191068495057522,-0.514168383122186,-7.63972360003681,"edge",1,76
-0.443400555862019,-0.588145969979863,-7.8511208113031,"edge",1,77
-0.443400555862019,-0.588145969979863,-7.8511208113031,"edge",1,78
-0.0236419643317541,-0.414876009284788,-7.33726273635106,"edge",1,79
-0.0236419643317541,-0.414876009284788,-7.33726273635106,"edge",1,80
-0.764134735396218,-0.645580443108656,-7.7931541131684,"edge",1,81
-0.976792047636847,-0.575360317701603,-7.52716025664762,"edge",1,82
-1.02526755235424,-0.630579889649672,-7.61823311642518,"edge",1,83
-0.325760608938281,-0.751537920054655,-7.55014450057653,"edge",1,84
-0.325760608938281,-0.751537920054655,-7.55014450057653,"edge",1,85
-0.325760608938281,-0.751537920054655,-7.55014450057653,"edge",1,86
-0.392374214479611,-0.741446631907932,-7.29474364768984,"edge",1,87
-0.392374214479611,-0.741446631907932,-7.29474364768984,"edge",1,88
-0.268747746460833,-0.416001344087115,-7.28579745848562,"edge",1,89
-0.0845413047401557,-0.312921375567268,-7.35722496197444,"edge",1,90
-0.172833600884574,-0.539676633730591,-7.40545889429257,"edge",1,91
-0.190208176359857,-0.59758055875925,-7.40530007862116,"edge",1,92
-0.990650719260372,-0.653925937797969,-7.36002368604315,"edge",1,93
-1.08195950314206,-0.461655780152731,-7.43180144277228,"edge",1,94
-1.51127410501953,-0.767399940449403,-7.77745837635242,"edge",1,95
-0.578732667568902,-0.615686273668949,-7.61188140599933,"edge",1,96
-0.578732667568902,-0.615686273668949,-7.61188140599933,"edge",1,97
-0.578732667568902,-0.615686273668949,-7.61188140599933,"edge",1,98
-0.578732667568902,-0.615686273668949,-7.61188140599933,"edge",1,99
-0.864030227205773,-0.62387289911928,-7.86234088709587,"edge",1,100
-1.41462143299451,-0.810367549646911,-8.01019745884094,"edge",1,101
-0.968259721950337,-0.863631519695008,-7.52448535775913,"edge",1,102
-0.968259721950337,-0.863631519695008,-7.52448535775913,"edge",1,103
-0.467231830821189,-0.299036756744357,-7.80505041424023,"edge",1,104
-0.780709702282736,-0.792124439436438,-7.53558529487712,"edge",1,105
-0.743038089470798,-0.857716774545359,-7.45029447751498,"edge",1,106
-0.89736950612924,-0.92220934850225,-7.59799674226728,"edge",1,107
-0.89736950612924,-0.92220934850225,-7.59799674226728,"edge",1,108
-0.89736950612924,-0.92220934850225,-7.59799674226728,"edge",1,109
-0.322404753388062,-0.478620046250839,-7.68224901780135,"edge",1,110
-0.601100204138388,-0.713145905981772,-7.48938532570686,"edge",1,111
-0.815711177455818,-0.719464581753323,-7.96464117063312,"edge",1,112
-0.228361507106693,-0.899123442579439,-7.66960541100126,"edge",1,113
0.141554327660814,-0.63730089629876,-7.82619765764119,"edge",1,114
-0.13684466154187,-0.553346567740911,-7.49419949722721,"edge",1,115
-0.13684466154187,-0.553346567740911,-7.49419949722721,"edge",1,116
-0.343708269362567,-0.398926274076165,-7.49129421508882,"edge",1,117
-0.343708269362567,-0.398926274076165,-7.49129421508882,"edge",1,118
-0.343708269362567,-0.398926274076165,-7.49129421508882,"edge",1,119
0.119471986735515,-0.225735529553864,-7.76979103628435,"edge",1,120
-0.0819897855458229,-0.439875048749064,-7.75078022383876,"edge",1,121
-0.0819897855458229,-0.439875048749064,-7.75078022383876,"edge",1,122
-0.0819897855458229,-0.439875048749064,-7.75078022383876,"edge",1,123
-0.0819897855458229,-0.439875048749064,-7.75078022383876,"edge",1,124
-0.0187715982609713,-0.495793763666933,-7.63614030180762,"edge",1,125
-0.0187715982609713,-0.495793763666933,-7.63614030180762,"edge",1,126
-0.0187715982609713,-0.495793763666933,-7.63614030180762,"edge",1,127
-0.0488673305849649,-0.0821350116087203,-7.27913448683854,"edge",1,128
-0.0488673305849649,-0.0821350116087203,-7.27913448683854,"edge",1,129
-1.18777909104388,-0.383436941641797,-7.48405997958249,"edge",1,130
-0.860177065353888,-0.722329623672381,-7.17536950779993,"edge",1,131
-0.381980116434085,-0.712675237373368,-7.5929307135773,"edge",1,132
-0.302286296007356,-0.486640116690601,-7.34240428183469,"edge",1,133
-0.27554297141414,-0.706167095602098,-7.27647857960345,"edge",1,134
-0.27554297141414,-0.706167095602098,-7.27647857960345,"edge",1,135
-0.559195967456766,-0.904380400716448,-7.56957194309287,"edge",1,136
0.158166386065547,-0.526480158192459,-7.79590390314269,"edge",1,137
-0.0276868180815657,-0.469482765317644,-7.51410648396055,"edge",1,138
-0.977680880955753,-0.761718986992865,-7.93934326890109,"edge",1,139
-0.135569248806409,-0.568063662797641,-7.52498786037205,"edge",1,140
-0.135569248806409,-0.568063662797641,-7.52498786037205,"edge",1,141
-0.00643981106813407,-0.377716063535794,-7.29076307128863,"edge",1,142
0.0956132940358803,-0.424304862682153,-7.29952137617736,"edge",1,143
-0.153839492181429,-0.685101461792884,-7.27129761931997,"edge",1,144
-0.153839492181429,-0.685101461792884,-7.27129761931997,"edge",1,145
-0.738628195994698,-0.622587193261095,-7.2745449644136,"edge",1,146
-0.812290769776515,-0.46980853584212,-7.95896261959713,"edge",1,147
-0.0540922656641713,-0.38371012662005,-7.29688929379734,"edge",1,148
-0.216372330647594,-0.639329457178864,-7.53475679822751,"edge",1,149
-0.437958752735473,-0.608889692067719,-7.74661980184409,"edge",1,150
-0.858859500225056,-0.788004118674834,-7.5035155636234,"edge",1,151
-0.885985840956422,-0.737568435579649,-7.8829741620562,"edge",1,152
-0.360179930203741,-0.663049387530332,-7.59521635471892,"edge",1,153
-0.360179930203741,-0.663049387530332,-7.59521635471892,"edge",1,154
-0.360179930203741,-0.663049387530332,-7.59521635471892,"edge",1,155
-0.644660806952524,-0.567782519970413,-8.02463965096444,"edge",1,156
-1.06645915261465,-0.778694014680553,-7.68172817407252,"edge",1,157
-0.815490255161272,-0.717672259367413,-7.66154057641924,"edge",1,158
-0.815490255161272,-0.717672259367413,-7.66154057641924,"edge",1,159
-0.815490255161272,-0.717672259367413,-7.66154057641924,"edge",1,160
-0.333814433220664,-0.67283264662264,-7.52734428253641,"edge",1,161
-0.333814433220664,-0.67283264662264,-7.52734428253641,"edge",1,162
-0.333814433220664,-0.67283264662264,-7.52734428253641,"edge",1,163
-0.708375093263648,-0.724989171084653,-7.70740804967632,"edge",1,164
-0.0784842552874507,-0.390108180215952,-7.87037404156484,"edge",1,165
-0.839938076701568,-0.835405752911918,-7.55109929944721,"edge",1,166
-0.5846672537713,-0.477576173598656,-7.78427979066771,"edge",1,167
-0.5846672537713,-0.477576173598656,-7.78427979066771,"edge",1,168
-0.5846672537713,-0.477576173598656,-7.78427979066771,"edge",1,169
0.0856612579248855,-0.26679448862779,-7.49359444295843,"edge",1,170
-0.425018438031368,-0.45518326100753,-7.4836323266553,"edge",1,171
-0.425018438031368,-0.45518326100753,-7.4836323266553,"edge",1,172
-0.576060439644672,-0.478874753344305,-7.68009782549205,"edge",1,173
-0.576060439644672,-0.478874753344305,-7.68009782549205,"edge",1,174
-0.576060439644672,-0.478874753344305,-7.68009782549205,"edge",1,175
-0.576060439644672,-0.478874753344305,-7.68009782549205,"edge",1,176
-0.457455827149726,-0.602782205334632,-7.68637402292758,"edge",1,177
-0.29786382242489,-0.409827375353359,-7.67368912777513,"edge",1,178
-0.824389205590103,-0.633829774604667,-7.73706282369018,"edge",1,179
-0.547570293781844,-0.621282220550467,-7.8938689576241,"edge",1,180
-0.168151110711315,-0.591009166361337,-7.83213895545743,"edge",1,181
-0.796105970699396,-0.724808495407162,-7.63215563160454,"edge",1,182
-0.796105970699396,-0.724808495407162,-7.63215563160454,"edge",1,183
-0.796105970699396,-0.724808495407162,-7.63215563160454,"edge",1,184
-0.796105970699396,-0.724808495407162,-7.63215563160454,"edge",1,185
-0.796105970699396,-0.724808495407162,-7.63215563160454,"edge",1,186
-0.796105970699396,-0.724808495407162,-7.63215563160454,"edge",1,187
-0.796105970699396,-0.724808495407162,-7.63215563160454,"edge",1,188
-0.796105970699396,-0.724808495407162,-7.63215563160454,"edge",1,189
-0.796105970699396,-0.724808495407162,-7.63215563160454,"edge",1,190
-0.796105970699396,-0.724808495407162,-7.63215563160454,"edge",1,191
-0.913092521181896,-0.801404802255467,-7.46342615259218,"edge",1,192
-0.142414242954668,-0.488340403159199,-7.86630667676749,"edge",1,193
-0.322588422187492,-0.595659347367591,-7.8500762269086,"edge",1,194
-0.322588422187492,-0.595659347367591,-7.8500762269086,"edge",1,195
-0.65200633486851,-0.616167740688626,-7.71218299519009,"edge",1,196
-0.693241910080763,-0.870519514723181,-7.41060247006503,"edge",1,197
-0.393452190661179,-0.793713771104727,-7.66961577165822,"edge",1,198
-0.682264493028432,-0.580203520490714,-7.50596978028958,"edge",1,199
-0.648162105222802,-0.919184687105601,-7.51079032699892,"edge",1,200
-0.648162105222802,-0.919184687105601,-7.51079032699892,"edge",1,201
-0.063837835284977,-0.819299347163872,-7.217794293315,"edge",1,202
-0.954886284896422,-0.756433756002415,-7.53304924221419,"edge",1,203
-0.986098986384293,-0.710231858037106,-7.38483823249932,"edge",1,204
-0.687535988983349,-0.571908346956926,-7.84458415854805,"edge",1,205
-0.803427627455075,-0.654042002963535,-7.97816722618719,"edge",1,206
-0.512892131158309,-0.53099345865826,-7.62973003668151,"edge",1,207
-0.964877568354021,-0.494709243300547,-8.05344582174667,"edge",1,208
-0.493486707537713,-0.69956329039352,-7.55013895526081,"edge",1,209
-0.493486707537713,-0.69956329039352,-7.55013895526081,"edge",1,210
-0.703375956039724,-0.550506990426393,-7.71156727498979,"edge",1,211
-0.491193176100864,-0.701041384078702,-7.35554222098722,"edge",1,212
-0.491193176100864,-0.701041384078702,-7.35554222098722,"edge",1,213
-0.840251219321213,-0.620626386727298,-7.63138508400664,"edge",1,214
-1.15662080108473,-0.764894389005653,-7.86492554470951,"edge",1,215
-1.15662080108473,-0.764894389005653,-7.86492554470951,"edge",1,216
-1.15662080108473,-0.764894389005653,-7.86492554470951,"edge",1,217
-0.9894369953294,-0.466137599926666,-8.16071345633448,"edge",1,218
-0.9894369953294,-0.466137599926666,-8.16071345633448,"edge",1,219
-0.390478855614697,-0.382625216975165,-7.43558973187906,"edge",1,220
-0.408131613656364,-0.597241423249714,-7.41372285910266,"edge",1,221
-1.00181303683924,-0.894015965948486,-7.63355839396229,"edge",1,222
0.0993223386015456,-0.492570281162521,-7.68376781718836,"edge",1,223
-0.359175188829071,-0.545018079112146,-7.91309459978713,"edge",1,224
-0.958483991204512,-0.566580581287531,-7.84418376084125,"edge",1,225
-1.08402607456564,-0.675240414650767,-7.85098974043587,"edge",1,226
-0.500491582479476,-0.537846482170307,-7.68389848516454,"edge",1,227
-0.500491582479476,-0.537846482170307,-7.68389848516454,"edge",1,228
-1.00935164081892,-0.683713424886073,-7.75785081947879,"edge",1,229
-0.173438063875616,-0.426515847390307,-7.7217965192308,"edge",1,230
-0.91670738197425,-0.64929695818543,-7.76658550213152,"edge",1,231
-0.91670738197425,-0.64929695818543,-7.76658550213152,"edge",1,232
-0.742019135573785,-0.532900783087337,-7.92219485097048,"edge",1,233
-0.23084982268849,-0.458887685331369,-7.53717792128817,"edge",1,234
-0.23084982268849,-0.458887685331369,-7.53717792128817,"edge",1,235
-0.402955720707796,-0.480201854758154,-7.37131335171363,"edge",1,236
-0.450562560339468,-0.534221909206083,-7.91966468872795,"edge",1,237
-0.450562560339468,-0.534221909206083,-7.91966468872795,"edge",1,238
-0.428457908819286,-0.621364514385104,-7.54729701547681,"edge",1,239
-0.428457908819286,-0.621364514385104,-7.54729701547681,"edge",1,240
-0.428457908819286,-0.621364514385104,-7.54729701547681,"edge",1,241
0.0859718067794944,-0.43235271455284,-7.60531960234853,"edge",1,242
-0.168215910444556,-0.690784700935796,-7.59897629472741,"edge",1,243
0.0311501688675284,-0.360847344493179,-7.66839100556732,"edge",1,244
-0.343059853166533,-0.578786239751299,-7.85643310338679,"edge",1,245
-0.837382671244672,-0.46040996672246,-7.96346938577281,"edge",1,246
-0.837382671244672,-0.46040996672246,-7.96346938577281,"edge",1,247
-0.837382671244672,-0.46040996672246,-7.96346938577281,"edge",1,248
-0.749509207322681,-0.417600629476631,-7.92516856146731,"edge",1,249
-0.749509207322681,-0.417600629476631,-7.92516856146731,"edge",1,250
-0.749509207322681,-0.417600629476631,-7.92516856146731,"edge",1,251
-0.749509207322681,-0.417600629476631,-7.92516856146731,"edge",1,252
-0.87968747984115,-0.568961926451544,-7.41529076013537,"edge",1,253
-0.999686120672945,-0.829954310246463,-7.84665248384152,"edge",1,254
-0.58350170745899,-0.575663805555786,-7.19437928592419,"edge",1,255
-0.0297900865135345,-0.303013511222754,-7.36142401060071,"edge",1,256
-0.0223028118066453,-0.239329884746122,-7.61900985061134,"edge",1,257
-0.70679379642273,-0.406765771101109,-7.66653178280234,"edge",1,258
-0.445914927433771,-0.516450446450166,-7.77083333319895,"edge",1,259
-0.445914927433771,-0.516450446450166,-7.77083333319895,"edge",1,260
-0.653536530690485,-0.792239610047497,-7.45339576056181,"edge",1,261
-0.553387024796458,-0.625764644230373,-8.01437360891644,"edge",1,262
-0.158280517271228,-0.359032618989377,-8.17409221861299,"edge",1,263
-0.158280517271228,-0.359032618989377,-8.17409221861299,"edge",1,264
-0.808341687585234,-0.63546453593961,-7.80685212007489,"edge",1,265
-0.808341687585234,-0.63546453593961,-7.80685212007489,"edge",1,266
-0.141436703084647,-0.461770332900318,-7.13173949945925,"edge",1,267
-0.680956397046148,-0.733509312460653,-7.28791057300387,"edge",1,268
-0.429216784601326,-0.728256705922835,-7.38122485217638,"edge",1,269
-0.429216784601326,-0.728256705922835,-7.38122485217638,"edge",1,270
-0.429216784601326,-0.728256705922835,-7.38122485217638,"edge",1,271
-0.429216784601326,-0.728256705922835,-7.38122485217638,"edge",1,272
-0.740032523292524,-0.816555643067347,-7.51873893162137,"edge",1,273
-0.740032523292524,-0.816555643067347,-7.51873893162137,"edge",1,274
-0.740032523292524,-0.816555643067347,-7.51873893162137,"edge",1,275
-0.563677831218793,-0.534736401313523,-7.9337553557634,"edge",1,276
-0.927076749607395,-0.782990644498593,-7.68120551549497,"edge",1,277
-0.705423362305335,-0.768790447923877,-7.78120992532102,"edge",1,278
-0.587501782712746,-0.780923869200121,-7.32129495803736,"edge",1,279
-0.244098179342983,-0.69053530463794,-7.51158133550557,"edge",1,280
-0.244098179342983,-0.69053530463794,-7.51158133550557,"edge",1,281
-0.244098179342983,-0.69053530463794,-7.51158133550557,"edge",1,282
-0.618192397051458,-0.773439462198368,-7.70556084356468,"edge",1,283
-0.618192397051458,-0.773439462198368,-7.70556084356468,"edge",1,284
-0.913744505405892,-0.634785409832234,-7.85726285247296,"edge",1,285
-0.913744505405892,-0.634785409832234,-7.85726285247296,"edge",1,286
-0.379536644155298,-0.579364699626266,-7.41794554888132,"edge",1,287
-0.71734522916829,-0.361514534598214,-7.58263661050222,"edge",1,288
-0.71734522916829,-0.361514534598214,-7.58263661050222,"edge",1,289
-1.45698076722654,-0.796267357080222,-7.4542968965945,"edge",1,290
-0.816513798486382,-0.785641744964142,-7.61540590522478,"edge",1,291
-0.887921399165127,-0.712803301466099,-7.82600719779977,"edge",1,292
-0.887921399165127,-0.712803301466099,-7.82600719779977,"edge",1,293
-0.144716783740654,-0.490610778444801,-7.84569699420552,"edge",1,294
-0.144716783740654,-0.490610778444801,-7.84569699420552,"edge",1,295
-0.144716783740654,-0.490610778444801,-7.84569699420552,"edge",1,296
-0.144716783740654,-0.490610778444801,-7.84569699420552,"edge",1,297
-0.34972264155142,-0.572422106827723,-7.9600425136055,"edge",1,298
-0.0555520898865885,-0.277462458219918,-7.59639600235691,"edge",1,299
-0.48144247287438,-0.391267731347949,-7.7090971023934,"edge",1,300
-0.890905622968034,-0.560197774333221,-7.52186160965333,"edge",1,301
-0.890905622968034,-0.560197774333221,-7.52186160965333,"edge",1,302
-0.890905622968034,-0.560197774333221,-7.52186160965333,"edge",1,303
-0.887087811210022,-0.648275365800307,-7.67770883267403,"edge",1,304
-1.21861092013754,-0.739025469669105,-7.6045772461309,"edge",1,305
-0.0195070950693959,-0.347598728285591,-7.33052282127945,"edge",1,306
-0.0195070950693959,-0.347598728285591,-7.33052282127945,"edge",1,307
-1.28746468619143,-0.714414101651103,-7.42024712763455,"edge",1,308
-0.870009452709788,-0.621359648300078,-7.24520242058042,"edge",1,309
-1.07733328276164,-0.542231658093649,-7.86903138790633,"edge",1,310
-0.435988192427104,-0.65733784386315,-7.87776401502674,"edge",1,311
-0.603931309738927,-0.694614458938496,-7.81271508618907,"edge",1,312
-0.129637827108272,-0.457581073485022,-7.64520548969079,"edge",1,313
-0.844304468655796,-0.764253189677694,-7.43992940781534,"edge",1,314
-0.844304468655796,-0.764253189677694,-7.43992940781534,"edge",1,315
-0.569172683998615,-0.692296237848135,-7.60649672861477,"edge",1,316
-0.569172683998615,-0.692296237848135,-7.60649672861477,"edge",1,317
-0.480470793174581,-0.634534564185632,-7.80432416061102,"edge",1,318
-0.480470793174581,-0.634534564185632,-7.80432416061102,"edge",1,319
-0.480470793174581,-0.634534564185632,-7.80432416061102,"edge",1,320
-0.80467969615312,-0.830290337290058,-7.72221804618467,"edge",1,321
-0.526598585652081,-0.553016498728986,-7.45931502354277,"edge",1,322
-0.563417133949581,-0.620865688416494,-7.66979693695155,"edge",1,323
-0.563417133949581,-0.620865688416494,-7.66979693695155,"edge",1,324
-0.563417133949581,-0.620865688416494,-7.66979693695155,"edge",1,325
-0.563417133949581,-0.620865688416494,-7.66979693695155,"edge",1,326
-0.376761861557605,-0.702210366496756,-7.52733244578491,"edge",1,327
-0.00597954596927508,-0.501379270283943,-7.5390273190235,"edge",1,328
-0.167755001896023,-0.320212195132295,-7.9259640222314,"edge",1,329
-0.231623686448778,-0.370051495774934,-8.1361103557151,"edge",1,330
-0.702878364309339,-0.767511565755985,-7.88810204348807,"edge",1,331
-0.758832516916484,-0.900596867562818,-7.40649875362366,"edge",1,332
-0.625617538477372,-0.830900592203591,-7.4376709165156,"edge",1,333
-0.138024690266528,-0.546400873978448,-7.8143770332467,"edge",1,334
-0.187170384711527,-0.545864763448437,-7.88906987183588,"edge",1,335
-0.33944773402645,-0.265947956143221,-7.73521165548158,"edge",1,336
0.147063966971805,-0.344670593212518,-7.28606194082365,"edge",1,337
-0.0838875828730142,-0.392156654227743,-7.39253119661786,"edge",1,338
-0.791748191536093,-0.81794694538944,-7.495335968317,"edge",1,339
-1.04498397339298,-0.748949876197891,-7.54911750936526,"edge",1,340
-0.660126984093522,-0.543049414769021,-7.59213998355578,"edge",1,341
-0.660126984093522,-0.543049414769021,-7.59213998355578,"edge",1,342
-0.435151068173635,-0.789541721129675,-7.65113680567132,"edge",1,343
-0.742694656853482,-0.682195541245722,-7.83557818074429,"edge",1,344
-0.742694656853482,-0.682195541245722,-7.83557818074429,"edge",1,345
-0.64175057902375,-0.628933637613715,-7.50842750261147,"edge",1,346
-0.582606301135789,-0.642522084362619,-7.46994813756414,"edge",1,347
-0.582606301135789,-0.642522084362619,-7.46994813756414,"edge",1,348
-0.190672765840469,-0.499408405587538,-7.59317312298245,"edge",1,349
-0.2196169404071,-0.701483588531425,-7.60929769845787,"edge",1,350
-0.2196169404071,-0.701483588531425,-7.60929769845787,"edge",1,351
-0.809150892630542,-0.917654572935153,-7.48305186088561,"edge",1,352
-0.295560462082076,-0.696783985602705,-7.51973998079257,"edge",1,353
-0.670602206875633,-0.396783532500059,-7.97285955184071,"edge",1,354
-0.851887616052444,-0.622643429588064,-7.72949876466277,"edge",1,355
-0.851887616052444,-0.622643429588064,-7.72949876466277,"edge",1,356
-0.851887616052444,-0.622643429588064,-7.72949876466277,"edge",1,357
-0.851887616052444,-0.622643429588064,-7.72949876466277,"edge",1,358
-0.491390352771951,-0.570628362202557,-7.40565969813145,"edge",1,359
0.0353286386761316,-0.402611097335223,-7.44374225789135,"edge",1,360
-0.896777842713871,-0.53848186538187,-7.58722471965567,"edge",1,361
-0.896777842713871,-0.53848186538187,-7.58722471965567,"edge",1,362
-0.669239493532553,-0.419341593596307,-7.6064406143103,"edge",1,363
-0.669239493532553,-0.419341593596307,-7.6064406143103,"edge",1,364
-0.669239493532553,-0.419341593596307,-7.6064406143103,"edge",1,365
-0.66552639957871,-0.726966461501172,-7.77729888198822,"edge",1,366
-0.336526833551487,-0.614117192308205,-7.62696272411655,"edge",1,367
0.111907747718428,-0.561436309571701,-7.36452913714166,"edge",1,368
-0.695608510573276,-0.882406448681469,-7.18153520146605,"edge",1,369
-0.441514331353922,-0.735173340940419,-7.19185850262977,"edge",1,370
-0.46507032235093,-0.882577803592209,-7.43123843845703,"edge",1,371
-0.86294131418604,-0.722957490014251,-7.23755921039268,"edge",1,372
-0.29626904407618,-0.430507560200501,-7.20848466822841,"edge",1,373
-0.392717367699524,-0.766834858990985,-7.67893228286739,"edge",1,374
0.0893454326774299,-0.506855195334706,-7.59835223555554,"edge",1,375
-1.01379548233722,-0.673843939765181,-7.60101006892837,"edge",1,376
-0.815898195751883,-0.848736382916288,-7.6913354097666,"edge",1,377
-0.885597880496752,-0.722103264535987,-8.14695203237026,"edge",1,378
-0.885597880496752,-0.722103264535987,-8.14695203237026,"edge",1,379
-0.763243150057407,-0.895323392301259,-7.59924262401455,"edge",1,380
-0.859150216053259,-0.782081233797319,-7.45099159974918,"edge",1,381
-0.40489130495527,-0.853055030728435,-7.49232284922595,"edge",1,382
-0.40489130495527,-0.853055030728435,-7.49232284922595,"edge",1,383
-1.21729089391028,-0.827048920481451,-7.76236889007588,"edge",1,384
-1.06884465219031,-0.662259006673002,-7.58539087959235,"edge",1,385
-0.897057993945223,-0.598666920344013,-7.71809330418269,"edge",1,386
-0.897057993945223,-0.598666920344013,-7.71809330418269,"edge",1,387
-0.404388588272052,-0.518630499377262,-7.55482061172166,"edge",1,388
-0.367173150927973,-0.455647729168634,-8.03652692274889,"edge",1,389
-0.861178489154694,-0.611616586492691,-7.79919854310726,"edge",1,390
-0.138397346834375,-0.532932888137117,-7.85005471467248,"edge",1,391
-0.138397346834375,-0.532932888137117,-7.85005471467248,"edge",1,392
-1.06727334337435,-0.765635790856143,-7.47316564498295,"edge",1,393
-1.06727334337435,-0.765635790856143,-7.47316564498295,"edge",1,394
-1.06727334337435,-0.765635790856143,-7.47316564498295,"edge",1,395
-0.987270235102989,-0.901113549531755,-7.69212850898031,"edge",1,396
-0.434301772320864,-0.655406721211554,-7.74146111773057,"edge",1,397
-0.692433510780194,-0.697998037407406,-7.64331710731612,"edge",1,398
-0.692433510780194,-0.697998037407406,-7.64331710731612,"edge",1,399
-0.692433510780194,-0.697998037407406,-7.64331710731612,"edge",1,400
-0.692433510780194,-0.697998037407406,-7.64331710731612,"edge",1,401
-0.692433510780194,-0.697998037407406,-7.64331710731612,"edge",1,402
-0.738457900313172,-0.659488683395954,-7.7849183869623,"edge",1,403
-0.738457900313172,-0.659488683395954,-7.7849183869623,"edge",1,404
-0.818283434918488,-0.590159759922802,-7.86012713355588,"edge",1,405
-0.408390857799268,-0.651881356526738,-7.80880161961229,"edge",1,406
-0.408390857799268,-0.651881356526738,-7.80880161961229,"edge",1,407
-0.408390857799268,-0.651881356526738,-7.80880161961229,"edge",1,408
-1.08179679823926,-0.590313273825122,-7.55052661559621,"edge",1,409
-1.08179679823926,-0.590313273825122,-7.55052661559621,"edge",1,410
-1.08179679823926,-0.590313273825122,-7.55052661559621,"edge",1,411
-1.09874594703082,-0.809323801404628,-7.55458298758903,"edge",1,412
-1.09874594703082,-0.809323801404628,-7.55458298758903,"edge",1,413
-1.09874594703082,-0.809323801404628,-7.55458298758903,"edge",1,414
-0.658542720670329,-0.715624137708501,-7.46251298047554,"edge",1,415
-0.658542720670329,-0.715624137708501,-7.46251298047554,"edge",1,416
-0.130181019063085,-0.658335803247782,-7.83920927850116,"edge",1,417
-0.7579288664288,-0.676632501355795,-7.35387913241553,"edge",1,418
-0.235945184525424,-0.653145715091921,-7.36373356445986,"edge",1,419
-0.235945184525424,-0.653145715091921,-7.36373356445986,"edge",1,420
-0.149730611120678,-0.609996160210411,-7.63771630347009,"edge",1,421
-0.23985518562524,-0.395111935645115,-7.63376785362768,"edge",1,422
-0.23985518562524,-0.395111935645115,-7.63376785362768,"edge",1,423
-0.124885912088533,-0.521576085805059,-7.56622767758125,"edge",1,424
-0.149605744683592,-0.3194040541096,-7.88215957159063,"edge",1,425
-0.238688140504483,-0.806121712187655,-7.46905559618464,"edge",1,426
-0.373290971926641,-0.771972412124865,-7.29667921097256,"edge",1,427
-0.67398830340791,-0.691997054347923,-7.18733511442534,"edge",1,428
-1.02443232102293,-0.644551956294526,-7.6054655103091,"edge",1,429
-1.02443232102293,-0.644551956294526,-7.6054655103091,"edge",1,430
-1.02443232102293,-0.644551956294526,-7.6054655103091,"edge",1,431
-1.02443232102293,-0.644551956294526,-7.6054655103091,"edge",1,432
-1.02443232102293,-0.644551956294526,-7.6054655103091,"edge",1,433
-0.846372011420443,-0.689212898453044,-7.69631826166557,"edge",1,434
-0.846372011420443,-0.689212898453044,-7.69631826166557,"edge",1,435
-0.846372011420443,-0.689212898453044,-7.69631826166557,"edge",1,436
-0.846372011420443,-0.689212898453044,-7.69631826166557,"edge",1,437
-0.846372011420443,-0.689212898453044,-7.69631826166557,"edge",1,438
-0.846372011420443,-0.689212898453044,-7.69631826166557,"edge",1,439
-0.969996367957135,-0.68118532120137,-7.54846390631946,"edge",1,440
-0.620129748607041,-0.580266755834811,-7.8487050136194,"edge",1,441
-0.565514939997699,-0.577493121313088,-7.45822502623068,"edge",1,442
-0.051660581862104,-0.345667104025844,-7.59649977192956,"edge",1,443
-0.315720363002593,-0.684558354234318,-7.48188880174477,"edge",1,444
-0.917454752348707,-0.646812078234199,-7.69888082410372,"edge",1,445
-0.917454752348707,-0.646812078234199,-7.69888082410372,"edge",1,446
-0.778610835340678,-0.740664844574893,-7.60547402526342,"edge",1,447
-1.07155930855594,-0.681487939051288,-7.50392215476253,"edge",1,448
-1.07155930855594,-0.681487939051288,-7.50392215476253,"edge",1,449
-0.35816965353886,-0.430816087544011,-7.45983190966613,"edge",1,450
-0.35816965353886,-0.430816087544011,-7.45983190966613,"edge",1,451
0.0297869396465649,-0.376425016672292,-7.47571460007168,"edge",1,452
-1.11192974041449,-0.886445495438735,-7.49376734372326,"edge",1,453
-0.908810473256799,-0.761945738359345,-7.38547259199102,"edge",1,454
-0.925957458285253,-0.819106080694465,-7.63683539249954,"edge",1,455
-0.925957458285253,-0.819106080694465,-7.63683539249954,"edge",1,456
-0.943065439315978,-0.77371664713117,-7.66310295654831,"edge",1,457
-1.11246013930955,-0.698571314962031,-7.87336504432099,"edge",1,458
-1.11246013930955,-0.698571314962031,-7.87336504432099,"edge",1,459
-0.860422373666526,-0.497167393828627,-8.10915168705272,"edge",1,460
-1.25973576222616,-0.698897394415659,-7.27029055842933,"edge",1,461
-0.522835680041862,-0.429914194607691,-7.52334481288841,"edge",1,462
-0.522835680041862,-0.429914194607691,-7.52334481288841,"edge",1,463
-0.522835680041862,-0.429914194607691,-7.52334481288841,"edge",1,464
-0.522835680041862,-0.429914194607691,-7.52334481288841,"edge",1,465
-0.522835680041862,-0.429914194607691,-7.52334481288841,"edge",1,466
-0.663340371029205,-0.734445409610668,-7.38696765137775,"edge",1,467
-0.663340371029205,-0.734445409610668,-7.38696765137775,"edge",1,468
-0.560537736559009,-0.597479565966536,-7.90943289200938,"edge",1,469
-0.585996289461248,-0.422736665832388,-7.66845137941315,"edge",1,470
-0.317669410361853,-0.48107799519929,-7.63884957853321,"edge",1,471
-0.317669410361853,-0.48107799519929,-7.63884957853321,"edge",1,472
-0.0482228599376848,-0.632222917882372,-7.33962205537503,"edge",1,473
0.167916728004295,-0.291193878267379,-7.61888024369973,"edge",1,474
-0.386838131613104,-0.480486653159092,-7.83354643534737,"edge",1,475
-0.532003289971372,-0.282163620452521,-7.65200974246519,"edge",1,476
-0.176133017097376,-0.259239043591553,-7.50321629881058,"edge",1,477
-1.17892030124612,-0.746460471554851,-7.64668443632494,"edge",1,478
-1.29188940459777,-0.856230993713277,-7.62577238961898,"edge",1,479
-1.1395135550927,-0.613335548990902,-7.82850398684738,"edge",1,480
-0.550443416245147,-0.805821121036478,-7.68242408003251,"edge",1,481
-0.760308628499828,-0.779124752914182,-7.58785936488404,"edge",1,482
-0.749581929322794,-0.766449436663919,-7.36598730451396,"edge",1,483
-0.240710648651895,-0.547453176405628,-7.30507108413074,"edge",1,484
-0.240710648651895,-0.547453176405628,-7.30507108413074,"edge",1,485
0.10417044721724,-0.486635108933669,-7.51724011554579,"edge",1,486
-0.0975386229114067,-0.517494994436197,-7.75841888509707,"edge",1,487
0.0606358216566495,-0.44123452663987,-7.52000156941747,"edge",1,488
0.0606358216566495,-0.44123452663987,-7.52000156941747,"edge",1,489
0.0606358216566495,-0.44123452663987,-7.52000156941747,"edge",1,490
-0.75684688969536,-0.767541767836542,-7.5378664574565,"edge",1,491
-0.280139322049159,-0.503790394560543,-7.63625678275383,"edge",1,492
-0.334960170150621,-0.591798792101494,-7.51878090493924,"edge",1,493
-0.334960170150621,-0.591798792101494,-7.51878090493924,"edge",1,494
-0.334960170150621,-0.591798792101494,-7.51878090493924,"edge",1,495
-0.718124435195971,-0.51943829834019,-7.82732631469099,"edge",1,496
-0.718124435195971,-0.51943829834019,-7.82732631469099,"edge",1,497
-0.817871870932949,-0.685941293992596,-7.42318556987559,"edge",1,498
-1.30047519231462,-0.850778098720218,-7.56337694616235,"edge",1,499
-0.578843409840691,-0.86740535814082,-7.73882458465607,"edge",1,500
-0.935354709624985,-0.737625852514322,-7.98787551859048,"edge",1,501
-0.239178778776876,-0.569895355194272,-8.0440787410567,"edge",1,502
-1.19478094336636,-0.817180959764158,-8.02527223831374,"edge",1,503
-1.32896774961117,-0.817401469741919,-7.76165032313228,"edge",1,504
-0.00049324683860652,-0.449603281765878,-7.41822315178662,"edge",1,505
-0.316707688255618,-0.275887428191747,-7.32336095346876,"edge",1,506
-0.745885785853219,-0.360182252679113,-7.5985436137855,"edge",1,507
-0.955340681241112,-0.45621884662836,-7.5799293499472,"edge",1,508
-0.955340681241112,-0.45621884662836,-7.5799293499472,"edge",1,509
-1.23031804075701,-0.622422369411055,-7.51134839250286,"edge",1,510
-0.736578572994825,-0.600318292935048,-7.51947039486484,"edge",1,511
-0.736578572994825,-0.600318292935048,-7.51947039486484,"edge",1,512
-0.736578572994825,-0.600318292935048,-7.51947039486484,"edge",1,513
-0.224182864661795,-0.527206171886371,-7.58995871767963,"edge",1,514
-0.362184093139731,-0.484913041195799,-7.71191782791756,"edge",1,515
-0.362184093139731,-0.484913041195799,-7.71191782791756,"edge",1,516
0.0886374363885932,-0.397386208855014,-7.6120122017163,"edge",1,517
0.0886374363885932,-0.397386208855014,-7.6120122017163,"edge",1,518
0.0886374363885932,-0.397386208855014,-7.6120122017163,"edge",1,519
0.0886374363885932,-0.397386208855014,-7.6120122017163,"edge",1,520
-0.0491448486016972,-0.357866821885057,-7.64728264634149,"edge",1,521
-0.158437648457915,-0.344649514107186,-7.49079179198396,"edge",1,522
-0.401870123351254,-0.460141570060117,-7.29559086151909,"edge",1,523
-0.829458074396857,-0.626287302310648,-7.33899158605367,"edge",1,524
-0.556018810393019,-0.573992898278727,-7.90384488341663,"edge",1,525
-0.341020838056857,-0.457073914861813,-7.6714876782602,"edge",1,526
-0.341020838056857,-0.457073914861813,-7.6714876782602,"edge",1,527
-0.341020838056857,-0.457073914861813,-7.6714876782602,"edge",1,528
-0.524922376073339,-0.445966394405979,-7.66366508626395,"edge",1,529
-0.604117848548459,-0.298230567280962,-7.79078104336379,"edge",1,530
0.118689280705963,-0.57858582150453,-7.43079283364653,"edge",1,531
0.118689280705963,-0.57858582150453,-7.43079283364653,"edge",1,532
-1.20318059547811,-0.59857100690975,-8.03981294747822,"edge",1,533
-1.34451493967447,-0.611891717580565,-7.86273431314937,"edge",1,534
-1.56828028460529,-0.534259402424552,-7.67003657939454,"edge",1,535
-0.913316095769428,-0.496525396863587,-7.51058725340413,"edge",1,536
-0.525424034776081,-0.67437147015807,-7.18569930701187,"edge",1,537
-0.489316035830539,-0.392367457247082,-7.7200724802357,"edge",1,538
-0.966305234502617,-0.779160485485747,-7.81656952913622,"edge",1,539
-0.966305234502617,-0.779160485485747,-7.81656952913622,"edge",1,540
-0.966305234502617,-0.779160485485747,-7.81656952913622,"edge",1,541
-0.892629768246075,-0.771029001300347,-7.53776155138713,"edge",1,542
-0.892629768246075,-0.771029001300347,-7.53776155138713,"edge",1,543
-0.892629768246075,-0.771029001300347,-7.53776155138713,"edge",1,544
-0.919510528660935,-0.660574908596386,-7.80561888815035,"edge",1,545
-0.919510528660935,-0.660574908596386,-7.80561888815035,"edge",1,546
-0.919510528660935,-0.660574908596386,-7.80561888815035,"edge",1,547
-0.919510528660935,-0.660574908596386,-7.80561888815035,"edge",1,548
-0.433288820143145,-0.700427531510826,-7.87890216436676,"edge",1,549
0.0205563918663451,-0.390600977917268,-7.46183774250927,"edge",1,550
-0.199587466413671,-0.666825040697471,-7.38587714011516,"edge",1,551
-0.199587466413671,-0.666825040697471,-7.38587714011516,"edge",1,552
-0.199587466413671,-0.666825040697471,-7.38587714011516,"edge",1,553
0.0223405004765642,-0.375616774521004,-7.58752532303359,"edge",1,554
-0.173813612785351,-0.553553369836326,-7.60079066077357,"edge",1,555
-0.217633171634228,-0.441426513281474,-7.52495217900118,"edge",1,556
-0.217633171634228,-0.441426513281474,-7.52495217900118,"edge",1,557
-0.217633171634228,-0.441426513281474,-7.52495217900118,"edge",1,558
-0.217633171634228,-0.441426513281474,-7.52495217900118,"edge",1,559
-0.644556133652407,-0.638822873860301,-7.47668317593107,"edge",1,560
-0.644556133652407,-0.638822873860301,-7.47668317593107,"edge",1,561
-0.140201298064674,-0.700763949115595,-7.47488382751408,"edge",1,562
-0.811273128740844,-0.619280301238569,-7.53444419437891,"edge",1,563
0.0800869673496273,-0.454776154782612,-7.56922205628039,"edge",1,564
-0.533202598189471,-0.813428304153908,-7.65270951854828,"edge",1,565
-0.444172116385055,-0.368853890793941,-7.60201560577284,"edge",1,566
-0.542575823274526,-0.522095862418586,-7.42229811426239,"edge",1,567
-0.542575823274526,-0.522095862418586,-7.42229811426239,"edge",1,568
-0.401931293158412,-0.275436044533412,-7.82484153417319,"edge",1,569
-0.61386826500867,-0.540159552238508,-7.65822928725304,"edge",1,570
-0.978645739825259,-0.670700820959416,-7.79515146228961,"edge",1,571
-1.01611730727696,-0.734999534367344,-7.82047411654446,"edge",1,572
-0.55278466392497,-0.774108329548975,-7.63784870486036,"edge",1,573
-0.996963038207973,-0.722358218789842,-7.93385011396797,"edge",1,574
-0.0777095572155323,-0.272629743612242,-7.59398630755888,"edge",1,575
-0.0777095572155323,-0.272629743612242,-7.59398630755888,"edge",1,576
-0.0777095572155323,-0.272629743612242,-7.59398630755888,"edge",1,577
-0.190769333996868,-0.425384578472005,-7.58709643614483,"edge",1,578
-1.22460542485283,-0.695803922438989,-7.50977438369051,"edge",1,579
-0.784234815900297,-0.565692251274349,-7.32212257101871,"edge",1,580
-0.815274251186915,-0.718921977528375,-7.23600952533567,"edge",1,581
-0.481500720437695,-0.365416628427997,-7.39962905709148,"edge",1,582
-0.481500720437695,-0.365416628427997,-7.39962905709148,"edge",1,583
-0.724221517871477,-0.766744241688271,-7.21415842089962,"edge",1,584
-0.880815516508064,-0.473059879139129,-7.89622029615708,"edge",1,585
-0.880815516508064,-0.473059879139129,-7.89622029615708,"edge",1,586
-0.880815516508064,-0.473059879139129,-7.89622029615708,"edge",1,587
-0.489994207893555,-0.568948185018483,-7.88297990339326,"edge",1,588
-0.427073683136913,-0.622806443169673,-7.68556527033703,"edge",1,589
0.0680384640150409,-0.516967428722413,-7.51320485212003,"edge",1,590
0.0680384640150409,-0.516967428722413,-7.51320485212003,"edge",1,591
-0.302141085518157,-0.425380234211744,-7.947121639566,"edge",1,592
-0.266213257967833,-0.347071521124823,-8.26189405826662,"edge",1,593
-0.266213257967833,-0.347071521124823,-8.26189405826662,"edge",1,594
0.0343406518630917,-0.418910558599327,-8.02751357839812,"edge",1,595
-0.540567318755769,-0.665639929666682,-7.63480506012907,"edge",1,596
-0.540567318755769,-0.665639929666682,-7.63480506012907,"edge",1,597
-0.528929073868712,-0.473056677161599,-7.64124589971726,"edge",1,598
-0.528929073868712,-0.473056677161599,-7.64124589971726,"edge",1,599
-0.420929402083067,-0.561894256631301,-7.40957308342344,"edge",1,600
-0.402792076757461,-0.376289458695055,-7.82161075372219,"edge",1,601
-0.373190597106495,-0.728375105788919,-7.52796624620555,"edge",1,602
-0.661019021441442,-0.538929426098301,-7.73636537318682,"edge",1,603
-0.661019021441442,-0.538929426098301,-7.73636537318682,"edge",1,604
-0.661019021441442,-0.538929426098301,-7.73636537318682,"edge",1,605
-0.661019021441442,-0.538929426098301,-7.73636537318682,"edge",1,606
-0.147395106443052,-0.495170028768212,-7.36709498019972,"edge",1,607
-0.461046442032296,-0.639691428550446,-7.42097413987065,"edge",1,608
-0.345604298159392,-0.442331641486935,-7.49988935735034,"edge",1,609
-0.582245321449577,-0.642756396191232,-7.6294333362505,"edge",1,610
-0.582245321449577,-0.642756396191232,-7.6294333362505,"edge",1,611
-0.552215958115845,-0.650764536368281,-7.64833710973127,"edge",1,612
-0.744288131107429,-0.767026812745956,-7.42140091673478,"edge",1,613
-1.09238823749749,-0.866390336816249,-7.65309635733517,"edge",1,614
-1.09238823749749,-0.866390336816249,-7.65309635733517,"edge",1,615
-1.09238823749749,-0.866390336816249,-7.65309635733517,"edge",1,616
-0.903361703933144,-0.676445975268535,-7.58330169263694,"edge",1,617
-0.903361703933144,-0.676445975268535,-7.58330169263694,"edge",1,618
-0.903361703933144,-0.676445975268535,-7.58330169263694,"edge",1,619
-1.21126073097217,-0.575341670715324,-7.96956617718721,"edge",1,620
-0.14512804803981,-0.825396220789513,-7.52853288363835,"edge",1,621
0.0490686601819686,-0.617636050491192,-7.66941677271908,"edge",1,622
0.0490686601819686,-0.617636050491192,-7.66941677271908,"edge",1,623
-0.651237028519461,-0.917121048472527,-7.72692603910553,"edge",1,624
-0.651237028519461,-0.917121048472527,-7.72692603910553,"edge",1,625
-0.651237028519461,-0.917121048472527,-7.72692603910553,"edge",1,626
0.177143190647739,-0.501384366660134,-7.43037792420501,"edge",1,627
0.177143190647739,-0.501384366660134,-7.43037792420501,"edge",1,628
0.177143190647739,-0.501384366660134,-7.43037792420501,"edge",1,629
-0.895638652869357,-0.418636198934847,-8.32246192883457,"edge",1,630
-1.22878764091616,-0.732121870072869,-8.13728035196011,"edge",1,631
-0.493114485150523,-0.342436189750329,-8.03141275866515,"edge",1,632
-1.18840518853556,-0.744962428301585,-8.26450337009432,"edge",1,633
-0.565346182858151,-0.383734098406986,-8.28621179596528,"edge",1,634
-0.225127555506553,-0.481792818042423,-7.92611424862801,"edge",1,635
-0.0652514342495536,-0.289479110912979,-7.74179659831118,"edge",1,636
-0.474049401222947,-0.578413764752409,-7.76440254297944,"edge",1,637
-0.493362885303182,-0.648230740479169,-7.46581892038006,"edge",1,638
-0.529437176277059,-0.659404769753571,-7.00122276048948,"edge",1,639
-0.227845209292151,-0.292309792901475,-7.52156997998027,"edge",1,640
-0.00452552803787232,-0.478472102778212,-7.45982988671747,"edge",1,641
0.0792450113408464,-0.113113889491145,-7.64262637601582,"edge",1,642
0.0987230631869082,-0.113579394552933,-7.77146863942879,"edge",1,643
-0.364338929077238,-0.521474881389509,-7.34088405611804,"edge",1,644
-0.806711506561283,-0.838887060998577,-7.18776163398542,"edge",1,645
-0.452992570639629,-0.532851297493064,-7.37287472376527,"edge",1,646
-0.273579180696865,-0.566602251947722,-7.51171581575567,"edge",1,647
-0.296892507746352,-0.623807819909454,-7.7127242979692,"edge",1,648
0.0738281761870937,-0.47534545502661,-7.54955528987736,"edge",1,649
0.0738281761870937,-0.47534545502661,-7.54955528987736,"edge",1,650
-0.371373346171424,-0.487778196218418,-7.54179601613681,"edge",1,651
-0.371373346171424,-0.487778196218418,-7.54179601613681,"edge",1,652
-0.371373346171424,-0.487778196218418,-7.54179601613681,"edge",1,653
-0.371373346171424,-0.487778196218418,-7.54179601613681,"edge",1,654
-0.371373346171424,-0.487778196218418,-7.54179601613681,"edge",1,655
-0.371373346171424,-0.487778196218418,-7.54179601613681,"edge",1,656
-0.877187009991029,-0.825343058883515,-7.35019474884257,"edge",1,657
-0.877187009991029,-0.825343058883515,-7.35019474884257,"edge",1,658
-0.222675812616337,-0.470071360615352,-7.63979615640006,"edge",1,659
-0.222675812616337,-0.470071360615352,-7.63979615640006,"edge",1,660
-0.222675812616337,-0.470071360615352,-7.63979615640006,"edge",1,661
-0.76033050454085,-0.685995513951252,-7.62767076402977,"edge",1,662
0.147446054723646,-0.293395370844374,-7.36453037260499,"edge",1,663
-0.35501853297448,-0.302685861109991,-7.43206097471095,"edge",1,664
-0.543900497689022,-0.455778374614591,-7.85415563298908,"edge",1,665
-0.772767351493213,-0.770961624673213,-7.71190916849188,"edge",1,666
-0.772767351493213,-0.770961624673213,-7.71190916849188,"edge",1,667
-0.772767351493213,-0.770961624673213,-7.71190916849188,"edge",1,668
-0.897469137832632,-0.707537108488037,-7.81616684819398,"edge",1,669
-0.743618803739096,-0.608156145723163,-7.69694811876589,"edge",1,670
-0.743618803739096,-0.608156145723163,-7.69694811876589,"edge",1,671
-0.743618803739096,-0.608156145723163,-7.69694811876589,"edge",1,672
-0.285613324470395,-0.621426769551052,-7.51207268660583,"edge",1,673
-0.531386742762001,-0.767451573466192,-7.67885577017535,"edge",1,674
0.0972058705987289,-0.224770112855802,-7.78300603007835,"edge",1,675
-0.220380341776984,-0.440027278801403,-7.31553057683347,"edge",1,676
-0.119795141602116,-0.45639833702073,-7.76550992173308,"edge",1,677
-0.235769982369247,-0.403862998839886,-7.40010255010377,"edge",1,678
-0.422748043129545,-0.524647477582329,-7.2178436729789,"edge",1,679
-0.35504379913049,-0.719921607555107,-7.41001705666455,"edge",1,680
-0.537264806452239,-0.668448320460637,-7.66333139893978,"edge",1,681
-0.537264806452239,-0.668448320460637,-7.66333139893978,"edge",1,682
-0.537264806452239,-0.668448320460637,-7.66333139893978,"edge",1,683
-0.537264806452239,-0.668448320460637,-7.66333139893978,"edge",1,684
-0.537264806452239,-0.668448320460637,-7.66333139893978,"edge",1,685
-0.537264806452239,-0.668448320460637,-7.66333139893978,"edge",1,686
-0.537264806452239,-0.668448320460637,-7.66333139893978,"edge",1,687
-0.537264806452239,-0.668448320460637,-7.66333139893978,"edge",1,688
-0.537264806452239,-0.668448320460637,-7.66333139893978,"edge",1,689
-0.652958543006604,-0.820693912435947,-7.39253311306685,"edge",1,690
-0.713034646020457,-0.941378609609639,-7.92729767901411,"edge",1,691
-0.713034646020457,-0.941378609609639,-7.92729767901411,"edge",1,692
-0.605577642955972,-0.942994719469069,-7.61029144804614,"edge",1,693
-0.605577642955972,-0.942994719469069,-7.61029144804614,"edge",1,694
-0.735909374379019,-0.556125798894374,-8.12569763570898,"edge",1,695
-0.516979898214813,-0.594317364152136,-7.79880293143913,"edge",1,696
-0.723944919413263,-0.813324981200504,-7.81195596994694,"edge",1,697
-0.418649910830075,-0.434046273251466,-8.0484027031897,"edge",1,698
-0.418649910830075,-0.434046273251466,-8.0484027031897,"edge",1,699
-0.379237397571119,-0.413350267074736,-8.02361334424676,"edge",1,700
-1.29066062899858,-0.642258064983937,-7.52343276388442,"edge",2,1
-0.08034051454064,-0.691583824759845,-7.17365860344741,"edge",2,2
-0.588132044568533,-0.508406329196667,-7.56624114159349,"edge",2,3
-0.554866387409913,-0.367483438987655,-7.56345522832357,"edge",2,4
-0.554866387409913,-0.367483438987655,-7.56345522832357,"edge",2,5
-0.850453219075054,-0.916671471873467,-7.46049983085514,"edge",2,6
-0.850453219075054,-0.916671471873467,-7.46049983085514,"edge",2,7
-0.850453219075054,-0.916671471873467,-7.46049983085514,"edge",2,8
-1.16340442963476,-0.904820342485622,-7.59830863851253,"edge",2,9
-1.16340442963476,-0.904820342485622,-7.59830863851253,"edge",2,10
-1.16340442963476,-0.904820342485622,-7.59830863851253,"edge",2,11
-0.890372838564851,-0.819325385451487,-7.57761619751124,"edge",2,12
-0.0855327552007356,-0.504785097875145,-7.71335609828445,"edge",2,13
-0.0738545306889914,-0.493063092118626,-7.42328415736819,"edge",2,14
-0.0738545306889914,-0.493063092118626,-7.42328415736819,"edge",2,15
-0.396241246615348,-0.530319512021303,-7.83042255583007,"edge",2,16
-0.396241246615348,-0.530319512021303,-7.83042255583007,"edge",2,17
-0.396241246615348,-0.530319512021303,-7.83042255583007,"edge",2,18
-0.428949726035346,-0.534317505104092,-7.75239380883409,"edge",2,19
-0.428949726035346,-0.534317505104092,-7.75239380883409,"edge",2,20
-0.593761782191789,-0.607165577252708,-7.52023917030742,"edge",2,21
-0.837467125373868,-0.729455807085286,-7.54114373937917,"edge",2,22
-0.254013313550686,-0.159385437245476,-7.96234150939242,"edge",2,23
-1.03073923835486,-0.84654181105496,-7.7388826310708,"edge",2,24
-0.983915833628112,-0.629723514281052,-7.42566938509061,"edge",2,25
-0.683538789665115,-0.425901536413872,-7.54604438888879,"edge",2,26
-0.683538789665115,-0.425901536413872,-7.54604438888879,"edge",2,27
-0.707222824721308,-0.784961557162096,-7.49959215766262,"edge",2,28
-0.417913353701987,-0.519621889510477,-7.31624416098602,"edge",2,29
-0.0549699073922748,-0.51128752615665,-7.34121336251529,"edge",2,30
-0.0549699073922748,-0.51128752615665,-7.34121336251529,"edge",2,31
-0.0549699073922748,-0.51128752615665,-7.34121336251529,"edge",2,32
-0.0549699073922748,-0.51128752615665,-7.34121336251529,"edge",2,33
-0.0549699073922748,-0.51128752615665,-7.34121336251529,"edge",2,34
-0.0534822230794527,-0.343964273927963,-7.82547096865954,"edge",2,35
-0.0534822230794527,-0.343964273927963,-7.82547096865954,"edge",2,36
-0.0534822230794527,-0.343964273927963,-7.82547096865954,"edge",2,37
-0.0534822230794527,-0.343964273927963,-7.82547096865954,"edge",2,38
-0.835447849756404,-0.640012790255545,-7.83587055768023,"edge",2,39
-0.408798025808913,-0.665938879493088,-7.59983670357923,"edge",2,40
-0.861061391956191,-0.715238155900642,-7.71382004556621,"edge",2,41
-0.861061391956191,-0.715238155900642,-7.71382004556621,"edge",2,42
-0.861061391956191,-0.715238155900642,-7.71382004556621,"edge",2,43
-0.861061391956191,-0.715238155900642,-7.71382004556621,"edge",2,44
-0.68994453545911,-0.638417506671086,-7.57967456727261,"edge",2,45
-0.283831919430806,-0.296899370729167,-8.20232246355444,"edge",2,46
-0.283831919430806,-0.296899370729167,-8.20232246355444,"edge",2,47
-0.283831919430806,-0.296899370729167,-8.20232246355444,"edge",2,48
-0.283831919430806,-0.296899370729167,-8.20232246355444,"edge",2,49
-0.723441779108171,-0.309973136689804,-7.79151719807955,"edge",2,50
-0.0927574389284673,-0.304338209289367,-7.82090990380543,"edge",2,51
-0.0927574389284673,-0.304338209289367,-7.82090990380543,"edge",2,52
-0.435962325563994,-0.659600150494512,-7.76902031855408,"edge",2,53
-0.435962325563994,-0.659600150494512,-7.76902031855408,"edge",2,54
-0.435962325563994,-0.659600150494512,-7.76902031855408,"edge",2,55
-0.435962325563994,-0.659600150494512,-7.76902031855408,"edge",2,56
-0.435962325563994,-0.659600150494512,-7.76902031855408,"edge",2,57
-0.686940198781071,-0.836700655208845,-7.62082932325981,"edge",2,58
-0.686940198781071,-0.836700655208845,-7.62082932325981,"edge",2,59
-0.21607772033887,-0.141882492448891,-7.58928145424729,"edge",2,60
-0.21607772033887,-0.141882492448891,-7.58928145424729,"edge",2,61
-0.322422092566161,-0.242790628020788,-7.82512158212813,"edge",2,62
-0.721323184288672,-0.602707263525002,-7.70590758348512,"edge",2,63
-0.613468092230657,-0.568622815332355,-7.40171238813203,"edge",2,64
-0.294250010016413,-0.58337826530533,-7.44746199671531,"edge",2,65
-0.294250010016413,-0.58337826530533,-7.44746199671531,"edge",2,66
-0.472218020163145,-0.465913730509245,-7.53530428180064,"edge",2,67
-0.472218020163145,-0.465913730509245,-7.53530428180064,"edge",2,68
-0.240212612077974,-0.414028356159349,-7.75328874351149,"edge",2,69
-1.08366761792954,-0.888639100813292,-7.61046057340685,"edge",2,70
-0.409478595795745,-0.695336607470881,-7.74167635936207,"edge",2,71
-0.409478595795745,-0.695336607470881,-7.74167635936207,"edge",2,72
-0.406442675058219,-0.423352041953405,-7.69067919033191,"edge",2,73
-0.0405901210939245,-0.276164592286195,-7.58977686977472,"edge",2,74
-0.0529312961529336,-0.367311096824,-7.56659115564732,"edge",2,75
-0.0529312961529336,-0.367311096824,-7.56659115564732,"edge",2,76
-0.756103017984865,-0.778275731984784,-7.61480126412814,"edge",2,77
-0.418978927131236,-0.497406963628516,-7.51141295369634,"edge",2,78
-0.418978927131236,-0.497406963628516,-7.51141295369634,"edge",2,79
-0.146900812626385,-0.469049330108866,-7.73583478129974,"edge",2,80
-0.146900812626385,-0.469049330108866,-7.73583478129974,"edge",2,81
-0.146900812626385,-0.469049330108866,-7.73583478129974,"edge",2,82
-0.146900812626385,-0.469049330108866,-7.73583478129974,"edge",2,83
-0.979624152363006,-0.702911125593338,-7.80201471845915,"edge",2,84
-0.979624152363006,-0.702911125593338,-7.80201471845915,"edge",2,85
-0.979624152363006,-0.702911125593338,-7.80201471845915,"edge",2,86
0.0867974071609892,-0.339076680714104,-7.67399506838958,"edge",2,87
0.0516955204081982,-0.369189937006985,-7.82999641138,"edge",2,88
-0.887953537864953,-0.707005708489654,-7.66890826924123,"edge",2,89
-0.359185320599789,-0.75863061144072,-7.51588377908345,"edge",2,90
-0.376008229251355,-0.516598495816505,-7.87363048239159,"edge",2,91
-0.63135663574963,-0.742733929283109,-7.68297927610916,"edge",2,92
-0.785955732494624,-0.608675080970059,-7.97668960102041,"edge",2,93
-0.598941699852133,-0.952030450524857,-7.68723079839878,"edge",2,94
-0.694171268546829,-0.832498215764488,-7.46498108208303,"edge",2,95
-0.580906405755983,-0.486429151728854,-7.6488437798865,"edge",2,96
-0.580906405755983,-0.486429151728854,-7.6488437798865,"edge",2,97
0.139617222094983,-0.325794226727137,-7.59574045829301,"edge",2,98
0.160220517984692,-0.18607713369357,-7.47484975718787,"edge",2,99
-0.129523009197767,-0.575663874712602,-7.37520022135899,"edge",2,100
-0.620241093264535,-0.449015970371091,-7.71503956062526,"edge",2,101
-0.641598027724976,-0.492613873969541,-7.56104163928287,"edge",2,102
-0.575484853731902,-0.881103792409404,-7.44802120074459,"edge",2,103
-0.575484853731902,-0.881103792409404,-7.44802120074459,"edge",2,104
-0.844132397666182,-1.04145656800238,-7.33853737713298,"edge",2,105
-0.459545586964444,-0.630070396383254,-7.58321367995247,"edge",2,106
-0.0673473102679091,-0.40079418540083,-7.4183145207773,"edge",2,107
-0.185211771854955,-0.557757091836754,-7.88633545723107,"edge",2,108
-0.689103784572696,-0.639833779176926,-7.45078557340414,"edge",2,109
0.167400806701247,-0.232660398012397,-7.65049635102391,"edge",2,110
0.167400806701247,-0.232660398012397,-7.65049635102391,"edge",2,111
-1.25028496936323,-0.811180241231954,-7.93110848812021,"edge",2,112
-0.843490218529337,-0.654911468769818,-7.85257425515417,"edge",2,113
-0.80802723144895,-0.659435102962987,-7.58588788975518,"edge",2,114
-0.499615080514664,-0.705409670481537,-7.62399462156831,"edge",2,115
-0.799875047097385,-0.581516474697829,-7.80057079690081,"edge",2,116
-0.799875047097385,-0.581516474697829,-7.80057079690081,"edge",2,117
-1.46448225447018,-0.695991944387281,-7.71348792699396,"edge",2,118
-0.759408399371015,-0.72207952991314,-7.19167304258866,"edge",2,119
-0.656704009170915,-0.733972761502747,-7.27798715587839,"edge",2,120
-0.205931081724912,-0.69818823586053,-7.33704513716892,"edge",2,121
-0.205931081724912,-0.69818823586053,-7.33704513716892,"edge",2,122
-0.743173834506104,-0.690995821305832,-7.61487015886435,"edge",2,123
-0.743173834506104,-0.690995821305832,-7.61487015886435,"edge",2,124
-0.743173834506104,-0.690995821305832,-7.61487015886435,"edge",2,125
-0.743173834506104,-0.690995821305832,-7.61487015886435,"edge",2,126
-0.743173834506104,-0.690995821305832,-7.61487015886435,"edge",2,127
-0.304645242120765,-0.500212693852957,-7.51359014064187,"edge",2,128
-0.524918087347319,-0.546350812893004,-7.58575023186213,"edge",2,129
0.101680175674596,-0.421790157976539,-7.7491733950085,"edge",2,130
0.0811381818722456,-0.376408326176473,-7.59434366299181,"edge",2,131
-0.285695940324629,-0.824487933130697,-7.6444178455544,"edge",2,132
-1.07629195019328,-0.682767757943953,-7.54691794977461,"edge",2,133
-1.17556624308399,-0.726803593880201,-7.59575076922181,"edge",2,134
-1.17556624308399,-0.726803593880201,-7.59575076922181,"edge",2,135
-0.00550654980913312,-0.34025652439339,-7.69755692001217,"edge",2,136
-0.00550654980913312,-0.34025652439339,-7.69755692001217,"edge",2,137
-0.00550654980913312,-0.34025652439339,-7.69755692001217,"edge",2,138
-0.150623167665483,-0.359512504663016,-7.31589185190566,"edge",2,139
-0.93244569424263,-0.634778642647568,-7.34714764008046,"edge",2,140
-0.261382805641533,-0.345019088345503,-7.51445333587668,"edge",2,141
-0.261382805641533,-0.345019088345503,-7.51445333587668,"edge",2,142
-1.15161270196715,-0.82380839795682,-7.96557378649092,"edge",2,143
-1.15161270196715,-0.82380839795682,-7.96557378649092,"edge",2,144
-0.824637541720307,-0.782597562781828,-8.1531421223873,"edge",2,145
-0.657736389218845,-0.760979885818724,-8.00059789287314,"edge",2,146
-0.657736389218845,-0.760979885818724,-8.00059789287314,"edge",2,147
-1.05979361525629,-0.729512749972987,-7.7061298653309,"edge",2,148
-1.05979361525629,-0.729512749972987,-7.7061298653309,"edge",2,149
-1.05979361525629,-0.729512749972987,-7.7061298653309,"edge",2,150
-0.369810254146405,-0.403156195138837,-7.74883476672942,"edge",2,151
0.0439781959495575,-0.527180739604246,-7.37818325682256,"edge",2,152
-0.626740929645422,-0.851805482670535,-7.78070418353799,"edge",2,153
-0.689482955218656,-0.837649704451881,-7.51872133006218,"edge",2,154
-0.638095535607695,-1.03194408924496,-7.14524163181995,"edge",2,155
-0.533882925642281,-0.771211658532531,-7.46373912898318,"edge",2,156
-0.460098975238692,-0.549003027947224,-7.93660622746353,"edge",2,157
0.137232694859035,-0.228911216489909,-7.37422692921843,"edge",2,158
-0.511824541610673,-0.779610414676824,-7.52431970448246,"edge",2,159
-1.23927567994488,-0.851280642646099,-7.86090877391695,"edge",2,160
-1.23927567994488,-0.851280642646099,-7.86090877391695,"edge",2,161
-0.8926657188204,-0.948275100495112,-7.74711466332758,"edge",2,162
-0.972526466137298,-0.910876537959756,-7.73481722662035,"edge",2,163
-0.972526466137298,-0.910876537959756,-7.73481722662035,"edge",2,164
-0.882011540006698,-0.858750106789105,-7.54646531162515,"edge",2,165
-0.882011540006698,-0.858750106789105,-7.54646531162515,"edge",2,166
-0.882011540006698,-0.858750106789105,-7.54646531162515,"edge",2,167
-0.542017638967279,-0.734089266025109,-7.36680040271852,"edge",2,168
-0.030594263923497,-0.305055709199913,-7.88937402886996,"edge",2,169
-0.645677407430759,-0.875657273072401,-7.52255678504844,"edge",2,170
-0.0601413593292003,-0.628837698190432,-7.38022642763752,"edge",2,171
-0.755066363932294,-0.702332169254069,-7.70195867519713,"edge",2,172
-0.755066363932294,-0.702332169254069,-7.70195867519713,"edge",2,173
-0.755066363932294,-0.702332169254069,-7.70195867519713,"edge",2,174
-0.755066363932294,-0.702332169254069,-7.70195867519713,"edge",2,175
-0.755066363932294,-0.702332169254069,-7.70195867519713,"edge",2,176
-0.755066363932294,-0.702332169254069,-7.70195867519713,"edge",2,177
-0.461827109058469,-0.224560998358588,-7.88826674940904,"edge",2,178
-0.527969988555897,-0.449844845283549,-8.02412141345727,"edge",2,179
-0.530671521295907,-0.541053353843601,-7.97941044457481,"edge",2,180
-0.530671521295907,-0.541053353843601,-7.97941044457481,"edge",2,181
-0.530671521295907,-0.541053353843601,-7.97941044457481,"edge",2,182
-0.530671521295907,-0.541053353843601,-7.97941044457481,"edge",2,183
-0.530671521295907,-0.541053353843601,-7.97941044457481,"edge",2,184
-0.530671521295907,-0.541053353843601,-7.97941044457481,"edge",2,185
-0.269971261185735,-0.414420251351889,-7.9467556787635,"edge",2,186
-0.610352462870043,-0.434482295126296,-7.73465338382307,"edge",2,187
-0.590473648000078,-0.675261627701208,-7.55629654775775,"edge",2,188
-0.45521688215676,-0.465984700646769,-7.35958922299029,"edge",2,189
-1.48767366584762,-0.740977342518366,-7.42128868710398,"edge",2,190
-1.26069060219323,-0.759296922231706,-7.555820366983,"edge",2,191
-1.26069060219323,-0.759296922231706,-7.555820366983,"edge",2,192
-1.26069060219323,-0.759296922231706,-7.555820366983,"edge",2,193
-1.26069060219323,-0.759296922231706,-7.555820366983,"edge",2,194
-0.574206875329638,-0.304355842391433,-7.38544324878984,"edge",2,195
0.121645518952411,-0.165687562249227,-7.36428085977524,"edge",2,196
0.107218629869528,-0.172881895222796,-7.72833816184227,"edge",2,197
0.107218629869528,-0.172881895222796,-7.72833816184227,"edge",2,198
0.107218629869528,-0.172881895222796,-7.72833816184227,"edge",2,199
-0.328260720892713,-0.326036426836075,-7.89952413154894,"edge",2,200
-0.294833016972278,-0.767100164009062,-7.53486789964086,"edge",2,201
-0.245215810489742,-0.709569856453215,-7.53205353342927,"edge",2,202
0.165829085646106,-0.451628076538445,-7.3542583662851,"edge",2,203
-1.26370095578344,-0.539244960154053,-7.33017260053871,"edge",2,204
-1.26370095578344,-0.539244960154053,-7.33017260053871,"edge",2,205
-0.464038551968399,-0.609375598376378,-7.17458588407604,"edge",2,206
-0.464038551968399,-0.609375598376378,-7.17458588407604,"edge",2,207
-0.344713376718161,-0.553201514005906,-7.31824930464415,"edge",2,208
-0.487498097994945,-0.758887024262603,-7.73168814863841,"edge",2,209
-0.487498097994945,-0.758887024262603,-7.73168814863841,"edge",2,210
-0.266393741797655,-0.62701306024502,-7.66013492832985,"edge",2,211
-0.266393741797655,-0.62701306024502,-7.66013492832985,"edge",2,212
-0.694771688232242,-0.655363277335143,-7.77397767888585,"edge",2,213
-0.694771688232242,-0.655363277335143,-7.77397767888585,"edge",2,214
-0.182147070034325,-0.904773052658884,-7.56721108009229,"edge",2,215
0.0687820950645146,-0.481697323317012,-7.738453357553,"edge",2,216
-0.411415120786288,-0.577196075140948,-7.67564932976979,"edge",2,217
-0.411415120786288,-0.577196075140948,-7.67564932976979,"edge",2,218
-0.411415120786288,-0.577196075140948,-7.67564932976979,"edge",2,219
-0.411415120786288,-0.577196075140948,-7.67564932976979,"edge",2,220
-0.489080812289972,-0.662758336481403,-7.53912692127115,"edge",2,221
-0.480335614511286,-0.631119532716701,-7.90117153046202,"edge",2,222
0.14708083574204,-0.370535258418864,-7.51143987101581,"edge",2,223
0.14708083574204,-0.370535258418864,-7.51143987101581,"edge",2,224
0.14708083574204,-0.370535258418864,-7.51143987101581,"edge",2,225
0.14708083574204,-0.370535258418864,-7.51143987101581,"edge",2,226
-0.49093606282484,-0.793685415213834,-7.44553592730185,"edge",2,227
-0.49093606282484,-0.793685415213834,-7.44553592730185,"edge",2,228
-0.485656901525878,-0.679634619971288,-7.53543531638734,"edge",2,229
-0.065868870571714,-0.396334996265673,-7.55660327259756,"edge",2,230
-0.065868870571714,-0.396334996265673,-7.55660327259756,"edge",2,231
-0.065868870571714,-0.396334996265673,-7.55660327259756,"edge",2,232
-0.065868870571714,-0.396334996265673,-7.55660327259756,"edge",2,233
-0.348555208438261,-0.596576169943469,-7.82461067188761,"edge",2,234
-0.525542753950298,-0.602961894802541,-7.49979037860436,"edge",2,235
-0.839116926475502,-0.895199455609202,-7.63297360562239,"edge",2,236
-0.59154459020797,-0.700997545714234,-7.59970877604648,"edge",2,237
-0.59154459020797,-0.700997545714234,-7.59970877604648,"edge",2,238
-0.607037991633345,-0.469001407200799,-7.67152226972296,"edge",2,239
-0.781565803406064,-0.611162512655181,-7.40130223861102,"edge",2,240
-0.781565803406064,-0.611162512655181,-7.40130223861102,"edge",2,241
-0.972260381194592,-0.549007598283785,-7.59717930064926,"edge",2,242
-1.28299114137789,-0.719487789633559,-7.83155652585074,"edge",2,243
0.0595356058541389,-0.450636136003611,-7.43754475056865,"edge",2,244
-0.866988417236969,-0.758969889948135,-8.04858123917844,"edge",2,245
-0.866988417236969,-0.758969889948135,-8.04858123917844,"edge",2,246
-1.15456086360901,-0.745657584840763,-8.12666502844092,"edge",2,247
-1.15456086360901,-0.745657584840763,-8.12666502844092,"edge",2,248
-1.15552896911096,-0.531942573580083,-8.1963713651,"edge",2,249
-0.945136204235568,-0.482820840439108,-8.00277916020518,"edge",2,250
-0.945136204235568,-0.482820840439108,-8.00277916020518,"edge",2,251
-0.415363904852742,-0.240773687808003,-7.61501234081109,"edge",2,252
-0.99040451066926,-0.531233625532436,-7.58715809497134,"edge",2,253
-0.583962020301194,-0.52268402227612,-7.30810619901334,"edge",2,254
-0.75067955757791,-0.719477302844519,-7.35561074832497,"edge",2,255
-0.75067955757791,-0.719477302844519,-7.35561074832497,"edge",2,256
-0.75067955757791,-0.719477302844519,-7.35561074832497,"edge",2,257
-0.322196008699291,-0.585907187076488,-7.51820505127529,"edge",2,258
-0.322196008699291,-0.585907187076488,-7.51820505127529,"edge",2,259
-0.505915907485806,-0.565881280983235,-7.4207404965131,"edge",2,260
-0.505915907485806,-0.565881280983235,-7.4207404965131,"edge",2,261
-0.703862141088104,-0.7719009215915,-7.84101286032543,"edge",2,262
-0.703862141088104,-0.7719009215915,-7.84101286032543,"edge",2,263
-0.654590771765029,-0.293145462632239,-7.70412578883593,"edge",2,264
-0.871922237470371,-0.542382545959117,-7.86591589633579,"edge",2,265
-0.871922237470371,-0.542382545959117,-7.86591589633579,"edge",2,266
-0.871922237470371,-0.542382545959117,-7.86591589633579,"edge",2,267
-0.880952883848713,-0.508539270693325,-8.03213863362565,"edge",2,268
-0.880952883848713,-0.508539270693325,-8.03213863362565,"edge",2,269
-1.13144293143096,-0.734334845067333,-7.61081403453451,"edge",2,270
-1.13144293143096,-0.734334845067333,-7.61081403453451,"edge",2,271
-1.13144293143096,-0.734334845067333,-7.61081403453451,"edge",2,272
-1.13144293143096,-0.734334845067333,-7.61081403453451,"edge",2,273
-0.844376981785232,-0.564503782853861,-7.5290480154168,"edge",2,274
-0.167277402184885,-0.48368731377795,-7.73351823610657,"edge",2,275
-0.275890480810135,-0.554462333445542,-7.83905322532335,"edge",2,276
0.0649603942387028,-0.488797085790781,-7.94363470422735,"edge",2,277
0.108770141364834,-0.381032085197442,-7.97996974705483,"edge",2,278
-0.67575676934338,-0.794036011540285,-7.80677951293929,"edge",2,279
-0.510640761004628,-0.544247869433226,-7.50607299178369,"edge",2,280
-0.139673916628733,-0.475853874618415,-7.67902851939924,"edge",2,281
-0.139673916628733,-0.475853874618415,-7.67902851939924,"edge",2,282
-0.466391266564307,-0.40901730981111,-7.88838099255048,"edge",2,283
-0.466391266564307,-0.40901730981111,-7.88838099255048,"edge",2,284
-0.117798502180374,-0.398500712690224,-7.80272969905388,"edge",2,285
-0.814852342533948,-0.52527035895802,-7.80690366126966,"edge",2,286
-0.814852342533948,-0.52527035895802,-7.80690366126966,"edge",2,287
-0.352679026790004,-0.421226316514451,-7.35402972384331,"edge",2,288
-1.0078582329114,-0.707822465152537,-7.58339569601915,"edge",2,289
-1.0078582329114,-0.707822465152537,-7.58339569601915,"edge",2,290
-1.0078582329114,-0.707822465152537,-7.58339569601915,"edge",2,291
-0.733311721376973,-0.732679085529791,-7.44541048803881,"edge",2,292
-0.806726014020572,-0.473021753154033,-7.69103078542207,"edge",2,293
-0.613118232964547,-0.802049391743575,-7.69165878850716,"edge",2,294
-0.613118232964547,-0.802049391743575,-7.69165878850716,"edge",2,295
-0.680469349419873,-0.553847712952589,-7.15554210279095,"edge",2,296
-0.9715603709602,-0.675406504378288,-7.15478797702106,"edge",2,297
-0.812230142768067,-0.884610612775969,-7.18904509254591,"edge",2,298
-0.812230142768067,-0.884610612775969,-7.18904509254591,"edge",2,299
-0.811756749688104,-0.670851585167326,-7.25864489103839,"edge",2,300
-1.02700771599143,-0.737168114118616,-7.58103352107181,"edge",2,301
-0.508010343021696,-0.517998101512973,-7.98009853812038,"edge",2,302
-0.536065262417852,-0.471261127149894,-7.95037625064227,"edge",2,303
-0.889974150862629,-0.733788278886711,-8.08442344984056,"edge",2,304
-0.657416048157333,-0.779090049741717,-7.77071107553018,"edge",2,305
-0.188054225128771,-0.468987892761191,-7.64592988845409,"edge",2,306
-0.188054225128771,-0.468987892761191,-7.64592988845409,"edge",2,307
-0.411997968938997,-0.533530468397959,-7.89733481901581,"edge",2,308
-0.563236043334875,-0.517357579526577,-7.84457155822851,"edge",2,309
-0.563236043334875,-0.517357579526577,-7.84457155822851,"edge",2,310
-0.670634623905445,-0.575850238840886,-7.73635575007897,"edge",2,311
-0.670634623905445,-0.575850238840886,-7.73635575007897,"edge",2,312
-0.481687016404662,-0.616512501194029,-7.604342649931,"edge",2,313
-0.481687016404662,-0.616512501194029,-7.604342649931,"edge",2,314
-0.258089367819402,-0.529198078473475,-7.43042954789554,"edge",2,315
-0.258089367819402,-0.529198078473475,-7.43042954789554,"edge",2,316
-0.637674179010278,-0.74731875721798,-7.92948537928743,"edge",2,317
-1.03881495342569,-0.950611823792382,-7.58795146002298,"edge",2,318
-0.960960349537414,-0.950782233958069,-7.73861296437064,"edge",2,319
-0.960960349537414,-0.950782233958069,-7.73861296437064,"edge",2,320
-1.03569864940594,-0.750358765843131,-8.05126363810343,"edge",2,321
-1.03569864940594,-0.750358765843131,-8.05126363810343,"edge",2,322
-1.2384518055292,-0.796854734260973,-7.8467411681448,"edge",2,323
-0.610273704482316,-0.561711805274878,-7.49797327046858,"edge",2,324
-0.753957917655997,-0.65530294847376,-7.74668435387126,"edge",2,325
-1.36631171725702,-0.893832873678806,-7.7653111920005,"edge",2,326
-0.382800927651923,-0.624536469418999,-7.95994200323662,"edge",2,327
-0.382800927651923,-0.624536469418999,-7.95994200323662,"edge",2,328
-0.275317051053866,-0.541219559672381,-7.56809022588273,"edge",2,329
-1.25814284088895,-0.779379448668123,-7.61972853101174,"edge",2,330
-1.25814284088895,-0.779379448668123,-7.61972853101174,"edge",2,331
-0.180263302258921,-0.483728769747329,-7.49924684706035,"edge",2,332
-0.171940864793711,-0.442404424378103,-7.50823640225567,"edge",2,333
-0.506216347495019,-0.580006549047506,-7.31173549422457,"edge",2,334
-0.657349775464564,-0.508432114306618,-7.34327431583351,"edge",2,335
-0.657349775464564,-0.508432114306618,-7.34327431583351,"edge",2,336
-0.519312295406288,-0.554961173341466,-7.41242306597149,"edge",2,337
-0.745168832356313,-0.5280469207206,-7.46760714758005,"edge",2,338
-0.745168832356313,-0.5280469207206,-7.46760714758005,"edge",2,339
-0.745168832356313,-0.5280469207206,-7.46760714758005,"edge",2,340
-0.403582291601626,-0.40595646425,-7.6463046170736,"edge",2,341
-1.12918671241741,-0.889197052539017,-7.65285719447755,"edge",2,342
-0.530990230452916,-0.297249334762322,-8.16601564151647,"edge",2,343
0.098478485865073,-0.215980343404353,-7.94219959152244,"edge",2,344
-0.673885149728211,-0.608442277458619,-7.93347308268354,"edge",2,345
-0.722277309364529,-0.621143111652741,-7.50532986239573,"edge",2,346
-0.722277309364529,-0.621143111652741,-7.50532986239573,"edge",2,347
0.12126743462583,-0.432009505313164,-7.73745151345976,"edge",2,348
0.12126743462583,-0.432009505313164,-7.73745151345976,"edge",2,349
-0.112835239301317,-0.622632113285781,-7.36271444973993,"edge",2,350
-0.421180626167357,-0.78436436992808,-7.35190525432895,"edge",2,351
-0.841381871948279,-0.958217713489508,-7.80098784875579,"edge",2,352
-0.841381871948279,-0.958217713489508,-7.80098784875579,"edge",2,353
-0.439016342427438,-0.590713277475898,-7.74151349545514,"edge",2,354
-1.01592696331242,-0.729347556293651,-7.83418916854637,"edge",2,355
-1.01592696331242,-0.729347556293651,-7.83418916854637,"edge",2,356
-0.416328714719052,-0.659321831244385,-7.54761880579094,"edge",2,357
-0.416328714719052,-0.659321831244385,-7.54761880579094,"edge",2,358
-0.295037479736696,-0.510570605520888,-7.47281243111724,"edge",2,359
-0.295037479736696,-0.510570605520888,-7.47281243111724,"edge",2,360
-0.673917229968962,-0.507724350607224,-8.07713135637292,"edge",2,361
-0.283430853056244,-0.413394793938552,-8.14509679756169,"edge",2,362
-0.733630049589019,-0.538089104674622,-8.05389199779663,"edge",2,363
-0.42837168238326,-0.58100908526792,-7.52914043272192,"edge",2,364
-0.848707857576282,-0.553260743465182,-7.61685080136114,"edge",2,365
-0.544319311958447,-0.564070699446087,-7.46941956334272,"edge",2,366
-0.568262461977392,-0.392516558780842,-7.87290956787034,"edge",2,367
-0.645536965006876,-0.603096977992032,-7.63291213783376,"edge",2,368
-0.645536965006876,-0.603096977992032,-7.63291213783376,"edge",2,369
-0.645536965006876,-0.603096977992032,-7.63291213783376,"edge",2,370
-0.645536965006876,-0.603096977992032,-7.63291213783376,"edge",2,371
-0.541157775637944,-0.732118731061049,-7.56061341145585,"edge",2,372
-0.571036042812239,-0.737565389627537,-7.57784375437296,"edge",2,373
-0.571036042812239,-0.737565389627537,-7.57784375437296,"edge",2,374
-0.571036042812239,-0.737565389627537,-7.57784375437296,"edge",2,375
-0.571036042812239,-0.737565389627537,-7.57784375437296,"edge",2,376
-0.909067034304228,-0.813923693495832,-7.82580305319003,"edge",2,377
-0.815037884488517,-0.922535902339604,-7.7249865589895,"edge",2,378
-0.815037884488517,-0.922535902339604,-7.7249865589895,"edge",2,379
-0.845579626760978,-0.869630128372458,-7.55550650897729,"edge",2,380
-0.636127538107504,-0.918580051521286,-7.5302909992567,"edge",2,381
-0.636127538107504,-0.918580051521286,-7.5302909992567,"edge",2,382
-0.0590111212843372,-0.606272751987207,-7.49166644928034,"edge",2,383
-0.490707368219659,-0.773449046427842,-7.70112000903342,"edge",2,384
-0.490707368219659,-0.773449046427842,-7.70112000903342,"edge",2,385
-0.782444492420931,-0.676477684322744,-7.81947829754197,"edge",2,386
-0.306667146779195,-0.397050977384557,-7.51826565953246,"edge",2,387
-0.571009788274747,-0.583347937350887,-7.99744404883422,"edge",2,388
-0.571009788274747,-0.583347937350887,-7.99744404883422,"edge",2,389
-0.971913310863701,-0.63484163265687,-7.53758348677943,"edge",2,390
-0.971913310863701,-0.63484163265687,-7.53758348677943,"edge",2,391
-1.17123164967861,-0.700733664240238,-7.59714367738694,"edge",2,392
-1.17123164967861,-0.700733664240238,-7.59714367738694,"edge",2,393
-0.354619766978687,-0.338140422922095,-8.17320662561419,"edge",2,394
-0.720724465542359,-0.816033444843122,-7.88374495566521,"edge",2,395
-0.77437824883127,-0.596177187854305,-7.97449656540154,"edge",2,396
-0.573406465459647,-0.835660208100561,-7.50345416172894,"edge",2,397
-0.573406465459647,-0.835660208100561,-7.50345416172894,"edge",2,398
-1.40570283667747,-0.6265712780127,-7.32943715010667,"edge",2,399
0.0765172019468504,-0.34317408983101,-7.84409352004958,"edge",2,400
-1.51904055545285,-1.0276125322477,-7.90025953129673,"edge",2,401
-1.59412019886523,-0.732677693612147,-7.9405779033233,"edge",2,402
-1.40200459971924,-0.945344434124845,-8.06892844907659,"edge",2,403
-1.14428354235394,-0.78605442989351,-7.92635855945695,"edge",2,404
-0.532646988108243,-0.555544865730638,-7.64214936612163,"edge",2,405
-0.532646988108243,-0.555544865730638,-7.64214936612163,"edge",2,406
-1.25065555246547,-0.814291789938292,-7.5448013666617,"edge",2,407
-0.814170795661547,-0.485038447122145,-7.65003640231203,"edge",2,408
-0.912551341799324,-0.691190477568298,-7.9423022497548,"edge",2,409
-0.912551341799324,-0.691190477568298,-7.9423022497548,"edge",2,410
-0.23513287563806,-0.584014769076098,-7.16030712708636,"edge",2,411
-0.362461983951679,-0.452679259037861,-7.60591086919885,"edge",2,412
-0.362461983951679,-0.452679259037861,-7.60591086919885,"edge",2,413
-1.11465417832419,-0.720527150480905,-7.57368074369853,"edge",2,414
-0.676696399287752,-0.567761159616773,-7.44548152817874,"edge",2,415
-0.676696399287752,-0.567761159616773,-7.44548152817874,"edge",2,416
-0.676696399287752,-0.567761159616773,-7.44548152817874,"edge",2,417
-0.912297206396188,-0.817939126652597,-7.41070675994265,"edge",2,418
-1.16624945871105,-0.777527047673996,-7.8254578123444,"edge",2,419
-1.16624945871105,-0.777527047673996,-7.8254578123444,"edge",2,420
-1.10364028236083,-0.541308976341813,-7.8027783321432,"edge",2,421
-0.992902509144464,-0.610582569514912,-7.57793093697231,"edge",2,422
-0.992902509144464,-0.610582569514912,-7.57793093697231,"edge",2,423
-0.672315168333541,-0.509374943841467,-7.74375059729119,"edge",2,424
-0.672315168333541,-0.509374943841467,-7.74375059729119,"edge",2,425
-0.672315168333541,-0.509374943841467,-7.74375059729119,"edge",2,426
-0.416799832347886,-0.580498009912294,-7.66097302539804,"edge",2,427
-0.416799832347886,-0.580498009912294,-7.66097302539804,"edge",2,428
-0.416799832347886,-0.580498009912294,-7.66097302539804,"edge",2,429
-0.416799832347886,-0.580498009912294,-7.66097302539804,"edge",2,430
-0.416799832347886,-0.580498009912294,-7.66097302539804,"edge",2,431
-0.416799832347886,-0.580498009912294,-7.66097302539804,"edge",2,432
-0.653110714215125,-0.841521922411244,-7.66323997637745,"edge",2,433
-0.702115902625583,-0.770988564412629,-7.77787022325248,"edge",2,434
-0.702115902625583,-0.770988564412629,-7.77787022325248,"edge",2,435
-0.702115902625583,-0.770988564412629,-7.77787022325248,"edge",2,436
-0.702115902625583,-0.770988564412629,-7.77787022325248,"edge",2,437
-0.295625726869061,-0.476365339491944,-8.00603959757371,"edge",2,438
-0.623964845260193,-0.481099943367164,-7.7019082492,"edge",2,439
-0.81267147442452,-0.599653593457364,-7.58641068866236,"edge",2,440
-1.04080213675695,-0.863207481271416,-7.81288293621035,"edge",2,441
-1.07313976935753,-0.715610159294331,-7.67530867986047,"edge",2,442
-1.07313976935753,-0.715610159294331,-7.67530867986047,"edge",2,443
-0.587380819582487,-0.318315081101249,-7.32912435441495,"edge",2,444
0.0577638828373942,-0.305074215877604,-7.51013829446583,"edge",2,445
-0.265200478168493,-0.41065594667331,-7.43688498203416,"edge",2,446
-0.265200478168493,-0.41065594667331,-7.43688498203416,"edge",2,447
-0.677522026008833,-0.320153118818945,-7.61960597712936,"edge",2,448
-0.677522026008833,-0.320153118818945,-7.61960597712936,"edge",2,449
-1.02852757384513,-0.812100046952069,-7.41374736405173,"edge",2,450
-0.413743168299782,-0.544499606656009,-7.53900551576399,"edge",2,451
-0.0393489239815318,-0.205831357271213,-8.07176330562928,"edge",2,452
-0.0393489239815318,-0.205831357271213,-8.07176330562928,"edge",2,453
-0.25525131736577,-0.64250173256843,-7.87023997759028,"edge",2,454
0.134173843461808,-0.588825852700757,-7.58037697553058,"edge",2,455
0.134173843461808,-0.588825852700757,-7.58037697553058,"edge",2,456
0.134173843461808,-0.588825852700757,-7.58037697553058,"edge",2,457
0.0896768696763242,-0.789626855747514,-7.14016887908406,"edge",2,458
-0.795116388287047,-0.828207864214735,-7.38896323432529,"edge",2,459
-0.0297265300073892,-0.294140398201724,-7.58201873432222,"edge",2,460
-0.379757114344132,-0.310572706071038,-7.8960018242442,"edge",2,461
-0.379757114344132,-0.310572706071038,-7.8960018242442,"edge",2,462
-0.250018198066145,-0.497601249953817,-7.76017678641975,"edge",2,463
0.131402551136516,-0.328206789917844,-7.44395392225427,"edge",2,464
-0.362268494822145,-0.379670190307626,-7.39504843163207,"edge",2,465
-0.923356143343624,-0.714279580746986,-7.65809501851691,"edge",2,466
-1.49876476753063,-0.809244519332259,-7.74124276016741,"edge",2,467
-1.30928682838784,-0.917789020170801,-7.49626405919634,"edge",2,468
-0.361307166583618,-0.507721970656252,-7.47182744145608,"edge",2,469
-0.166616315421766,-0.381204699419931,-7.68882259442478,"edge",2,470
-0.166616315421766,-0.381204699419931,-7.68882259442478,"edge",2,471
-0.166616315421766,-0.381204699419931,-7.68882259442478,"edge",2,472
0.0472961696597369,-0.55547652626047,-7.53248208052738,"edge",2,473
0.0472961696597369,-0.55547652626047,-7.53248208052738,"edge",2,474
-1.01136949455248,-0.806368914214804,-7.93897496651295,"edge",2,475
-1.01136949455248,-0.806368914214804,-7.93897496651295,"edge",2,476
-0.070244725898418,-0.374070551610406,-8.04185334618493,"edge",2,477
-0.070244725898418,-0.374070551610406,-8.04185334618493,"edge",2,478
-0.512676700433533,-0.408725171398296,-7.96662136776943,"edge",2,479
-0.41550001962232,-0.542224781809658,-8.15256582265012,"edge",2,480
-1.26382488552158,-0.880474866792968,-8.00331156489484,"edge",2,481
-0.604476058565698,-0.669576438745484,-7.85597892444513,"edge",2,482
-0.604476058565698,-0.669576438745484,-7.85597892444513,"edge",2,483
-0.604476058565698,-0.669576438745484,-7.85597892444513,"edge",2,484
-0.2362422411586,-0.477353850867705,-7.59857760831168,"edge",2,485
-0.2362422411586,-0.477353850867705,-7.59857760831168,"edge",2,486
-0.2362422411586,-0.477353850867705,-7.59857760831168,"edge",2,487
-0.2362422411586,-0.477353850867705,-7.59857760831168,"edge",2,488
-0.957736044252534,-0.698655441535304,-7.68242925575467,"edge",2,489
0.0476005708555102,-0.260770390821652,-7.39874788026937,"edge",2,490
0.0476005708555102,-0.260770390821652,-7.39874788026937,"edge",2,491
-0.537192711503246,-0.577615915830665,-7.70668636786195,"edge",2,492
-0.537192711503246,-0.577615915830665,-7.70668636786195,"edge",2,493
-0.537192711503246,-0.577615915830665,-7.70668636786195,"edge",2,494
-0.740445039980988,-0.642203480149879,-7.64289003274921,"edge",2,495
-0.740445039980988,-0.642203480149879,-7.64289003274921,"edge",2,496
-0.740445039980988,-0.642203480149879,-7.64289003274921,"edge",2,497
-0.895085539041373,-0.674995096872655,-7.73073061852416,"edge",2,498
-0.488739535165943,-0.579938881895579,-7.53788794543146,"edge",2,499
-0.488739535165943,-0.579938881895579,-7.53788794543146,"edge",2,500
-0.633591490443427,-0.88761890674571,-7.67694898796164,"edge",2,501
-0.829230092748813,-0.628402114615088,-7.91452494696177,"edge",2,502
-0.829230092748813,-0.628402114615088,-7.91452494696177,"edge",2,503
-0.890061232443157,-0.650137400308328,-7.78311926210591,"edge",2,504
-0.779070407534448,-0.681326976073785,-7.77732021826873,"edge",2,505
-0.779070407534448,-0.681326976073785,-7.77732021826873,"edge",2,506
-0.493742536197815,-0.63332424422742,-7.54643229377931,"edge",2,507
-0.493742536197815,-0.63332424422742,-7.54643229377931,"edge",2,508
-0.493742536197815,-0.63332424422742,-7.54643229377931,"edge",2,509
-0.348500408297356,-0.647966199682548,-7.65607781753107,"edge",2,510
-0.348500408297356,-0.647966199682548,-7.65607781753107,"edge",2,511
-0.572117098208432,-0.690389191933847,-7.67894979423436,"edge",2,512
-0.70601676989713,-0.717055993121206,-7.47582267985189,"edge",2,513
-0.70601676989713,-0.717055993121206,-7.47582267985189,"edge",2,514
-0.70601676989713,-0.717055993121206,-7.47582267985189,"edge",2,515
-0.68424411597327,-0.56252933344104,-7.4802334044775,"edge",2,516
-0.68424411597327,-0.56252933344104,-7.4802334044775,"edge",2,517
-0.830320518864708,-0.540821159921393,-7.77832025706516,"edge",2,518
-0.920940219454048,-0.690866516613608,-7.46329180075029,"edge",2,519
-0.920940219454048,-0.690866516613608,-7.46329180075029,"edge",2,520
-1.0993062961284,-0.695850790700521,-7.38662001909306,"edge",2,521
-1.1399943751525,-0.754667457938807,-7.27979018189738,"edge",2,522
-1.1399943751525,-0.754667457938807,-7.27979018189738,"edge",2,523
-0.876639499429809,-0.650551938855427,-7.56112323039195,"edge",2,524
-0.876639499429809,-0.650551938855427,-7.56112323039195,"edge",2,525
-1.11724832370103,-0.671626085800423,-8.14325596604023,"edge",2,526
-1.05565177917952,-0.576852197973563,-7.70157607917284,"edge",2,527
-1.12978844975193,-0.728682665576226,-7.57446884686729,"edge",2,528
-1.12978844975193,-0.728682665576226,-7.57446884686729,"edge",2,529
-0.681912033326067,-0.763719285514089,-7.36891567070803,"edge",2,530
-0.667442943154039,-0.66477661698963,-7.84907493644518,"edge",2,531
-0.667442943154039,-0.66477661698963,-7.84907493644518,"edge",2,532
-0.609577888296656,-0.535491246722371,-7.63216282161536,"edge",2,533
-0.609577888296656,-0.535491246722371,-7.63216282161536,"edge",2,534
-0.686315169278149,-0.629468538537233,-7.55182327432836,"edge",2,535
-0.686315169278149,-0.629468538537233,-7.55182327432836,"edge",2,536
-0.873858654889623,-0.574919171924864,-7.42780903897975,"edge",2,537
-0.823759574093046,-0.437626666630504,-7.69652535967854,"edge",2,538
-0.823759574093046,-0.437626666630504,-7.69652535967854,"edge",2,539
-1.25219122958585,-0.704507546093668,-7.47258717312096,"edge",2,540
-0.993537882439625,-0.904112135099059,-7.74264320778246,"edge",2,541
-0.339883871661263,-0.677671663749424,-7.38049894476127,"edge",2,542
-0.720210555741292,-0.86657620641897,-7.51893020321769,"edge",2,543
-0.354722822373324,-0.451123971474038,-7.58182545244995,"edge",2,544
-0.354722822373324,-0.451123971474038,-7.58182545244995,"edge",2,545
-0.354722822373324,-0.451123971474038,-7.58182545244995,"edge",2,546
-0.354722822373324,-0.451123971474038,-7.58182545244995,"edge",2,547
-0.119488136575653,-0.707960760252553,-7.47097199405757,"edge",2,548
-1.14039337782967,-0.810909746724334,-7.78000328643381,"edge",2,549
-1.14039337782967,-0.810909746724334,-7.78000328643381,"edge",2,550
-0.0813723379115481,-0.241165507637381,-7.67994406466327,"edge",2,551
-0.0813723379115481,-0.241165507637381,-7.67994406466327,"edge",2,552
-0.642962781041278,-0.590188474183882,-7.82378810386176,"edge",2,553
-0.642962781041278,-0.590188474183882,-7.82378810386176,"edge",2,554
-0.642962781041278,-0.590188474183882,-7.82378810386176,"edge",2,555
-0.765803389276401,-0.66960473242181,-7.76488164783459,"edge",2,556
-0.857428886207081,-0.620935028068291,-7.62300530464098,"edge",2,557
-0.857428886207081,-0.620935028068291,-7.62300530464098,"edge",2,558
-0.857428886207081,-0.620935028068291,-7.62300530464098,"edge",2,559
-0.857428886207081,-0.620935028068291,-7.62300530464098,"edge",2,560
-0.460911454442423,-0.741815239572662,-7.28085500353829,"edge",2,561
-0.419319347325791,-0.587509912561167,-7.71491636450585,"edge",2,562
-0.473718962794501,-0.649882892524051,-7.9469376700754,"edge",2,563
-0.500040149402706,-0.694629688973064,-7.66168486460867,"edge",2,564
-1.34978334811281,-0.677745441549793,-7.44393844332485,"edge",2,565
-1.14645724100289,-0.660065798821797,-7.06193769062421,"edge",2,566
-0.840249100820608,-0.804356496483712,-7.34041016255721,"edge",2,567
-0.227315570352067,-0.502563182258535,-7.46976656906246,"edge",2,568
-0.227315570352067,-0.502563182258535,-7.46976656906246,"edge",2,569
-0.227315570352067,-0.502563182258535,-7.46976656906246,"edge",2,570
-0.227315570352067,-0.502563182258535,-7.46976656906246,"edge",2,571
-1.03729644993507,-0.747378368020035,-7.88391871191508,"edge",2,572
-1.30291989402222,-0.924341847768867,-7.59216099365356,"edge",2,573
-0.650952931495523,-0.583826247052445,-7.70828329946711,"edge",2,574
-0.463182624797968,-0.568008606578048,-7.80030379375451,"edge",2,575
-0.800234336750064,-0.532537528369577,-7.82294354639345,"edge",2,576
-0.612740731711088,-0.76640159644142,-7.35175215090608,"edge",2,577
-0.601927237720032,-0.794073622758785,-7.55611947783875,"edge",2,578
-0.601927237720032,-0.794073622758785,-7.55611947783875,"edge",2,579
-0.797291214020696,-0.751967000745673,-7.59555114675239,"edge",2,580
-0.797291214020696,-0.751967000745673,-7.59555114675239,"edge",2,581
-0.797291214020696,-0.751967000745673,-7.59555114675239,"edge",2,582
-0.797291214020696,-0.751967000745673,-7.59555114675239,"edge",2,583
-1.01012633555646,-0.606946362395495,-7.77843226448332,"edge",2,584
-0.477989893857551,-0.405206789629316,-7.69292046342648,"edge",2,585
-0.261864339003024,-0.246586650160704,-7.69279921786752,"edge",2,586
-0.641589741613295,-0.864112880442878,-7.48659793198621,"edge",2,587
-0.641589741613295,-0.864112880442878,-7.48659793198621,"edge",2,588
-0.641589741613295,-0.864112880442878,-7.48659793198621,"edge",2,589
-0.641589741613295,-0.864112880442878,-7.48659793198621,"edge",2,590
-0.641589741613295,-0.864112880442878,-7.48659793198621,"edge",2,591
-0.32037380718536,-0.539056678492474,-7.2679490291673,"edge",2,592
-0.32037380718536,-0.539056678492474,-7.2679490291673,"edge",2,593
-1.36553492452036,-0.672656798021201,-7.66105479913683,"edge",2,594
-0.971710893100198,-0.514568400293789,-7.91078049811596,"edge",2,595
-1.18312847578414,-0.804056995561382,-7.73826095141039,"edge",2,596
-1.18312847578414,-0.804056995561382,-7.73826095141039,"edge",2,597
-0.722174872942803,-0.686489437739482,-7.66601080757603,"edge",2,598
-0.722174872942803,-0.686489437739482,-7.66601080757603,"edge",2,599
-0.722174872942803,-0.686489437739482,-7.66601080757603,"edge",2,600
-0.722174872942803,-0.686489437739482,-7.66601080757603,"edge",2,601
-0.566443489478535,-0.594775813646431,-7.79797582757298,"edge",2,602
-0.246772448242349,-0.62819506422919,-7.87500980000498,"edge",2,603
-1.17924077741905,-0.986942435504954,-7.4459340088524,"edge",2,604
-1.6490472977439,-0.744419646051853,-7.66986819569984,"edge",2,605
-0.939512470329039,-0.580853040758376,-7.78328627472609,"edge",2,606
-1.3031302342828,-0.539209967218288,-7.67006541800277,"edge",2,607
-0.587216135076878,-0.611341116342088,-8.12143052573614,"edge",2,608
-0.587216135076878,-0.611341116342088,-8.12143052573614,"edge",2,609
-0.587216135076878,-0.611341116342088,-8.12143052573614,"edge",2,610
-0.777995320441427,-0.55648368640637,-7.81065150358141,"edge",2,611
-0.777995320441427,-0.55648368640637,-7.81065150358141,"edge",2,612
-0.639656848223885,-0.669660883550844,-7.88513007945318,"edge",2,613
-0.451873943133093,-0.540389189668381,-7.52518534379472,"edge",2,614
-0.451873943133093,-0.540389189668381,-7.52518534379472,"edge",2,615
-0.451873943133093,-0.540389189668381,-7.52518534379472,"edge",2,616
-0.379157672445763,-0.817575259201475,-7.87970151974832,"edge",2,617
-0.787361179388612,-0.95735383616201,-7.75407592191176,"edge",2,618
-0.391518389436373,-0.724015834247359,-7.38782338985059,"edge",2,619
-0.894123112945455,-0.740740076104643,-7.18241462211341,"edge",2,620
-0.894123112945455,-0.740740076104643,-7.18241462211341,"edge",2,621
-1.46772965430579,-0.804248326514819,-7.65958689392887,"edge",2,622
-1.22708880720444,-0.680608179213507,-8.08360322084555,"edge",2,623
-1.22420030909257,-0.868909140692815,-7.47723773264136,"edge",2,624
-1.22420030909257,-0.868909140692815,-7.47723773264136,"edge",2,625
-0.171748534857139,-0.264341290222582,-7.76622851650418,"edge",2,626
-0.227831508243862,-0.470714929508206,-7.70944639126486,"edge",2,627
-0.227831508243862,-0.470714929508206,-7.70944639126486,"edge",2,628
-0.227831508243862,-0.470714929508206,-7.70944639126486,"edge",2,629
-0.15333913641046,-0.325645173667601,-7.55659172976017,"edge",2,630
-0.538218341615309,-0.693601233392189,-7.56782909708113,"edge",2,631
-0.653893427195644,-1.03677870172848,-7.42509098486596,"edge",2,632
-0.653893427195644,-1.03677870172848,-7.42509098486596,"edge",2,633
-0.687556448667747,-1.01475942700149,-7.60965666279955,"edge",2,634
-0.687556448667747,-1.01475942700149,-7.60965666279955,"edge",2,635
-1.24870896487627,-0.995799769949697,-7.33766505651182,"edge",2,636
-1.41907120636077,-0.803009030291839,-7.65178578478698,"edge",2,637
-0.93803949649857,-0.453211949239472,-7.42138111470183,"edge",2,638
-0.388385342568056,-0.608896242444739,-7.76997182712089,"edge",2,639
-0.388385342568056,-0.608896242444739,-7.76997182712089,"edge",2,640
-0.388385342568056,-0.608896242444739,-7.76997182712089,"edge",2,641
-0.388385342568056,-0.608896242444739,-7.76997182712089,"edge",2,642
-0.388385342568056,-0.608896242444739,-7.76997182712089,"edge",2,643
-0.561191982762062,-0.635689712889904,-7.16657991656445,"edge",2,644
-0.989116794586837,-0.673008663067159,-7.34018315075462,"edge",2,645
-1.09874353822817,-0.817335728201728,-7.605863804342,"edge",2,646
-1.01990812095859,-0.829037378290895,-7.82295979729722,"edge",2,647
-1.01990812095859,-0.829037378290895,-7.82295979729722,"edge",2,648
-1.01990812095859,-0.829037378290895,-7.82295979729722,"edge",2,649
-1.01990812095859,-0.829037378290895,-7.82295979729722,"edge",2,650
-0.595406353869291,-0.518462553926228,-7.60398517546084,"edge",2,651
-0.595406353869291,-0.518462553926228,-7.60398517546084,"edge",2,652
-1.4751463179242,-0.815321722552851,-7.69389393426987,"edge",2,653
-0.217961317475556,-0.625266589429386,-7.41473091251035,"edge",2,654
-0.217961317475556,-0.625266589429386,-7.41473091251035,"edge",2,655
-0.217961317475556,-0.625266589429386,-7.41473091251035,"edge",2,656
-0.713680267284109,-0.894485665227074,-7.33689124599092,"edge",2,657
-0.314553507720164,-0.7100704204049,-7.48196764155392,"edge",2,658
-0.0527954358539394,-0.630030176693777,-7.46870029261995,"edge",2,659
-1.16348992116898,-0.887451375057203,-7.62686068522762,"edge",2,660
-0.848574998135432,-0.923775449626567,-7.54963772188718,"edge",2,661
-1.06764938732524,-0.599559937744302,-7.82238253159672,"edge",2,662
-1.06764938732524,-0.599559937744302,-7.82238253159672,"edge",2,663
0.00639033179195514,-0.430989517392973,-7.51443736505576,"edge",2,664
-0.625951806620461,-0.60223100082498,-7.41300875103658,"edge",2,665
-0.852732057752267,-0.799143731897539,-7.69910434640041,"edge",2,666
-0.852732057752267,-0.799143731897539,-7.69910434640041,"edge",2,667
-0.852732057752267,-0.799143731897539,-7.69910434640041,"edge",2,668
-0.405213130769884,-0.639603283031152,-7.70439012418672,"edge",2,669
-0.0709442302275166,-0.399794082062617,-7.61290715062508,"edge",2,670
-0.153615864586624,-0.667395159549669,-7.72733630517722,"edge",2,671
0.143706123755703,-0.226164137095806,-7.80315584448207,"edge",2,672
0.143706123755703,-0.226164137095806,-7.80315584448207,"edge",2,673
0.143706123755703,-0.226164137095806,-7.80315584448207,"edge",2,674
0.143706123755703,-0.226164137095806,-7.80315584448207,"edge",2,675
-0.548440127854949,-0.450974004692969,-7.71532479846864,"edge",2,676
-0.68466121786786,-0.56742452366151,-7.69233884149461,"edge",2,677
-0.68466121786786,-0.56742452366151,-7.69233884149461,"edge",2,678
-0.68466121786786,-0.56742452366151,-7.69233884149461,"edge",2,679
-0.68466121786786,-0.56742452366151,-7.69233884149461,"edge",2,680
-0.638727810507831,-0.61728697454954,-7.45259552385048,"edge",2,681
-0.603608263835004,-0.587627717763491,-7.69551749615816,"edge",2,682
-0.603608263835004,-0.587627717763491,-7.69551749615816,"edge",2,683
-0.972412972939553,-0.81509721716307,-7.67947987058556,"edge",2,684
-0.972412972939553,-0.81509721716307,-7.67947987058556,"edge",2,685
-0.972412972939553,-0.81509721716307,-7.67947987058556,"edge",2,686
-0.972412972939553,-0.81509721716307,-7.67947987058556,"edge",2,687
-0.684566462989458,-0.637375296074572,-7.62849580845859,"edge",2,688
-0.311415785436617,-0.5150775502315,-7.429152289115,"edge",2,689
-0.311415785436617,-0.5150775502315,-7.429152289115,"edge",2,690
-0.311415785436617,-0.5150775502315,-7.429152289115,"edge",2,691
-0.613432093632064,-0.512812197813782,-7.89862870045977,"edge",2,692
-0.613432093632064,-0.512812197813782,-7.89862870045977,"edge",2,693
-0.613432093632064,-0.512812197813782,-7.89862870045977,"edge",2,694
-0.425763940017132,-0.627840487833723,-7.78277681958867,"edge",2,695
-0.755757824767523,-0.765127518921384,-7.49033535184324,"edge",2,696
0.0460271139999568,-0.268993930452998,-7.77921397810486,"edge",2,697
0.0460271139999568,-0.268993930452998,-7.77921397810486,"edge",2,698
0.00491569274387091,-0.246490650225256,-7.98083026904579,"edge",2,699
0.0450044955180131,-0.306375270850077,-7.82457740030639,"edge",2,700
-0.796406293269695,-0.540955488933231,-7.54125812631003,"edge",3,1
-1.21142168112365,-0.519153096230782,-7.60564733461104,"edge",3,2
-1.14577329570983,-0.916301462808748,-7.59950459734773,"edge",3,3
-0.643077059217,-0.510167611441194,-7.53024375924812,"edge",3,4
-0.263844061770837,-0.707697396006534,-7.61039624844574,"edge",3,5
-0.367858861599716,-0.401557546792912,-7.66989102528323,"edge",3,6
-0.273186866768045,-0.72328802073583,-7.63617245810218,"edge",3,7
-0.273186866768045,-0.72328802073583,-7.63617245810218,"edge",3,8
-0.273186866768045,-0.72328802073583,-7.63617245810218,"edge",3,9
-0.273186866768045,-0.72328802073583,-7.63617245810218,"edge",3,10
-0.269201814447208,-0.708221815991125,-7.62137116379712,"edge",3,11
-0.559272468121008,-0.780852975767708,-7.51640158383349,"edge",3,12
-0.559272468121008,-0.780852975767708,-7.51640158383349,"edge",3,13
-0.559272468121008,-0.780852975767708,-7.51640158383349,"edge",3,14
-0.559272468121008,-0.780852975767708,-7.51640158383349,"edge",3,15
-0.341540938957833,-0.694926557121739,-7.25556386619318,"edge",3,16
-0.146176667047488,-0.694062433730739,-7.41179619057467,"edge",3,17
-0.146176667047488,-0.694062433730739,-7.41179619057467,"edge",3,18
-0.590403737065013,-0.657159398004615,-7.64280705449816,"edge",3,19
-0.590403737065013,-0.657159398004615,-7.64280705449816,"edge",3,20
-1.17883231554305,-0.774141109160838,-7.62525765825022,"edge",3,21
-0.681770837078476,-0.664310170027197,-7.1912598809708,"edge",3,22
-0.78252879779082,-0.859212671485813,-7.76987195763535,"edge",3,23
-0.78252879779082,-0.859212671485813,-7.76987195763535,"edge",3,24
-0.345778894627638,-0.839398422384526,-7.57370678867675,"edge",3,25
-0.665449948084179,-0.595216139128853,-7.57122302450426,"edge",3,26
-0.665449948084179,-0.595216139128853,-7.57122302450426,"edge",3,27
-0.404987452584792,-0.548973606443159,-7.50611837517079,"edge",3,28
-0.180113886662045,-0.316138042794332,-7.66962737981524,"edge",3,29
-0.180113886662045,-0.316138042794332,-7.66962737981524,"edge",3,30
-0.180113886662045,-0.316138042794332,-7.66962737981524,"edge",3,31
-0.126908548219595,-0.369575659180445,-7.76652986687146,"edge",3,32
-0.19603832756373,-0.464546656130581,-7.55674101428149,"edge",3,33
-0.263620779174766,-0.478014943323485,-7.63840678234706,"edge",3,34
-0.488953079726715,-0.513582595727887,-7.56652162629236,"edge",3,35
0.142153996421607,-0.295441967222537,-7.62672549071158,"edge",3,36
0.142153996421607,-0.295441967222537,-7.62672549071158,"edge",3,37
-0.445926312033882,-0.728303720821938,-7.56111578530584,"edge",3,38
-0.445926312033882,-0.728303720821938,-7.56111578530584,"edge",3,39
-0.690008873855581,-0.632179695691165,-7.59161768166217,"edge",3,40
-0.690008873855581,-0.632179695691165,-7.59161768166217,"edge",3,41
-0.690008873855581,-0.632179695691165,-7.59161768166217,"edge",3,42
-0.690008873855581,-0.632179695691165,-7.59161768166217,"edge",3,43
-0.690008873855581,-0.632179695691165,-7.59161768166217,"edge",3,44
-0.690008873855581,-0.632179695691165,-7.59161768166217,"edge",3,45
-0.801883226071817,-0.811721621639849,-7.59104387440017,"edge",3,46
-0.801883226071817,-0.811721621639849,-7.59104387440017,"edge",3,47
-0.189749768373062,-0.685731641971313,-7.48125201943065,"edge",3,48
-0.120949086282649,-0.41301901097208,-7.59046402664479,"edge",3,49
-0.120949086282649,-0.41301901097208,-7.59046402664479,"edge",3,50
-0.256521478485276,-0.598732992346496,-7.40161334527736,"edge",3,51
-0.256521478485276,-0.598732992346496,-7.40161334527736,"edge",3,52
-0.256521478485276,-0.598732992346496,-7.40161334527736,"edge",3,53
-0.395637559284634,-0.48900390328102,-7.58401616754959,"edge",3,54
-0.358848486920417,-0.556778554414589,-7.51973050926444,"edge",3,55
-0.417660200529862,-0.851327018986317,-7.6133864229454,"edge",3,56
-0.00129278635378099,-0.560169906203887,-7.68968439352107,"edge",3,57
-0.00129278635378099,-0.560169906203887,-7.68968439352107,"edge",3,58
-0.00129278635378099,-0.560169906203887,-7.68968439352107,"edge",3,59
-0.00129278635378099,-0.560169906203887,-7.68968439352107,"edge",3,60
-0.00129278635378099,-0.560169906203887,-7.68968439352107,"edge",3,61
-0.00129278635378099,-0.560169906203887,-7.68968439352107,"edge",3,62
-0.93863703935185,-0.993679700941711,-7.72442044469519,"edge",3,63
-0.93863703935185,-0.993679700941711,-7.72442044469519,"edge",3,64
-0.93863703935185,-0.993679700941711,-7.72442044469519,"edge",3,65
-1.1747601945524,-0.85845596311217,-7.58943623072521,"edge",3,66
-0.851742792400113,-0.54896714026205,-7.55187508628481,"edge",3,67
-0.241159865958393,-0.687493540098246,-7.59556634160682,"edge",3,68
-0.241159865958393,-0.687493540098246,-7.59556634160682,"edge",3,69
-0.453076895084563,-0.567284596560235,-7.59242685400149,"edge",3,70
-1.03945399201013,-0.749860389801659,-7.68492453398422,"edge",3,71
-0.28243022655732,-0.938593418575566,-7.7359711053146,"edge",3,72
-0.288285943145083,-0.934832874999079,-7.49557890457682,"edge",3,73
-0.129828453165747,-0.631526035760538,-7.65621693874361,"edge",3,74
-0.129828453165747,-0.631526035760538,-7.65621693874361,"edge",3,75
-0.775229011781528,-0.545034265444379,-7.65013707093762,"edge",3,76
-0.775229011781528,-0.545034265444379,-7.65013707093762,"edge",3,77
-0.487562630811803,-0.540443972258925,-7.79541510665515,"edge",3,78
-0.718403907580241,-0.556560769043872,-7.26136549447246,"edge",3,79
-0.567953693101933,-0.74289811309354,-7.43638381260506,"edge",3,80
-0.567953693101933,-0.74289811309354,-7.43638381260506,"edge",3,81
-0.338207338075227,-0.808316865857835,-7.4741255461162,"edge",3,82
-0.487728054735935,-0.687641230730767,-7.24117529796024,"edge",3,83
-0.0592960678865154,-0.33008210876251,-7.42327038253543,"edge",3,84
-0.0592960678865154,-0.33008210876251,-7.42327038253543,"edge",3,85
0.110450677248794,-0.157015290234114,-7.99777484970936,"edge",3,86
-0.121249480893126,-0.0867290955376988,-7.94540252597959,"edge",3,87
-0.215058516641609,-0.143599552465425,-7.62448078509957,"edge",3,88
-0.706444257764567,-0.297716882285231,-8.11275162448251,"edge",3,89
-0.706444257764567,-0.297716882285231,-8.11275162448251,"edge",3,90
-0.828191126029576,-0.316983268700432,-7.99622019676285,"edge",3,91
-0.179952880436965,-0.542130172946107,-8.13391142561334,"edge",3,92
-0.88649632130482,-0.679195433984595,-8.28711299853448,"edge",3,93
-1.06956730057474,-0.648432692912329,-8.15452648092311,"edge",3,94
-0.539582928876598,-0.715866393148526,-8.01533850127074,"edge",3,95
-1.13430629062091,-0.569210813294119,-7.76003497277128,"edge",3,96
-0.930765682034324,-0.494481464372576,-8.03252269444112,"edge",3,97
-0.930765682034324,-0.494481464372576,-8.03252269444112,"edge",3,98
-0.822097498738937,-0.691315414269554,-7.68453617771711,"edge",3,99
-0.686359406847865,-0.769506431880347,-7.29919369321861,"edge",3,100
-0.686359406847865,-0.769506431880347,-7.29919369321861,"edge",3,101
-0.686359406847865,-0.769506431880347,-7.29919369321861,"edge",3,102
-0.686359406847865,-0.769506431880347,-7.29919369321861,"edge",3,103
-0.146185265769075,-0.450537992040224,-7.27432408340537,"edge",3,104
-0.146185265769075,-0.450537992040224,-7.27432408340537,"edge",3,105
-1.18161935315125,-0.936597623600361,-7.36678807474819,"edge",3,106
-1.18161935315125,-0.936597623600361,-7.36678807474819,"edge",3,107
-0.635167733124612,-0.679890997223847,-7.51555432879673,"edge",3,108
-0.635167733124612,-0.679890997223847,-7.51555432879673,"edge",3,109
-0.635167733124612,-0.679890997223847,-7.51555432879673,"edge",3,110
-0.635167733124612,-0.679890997223847,-7.51555432879673,"edge",3,111
-0.635167733124612,-0.679890997223847,-7.51555432879673,"edge",3,112
-0.635167733124612,-0.679890997223847,-7.51555432879673,"edge",3,113
-0.892197726135648,-0.822305058731609,-7.34023293857491,"edge",3,114
-0.567711239803685,-0.785355315435274,-7.27139971037154,"edge",3,115
-0.0875365002553394,-0.593386631624489,-7.75370260242996,"edge",3,116
-0.131856673265438,-0.167192492502652,-8.04809865683397,"edge",3,117
-0.278141149601487,-0.260816950844188,-7.96165982539501,"edge",3,118
-1.1732168686527,-0.687207001087174,-7.49169680094798,"edge",3,119
-0.362954452868894,-0.665362274076466,-7.78342910285265,"edge",3,120
-0.288166534302255,-0.564155571339818,-7.31965168048067,"edge",3,121
-0.926926694706331,-0.906131471660567,-7.4353485727496,"edge",3,122
-0.840025996845353,-0.556367535513767,-7.80586165917989,"edge",3,123
-0.577559803566658,-0.554757183808164,-7.55787205650612,"edge",3,124
-0.577559803566658,-0.554757183808164,-7.55787205650612,"edge",3,125
-0.577559803566658,-0.554757183808164,-7.55787205650612,"edge",3,126
0.0680331128863619,-0.428730468166259,-7.41677649796793,"edge",3,127
0.0544200562643795,-0.26872359163969,-7.6156904797461,"edge",3,128
-1.25780631485397,-0.79842264952192,-7.79127120699327,"edge",3,129
-1.12401326399984,-0.854786628274438,-7.8202487403029,"edge",3,130
-1.12401326399984,-0.854786628274438,-7.8202487403029,"edge",3,131
-0.931730760129855,-0.508662829787876,-8.24879786202587,"edge",3,132
0.0466755938168452,-0.382177287497451,-8.1250459374693,"edge",3,133
0.0817249179639453,-0.174758584523476,-7.65379595320368,"edge",3,134
0.0817249179639453,-0.174758584523476,-7.65379595320368,"edge",3,135
-1.04340872004243,-0.524667177927101,-7.80989056408054,"edge",3,136
-1.04340872004243,-0.524667177927101,-7.80989056408054,"edge",3,137
-1.17303845571328,-0.886723598807026,-7.82622180592447,"edge",3,138
-1.1009759403873,-0.585773946804479,-7.58565303446048,"edge",3,139
-0.823336804006813,-0.984947766949602,-7.36053417376675,"edge",3,140
-0.375406650382517,-0.667975234574707,-7.60257661056874,"edge",3,141
-0.478058661403487,-0.332377468037271,-7.7719208041151,"edge",3,142
-0.332511425249283,-0.399067206114486,-7.5553370675529,"edge",3,143
0.0353377465702236,-0.568776465904578,-7.46890602616183,"edge",3,144
-0.492026479196069,-0.363238896334652,-7.85758425453585,"edge",3,145
-0.492026479196069,-0.363238896334652,-7.85758425453585,"edge",3,146
-0.492026479196069,-0.363238896334652,-7.85758425453585,"edge",3,147
0.038794909395248,-0.298520650467948,-7.48344568347431,"edge",3,148
-0.399405194046215,-0.283895480522621,-7.54968738081901,"edge",3,149
-0.294923667504431,-0.541406120297528,-7.63793797173303,"edge",3,150
-0.294923667504431,-0.541406120297528,-7.63793797173303,"edge",3,151
-0.294923667504431,-0.541406120297528,-7.63793797173303,"edge",3,152
-0.294923667504431,-0.541406120297528,-7.63793797173303,"edge",3,153
-0.294923667504431,-0.541406120297528,-7.63793797173303,"edge",3,154
-1.13720110014671,-0.628876400743844,-7.44514309684958,"edge",3,155
-0.460954383919174,-0.366443243712709,-7.35180798193482,"edge",3,156
-0.460954383919174,-0.366443243712709,-7.35180798193482,"edge",3,157
-0.415252889369924,-0.944832656515394,-7.18224854205505,"edge",3,158
-0.475491870791758,-0.769173906905355,-7.44543374302795,"edge",3,159
-0.559360898826182,-0.565830881061998,-7.76166787608216,"edge",3,160
-0.769623837939199,-0.9350911428056,-7.54316617768979,"edge",3,161
-0.769623837939199,-0.9350911428056,-7.54316617768979,"edge",3,162
-0.769623837939199,-0.9350911428056,-7.54316617768979,"edge",3,163
-0.386883832687021,-0.390128628732712,-7.8763882645112,"edge",3,164
-0.386883832687021,-0.390128628732712,-7.8763882645112,"edge",3,165
-0.395384502913658,-0.609408113763308,-7.58557363115843,"edge",3,166
-0.395384502913658,-0.609408113763308,-7.58557363115843,"edge",3,167
-0.838022492628901,-0.522217813103866,-7.52978507066208,"edge",3,168
-0.838022492628901,-0.522217813103866,-7.52978507066208,"edge",3,169
-0.737102903886458,-0.644070230147813,-7.69837323564132,"edge",3,170
-0.778490161104421,-0.575513794124307,-7.64273085175106,"edge",3,171
-0.550462451363479,-0.453239526145838,-7.55905892083984,"edge",3,172
-0.635032447727719,-0.81657175254221,-7.76420152686287,"edge",3,173
-0.550861608005974,-0.778106169675934,-7.31969105998979,"edge",3,174
-0.29385545469598,-0.277162642752254,-7.6185979815585,"edge",3,175
-1.38860063716176,-0.608236618645063,-7.71962496273857,"edge",3,176
-1.02648009151035,-0.556713991850223,-7.66962969172421,"edge",3,177
-1.02648009151035,-0.556713991850223,-7.66962969172421,"edge",3,178
-1.02648009151035,-0.556713991850223,-7.66962969172421,"edge",3,179
-1.02648009151035,-0.556713991850223,-7.66962969172421,"edge",3,180
-1.02648009151035,-0.556713991850223,-7.66962969172421,"edge",3,181
-1.22246086475541,-0.658233526631461,-7.46063086184836,"edge",3,182
-0.129708115052874,-0.380780516750215,-7.35947382228741,"edge",3,183
-0.457759333863128,-0.540376340182,-7.6975756374401,"edge",3,184
-0.457759333863128,-0.540376340182,-7.6975756374401,"edge",3,185
-0.812244132757001,-0.63416087299912,-7.71255206673393,"edge",3,186
-0.601717775039105,-0.714871610783428,-7.48115009200424,"edge",3,187
-0.882248729453818,-0.647637923731678,-7.65690248244684,"edge",3,188
-0.542154101531769,-0.744849008060605,-7.60415828110978,"edge",3,189
-0.675384058187685,-0.672151001636623,-7.32962886063636,"edge",3,190
-0.675384058187685,-0.672151001636623,-7.32962886063636,"edge",3,191
-0.805681476118698,-1.05676891487786,-7.32441902707845,"edge",3,192
-0.0188755205606791,-0.781608956097838,-7.51053777354683,"edge",3,193
-0.331018076569677,-0.796163439912995,-7.34806717177981,"edge",3,194
-0.331018076569677,-0.796163439912995,-7.34806717177981,"edge",3,195
0.0368865408525089,-0.711139178600542,-7.50129818110772,"edge",3,196
-0.428739770173992,-0.416608821325628,-7.39134148286843,"edge",3,197
-0.715269131427151,-0.689261965104167,-7.68728748009069,"edge",3,198
-0.715269131427151,-0.689261965104167,-7.68728748009069,"edge",3,199
-0.715269131427151,-0.689261965104167,-7.68728748009069,"edge",3,200
-0.715269131427151,-0.689261965104167,-7.68728748009069,"edge",3,201
-0.715269131427151,-0.689261965104167,-7.68728748009069,"edge",3,202
-0.586831757352555,-0.734845060328481,-7.41381811695777,"edge",3,203
-0.458381410521877,-0.680230472230829,-7.45786964445089,"edge",3,204
-0.195401863515882,-0.579872011276143,-7.60711561763592,"edge",3,205
-0.235206955979855,-0.393144065022796,-7.71179281836014,"edge",3,206
-0.235206955979855,-0.393144065022796,-7.71179281836014,"edge",3,207
-0.474429491388965,-0.738564104708308,-7.35910191857525,"edge",3,208
-0.184979860211748,-0.559635764345574,-7.66443461557979,"edge",3,209
-0.184979860211748,-0.559635764345574,-7.66443461557979,"edge",3,210
-0.184979860211748,-0.559635764345574,-7.66443461557979,"edge",3,211
-0.850468544964433,-0.761757729887491,-7.63461190405313,"edge",3,212
-0.850468544964433,-0.761757729887491,-7.63461190405313,"edge",3,213
-0.850468544964433,-0.761757729887491,-7.63461190405313,"edge",3,214
-0.850468544964433,-0.761757729887491,-7.63461190405313,"edge",3,215
-0.850468544964433,-0.761757729887491,-7.63461190405313,"edge",3,216
-0.850468544964433,-0.761757729887491,-7.63461190405313,"edge",3,217
-0.653564606149706,-0.606955283713773,-7.58292932527358,"edge",3,218
-0.653564606149706,-0.606955283713773,-7.58292932527358,"edge",3,219
-1.1332325727938,-0.731980708297304,-7.64149683315675,"edge",3,220
-0.689998508697941,-0.626871366706099,-7.89770280115347,"edge",3,221
-0.689998508697941,-0.626871366706099,-7.89770280115347,"edge",3,222
0.172568658809368,-0.427342982841675,-7.65750780686235,"edge",3,223
0.172568658809368,-0.427342982841675,-7.65750780686235,"edge",3,224
0.172568658809368,-0.427342982841675,-7.65750780686235,"edge",3,225
0.172568658809368,-0.427342982841675,-7.65750780686235,"edge",3,226
0.172568658809368,-0.427342982841675,-7.65750780686235,"edge",3,227
-0.33057210867776,-0.358126555818956,-7.76937459862994,"edge",3,228
-0.33057210867776,-0.358126555818956,-7.76937459862994,"edge",3,229
-0.33057210867776,-0.358126555818956,-7.76937459862994,"edge",3,230
-0.655685481968367,-0.429330096179833,-7.88843090436,"edge",3,231
-1.16562675837932,-0.624653397405423,-7.89533073569812,"edge",3,232
-0.962239765766723,-0.656807102714269,-7.84817325175448,"edge",3,233
-0.962239765766723,-0.656807102714269,-7.84817325175448,"edge",3,234
-0.962239765766723,-0.656807102714269,-7.84817325175448,"edge",3,235
-0.962239765766723,-0.656807102714269,-7.84817325175448,"edge",3,236
-0.949910593741649,-0.71694921405589,-7.9518602662014,"edge",3,237
-0.740047612790338,-0.554562073497672,-7.74865458588966,"edge",3,238
-1.07737574933549,-0.560405392993705,-8.07630828838389,"edge",3,239
-1.29630162462208,-0.78166509703501,-7.99229549413685,"edge",3,240
-1.29630162462208,-0.78166509703501,-7.99229549413685,"edge",3,241
-1.29630162462208,-0.78166509703501,-7.99229549413685,"edge",3,242
-0.552676954269406,-0.402056703245935,-7.80498302951019,"edge",3,243
-0.773562634629014,-0.796336638752378,-7.58639065864597,"edge",3,244
-0.374587564527341,-0.70443302256802,-7.52066705068106,"edge",3,245
-0.374587564527341,-0.70443302256802,-7.52066705068106,"edge",3,246
-0.206254128966112,-0.340365681529156,-7.85431850241184,"edge",3,247
-0.275945328926826,-0.233570791753544,-7.8878375877486,"edge",3,248
-0.436975015195183,-0.305961453585348,-7.70096370194724,"edge",3,249
-0.483510663391227,-0.839637458175473,-7.50685110824876,"edge",3,250
-0.483510663391227,-0.839637458175473,-7.50685110824876,"edge",3,251
-0.0298817933790909,-0.451715931146998,-7.47820069949539,"edge",3,252
-0.0298817933790909,-0.451715931146998,-7.47820069949539,"edge",3,253
-0.683651165931029,-0.8411112197203,-7.53314412017788,"edge",3,254
-0.683651165931029,-0.8411112197203,-7.53314412017788,"edge",3,255
-0.685768376745476,-0.85695944583293,-7.43191618286757,"edge",3,256
-0.303776721972962,-0.485209319791496,-7.57139594844182,"edge",3,257
-0.478202607109155,-0.79084629399949,-7.37141088063224,"edge",3,258
-0.478202607109155,-0.79084629399949,-7.37141088063224,"edge",3,259
-0.540808530635458,-0.864533443818416,-7.58842919977225,"edge",3,260
-0.635974387813459,-0.47906993495646,-7.81513369057864,"edge",3,261
-0.635974387813459,-0.47906993495646,-7.81513369057864,"edge",3,262
-0.992570015304695,-0.783232641292491,-7.32789035692044,"edge",3,263
-0.68841164830714,-0.891136232430317,-7.36689713753971,"edge",3,264
-0.255538401695537,-0.688720062580573,-7.41524794337623,"edge",3,265
-0.776669975843204,-0.772250682877363,-7.44920511037243,"edge",3,266
-0.776669975843204,-0.772250682877363,-7.44920511037243,"edge",3,267
-0.776669975843204,-0.772250682877363,-7.44920511037243,"edge",3,268
-0.776669975843204,-0.772250682877363,-7.44920511037243,"edge",3,269
-0.776669975843204,-0.772250682877363,-7.44920511037243,"edge",3,270
-0.776669975843204,-0.772250682877363,-7.44920511037243,"edge",3,271
-0.73340437717671,-0.710945653491554,-7.46690001915072,"edge",3,272
-0.73340437717671,-0.710945653491554,-7.46690001915072,"edge",3,273
-0.73340437717671,-0.710945653491554,-7.46690001915072,"edge",3,274
-1.02332482700533,-0.857313908777419,-7.92106326235154,"edge",3,275
-0.702079855502316,-0.569790878694378,-8.03229831139768,"edge",3,276
-0.389229536437317,-0.55322836378772,-7.85274876490563,"edge",3,277
-0.0458912465257784,-0.296306321682322,-7.7307794728172,"edge",3,278
-0.0191451478248326,-0.583088245338665,-7.47301688237168,"edge",3,279
-0.472321465581748,-0.582360924756056,-7.32495295197135,"edge",3,280
-0.268649706831829,-0.720651341864589,-7.31841441414525,"edge",3,281
-0.268649706831829,-0.720651341864589,-7.31841441414525,"edge",3,282
-0.854886429256941,-0.560581008965226,-7.63851928240925,"edge",3,283
-1.06220806840582,-0.695225280531345,-7.67541856803564,"edge",3,284
-1.10496614224776,-0.66443788288669,-7.84463793009081,"edge",3,285
-0.289302750944632,-0.717952790986816,-7.92672339889369,"edge",3,286
0.0960875408263234,-0.4926323177088,-7.64364723508721,"edge",3,287
-0.46629004331576,-0.647810263646059,-7.70899548433988,"edge",3,288
-0.46629004331576,-0.647810263646059,-7.70899548433988,"edge",3,289
-0.46629004331576,-0.647810263646059,-7.70899548433988,"edge",3,290
-0.567453997963787,-0.601508958504335,-7.7056477593356,"edge",3,291
-0.825602602608235,-0.699814047058656,-7.68971583551853,"edge",3,292
-0.803504117050696,-0.598467189045371,-7.92859006856008,"edge",3,293
-0.0463613762635883,-0.451882219232073,-7.64673809837683,"edge",3,294
-0.466333624585913,-0.528477468586102,-7.9902716396337,"edge",3,295
0.175123471133072,-0.381386860703854,-7.86506286925553,"edge",3,296
0.175123471133072,-0.381386860703854,-7.86506286925553,"edge",3,297
-0.747129577038002,-0.259050217645705,-7.67388333400193,"edge",3,298
-0.475685602021261,-0.286414054409228,-7.85815806175286,"edge",3,299
-0.606746619742401,-0.33294401612215,-7.82561732446185,"edge",3,300
-0.606746619742401,-0.33294401612215,-7.82561732446185,"edge",3,301
-0.733400537975974,-0.587378266506473,-7.65861313820585,"edge",3,302
-1.21459406011595,-0.633859351608663,-7.75539215229903,"edge",3,303
-0.890842983269952,-0.705614188466182,-7.57426503066852,"edge",3,304
-0.177517209646664,-0.598925329059588,-7.51532565621352,"edge",3,305
-0.47663326090482,-0.572955332629425,-7.72555106656648,"edge",3,306
-0.582495674322059,-0.619550624290924,-7.70899519053159,"edge",3,307
-0.582495674322059,-0.619550624290924,-7.70899519053159,"edge",3,308
-0.582495674322059,-0.619550624290924,-7.70899519053159,"edge",3,309
-0.72407445195291,-0.709208827982299,-7.69093791827194,"edge",3,310
-0.72407445195291,-0.709208827982299,-7.69093791827194,"edge",3,311
-0.326936186400627,-0.521256596028506,-7.60950994904871,"edge",3,312
-0.326936186400627,-0.521256596028506,-7.60950994904871,"edge",3,313
-0.326936186400627,-0.521256596028506,-7.60950994904871,"edge",3,314
-0.326936186400627,-0.521256596028506,-7.60950994904871,"edge",3,315
-0.785743728255742,-0.427052526405856,-7.69106986320534,"edge",3,316
-0.745260536878431,-0.608029564809058,-7.59321604748081,"edge",3,317
-0.679671289302656,-0.575041165530123,-7.79709568373203,"edge",3,318
-1.00376113447245,-0.822487017597422,-7.56702088566143,"edge",3,319
-1.02650044941067,-0.602340569713762,-7.72712977041793,"edge",3,320
0.0900227766760253,-0.47992005100449,-7.5247497733384,"edge",3,321
0.0900227766760253,-0.47992005100449,-7.5247497733384,"edge",3,322
0.0900227766760253,-0.47992005100449,-7.5247497733384,"edge",3,323
0.0900227766760253,-0.47992005100449,-7.5247497733384,"edge",3,324
-0.618511259016117,-0.627346300056273,-7.78628894611956,"edge",3,325
-0.618511259016117,-0.627346300056273,-7.78628894611956,"edge",3,326
-0.860686505928836,-0.661147812341258,-7.80277297350277,"edge",3,327
-1.24696532546589,-0.702475312624729,-7.70821592437209,"edge",3,328
-0.60886317845634,-0.268128534812072,-7.5813401705268,"edge",3,329
-0.916152804716935,-0.743488898835405,-7.78810913875619,"edge",3,330
-0.334447125636933,-0.596718100210445,-7.7458454769295,"edge",3,331
-0.0549838529228052,-0.257521478973237,-7.41204949165037,"edge",3,332
-0.648269482506633,-0.632313676432764,-7.89122972674556,"edge",3,333
-0.648269482506633,-0.632313676432764,-7.89122972674556,"edge",3,334
-0.810655146698296,-0.539410168349801,-7.49726268259808,"edge",3,335
-0.780940587108217,-0.368676032190696,-7.59854045603628,"edge",3,336
-0.0302530467577596,-0.229813052505443,-7.73313796851759,"edge",3,337
-0.0302530467577596,-0.229813052505443,-7.73313796851759,"edge",3,338
-0.0302530467577596,-0.229813052505443,-7.73313796851759,"edge",3,339
0.007503406126547,-0.297153011612891,-7.8138202449251,"edge",3,340
-0.288776209292756,-0.833543919017202,-7.60225027246336,"edge",3,341
-0.288776209292756,-0.833543919017202,-7.60225027246336,"edge",3,342
-1.15990511723264,-0.823925092162533,-7.85013787040242,"edge",3,343
-0.909393831941995,-0.834644119947982,-7.62201868632434,"edge",3,344
-0.216206055674494,-0.610750203007889,-7.63773825016804,"edge",3,345
-0.216206055674494,-0.610750203007889,-7.63773825016804,"edge",3,346
-0.216206055674494,-0.610750203007889,-7.63773825016804,"edge",3,347
-0.216206055674494,-0.610750203007889,-7.63773825016804,"edge",3,348
-0.318340682622476,-0.656888527954044,-7.5463458563171,"edge",3,349
-0.318340682622476,-0.656888527954044,-7.5463458563171,"edge",3,350
-0.318340682622476,-0.656888527954044,-7.5463458563171,"edge",3,351
-0.707554761487758,-0.620025548669883,-7.80481328539376,"edge",3,352
-0.368435310800651,-0.58158375090295,-7.7036892192652,"edge",3,353
-1.07439003380835,-0.796731916679334,-7.60853127984419,"edge",3,354
-0.327914122628642,-0.670143866934878,-7.50370357128152,"edge",3,355
-0.328245555451172,-0.614654563508789,-7.66885040298212,"edge",3,356
-0.518296682890604,-0.396749503142044,-7.57304621317294,"edge",3,357
-0.239390166908792,-0.549709050652202,-7.44787354533767,"edge",3,358
-0.239390166908792,-0.549709050652202,-7.44787354533767,"edge",3,359
-0.354401897255374,-0.383559455712305,-7.59969965557859,"edge",3,360
-0.354401897255374,-0.383559455712305,-7.59969965557859,"edge",3,361
-0.904737079030262,-0.248643759920434,-7.484478448506,"edge",3,362
-0.932657787819543,-0.405311931736172,-7.19591303517794,"edge",3,363
-0.5587919873381,-0.926377446792444,-7.46520993940089,"edge",3,364
-0.5587919873381,-0.926377446792444,-7.46520993940089,"edge",3,365
-0.916584965818676,-0.856449723051379,-7.47361451909453,"edge",3,366
-0.996401984282385,-0.594104017409438,-7.93166246101181,"edge",3,367
-1.00604267442622,-0.837984825344813,-7.84484828408849,"edge",3,368
-0.582085991265267,-0.658132882864831,-7.55754884425611,"edge",3,369
-0.582085991265267,-0.658132882864831,-7.55754884425611,"edge",3,370
-0.140729428118938,-0.611524306084537,-7.52254913235675,"edge",3,371
-0.189123232073072,-0.484601661380642,-7.20427071804612,"edge",3,372
-0.189123232073072,-0.484601661380642,-7.20427071804612,"edge",3,373
-0.189123232073072,-0.484601661380642,-7.20427071804612,"edge",3,374
-0.189123232073072,-0.484601661380642,-7.20427071804612,"edge",3,375
-0.189123232073072,-0.484601661380642,-7.20427071804612,"edge",3,376
-1.01364651272174,-0.415435105115585,-7.5827102592713,"edge",3,377
-1.31981279811481,-0.716523795240244,-7.5866463044517,"edge",3,378
-0.745879844907251,-0.760448884105308,-7.55052825961377,"edge",3,379
-0.745879844907251,-0.760448884105308,-7.55052825961377,"edge",3,380
-0.810915637620415,-0.883696493208487,-7.66429683534797,"edge",3,381
-0.810915637620415,-0.883696493208487,-7.66429683534797,"edge",3,382
-0.810915637620415,-0.883696493208487,-7.66429683534797,"edge",3,383
-0.810915637620415,-0.883696493208487,-7.66429683534797,"edge",3,384
-0.36633141756158,-0.526025663744513,-7.31372452926188,"edge",3,385
-0.567515634597984,-0.771440535096166,-7.44907205711188,"edge",3,386
-0.281809533877555,-0.332795233444019,-7.64246694034516,"edge",3,387
-0.0769730831991776,-0.423740110331147,-7.6117684532369,"edge",3,388
-0.0769730831991776,-0.423740110331147,-7.6117684532369,"edge",3,389
-0.0769730831991776,-0.423740110331147,-7.6117684532369,"edge",3,390
-0.0769730831991776,-0.423740110331147,-7.6117684532369,"edge",3,391
-0.231703953483698,-0.690755061051629,-7.59341108164957,"edge",3,392
-0.231703953483698,-0.690755061051629,-7.59341108164957,"edge",3,393
-1.05887423180458,-0.980116239509132,-7.51825533186651,"edge",3,394
-1.03835443574481,-0.863038746246334,-7.8554743046853,"edge",3,395
-1.30610216960384,-0.980113605165149,-7.71045843697422,"edge",3,396
-1.19638594354763,-0.669488823473171,-7.61169289151843,"edge",3,397
-1.19638594354763,-0.669488823473171,-7.61169289151843,"edge",3,398
-1.19638594354763,-0.669488823473171,-7.61169289151843,"edge",3,399
-1.19638594354763,-0.669488823473171,-7.61169289151843,"edge",3,400
-1.26535045647834,-0.761996202558739,-7.63577862894852,"edge",3,401
-0.940132995975393,-0.79416325561863,-7.72115253185323,"edge",3,402
-0.940132995975393,-0.79416325561863,-7.72115253185323,"edge",3,403
-0.940132995975393,-0.79416325561863,-7.72115253185323,"edge",3,404
-0.940132995975393,-0.79416325561863,-7.72115253185323,"edge",3,405
-0.940132995975393,-0.79416325561863,-7.72115253185323,"edge",3,406
-0.940132995975393,-0.79416325561863,-7.72115253185323,"edge",3,407
-0.940132995975393,-0.79416325561863,-7.72115253185323,"edge",3,408
-0.940132995975393,-0.79416325561863,-7.72115253185323,"edge",3,409
-0.940132995975393,-0.79416325561863,-7.72115253185323,"edge",3,410
-0.940132995975393,-0.79416325561863,-7.72115253185323,"edge",3,411
-0.426875482764477,-0.68189649084153,-7.51034234173129,"edge",3,412
-0.219914168701654,-0.410539094531923,-7.77748789357454,"edge",3,413
-0.252362786486032,-0.662100320590797,-7.45393175794162,"edge",3,414
-0.252362786486032,-0.662100320590797,-7.45393175794162,"edge",3,415
-0.252362786486032,-0.662100320590797,-7.45393175794162,"edge",3,416
-0.669702040144244,-0.888531752427023,-7.35008142957216,"edge",3,417
-0.669702040144244,-0.888531752427023,-7.35008142957216,"edge",3,418
-0.556332591236138,-0.981798319744851,-7.54960663019739,"edge",3,419
-1.03572407851128,-0.768950921548671,-7.89857305522028,"edge",3,420
-0.611676992205155,-0.734512493615743,-7.89289291870036,"edge",3,421
-0.611676992205155,-0.734512493615743,-7.89289291870036,"edge",3,422
-1.29647115867044,-0.768051546672276,-7.93699223135139,"edge",3,423
-0.769240309152069,-0.652177211693061,-7.92447768380786,"edge",3,424
-0.769240309152069,-0.652177211693061,-7.92447768380786,"edge",3,425
-1.01956166174974,-0.834559895571255,-7.89786125947278,"edge",3,426
-0.545839893077378,-0.617277791137938,-7.65806564435097,"edge",3,427
-0.545839893077378,-0.617277791137938,-7.65806564435097,"edge",3,428
-0.545839893077378,-0.617277791137938,-7.65806564435097,"edge",3,429
-0.357134481755555,-0.480696489406024,-7.66937596213175,"edge",3,430
-0.357134481755555,-0.480696489406024,-7.66937596213175,"edge",3,431
-0.357134481755555,-0.480696489406024,-7.66937596213175,"edge",3,432
-0.120732430835979,-0.689502892709713,-7.58985801491571,"edge",3,433
-0.120732430835979,-0.689502892709713,-7.58985801491571,"edge",3,434
-0.120732430835979,-0.689502892709713,-7.58985801491571,"edge",3,435
-0.3547184806804,-0.568164782187256,-7.64810240922348,"edge",3,436
-0.298321843106918,-0.567373643287317,-7.58805057358389,"edge",3,437
-0.406191453961648,-0.397457746332564,-7.54440695465618,"edge",3,438
-0.406191453961648,-0.397457746332564,-7.54440695465618,"edge",3,439
-0.406191453961648,-0.397457746332564,-7.54440695465618,"edge",3,440
-0.406191453961648,-0.397457746332564,-7.54440695465618,"edge",3,441
0.111069259263929,-0.332606099657227,-7.70577018227587,"edge",3,442
-0.543747117820739,-0.422455421080177,-7.61639840126413,"edge",3,443
-0.25510544430927,-0.57302890108748,-7.59749900210083,"edge",3,444
-0.497709283594924,-0.720325974546073,-7.50695879015014,"edge",3,445
-0.497709283594924,-0.720325974546073,-7.50695879015014,"edge",3,446
-0.497709283594924,-0.720325974546073,-7.50695879015014,"edge",3,447
-0.497709283594924,-0.720325974546073,-7.50695879015014,"edge",3,448
-0.807925823126351,-0.751652849235963,-7.42831843111895,"edge",3,449
-0.807925823126351,-0.751652849235963,-7.42831843111895,"edge",3,450
-0.807925823126351,-0.751652849235963,-7.42831843111895,"edge",3,451
-0.807925823126351,-0.751652849235963,-7.42831843111895,"edge",3,452
-0.807925823126351,-0.751652849235963,-7.42831843111895,"edge",3,453
-0.222935689560315,-0.339559766845675,-7.88000922373551,"edge",3,454
-0.222935689560315,-0.339559766845675,-7.88000922373551,"edge",3,455
-0.125664184261532,-0.351300458753536,-7.84677703321053,"edge",3,456
-0.125664184261532,-0.351300458753536,-7.84677703321053,"edge",3,457
-0.929534189881757,-0.664497082161948,-7.7168284609883,"edge",3,458
-0.929534189881757,-0.664497082161948,-7.7168284609883,"edge",3,459
-0.929534189881757,-0.664497082161948,-7.7168284609883,"edge",3,460
-0.570658657147023,-0.504698162448601,-7.50816513166054,"edge",3,461
-1.20345732927924,-0.781709567410078,-7.64684826195014,"edge",3,462
-1.00742600034403,-0.611365411722085,-7.65490770638275,"edge",3,463
-1.00742600034403,-0.611365411722085,-7.65490770638275,"edge",3,464
-1.00742600034403,-0.611365411722085,-7.65490770638275,"edge",3,465
-1.00742600034403,-0.611365411722085,-7.65490770638275,"edge",3,466
-0.645751398667371,-0.525757941515354,-7.42357186165361,"edge",3,467
-0.645751398667371,-0.525757941515354,-7.42357186165361,"edge",3,468
-0.373270830487656,-0.67554606655429,-7.61726686063402,"edge",3,469
-0.373270830487656,-0.67554606655429,-7.61726686063402,"edge",3,470
-0.356672923961332,-0.476788440166973,-7.67090390051495,"edge",3,471
-0.109133507645441,-0.30359466011893,-7.47478352720873,"edge",3,472
-0.735196698110207,-0.972769482129606,-7.41291351159618,"edge",3,473
-0.735196698110207,-0.972769482129606,-7.41291351159618,"edge",3,474
-0.735196698110207,-0.972769482129606,-7.41291351159618,"edge",3,475
-0.444120028500592,-0.799732604761756,-7.64067051185307,"edge",3,476
-0.0342264598674106,-0.717219039782844,-7.49324539844721,"edge",3,477
0.144517613719573,-0.360580608957613,-7.41600490118547,"edge",3,478
0.144517613719573,-0.360580608957613,-7.41600490118547,"edge",3,479
-0.846583169772712,-0.862015932683316,-7.79682170243003,"edge",3,480
-0.700561852738301,-0.776392746673834,-7.62700850821428,"edge",3,481
-0.589677430521068,-0.63273193898016,-7.45953592170821,"edge",3,482
-0.385641415732166,-0.671096760090673,-7.64940375839741,"edge",3,483
-0.511309904105016,-0.372659552609272,-7.83549940946069,"edge",3,484
-0.895668429730972,-0.601702606568241,-7.96909752161323,"edge",3,485
-0.996179122558945,-0.830144460176034,-7.68453834993448,"edge",3,486
0.00170725798057869,-0.556080897808926,-7.48238007554241,"edge",3,487
-0.495480929603402,-0.708157692627917,-7.77599793639258,"edge",3,488
-0.467248942942587,-0.472549622297334,-7.66000700886037,"edge",3,489
-0.397256478741784,-0.665587379252664,-7.4151051338622,"edge",3,490
-0.397256478741784,-0.665587379252664,-7.4151051338622,"edge",3,491
-0.397256478741784,-0.665587379252664,-7.4151051338622,"edge",3,492
-0.153503654400994,-0.524973139672874,-7.8979407866751,"edge",3,493
-0.153503654400994,-0.524973139672874,-7.8979407866751,"edge",3,494
-0.517498329922874,-0.791417283374082,-7.33052389753774,"edge",3,495
-0.517498329922874,-0.791417283374082,-7.33052389753774,"edge",3,496
-0.517498329922874,-0.791417283374082,-7.33052389753774,"edge",3,497
-0.517498329922874,-0.791417283374082,-7.33052389753774,"edge",3,498
-0.943464058541781,-1.00791599782637,-7.38532069000982,"edge",3,499
-1.00151220328371,-0.74880829580923,-7.1444171545467,"edge",3,500
-0.19163551708135,-0.567746657846911,-7.57612678912406,"edge",3,501
-0.19163551708135,-0.567746657846911,-7.57612678912406,"edge",3,502
-0.19163551708135,-0.567746657846911,-7.57612678912406,"edge",3,503
-0.19163551708135,-0.567746657846911,-7.57612678912406,"edge",3,504
-0.19163551708135,-0.567746657846911,-7.57612678912406,"edge",3,505
-0.19163551708135,-0.567746657846911,-7.57612678912406,"edge",3,506
-1.03980716763511,-0.756684350644742,-7.74577175841885,"edge",3,507
-0.501490954774304,-0.651485869034999,-7.44898720161624,"edge",3,508
-0.501490954774304,-0.651485869034999,-7.44898720161624,"edge",3,509
-1.06809952905104,-0.856219670018656,-7.73723082054138,"edge",3,510
-1.06809952905104,-0.856219670018656,-7.73723082054138,"edge",3,511
-0.539909611014124,-0.528344169647763,-7.65836878066936,"edge",3,512
-0.855504167114137,-0.620803101385611,-7.38354757735935,"edge",3,513
-0.406528528158583,-0.522242751126982,-7.39707780605315,"edge",3,514
-1.08431228190326,-0.509093175230202,-7.50885756821029,"edge",3,515
-1.08431228190326,-0.509093175230202,-7.50885756821029,"edge",3,516
-1.08431228190326,-0.509093175230202,-7.50885756821029,"edge",3,517
-0.751983920553745,-0.630489442078689,-7.59272698010864,"edge",3,518
-0.751983920553745,-0.630489442078689,-7.59272698010864,"edge",3,519
-0.751983920553745,-0.630489442078689,-7.59272698010864,"edge",3,520
-0.803513250642734,-0.693475375267449,-7.73205853815743,"edge",3,521
-0.74191802882826,-0.606026861979168,-7.428746901763,"edge",3,522
-0.017128896808703,-0.676180553431316,-7.51525487119293,"edge",3,523
-0.801032057384432,-0.784602864356736,-7.72319669892099,"edge",3,524
-0.45842178549318,-0.709918142754396,-7.31139002565003,"edge",3,525
-0.696760113144746,-0.367757972464327,-7.750984609244,"edge",3,526
-0.696760113144746,-0.367757972464327,-7.750984609244,"edge",3,527
-0.696760113144746,-0.367757972464327,-7.750984609244,"edge",3,528
-0.0739203776673375,-0.617657100880716,-7.8523790302907,"edge",3,529
-0.0424652219751693,-0.732884516392585,-7.36399785339981,"edge",3,530
-0.901403774850804,-0.707589110041196,-7.56964570113565,"edge",3,531
-0.740165367837078,-0.510928189159854,-7.34049718513481,"edge",3,532
-0.879347174744188,-0.756698408736683,-7.4446723141638,"edge",3,533
-0.879347174744188,-0.756698408736683,-7.4446723141638,"edge",3,534
0.114148993337912,-0.393247774325703,-7.7302691320051,"edge",3,535
-0.381943393576034,-0.27442543018456,-7.69171486219813,"edge",3,536
-0.540921986045838,-0.707411713094471,-7.18504940548946,"edge",3,537
-1.24476140012194,-0.625959731285836,-7.55960317990538,"edge",3,538
-0.439339787652358,-0.704600525040692,-7.69850203754185,"edge",3,539
-1.00121376110718,-0.49319422309397,-7.66345207110179,"edge",3,540
-0.755921040657744,-0.697349745221478,-7.70850161413764,"edge",3,541
-0.755921040657744,-0.697349745221478,-7.70850161413764,"edge",3,542
-0.583222255122723,-0.765433361604123,-7.57447485988117,"edge",3,543
-0.583222255122723,-0.765433361604123,-7.57447485988117,"edge",3,544
-0.583222255122723,-0.765433361604123,-7.57447485988117,"edge",3,545
-0.661290002420364,-0.543406576901646,-7.80818300842846,"edge",3,546
-0.586111286508356,-0.417836622325245,-7.81700291373432,"edge",3,547
-0.833705356184035,-0.743287137127619,-7.36917822034955,"edge",3,548
-1.20411322417597,-0.794463701276105,-7.36058611570153,"edge",3,549
0.125334208550182,-0.287750268235694,-7.79558625497468,"edge",3,550
-0.0558097707163829,-0.714013714694675,-7.24613692990823,"edge",3,551
-0.151848495232699,-0.568733377979522,-7.84559564299472,"edge",3,552
-0.932116753841644,-0.748399804641001,-7.93527303301189,"edge",3,553
-0.601483708747757,-0.927390527067582,-7.89009821137748,"edge",3,554
-0.793056100174064,-0.824505157221172,-7.80948733837299,"edge",3,555
-1.10839113649392,-0.576214793992473,-7.59379088428075,"edge",3,556
-0.561451666508451,-0.818346596395321,-7.8242745865391,"edge",3,557
-0.561451666508451,-0.818346596395321,-7.8242745865391,"edge",3,558
-0.89154850146501,-0.697193667073516,-7.35869520049624,"edge",3,559
0.0437669271872127,-0.512372101692628,-7.38901854504313,"edge",3,560
0.0437669271872127,-0.512372101692628,-7.38901854504313,"edge",3,561
-0.837826361066902,-0.617899606786905,-7.4242725698643,"edge",3,562
-1.20388602937095,-1.00501333692057,-7.28377723926947,"edge",3,563
-0.52452356645943,-0.863275564206762,-7.44851233265075,"edge",3,564
-0.614779175357544,-0.624466472290425,-7.57108424280914,"edge",3,565
-0.186711764314837,-0.511778927636469,-7.45335774386209,"edge",3,566
-0.838624010099108,-0.753936612252375,-7.90841631797534,"edge",3,567
-0.413988456980189,-0.450958212170196,-7.78779135648193,"edge",3,568
-0.866437218136955,-0.753377957211671,-7.33711170403654,"edge",3,569
-0.866437218136955,-0.753377957211671,-7.33711170403654,"edge",3,570
-0.99365085647604,-0.800531538673603,-7.6468796746841,"edge",3,571
-0.99365085647604,-0.800531538673603,-7.6468796746841,"edge",3,572
-1.36441376726571,-0.673283484169766,-8.12273222750013,"edge",3,573
-1.36441376726571,-0.673283484169766,-8.12273222750013,"edge",3,574
-1.25260219921097,-0.535048083637279,-8.00196022808046,"edge",3,575
0.000593239760955155,-0.175330123531431,-7.93011978154359,"edge",3,576
0.000593239760955155,-0.175330123531431,-7.93011978154359,"edge",3,577
-0.463243157763396,-0.878753297653371,-7.75871901439407,"edge",3,578
-0.677451050452199,-0.786699751751243,-7.57365644010142,"edge",3,579
-0.550853177556617,-0.558072970307493,-7.47625135377169,"edge",3,580
-0.965836591796151,-0.76478865636182,-8.16453156054973,"edge",3,581
-0.551832407086386,-0.650147739408547,-7.88857923526965,"edge",3,582
-0.0487863107584625,-0.376774976630971,-7.61536296442271,"edge",3,583
-0.74688973837182,-0.73893207018898,-7.35013048415332,"edge",3,584
-0.446671975849603,-0.762829145425171,-7.64523276601958,"edge",3,585
-0.148341211276987,-0.519885706468536,-7.77314157759308,"edge",3,586
-0.148341211276987,-0.519885706468536,-7.77314157759308,"edge",3,587
-0.24646216997818,-0.610268857330902,-7.58889015081001,"edge",3,588
-0.24646216997818,-0.610268857330902,-7.58889015081001,"edge",3,589
-0.710967994052901,-0.62452692203899,-7.54596955167598,"edge",3,590
-0.814052649234701,-0.808796404640813,-7.74401800713856,"edge",3,591
-0.712576992413817,-0.558901976135717,-7.69327330479792,"edge",3,592
-0.712576992413817,-0.558901976135717,-7.69327330479792,"edge",3,593
-0.712576992413817,-0.558901976135717,-7.69327330479792,"edge",3,594
-0.712576992413817,-0.558901976135717,-7.69327330479792,"edge",3,595
-0.401533478564384,-0.649811719865365,-7.34299338264824,"edge",3,596
-0.401533478564384,-0.649811719865365,-7.34299338264824,"edge",3,597
-0.401533478564384,-0.649811719865365,-7.34299338264824,"edge",3,598
-0.434870000603713,-0.371253518278355,-7.5087460522182,"edge",3,599
-0.337593605901589,-0.378814681397448,-7.34349802825284,"edge",3,600
-0.77799180641665,-0.398590240985966,-7.79833523901592,"edge",3,601
-0.77799180641665,-0.398590240985966,-7.79833523901592,"edge",3,602
-0.77799180641665,-0.398590240985966,-7.79833523901592,"edge",3,603
-0.444888446457887,-0.413049430714028,-7.60457327977864,"edge",3,604
-0.933343870658738,-0.665758381954176,-8.10791952126316,"edge",3,605
-1.42403146978913,-0.851796185204496,-7.9531758965159,"edge",3,606
-1.39377587032902,-0.709319712992551,-7.79698749967983,"edge",3,607
-0.789103175797139,-0.834112044528623,-7.5969041049778,"edge",3,608
-0.773742481038746,-0.63924271490237,-8.02221181862118,"edge",3,609
-0.427108963923471,-0.610096751078846,-7.25715964001194,"edge",3,610
-0.4769837641983,-0.872800386845416,-7.41292945468591,"edge",3,611
-0.302584742779731,-0.583285569819223,-7.30803047243772,"edge",3,612
-0.652892670378378,-0.67133654709385,-7.78157592170016,"edge",3,613
-0.652892670378378,-0.67133654709385,-7.78157592170016,"edge",3,614
-0.652892670378378,-0.67133654709385,-7.78157592170016,"edge",3,615
-0.730267141430392,-0.465756919932024,-7.63022642505837,"edge",3,616
-0.583446109518612,-0.617487340864048,-7.57912824850825,"edge",3,617
-0.583446109518612,-0.617487340864048,-7.57912824850825,"edge",3,618
-0.583446109518612,-0.617487340864048,-7.57912824850825,"edge",3,619
-0.583446109518612,-0.617487340864048,-7.57912824850825,"edge",3,620
-0.583446109518612,-0.617487340864048,-7.57912824850825,"edge",3,621
-0.583446109518612,-0.617487340864048,-7.57912824850825,"edge",3,622
-0.583446109518612,-0.617487340864048,-7.57912824850825,"edge",3,623
-0.583446109518612,-0.617487340864048,-7.57912824850825,"edge",3,624
-0.583446109518612,-0.617487340864048,-7.57912824850825,"edge",3,625
-0.583446109518612,-0.617487340864048,-7.57912824850825,"edge",3,626
-0.583446109518612,-0.617487340864048,-7.57912824850825,"edge",3,627
-0.583446109518612,-0.617487340864048,-7.57912824850825,"edge",3,628
-0.988387449458577,-0.916100625869917,-7.49320330590315,"edge",3,629
-0.231088468603593,-0.345342001769729,-7.59309709657667,"edge",3,630
-0.360600932354898,-0.811020189778545,-7.48554617924537,"edge",3,631
-0.692899854080981,-0.657114295050598,-8.02941301314276,"edge",3,632
-0.692899854080981,-0.657114295050598,-8.02941301314276,"edge",3,633
-1.04050315948844,-0.791270481801601,-8.01861056470578,"edge",3,634
-0.718523417973124,-0.817837697386092,-7.7455723622506,"edge",3,635
-0.718523417973124,-0.817837697386092,-7.7455723622506,"edge",3,636
-0.0755719741921275,-0.457962420858473,-7.48473469554663,"edge",3,637
-0.0755719741921275,-0.457962420858473,-7.48473469554663,"edge",3,638
-1.09519334677167,-0.799708476759944,-7.92810138970846,"edge",3,639
0.0672478407722772,-0.259694492057268,-7.95658887725361,"edge",3,640
0.0672478407722772,-0.259694492057268,-7.95658887725361,"edge",3,641
0.0672478407722772,-0.259694492057268,-7.95658887725361,"edge",3,642
0.0672478407722772,-0.259694492057268,-7.95658887725361,"edge",3,643
0.0672478407722772,-0.259694492057268,-7.95658887725361,"edge",3,644
0.0672478407722772,-0.259694492057268,-7.95658887725361,"edge",3,645
-0.013749494418169,-0.486284578147093,-7.65796583422179,"edge",3,646
-0.0151878124081982,-0.329251236221958,-7.63076697966725,"edge",3,647
-0.143066391231279,-0.22554942361525,-7.61599155894053,"edge",3,648
-0.806492457083706,-0.930795666168321,-7.45504799947249,"edge",3,649
-0.806492457083706,-0.930795666168321,-7.45504799947249,"edge",3,650
-0.0879935715952502,-0.332204126825522,-7.4227110424923,"edge",3,651
0.171197092597357,-0.293478718945738,-7.28208414210746,"edge",3,652
-0.436289009064847,-0.568828930536756,-7.15273706407787,"edge",3,653
-0.453217173150997,-0.533809327281315,-7.60283861567818,"edge",3,654
-0.453217173150997,-0.533809327281315,-7.60283861567818,"edge",3,655
-0.453217173150997,-0.533809327281315,-7.60283861567818,"edge",3,656
-0.453217173150997,-0.533809327281315,-7.60283861567818,"edge",3,657
-0.413665509642839,-0.500338232689434,-7.9626825831109,"edge",3,658
-0.821712882119044,-0.692495133219117,-7.57347955883992,"edge",3,659
-0.821712882119044,-0.692495133219117,-7.57347955883992,"edge",3,660
-0.821712882119044,-0.692495133219117,-7.57347955883992,"edge",3,661
-1.23527166734291,-0.946194602166147,-7.55459115245291,"edge",3,662
-1.01092568574223,-0.771631677839283,-7.5444836916834,"edge",3,663
-0.675368357138055,-0.520611678742547,-7.63007210663668,"edge",3,664
-0.565768191841366,-0.70425359740308,-7.70955032902423,"edge",3,665
-1.03469949163862,-0.798121802764681,-7.67711004436953,"edge",3,666
-0.195573477218993,-0.528317172315752,-7.47991965204496,"edge",3,667
-1.40187137181177,-0.85840983141302,-7.72586167868235,"edge",3,668
-1.40187137181177,-0.85840983141302,-7.72586167868235,"edge",3,669
-0.808530958623534,-0.715484042647964,-7.30688231630102,"edge",3,670
-0.808530958623534,-0.715484042647964,-7.30688231630102,"edge",3,671
-0.193787146005033,-0.663663971065535,-7.64786091824182,"edge",3,672
-0.193787146005033,-0.663663971065535,-7.64786091824182,"edge",3,673
-0.193787146005033,-0.663663971065535,-7.64786091824182,"edge",3,674
-0.889091611176616,-0.593953733348476,-7.74685829449058,"edge",3,675
-0.170972272146993,-0.74283099438352,-7.31212160049727,"edge",3,676
-0.0856571556950008,-0.679871885389531,-7.26043307504942,"edge",3,677
-0.0856571556950008,-0.679871885389531,-7.26043307504942,"edge",3,678
-0.0856571556950008,-0.679871885389531,-7.26043307504942,"edge",3,679
-0.346370724000323,-0.578343215022138,-7.64360573580738,"edge",3,680
-0.346370724000323,-0.578343215022138,-7.64360573580738,"edge",3,681
-0.346370724000323,-0.578343215022138,-7.64360573580738,"edge",3,682
-0.977427224492779,-0.529940852109077,-8.06637618755998,"edge",3,683
-1.45855555731173,-0.812301477530356,-7.82442571492828,"edge",3,684
-1.45855555731173,-0.812301477530356,-7.82442571492828,"edge",3,685
-1.14704532585471,-0.643945146784329,-7.6977774510971,"edge",3,686
-1.51277963811483,-0.802308624596382,-7.9047792851654,"edge",3,687
-0.435934762478336,-0.570034131100035,-7.68985466503505,"edge",3,688
-0.290555383341401,-0.488833899498782,-7.73549134409242,"edge",3,689
-1.16581033082064,-0.788475148157913,-7.86090968600452,"edge",3,690
-1.16581033082064,-0.788475148157913,-7.86090968600452,"edge",3,691
0.1048382180197,-0.529174581657983,-7.46696141778136,"edge",3,692
-1.08236411296628,-0.778747875157151,-7.96200472640753,"edge",3,693
-0.894360061008352,-0.667408644016803,-7.80016418923703,"edge",3,694
-0.894360061008352,-0.667408644016803,-7.80016418923703,"edge",3,695
-0.784333090718032,-0.846455815519277,-7.73303985138948,"edge",3,696
-0.675717260969364,-0.782042485344207,-7.49633276010321,"edge",3,697
-0.649278273723748,-0.508243453237158,-7.27054207590075,"edge",3,698
-0.665718264159402,-0.474814057081454,-7.70594657465309,"edge",3,699
-0.714251301095825,-0.535975378027107,-8.00762399819684,"edge",3,700
-0.755165939222176,-0.595390698021727,-7.48841674092394,"edge",4,1
-0.755165939222176,-0.595390698021727,-7.48841674092394,"edge",4,2
-0.593733132381466,-0.844888455328791,-7.51400812471635,"edge",4,3
-0.427145131241847,-0.675757743668704,-7.72552920266753,"edge",4,4
-0.741230168207731,-0.803838720306522,-7.54292658584619,"edge",4,5
-0.741230168207731,-0.803838720306522,-7.54292658584619,"edge",4,6
-0.741230168207731,-0.803838720306522,-7.54292658584619,"edge",4,7
-0.747847474448605,-0.827136485722455,-7.59132148866589,"edge",4,8
-0.388131088015852,-0.744861958086667,-7.58161518198187,"edge",4,9
-0.388131088015852,-0.744861958086667,-7.58161518198187,"edge",4,10
-0.388131088015852,-0.744861958086667,-7.58161518198187,"edge",4,11
-0.539664019404957,-0.492829191970593,-7.4566699688815,"edge",4,12
-0.945031717855479,-0.789153272063759,-7.68596429442116,"edge",4,13
-0.429371491573011,-0.49261852477597,-7.74207076267022,"edge",4,14
-0.430134566638218,-0.402791582921992,-7.6253996340453,"edge",4,15
-0.430134566638218,-0.402791582921992,-7.6253996340453,"edge",4,16
-0.430134566638218,-0.402791582921992,-7.6253996340453,"edge",4,17
-0.93116038013815,-0.882560493806509,-7.51913621869126,"edge",4,18
-0.958673493563339,-0.805376621383949,-7.54491260017445,"edge",4,19
-0.165575381379094,-0.410095614111407,-7.72492925373091,"edge",4,20
-0.165575381379094,-0.410095614111407,-7.72492925373091,"edge",4,21
-0.165575381379094,-0.410095614111407,-7.72492925373091,"edge",4,22
-0.165575381379094,-0.410095614111407,-7.72492925373091,"edge",4,23
-0.44188712664107,-0.697660858655369,-7.59356523348637,"edge",4,24
-0.562299736775104,-0.244219494423246,-8.06574348436156,"edge",4,25
-0.403982938077067,-0.309861609417265,-8.08527670070516,"edge",4,26
-1.09684315838489,-0.487903580356077,-7.87256261777551,"edge",4,27
-1.36528373322235,-0.788028392608894,-7.52904205435766,"edge",4,28
0.0365719236774564,-0.192892655243195,-7.50709129818451,"edge",4,29
-0.54606267412809,-0.331488709277258,-7.68926727763293,"edge",4,30
-1.02989949295653,-0.652370940928355,-7.58232739937698,"edge",4,31
-0.598308561508392,-0.596218852116597,-7.28296363900026,"edge",4,32
-1.00694118385985,-0.713944072387274,-7.8326563349315,"edge",4,33
-0.0976790144091155,-0.436838460422689,-8.09790742626407,"edge",4,34
-0.787253099628597,-0.415726600787136,-8.09906695515866,"edge",4,35
-0.506814712255491,-0.442832647524882,-8.29848999887658,"edge",4,36
-1.27750441148296,-0.708597529898965,-7.83399178770162,"edge",4,37
-1.28043692380953,-0.782553493670272,-7.95776970316897,"edge",4,38
-1.28043692380953,-0.782553493670272,-7.95776970316897,"edge",4,39
-0.810915757408463,-0.589533037850684,-8.01697833477722,"edge",4,40
-1.43499133828906,-0.566423698265887,-7.74076621757402,"edge",4,41
-0.732223947308759,-0.611182020530038,-7.56767811171493,"edge",4,42
-1.02204398183774,-0.817549110233368,-7.61411170713933,"edge",4,43
-1.02204398183774,-0.817549110233368,-7.61411170713933,"edge",4,44
-1.00759593272402,-0.675907687767902,-7.66929842104848,"edge",4,45
-0.767045063213789,-0.853158142935498,-7.56051037103358,"edge",4,46
-0.752478445284602,-0.599416377775863,-7.41323010874342,"edge",4,47
-0.459924459554103,-0.589634908329695,-7.48992210246901,"edge",4,48
-0.459924459554103,-0.589634908329695,-7.48992210246901,"edge",4,49
-0.677553652250619,-0.463123776726998,-7.83108821635948,"edge",4,50
-0.0180722366401586,-0.569719767544068,-7.82550869781129,"edge",4,51
-0.827931498636281,-0.58322446694888,-7.94227671494451,"edge",4,52
-0.827931498636281,-0.58322446694888,-7.94227671494451,"edge",4,53
-0.913669865549906,-0.688762025998253,-7.53516698420421,"edge",4,54
-0.331345817435833,-0.631786597210577,-7.85010584744338,"edge",4,55
-0.0354507820075212,-0.454884590343303,-7.73923406002964,"edge",4,56
-0.730259139112102,-0.430968553597245,-7.87688425073707,"edge",4,57
-1.05757283697146,-0.926907116115707,-7.61913490450656,"edge",4,58
-0.867037558171268,-0.947406018488016,-7.34357895524607,"edge",4,59
-0.90702931796887,-1.0667611244569,-7.22844954533226,"edge",4,60
-0.796886408732113,-1.00312641736189,-7.28243729000906,"edge",4,61
-0.700205188821487,-0.573062968448195,-7.87062644679542,"edge",4,62
-0.181726168961953,-0.274912310634442,-7.5141143915754,"edge",4,63
-1.16402877305128,-0.6394826433531,-7.75153500693681,"edge",4,64
-1.16402877305128,-0.6394826433531,-7.75153500693681,"edge",4,65
-0.856305524831957,-0.696545466863951,-7.4048988155758,"edge",4,66
-1.00397152118821,-0.922559484822322,-7.55062659263103,"edge",4,67
-1.00397152118821,-0.922559484822322,-7.55062659263103,"edge",4,68
-0.403797373625275,-0.563760352222926,-7.38245276050431,"edge",4,69
-0.403797373625275,-0.563760352222926,-7.38245276050431,"edge",4,70
-1.09455372032039,-0.874339284032948,-7.78739859201236,"edge",4,71
-1.11539444566489,-0.771746633378069,-7.9609777218828,"edge",4,72
-0.728021380375703,-0.55671808623236,-7.9909626004735,"edge",4,73
-0.728021380375703,-0.55671808623236,-7.9909626004735,"edge",4,74
-1.3296645398944,-0.618403801413358,-7.80982318465239,"edge",4,75
-1.28409511680378,-0.763849268289507,-7.80708188169485,"edge",4,76
-0.232781902750151,-0.379646316285976,-8.0461684943119,"edge",4,77
-0.151281027037428,-0.204392351507334,-7.99534099285024,"edge",4,78
-0.151281027037428,-0.204392351507334,-7.99534099285024,"edge",4,79
-0.879633855982205,-0.745537241918825,-7.29939737677987,"edge",4,80
-0.355708951223019,-0.497924427668996,-7.32938224800048,"edge",4,81
-0.368274814578167,-0.228199705557432,-7.62687119459711,"edge",4,82
-0.673444364180488,-0.723391903363764,-7.40116308167015,"edge",4,83
-0.742144544356358,-0.593635499577697,-7.77122032216946,"edge",4,84
-0.742144544356358,-0.593635499577697,-7.77122032216946,"edge",4,85
-0.6109479266217,-0.525174874335576,-8.04943161731645,"edge",4,86
-0.0809722973634276,-0.400905057410334,-7.96372170906232,"edge",4,87
-0.0809722973634276,-0.400905057410334,-7.96372170906232,"edge",4,88
-0.58835752960558,-0.700761663842551,-7.9621849739899,"edge",4,89
-0.0907976450220556,-0.519990775446189,-7.45625905628087,"edge",4,90
-0.0907976450220556,-0.519990775446189,-7.45625905628087,"edge",4,91
-0.297114626688079,-0.376576524937882,-7.53837343938533,"edge",4,92
-0.57495406899491,-0.592512028811374,-7.5200746163227,"edge",4,93
-0.57495406899491,-0.592512028811374,-7.5200746163227,"edge",4,94
-0.57495406899491,-0.592512028811374,-7.5200746163227,"edge",4,95
-0.526702515960982,-0.524856144104934,-7.76710701013992,"edge",4,96
-0.526702515960982,-0.524856144104934,-7.76710701013992,"edge",4,97
-0.731713837899461,-0.502439348025366,-8.04476637920873,"edge",4,98
-0.179293685452484,-0.370330889528005,-7.58754652421151,"edge",4,99
-0.179293685452484,-0.370330889528005,-7.58754652421151,"edge",4,100
-0.031734520014248,-0.248026644700017,-7.62364703039173,"edge",4,101
-0.35343170707011,-0.67072222977454,-7.77759680161013,"edge",4,102
-0.424627825205457,-0.660842304337448,-7.37365992065265,"edge",4,103
-0.925053795695662,-0.581936247831108,-7.726476657252,"edge",4,104
-0.401089186161214,-0.69930782061496,-7.61078695019215,"edge",4,105
-0.20879227310311,-0.462585300046127,-7.81809911600357,"edge",4,106
-0.804878021868191,-0.486775227786775,-7.97945625674188,"edge",4,107
-0.804878021868191,-0.486775227786775,-7.97945625674188,"edge",4,108
-0.804878021868191,-0.486775227786775,-7.97945625674188,"edge",4,109
-0.804878021868191,-0.486775227786775,-7.97945625674188,"edge",4,110
-0.963225612392765,-0.703126354084922,-7.95505430414896,"edge",4,111
-0.612795955740339,-0.787782817097109,-7.8114271458061,"edge",4,112
-0.558164407867922,-0.789781915783664,-7.93218378352098,"edge",4,113
-0.702474857325606,-0.786798709434431,-7.41034965245221,"edge",4,114
-0.729059702396199,-0.831692772770547,-7.71454855838828,"edge",4,115
-0.574348142075152,-0.805806493462162,-7.43580217286374,"edge",4,116
-0.574348142075152,-0.805806493462162,-7.43580217286374,"edge",4,117
-0.574348142075152,-0.805806493462162,-7.43580217286374,"edge",4,118
0.0794581868630587,-0.674026980517332,-7.25581582734499,"edge",4,119
-0.700542357024974,-0.838102077452038,-7.49226754873251,"edge",4,120
-0.700542357024974,-0.838102077452038,-7.49226754873251,"edge",4,121
-0.700542357024974,-0.838102077452038,-7.49226754873251,"edge",4,122
-0.730013727977865,-0.641986591494086,-7.91884402471652,"edge",4,123
-0.730013727977865,-0.641986591494086,-7.91884402471652,"edge",4,124
-0.730013727977865,-0.641986591494086,-7.91884402471652,"edge",4,125
-0.973942418595176,-0.893663588338527,-7.64480210120183,"edge",4,126
-0.973942418595176,-0.893663588338527,-7.64480210120183,"edge",4,127
-0.896506538085158,-0.780999975430705,-7.63477140116399,"edge",4,128
-0.896506538085158,-0.780999975430705,-7.63477140116399,"edge",4,129
-1.01163586827456,-0.655881039260268,-7.9248790452289,"edge",4,130
-0.666118656842604,-0.741383859656958,-7.68123953498138,"edge",4,131
-0.262918628507453,-0.47935953126681,-7.72824038919521,"edge",4,132
-0.983102273838118,-0.999913451998958,-7.60750809167422,"edge",4,133
-1.150612820007,-0.948094768608411,-7.55821847004467,"edge",4,134
-0.25981618355399,-0.737768830689187,-7.52861479095006,"edge",4,135
-0.941623736474526,-0.579160083883534,-7.634916453806,"edge",4,136
-1.1601095994266,-0.916985037227485,-7.37963625948124,"edge",4,137
-0.987172859778577,-0.556407652426533,-7.42839329402673,"edge",4,138
-0.833272246439253,-0.389032006039203,-7.80558837732405,"edge",4,139
-0.0887724225888132,-0.609716965281455,-7.60202438730578,"edge",4,140
-0.0887724225888132,-0.609716965281455,-7.60202438730578,"edge",4,141
-0.797959534732281,-0.781019023563509,-7.3870547519282,"edge",4,142
-1.14304690662626,-0.674555996415945,-7.62383857097082,"edge",4,143
-1.14304690662626,-0.674555996415945,-7.62383857097082,"edge",4,144
-1.14304690662626,-0.674555996415945,-7.62383857097082,"edge",4,145
-0.500440837252239,-0.552448128674038,-7.7142817862889,"edge",4,146
-0.0477221255746417,-0.535784023071692,-7.33997006758723,"edge",4,147
-0.0477221255746417,-0.535784023071692,-7.33997006758723,"edge",4,148
-1.14836705257098,-0.44255658409825,-7.79746103983087,"edge",4,149
-0.813846702755363,-0.48098357145128,-8.10288127333861,"edge",4,150
-0.854871990448667,-0.635139504680913,-7.34949030686695,"edge",4,151
-0.712396100614377,-0.777159974246389,-7.98778548799917,"edge",4,152
-0.851006229367122,-0.877961151018934,-7.20798485827179,"edge",4,153
-0.707578195609593,-1.17582912293508,-7.2046239723773,"edge",4,154
-0.742392081427035,-1.18077546159362,-7.37035858065878,"edge",4,155
-0.0397216272238127,-1.02591117381777,-7.41415223631243,"edge",4,156
-0.0397216272238127,-1.02591117381777,-7.41415223631243,"edge",4,157
-0.80571552349171,-1.22055951212546,-7.34123350550811,"edge",4,158
-0.0608456451321557,-0.744196884742105,-7.4863195165973,"edge",4,159
0.00140450344651578,-0.35960347275468,-7.78369896383071,"edge",4,160
-0.00965783167897203,-0.622759928347802,-7.60814159575022,"edge",4,161
-0.621294701660612,-1.05868727811174,-7.61625247792966,"edge",4,162
-0.773620095366658,-0.995997055014302,-7.8797623277884,"edge",4,163
-0.82437683952951,-0.424694845473746,-8.34437428924912,"edge",4,164
-0.492934802119424,-0.27931779327296,-7.66039372312464,"edge",4,165
-0.318007924971877,-0.413143658743428,-7.52036318734214,"edge",4,166
-0.593189189337199,-0.611989912613528,-7.75566224500802,"edge",4,167
-0.593189189337199,-0.611989912613528,-7.75566224500802,"edge",4,168
-0.593189189337199,-0.611989912613528,-7.75566224500802,"edge",4,169
-0.0171085542132872,-0.570442415555016,-7.50873849496739,"edge",4,170
-0.0171085542132872,-0.570442415555016,-7.50873849496739,"edge",4,171
-0.0171085542132872,-0.570442415555016,-7.50873849496739,"edge",4,172
-0.0171085542132872,-0.570442415555016,-7.50873849496739,"edge",4,173
-0.678785709003367,-0.780944024793425,-7.59117454125586,"edge",4,174
-0.910489739888253,-0.737848461006643,-7.62510641312723,"edge",4,175
-0.910489739888253,-0.737848461006643,-7.62510641312723,"edge",4,176
-1.07343768795479,-0.51028563571836,-7.72298423913182,"edge",4,177
-0.792065290858906,-0.610962512697184,-7.74253035334049,"edge",4,178
-0.792065290858906,-0.610962512697184,-7.74253035334049,"edge",4,179
-0.625244182437557,-0.671299826991643,-7.55784839533762,"edge",4,180
-0.625244182437557,-0.671299826991643,-7.55784839533762,"edge",4,181
-0.36849195742067,-0.661084218405563,-7.72337735444996,"edge",4,182
-0.519111526867324,-0.668216436116346,-7.64310665781086,"edge",4,183
-0.519111526867324,-0.668216436116346,-7.64310665781086,"edge",4,184
-0.519111526867324,-0.668216436116346,-7.64310665781086,"edge",4,185
-0.519111526867324,-0.668216436116346,-7.64310665781086,"edge",4,186
-0.519111526867324,-0.668216436116346,-7.64310665781086,"edge",4,187
-0.519111526867324,-0.668216436116346,-7.64310665781086,"edge",4,188
-0.519111526867324,-0.668216436116346,-7.64310665781086,"edge",4,189
-0.38115779180672,-0.740719891914551,-7.79265148260286,"edge",4,190
-0.38115779180672,-0.740719891914551,-7.79265148260286,"edge",4,191
0.125226216891351,-0.360923652844205,-7.82496934726489,"edge",4,192
-0.236128567919798,-0.767322805079721,-7.28939477064751,"edge",4,193
-0.236128567919798,-0.767322805079721,-7.28939477064751,"edge",4,194
-0.236128567919798,-0.767322805079721,-7.28939477064751,"edge",4,195
-0.236128567919798,-0.767322805079721,-7.28939477064751,"edge",4,196
-0.825617177582332,-0.664349158035444,-7.43923786510147,"edge",4,197
-0.906101235732009,-0.796034142993027,-7.37060747341995,"edge",4,198
-0.495979503532092,-0.450884319489325,-7.47845001967104,"edge",4,199
-0.289243340548173,-0.601038429753982,-7.56020705979889,"edge",4,200
-0.438221852770681,-0.377526107673163,-7.78268257677806,"edge",4,201
-0.438221852770681,-0.377526107673163,-7.78268257677806,"edge",4,202
-0.438221852770681,-0.377526107673163,-7.78268257677806,"edge",4,203
-0.260957389014296,-0.299899613271151,-7.62443919498097,"edge",4,204
-0.198296667090376,-0.432656486293917,-7.7844788957101,"edge",4,205
-0.0750635381684852,-0.556205939990481,-7.41061100607144,"edge",4,206
-0.614891433956443,-0.817173051404892,-7.57273730303414,"edge",4,207
-0.951613971146663,-0.594059121473227,-7.64794791702638,"edge",4,208
-0.951613971146663,-0.594059121473227,-7.64794791702638,"edge",4,209
-0.754711668924,-0.465752285720521,-7.86028876785558,"edge",4,210
-0.00273628343553722,-0.268685858336887,-7.43111792511922,"edge",4,211
-0.419112163874109,-0.45594622184738,-7.4151969018393,"edge",4,212
-0.57843821941647,-0.472114089710905,-7.30974762960993,"edge",4,213
-0.0248092023739049,-0.191797260517299,-7.57276459547855,"edge",4,214
-0.763230787693226,-0.837608521660151,-7.35265294923697,"edge",4,215
-0.763230787693226,-0.837608521660151,-7.35265294923697,"edge",4,216
-0.636158893524081,-0.768716081259771,-7.33263386637958,"edge",4,217
-0.553877266012575,-0.312415764805087,-7.96978334566456,"edge",4,218
-0.553877266012575,-0.312415764805087,-7.96978334566456,"edge",4,219
-0.553877266012575,-0.312415764805087,-7.96978334566456,"edge",4,220
-0.553877266012575,-0.312415764805087,-7.96978334566456,"edge",4,221
-0.553877266012575,-0.312415764805087,-7.96978334566456,"edge",4,222
-0.553877266012575,-0.312415764805087,-7.96978334566456,"edge",4,223
-0.553877266012575,-0.312415764805087,-7.96978334566456,"edge",4,224
-0.677991460927019,-0.807262468568237,-7.39058977058836,"edge",4,225
-0.381593973074905,-0.762787144055769,-7.61802998319401,"edge",4,226
-0.459905621304923,-0.64984575150633,-7.93548846180426,"edge",4,227
-0.162372555899453,-0.718826703262571,-7.4588753082488,"edge",4,228
-0.162372555899453,-0.718826703262571,-7.4588753082488,"edge",4,229
-0.162372555899453,-0.718826703262571,-7.4588753082488,"edge",4,230
-0.487590741250068,-0.552853869542697,-7.53452936627125,"edge",4,231
-0.487590741250068,-0.552853869542697,-7.53452936627125,"edge",4,232
-0.178284344114432,-0.543331400671474,-7.74196270598887,"edge",4,233
-0.178284344114432,-0.543331400671474,-7.74196270598887,"edge",4,234
-0.403227867186568,-0.286172730899325,-7.99752202742854,"edge",4,235
-0.756512074671822,-0.437790456923819,-7.79000297015901,"edge",4,236
-0.648345676339436,-0.470811640294375,-8.06826096862317,"edge",4,237
-0.648345676339436,-0.470811640294375,-8.06826096862317,"edge",4,238
-1.13250095369871,-0.63913014425241,-7.79012697851362,"edge",4,239
-0.287665889025273,-0.675591184593949,-7.49497235397038,"edge",4,240
-0.362135990410888,-0.410624247104611,-7.60955420834379,"edge",4,241
-0.362135990410888,-0.410624247104611,-7.60955420834379,"edge",4,242
-0.362135990410888,-0.410624247104611,-7.60955420834379,"edge",4,243
-0.362135990410888,-0.410624247104611,-7.60955420834379,"edge",4,244
-0.362135990410888,-0.410624247104611,-7.60955420834379,"edge",4,245
0.0775661824186286,-0.333166033653427,-7.74650330355975,"edge",4,246
0.0775661824186286,-0.333166033653427,-7.74650330355975,"edge",4,247
-0.5994418804687,-0.705101287043034,-7.41298665692561,"edge",4,248
-0.5994418804687,-0.705101287043034,-7.41298665692561,"edge",4,249
-0.5994418804687,-0.705101287043034,-7.41298665692561,"edge",4,250
-0.5994418804687,-0.705101287043034,-7.41298665692561,"edge",4,251
-0.5994418804687,-0.705101287043034,-7.41298665692561,"edge",4,252
-0.5994418804687,-0.705101287043034,-7.41298665692561,"edge",4,253
-0.5994418804687,-0.705101287043034,-7.41298665692561,"edge",4,254
-0.5994418804687,-0.705101287043034,-7.41298665692561,"edge",4,255
-0.547567187125444,-0.572103821417035,-7.50149591235694,"edge",4,256
-0.547567187125444,-0.572103821417035,-7.50149591235694,"edge",4,257
-0.744785080980951,-0.752029764430312,-7.57937237076451,"edge",4,258
-0.744785080980951,-0.752029764430312,-7.57937237076451,"edge",4,259
-0.744785080980951,-0.752029764430312,-7.57937237076451,"edge",4,260
-0.744785080980951,-0.752029764430312,-7.57937237076451,"edge",4,261
-0.744785080980951,-0.752029764430312,-7.57937237076451,"edge",4,262
-0.760400560891711,-0.684108735831039,-7.66773408083717,"edge",4,263
-0.760400560891711,-0.684108735831039,-7.66773408083717,"edge",4,264
-0.760400560891711,-0.684108735831039,-7.66773408083717,"edge",4,265
-0.760400560891711,-0.684108735831039,-7.66773408083717,"edge",4,266
-0.760400560891711,-0.684108735831039,-7.66773408083717,"edge",4,267
-0.833632896902056,-0.524762628424597,-7.97637318572098,"edge",4,268
-1.17427925765001,-0.838835357247088,-7.42867930496327,"edge",4,269
-0.849925207440905,-0.757045673743466,-7.45523397645458,"edge",4,270
-0.849925207440905,-0.757045673743466,-7.45523397645458,"edge",4,271
-0.849925207440905,-0.757045673743466,-7.45523397645458,"edge",4,272
-0.286834161754567,-0.556232001102517,-7.73953904901977,"edge",4,273
-0.325809256849844,-0.655744905355735,-7.53048535154399,"edge",4,274
-0.325809256849844,-0.655744905355735,-7.53048535154399,"edge",4,275
-0.325809256849844,-0.655744905355735,-7.53048535154399,"edge",4,276
-0.807330711099288,-0.981549544734608,-7.52216138447723,"edge",4,277
-0.577832302813301,-0.493729284056246,-7.66117887687645,"edge",4,278
-0.793319516332712,-0.643168828123897,-7.33639762335718,"edge",4,279
-0.793319516332712,-0.643168828123897,-7.33639762335718,"edge",4,280
0.0378430428456287,-0.372974160768031,-7.50691972884539,"edge",4,281
-0.139111878582067,-0.369397203006312,-7.70962807783938,"edge",4,282
0.0233670091642674,-0.564337706967983,-7.66639599178665,"edge",4,283
-0.134957516416592,-0.289255020565242,-7.63849677588672,"edge",4,284
-0.321009961193711,-0.286513660389716,-7.72513356965324,"edge",4,285
-0.321009961193711,-0.286513660389716,-7.72513356965324,"edge",4,286
-0.321009961193711,-0.286513660389716,-7.72513356965324,"edge",4,287
-1.04626707774311,-0.678336262685613,-7.89031816709589,"edge",4,288
-1.04626707774311,-0.678336262685613,-7.89031816709589,"edge",4,289
-0.0230154342470106,-0.34166600604327,-7.73231316084798,"edge",4,290
-0.69697701596211,-0.618507841294261,-7.65494071241504,"edge",4,291
-0.69697701596211,-0.618507841294261,-7.65494071241504,"edge",4,292
-0.69697701596211,-0.618507841294261,-7.65494071241504,"edge",4,293
-0.69697701596211,-0.618507841294261,-7.65494071241504,"edge",4,294
-0.926601175094523,-0.744290263296253,-7.99880036279611,"edge",4,295
-0.914186224048039,-0.615645261401311,-7.8426270046587,"edge",4,296
-0.914186224048039,-0.615645261401311,-7.8426270046587,"edge",4,297
-0.579023856006063,-0.783466926924653,-7.54965462456811,"edge",4,298
-0.822894728459508,-0.467229277552471,-7.59728796278431,"edge",4,299
-0.822894728459508,-0.467229277552471,-7.59728796278431,"edge",4,300
0.0162445694826704,-0.436552050051288,-7.71935611663686,"edge",4,301
0.0162445694826704,-0.436552050051288,-7.71935611663686,"edge",4,302
0.0162445694826704,-0.436552050051288,-7.71935611663686,"edge",4,303
0.0162445694826704,-0.436552050051288,-7.71935611663686,"edge",4,304
-0.834928964590315,-0.826630496778078,-7.30404431933832,"edge",4,305
-0.834928964590315,-0.826630496778078,-7.30404431933832,"edge",4,306
-0.912925467434479,-0.697654038273311,-7.50161126768572,"edge",4,307
-0.912925467434479,-0.697654038273311,-7.50161126768572,"edge",4,308
-0.912925467434479,-0.697654038273311,-7.50161126768572,"edge",4,309
-0.595094070987177,-0.485041891855949,-7.63772323805375,"edge",4,310
-0.521711426306163,-0.380740101127744,-7.56823133446444,"edge",4,311
-0.410125439937714,-0.397968636811387,-7.83225431986004,"edge",4,312
-0.537508512714639,-0.538260953152062,-8.06802587616755,"edge",4,313
-0.537508512714639,-0.538260953152062,-8.06802587616755,"edge",4,314
-0.966790404539272,-0.472215772870169,-7.86604043060578,"edge",4,315
-0.605742543072905,-0.425709833051043,-8.01348075726484,"edge",4,316
-0.542313367988773,-0.337306496472803,-7.34712648767626,"edge",4,317
-0.66435619682336,-0.196783879884619,-7.51217473497449,"edge",4,318
-0.107911244021693,-0.180073137417021,-8.04937228610237,"edge",4,319
-0.281949947835712,-0.0816441014073634,-7.84961992802522,"edge",4,320
-1.46511361980156,-0.542704118964826,-7.93156598008925,"edge",4,321
-0.782086301892458,-0.464665820274918,-7.47903977938454,"edge",4,322
-0.782086301892458,-0.464665820274918,-7.47903977938454,"edge",4,323
-1.28137182701856,-0.679757499871996,-7.86997249391372,"edge",4,324
-1.28137182701856,-0.679757499871996,-7.86997249391372,"edge",4,325
-0.479553380511888,-0.804784891872217,-7.89742066657754,"edge",4,326
-0.954241435197027,-0.938956226175904,-7.6440941643188,"edge",4,327
-0.212162009131879,-0.770136650712555,-7.42199710851167,"edge",4,328
-0.212162009131879,-0.770136650712555,-7.42199710851167,"edge",4,329
-0.266361389161846,-0.503838812457594,-7.72849967329299,"edge",4,330
-0.266361389161846,-0.503838812457594,-7.72849967329299,"edge",4,331
-0.266361389161846,-0.503838812457594,-7.72849967329299,"edge",4,332
-0.406234068425184,-0.706239441895552,-7.60662178895078,"edge",4,333
-1.06067068215013,-0.769805126582744,-7.43827491911218,"edge",4,334
-0.634243377856551,-0.508991901783019,-7.54988718025227,"edge",4,335
0.0421512380930039,-0.452412466436166,-7.3509047088681,"edge",4,336
0.106171546545874,-0.524065703144991,-7.89992824719321,"edge",4,337
0.106171546545874,-0.524065703144991,-7.89992824719321,"edge",4,338
0.106171546545874,-0.524065703144991,-7.89992824719321,"edge",4,339
-0.063554189236865,-0.496428001597798,-7.9713983687711,"edge",4,340
-0.063554189236865,-0.496428001597798,-7.9713983687711,"edge",4,341
-0.0171883354319843,-0.305238595199157,-7.71937749330845,"edge",4,342
-0.0171883354319843,-0.305238595199157,-7.71937749330845,"edge",4,343
-0.0171883354319843,-0.305238595199157,-7.71937749330845,"edge",4,344
-0.714536599402724,-0.648543171695195,-7.58527686551504,"edge",4,345
-0.714536599402724,-0.648543171695195,-7.58527686551504,"edge",4,346
-0.54353590352991,-0.402902111805929,-7.98873248468247,"edge",4,347
-1.47828019034891,-0.434721286243659,-8.07354362812122,"edge",4,348
-0.156705548313527,-0.320229198702586,-7.20528873961075,"edge",4,349
-0.862505493736459,-1.05029731120835,-7.04825966718266,"edge",4,350
-0.652828537889551,-0.63748151106179,-7.5553045845983,"edge",4,351
-0.652828537889551,-0.63748151106179,-7.5553045845983,"edge",4,352
-0.652828537889551,-0.63748151106179,-7.5553045845983,"edge",4,353
-0.652828537889551,-0.63748151106179,-7.5553045845983,"edge",4,354
-0.652828537889551,-0.63748151106179,-7.5553045845983,"edge",4,355
-0.652828537889551,-0.63748151106179,-7.5553045845983,"edge",4,356
-0.652828537889551,-0.63748151106179,-7.5553045845983,"edge",4,357
-0.652828537889551,-0.63748151106179,-7.5553045845983,"edge",4,358
-0.652828537889551,-0.63748151106179,-7.5553045845983,"edge",4,359
-0.579889553658317,-0.516695664771288,-7.70513332802349,"edge",4,360
-0.592901787126767,-0.555785015182667,-7.77894025212959,"edge",4,361
-0.592901787126767,-0.555785015182667,-7.77894025212959,"edge",4,362
-0.964267748433998,-0.492879643894956,-7.87642602735772,"edge",4,363
-0.235030474371651,-0.522537441722898,-7.47841412909415,"edge",4,364
-0.42391324700964,-0.53500317479659,-7.5396873357817,"edge",4,365
-0.42391324700964,-0.53500317479659,-7.5396873357817,"edge",4,366
-0.42391324700964,-0.53500317479659,-7.5396873357817,"edge",4,367
-0.42391324700964,-0.53500317479659,-7.5396873357817,"edge",4,368
-0.42391324700964,-0.53500317479659,-7.5396873357817,"edge",4,369
-0.42391324700964,-0.53500317479659,-7.5396873357817,"edge",4,370
-0.42391324700964,-0.53500317479659,-7.5396873357817,"edge",4,371
-0.42391324700964,-0.53500317479659,-7.5396873357817,"edge",4,372
-0.504867814303291,-0.483896913868264,-7.88298710252581,"edge",4,373
-0.504867814303291,-0.483896913868264,-7.88298710252581,"edge",4,374
-0.504867814303291,-0.483896913868264,-7.88298710252581,"edge",4,375
-0.101527359406819,-0.29010887998932,-7.52281273829444,"edge",4,376
-0.747212458618403,-0.548619407107353,-7.87380970824847,"edge",4,377
-0.747212458618403,-0.548619407107353,-7.87380970824847,"edge",4,378
-0.413179525011269,-0.498592601503306,-8.00337278144007,"edge",4,379
-0.00342413901350053,-0.433695833607335,-7.84462921823113,"edge",4,380
-0.00342413901350053,-0.433695833607335,-7.84462921823113,"edge",4,381
-0.00342413901350053,-0.433695833607335,-7.84462921823113,"edge",4,382
-0.740485574925241,-0.524190575904008,-7.35936186541947,"edge",4,383
-0.520533336814226,-0.608000127343958,-7.36703276205082,"edge",4,384
-0.618407416079846,-0.747883910269749,-7.5902067943423,"edge",4,385
-0.618407416079846,-0.747883910269749,-7.5902067943423,"edge",4,386
-0.821144514783251,-0.743054070434696,-7.75824670894874,"edge",4,387
-0.411186631349202,-0.412536442691139,-8.02280985894588,"edge",4,388
-0.243883921983838,-0.457287136163831,-7.717362075263,"edge",4,389
-0.243883921983838,-0.457287136163831,-7.717362075263,"edge",4,390
-0.243883921983838,-0.457287136163831,-7.717362075263,"edge",4,391
-0.243883921983838,-0.457287136163831,-7.717362075263,"edge",4,392
-0.243883921983838,-0.457287136163831,-7.717362075263,"edge",4,393
-0.243883921983838,-0.457287136163831,-7.717362075263,"edge",4,394
-0.142209325737358,-0.571929110687001,-7.82990208180611,"edge",4,395
-0.663903327960752,-0.72542311028477,-7.68286644596963,"edge",4,396
-0.663903327960752,-0.72542311028477,-7.68286644596963,"edge",4,397
-0.966755228458811,-0.713761186166474,-7.20027636728756,"edge",4,398
-0.966755228458811,-0.713761186166474,-7.20027636728756,"edge",4,399
-0.593305183906689,-0.694599383593215,-7.2084746648008,"edge",4,400
-0.496392213824542,-0.7324094246986,-7.28267567840626,"edge",4,401
-1.07236042428131,-0.860762313004858,-7.29499118531843,"edge",4,402
-1.10548156969545,-0.684490691894256,-7.42938423535907,"edge",4,403
0.140539103215445,-0.443053718169319,-7.53943362259029,"edge",4,404
0.0977524728793358,-0.606147090598618,-7.59851213865621,"edge",4,405
0.0977524728793358,-0.606147090598618,-7.59851213865621,"edge",4,406
-0.389376725758642,-0.496843768881652,-7.61134541566904,"edge",4,407
-0.274451883396023,-0.493178319055315,-7.86470118027849,"edge",4,408
-0.784730394624451,-0.624249371019115,-8.07503546937494,"edge",4,409
-1.04042819626122,-0.587944732583791,-8.12828859916663,"edge",4,410
-0.992140309657329,-0.999826516562928,-7.56740730024571,"edge",4,411
-0.579148654350026,-0.881132605926103,-7.48193996803272,"edge",4,412
-0.588673717132561,-0.75630386559512,-7.45493111130957,"edge",4,413
-0.474940724659527,-0.794859798761318,-7.81197188739921,"edge",4,414
-0.693411618529619,-0.677125437415346,-7.58299628550475,"edge",4,415
0.131939833297056,-0.382979748978203,-7.55926564983779,"edge",4,416
0.131939833297056,-0.382979748978203,-7.55926564983779,"edge",4,417
-0.416294108024911,-0.480091710036444,-7.45417467278217,"edge",4,418
-0.482831088061455,-0.552526798454602,-7.9189952152441,"edge",4,419
-0.148850704586517,-0.575409137682466,-7.5782762570023,"edge",4,420
-0.536517495906897,-0.46698914000642,-7.51858641150956,"edge",4,421
-0.391619709542444,-0.445380696285332,-7.56494017566081,"edge",4,422
0.115484942765469,-0.2706333507466,-7.70718624511315,"edge",4,423
-0.653404433372109,-0.596656274263134,-7.97814114634905,"edge",4,424
-0.347099164459771,-0.823720903786173,-7.71536586113322,"edge",4,425
-0.347099164459771,-0.823720903786173,-7.71536586113322,"edge",4,426
0.168656857646616,-0.452199705240262,-7.62249595795458,"edge",4,427
-0.20237147463956,-0.643749942011268,-7.4509513679927,"edge",4,428
-0.20237147463956,-0.643749942011268,-7.4509513679927,"edge",4,429
-0.872870904125056,-0.534154500265464,-7.79971601063265,"edge",4,430
-0.19962117847618,-0.387636847728986,-7.35416144915645,"edge",4,431
-0.696452872734477,-0.436980821139308,-7.67559438253626,"edge",4,432
-0.546889790298576,-0.398670055032535,-7.78027272361466,"edge",4,433
5.82992125300885e-05,-0.683602973919956,-7.09555066144193,"edge",4,434
0.135700678750901,-0.208881594660608,-7.53562530969404,"edge",4,435
0.135700678750901,-0.208881594660608,-7.53562530969404,"edge",4,436
-0.732208304039216,-0.812695610169665,-7.71826526462543,"edge",4,437
-0.732208304039216,-0.812695610169665,-7.71826526462543,"edge",4,438
-0.700632934622011,-0.616526459841831,-7.7566250085216,"edge",4,439
-0.700632934622011,-0.616526459841831,-7.7566250085216,"edge",4,440
-0.701462408295944,-0.644661757391105,-7.75496584814758,"edge",4,441
-0.587929271084169,-0.60581837430852,-7.67555229555508,"edge",4,442
-0.587929271084169,-0.60581837430852,-7.67555229555508,"edge",4,443
-0.587929271084169,-0.60581837430852,-7.67555229555508,"edge",4,444
-0.560163263650141,-0.618144891647244,-7.3728567393793,"edge",4,445
-0.227940797087835,-0.362816071821849,-7.3731906192585,"edge",4,446
-0.0888632149412389,-0.369410377911357,-7.31787185478066,"edge",4,447
0.0879224085133019,-0.299837712478214,-7.78206545073851,"edge",4,448
-0.900049273577144,-0.950909419800524,-7.40377320693172,"edge",4,449
-0.79496481250368,-0.881627292145535,-7.34896770463564,"edge",4,450
-0.83364671926457,-0.794864185716577,-7.4372156729615,"edge",4,451
-0.996853705577453,-0.792382730433735,-7.79657659185487,"edge",4,452
-0.996853705577453,-0.792382730433735,-7.79657659185487,"edge",4,453
-0.996853705577453,-0.792382730433735,-7.79657659185487,"edge",4,454
-0.996853705577453,-0.792382730433735,-7.79657659185487,"edge",4,455
-0.996853705577453,-0.792382730433735,-7.79657659185487,"edge",4,456
-0.148999947707551,-0.590069010703535,-7.121030785146,"edge",4,457
-0.167881682654357,-0.503105375452551,-7.54896714408844,"edge",4,458
-0.960445022975753,-0.884785587326177,-7.542399374035,"edge",4,459
-0.27515573779557,-0.663520932859559,-7.40693377467344,"edge",4,460
-0.270463561682511,-0.643998450205794,-7.75388014140147,"edge",4,461
-0.621656801904699,-0.848110013844668,-7.92296654365765,"edge",4,462
-0.648043920902743,-0.803114200748759,-7.55777218321085,"edge",4,463
-0.337801526070693,-0.561297531662716,-7.58674873612463,"edge",4,464
-0.337801526070693,-0.561297531662716,-7.58674873612463,"edge",4,465
0.0804980811710525,-0.430925684791219,-7.69701505940315,"edge",4,466
-0.69067120515652,-0.922198982506347,-7.43408336775403,"edge",4,467
-0.626762404931912,-0.855424221795021,-7.40250035986856,"edge",4,468
-0.334455346415116,-0.566909143925119,-7.47958189883394,"edge",4,469
-0.39433929931876,-0.358620517837441,-8.12974306562671,"edge",4,470
-0.136410116071868,-0.160474416492584,-7.91126853093174,"edge",4,471
-0.629693980835474,-0.355475723633882,-8.17468326440065,"edge",4,472
-0.675269348980989,-0.382697070805932,-7.62054859422394,"edge",4,473
-0.0866635267143252,-0.388266095208045,-7.56741403185049,"edge",4,474
-0.263229742154345,-0.490735075292837,-7.75665575157811,"edge",4,475
-0.150398101422193,-0.450476624458744,-7.66916913691272,"edge",4,476
-0.476234545390251,-0.469219784282391,-7.41217986578563,"edge",4,477
-0.524477003202949,-0.331535512998276,-7.83384013005704,"edge",4,478
-1.18283886966922,-0.756080173507478,-7.52409458825072,"edge",4,479
-0.304585680922262,-0.40418671782009,-7.3906164177451,"edge",4,480
-0.817834015865251,-0.601857269819498,-7.74391342010785,"edge",4,481
-0.903791238141175,-0.692269737024092,-7.84213685819504,"edge",4,482
-0.734756544597051,-0.706896079111792,-7.59694480152188,"edge",4,483
-0.734756544597051,-0.706896079111792,-7.59694480152188,"edge",4,484
-0.828068068767381,-0.56105680963359,-7.85636784204286,"edge",4,485
-0.663446203566713,-0.521822578997849,-7.91831786521534,"edge",4,486
-0.899382494852518,-0.796380304432927,-8.10303546755098,"edge",4,487
-0.899382494852518,-0.796380304432927,-8.10303546755098,"edge",4,488
-0.689489863520331,-0.637605781012422,-8.03808394912566,"edge",4,489
-0.689489863520331,-0.637605781012422,-8.03808394912566,"edge",4,490
-1.03280495329849,-0.687024907611635,-7.74831065214994,"edge",4,491
-0.526669344524627,-0.636528084275417,-7.46076902576534,"edge",4,492
-0.526669344524627,-0.636528084275417,-7.46076902576534,"edge",4,493
-0.444552168624989,-0.411695463222381,-7.49334460561725,"edge",4,494
-0.639361534211667,-0.66296847251181,-7.5766076395979,"edge",4,495
-0.674196857563177,-0.646703175174212,-7.49080165303602,"edge",4,496
-0.385134565351608,-0.434757604700065,-7.70003905071158,"edge",4,497
-0.385134565351608,-0.434757604700065,-7.70003905071158,"edge",4,498
-0.385134565351608,-0.434757604700065,-7.70003905071158,"edge",4,499
-0.385134565351608,-0.434757604700065,-7.70003905071158,"edge",4,500
-0.384493815715845,-0.384219920952238,-7.97157307613454,"edge",4,501
-0.384493815715845,-0.384219920952238,-7.97157307613454,"edge",4,502
0.0660491316209201,-0.250701433952591,-7.80038092681019,"edge",4,503
-0.702063780275403,-0.540369365954568,-7.77232879636615,"edge",4,504
-0.702063780275403,-0.540369365954568,-7.77232879636615,"edge",4,505
-0.345438851687737,-0.577779822409055,-7.44583864726113,"edge",4,506
-0.345438851687737,-0.577779822409055,-7.44583864726113,"edge",4,507
-0.605817454767718,-0.768731894117012,-7.54068561695193,"edge",4,508
-0.27559451796375,-0.489374229037419,-7.71482891686457,"edge",4,509
-1.26807877647899,-0.79672289749399,-7.55032683499614,"edge",4,510
-0.910093622539444,-0.611521810495023,-7.75879577137925,"edge",4,511
-0.0679298927913122,-0.525111091752505,-7.7531565994652,"edge",4,512
-0.31321148304647,-0.465694678667839,-7.47909760472061,"edge",4,513
-0.737357467217544,-0.716149093079312,-7.42700547316651,"edge",4,514
-0.737357467217544,-0.716149093079312,-7.42700547316651,"edge",4,515
-0.868563568399855,-0.834939754646801,-7.55310476565695,"edge",4,516
-0.868563568399855,-0.834939754646801,-7.55310476565695,"edge",4,517
-1.07034135085154,-0.838582183397309,-7.95380100801752,"edge",4,518
-1.063336400501,-0.833077025043437,-7.52592365149069,"edge",4,519
-1.063336400501,-0.833077025043437,-7.52592365149069,"edge",4,520
-1.063336400501,-0.833077025043437,-7.52592365149069,"edge",4,521
-0.869761881740618,-0.890696630584357,-7.64686632340212,"edge",4,522
-0.589679940912567,-0.518902546824452,-7.46602221726799,"edge",4,523
-0.277474109027187,-0.411387572984331,-8.10210093389494,"edge",4,524
-0.630323822664207,-0.535326512837595,-7.72547427044896,"edge",4,525
-1.1210547938548,-0.891050572307766,-7.62867319537205,"edge",4,526
-0.449148280005087,-0.45579838042673,-7.55497847313761,"edge",4,527
-0.152340566369319,-0.511348744806145,-7.83256581087462,"edge",4,528
-0.740770957052615,-0.497328077629801,-7.76192220679485,"edge",4,529
0.137243365738699,-0.450593128392608,-7.82112843974349,"edge",4,530
-0.454115573291971,-0.557504544811309,-7.91639284337065,"edge",4,531
-0.756725099521121,-0.753534171952637,-7.811190291699,"edge",4,532
-0.756725099521121,-0.753534171952637,-7.811190291699,"edge",4,533
-0.756725099521121,-0.753534171952637,-7.811190291699,"edge",4,534
-0.756725099521121,-0.753534171952637,-7.811190291699,"edge",4,535
-0.509099297327205,-0.770693792575258,-7.41553480014548,"edge",4,536
-0.509099297327205,-0.770693792575258,-7.41553480014548,"edge",4,537
-0.164166044893594,-0.558202806356042,-7.57234674559544,"edge",4,538
-0.390881432359838,-0.429368532838495,-7.61731656585977,"edge",4,539
-0.048765902800381,-0.57262905988015,-7.60208439640998,"edge",4,540
-0.048765902800381,-0.57262905988015,-7.60208439640998,"edge",4,541
-0.048765902800381,-0.57262905988015,-7.60208439640998,"edge",4,542
-1.21705311046833,-0.666537739239147,-8.13320910536216,"edge",4,543
-0.401943106695006,-0.791364922393231,-7.7542392592781,"edge",4,544
-0.884786795516205,-1.08353016888116,-7.47684607471604,"edge",4,545
-1.23194540258357,-0.964819092011991,-7.99641370190237,"edge",4,546
-0.633625100929292,-0.769528996749203,-7.42080065679352,"edge",4,547
-0.896901675624647,-0.928091836177946,-7.28517836256005,"edge",4,548
-0.896901675624647,-0.928091836177946,-7.28517836256005,"edge",4,549
-0.520980148046567,-0.856784695275116,-7.26823517351616,"edge",4,550
-0.72192038947243,-0.472126227224666,-7.48074884440279,"edge",4,551
0.0935463834720583,-0.153615806617804,-7.42754917884051,"edge",4,552
-0.0632558000933224,-0.580082662340762,-7.18914041348643,"edge",4,553
-0.285385363202232,-0.715100280346789,-7.17512439427547,"edge",4,554
-0.83905814233736,-0.519757942557979,-7.3875923218444,"edge",4,555
-0.451205786388241,-0.599211817250759,-7.98449203923201,"edge",4,556
-1.25654801310526,-0.737358458118405,-8.01162392661585,"edge",4,557
-0.965275270621159,-0.840567572413745,-7.31493042382034,"edge",4,558
-0.965275270621159,-0.840567572413745,-7.31493042382034,"edge",4,559
-0.904619987282228,-0.710976654646507,-7.85893596468744,"edge",4,560
-0.880449828558449,-0.954728503270841,-7.50816335540221,"edge",4,561
-0.880449828558449,-0.954728503270841,-7.50816335540221,"edge",4,562
-1.03932636720703,-0.705337802090022,-7.55213146703362,"edge",4,563
-1.03932636720703,-0.705337802090022,-7.55213146703362,"edge",4,564
-0.650440619071552,-0.708873985758094,-7.52765201319353,"edge",4,565
-0.924898506230924,-0.736595160075326,-7.70608382001404,"edge",4,566
-0.924898506230924,-0.736595160075326,-7.70608382001404,"edge",4,567
-0.727546552535712,-0.700456501892439,-7.57810017971344,"edge",4,568
-0.591041693390599,-0.574370486539332,-7.78324403984605,"edge",4,569
-0.0616132281907359,-0.530576854852178,-7.41467232829436,"edge",4,570
-1.21591390783736,-0.777461485419166,-7.89536348970286,"edge",4,571
-0.632604619329548,-0.759873586263739,-7.51122693822033,"edge",4,572
-0.153874170280636,-0.46257830903081,-7.68506811262086,"edge",4,573
-0.153874170280636,-0.46257830903081,-7.68506811262086,"edge",4,574
-0.878379960831424,-0.386837662872175,-7.76653281612395,"edge",4,575
-0.256155399702277,-0.347522325847299,-7.7655040620188,"edge",4,576
-0.680371333727674,-0.655149514681475,-7.5351545220634,"edge",4,577
-0.315150699153212,-0.679806931452555,-7.19224184097569,"edge",4,578
-0.215054767328314,-0.243735047333494,-7.56953888592234,"edge",4,579
-0.0997667547362252,-0.194054351682356,-7.59147450572375,"edge",4,580
-0.549662958477452,-0.453389766034275,-7.80330233940572,"edge",4,581
-0.408160357806841,-0.784420825830462,-7.33122460678114,"edge",4,582
-0.408160357806841,-0.784420825830462,-7.33122460678114,"edge",4,583
-0.33154863251319,-0.818084696551521,-7.33429640661754,"edge",4,584
-0.332530205645168,-0.595058492812931,-7.65832116369496,"edge",4,585
-0.836958442405726,-0.850907463104176,-7.56165589717867,"edge",4,586
-0.836958442405726,-0.850907463104176,-7.56165589717867,"edge",4,587
-0.836958442405726,-0.850907463104176,-7.56165589717867,"edge",4,588
-0.0417867754171581,-0.483939986840553,-7.85559723940843,"edge",4,589
-0.0417867754171581,-0.483939986840553,-7.85559723940843,"edge",4,590
-0.199933077982964,-0.644537381850243,-7.6906828222152,"edge",4,591
-0.996069517175312,-0.593949296215676,-7.70316139942716,"edge",4,592
-0.280169541236535,-0.532622453142027,-7.49149116190045,"edge",4,593
-0.66286360443143,-0.803743005383846,-7.63675594076722,"edge",4,594
-0.66286360443143,-0.803743005383846,-7.63675594076722,"edge",4,595
-0.937343785043415,-0.771228247370708,-7.64916148718895,"edge",4,596
-0.937343785043415,-0.771228247370708,-7.64916148718895,"edge",4,597
-0.937343785043415,-0.771228247370708,-7.64916148718895,"edge",4,598
-0.937343785043415,-0.771228247370708,-7.64916148718895,"edge",4,599
-0.937343785043415,-0.771228247370708,-7.64916148718895,"edge",4,600
-0.937343785043415,-0.771228247370708,-7.64916148718895,"edge",4,601
-0.365808134502279,-0.483900754734461,-7.80235385275004,"edge",4,602
-1.01679214033648,-0.810754196471903,-7.66338589660234,"edge",4,603
-1.01679214033648,-0.810754196471903,-7.66338589660234,"edge",4,604
-1.01679214033648,-0.810754196471903,-7.66338589660234,"edge",4,605
-1.01679214033648,-0.810754196471903,-7.66338589660234,"edge",4,606
-0.244099075676324,-0.328014034961464,-7.78984438228645,"edge",4,607
0.15453964659736,-0.336680838214631,-7.5047600350112,"edge",4,608
0.144411401034034,-0.609220761418047,-7.44088705177551,"edge",4,609
-0.423124515627209,-0.606877561663221,-7.46204760160533,"edge",4,610
0.0128030483311194,-0.63316315398799,-7.6112707809331,"edge",4,611
-0.679655042059234,-0.490442003775464,-7.61845678737881,"edge",4,612
-0.679655042059234,-0.490442003775464,-7.61845678737881,"edge",4,613
-0.679655042059234,-0.490442003775464,-7.61845678737881,"edge",4,614
-0.320930379070907,-0.633335222514891,-7.3165209436456,"edge",4,615
-0.320930379070907,-0.633335222514891,-7.3165209436456,"edge",4,616
-0.320930379070907,-0.633335222514891,-7.3165209436456,"edge",4,617
-0.320930379070907,-0.633335222514891,-7.3165209436456,"edge",4,618
-0.302446975877943,-0.233617283079428,-7.97453591432988,"edge",4,619
-0.302446975877943,-0.233617283079428,-7.97453591432988,"edge",4,620
-0.302446975877943,-0.233617283079428,-7.97453591432988,"edge",4,621
-0.302446975877943,-0.233617283079428,-7.97453591432988,"edge",4,622
0.104536943285375,-0.27022367383526,-7.80872160774603,"edge",4,623
-0.369653549577593,-0.506003192345576,-8.33070492192996,"edge",4,624
-0.391616152236562,-0.564941744741638,-8.30016033598644,"edge",4,625
-0.723870675554579,-0.525812788395641,-8.3051234559662,"edge",4,626
-0.554609496972232,-0.84567846828462,-7.91296907880469,"edge",4,627
-0.674369164434073,-0.561580515977796,-8.2506666392306,"edge",4,628
-1.14988016991473,-0.827617078900016,-7.91324092429579,"edge",4,629
-0.789963793893105,-0.935186942180465,-7.61231504222419,"edge",4,630
-0.845703849605239,-0.642255420603006,-7.68787393780245,"edge",4,631
-0.783197344172033,-0.431176224547137,-7.76426493257582,"edge",4,632
-0.783197344172033,-0.431176224547137,-7.76426493257582,"edge",4,633
-0.783197344172033,-0.431176224547137,-7.76426493257582,"edge",4,634
-1.14298399598103,-0.717806069021726,-7.49645589016393,"edge",4,635
-0.700120380412777,-0.95026091644976,-7.31938883462387,"edge",4,636
-0.539067315884407,-0.869824233040066,-7.67668928397514,"edge",4,637
-1.01191295006461,-0.78101945760753,-7.89956828159638,"edge",4,638
-0.144567026454085,-0.310423850284812,-7.75283711031092,"edge",4,639
-0.862672213910616,-0.540981150089468,-7.59359619654837,"edge",4,640
-1.02271643646328,-0.77519829719288,-7.47643773416509,"edge",4,641
-1.02998607643788,-0.811745525212592,-8.06185903363466,"edge",4,642
-1.06279219696793,-0.655415955306787,-7.6968809871606,"edge",4,643
-0.891105875807055,-0.612633909732291,-7.90459495720775,"edge",4,644
-0.35918536085764,-0.528654776302977,-7.63986082351304,"edge",4,645
-0.583062012797302,-0.633987161875625,-7.48017123252573,"edge",4,646
-0.691616693198264,-0.42652027246943,-7.7656521794564,"edge",4,647
-0.691616693198264,-0.42652027246943,-7.7656521794564,"edge",4,648
-0.691616693198264,-0.42652027246943,-7.7656521794564,"edge",4,649
-0.56242734990092,-0.454594806947943,-7.46825932171896,"edge",4,650
-0.703685268273557,-0.547265829258953,-7.68482674878932,"edge",4,651
-0.703685268273557,-0.547265829258953,-7.68482674878932,"edge",4,652
-0.580700732528643,-0.770177085265001,-7.47259013429045,"edge",4,653
-1.03145923474252,-1.06448259955948,-7.39901721002728,"edge",4,654
-1.03145923474252,-1.06448259955948,-7.39901721002728,"edge",4,655
-1.34462367666707,-0.902788811312891,-7.8470696184568,"edge",4,656
-0.753366819876509,-0.700953979564003,-7.4643201137035,"edge",4,657
-0.291791849724111,-0.749164648473314,-7.42512085404401,"edge",4,658
-0.129652815588089,-0.452787678047363,-7.45779679625458,"edge",4,659
-0.129652815588089,-0.452787678047363,-7.45779679625458,"edge",4,660
0.151341350015979,-0.119186030667963,-7.32690124662634,"edge",4,661
0.0178566185580007,-0.457857384310536,-6.88606437255214,"edge",4,662
-1.01590850092636,-0.482142829482531,-7.14505216860855,"edge",4,663
-0.778438352607576,-0.694135901697142,-8.07803068228645,"edge",4,664
0.126627612222357,-0.694449222557551,-7.54883943817385,"edge",4,665
0.126627612222357,-0.694449222557551,-7.54883943817385,"edge",4,666
0.126627612222357,-0.694449222557551,-7.54883943817385,"edge",4,667
-0.00110458636012289,-0.644073604800028,-7.47899861917164,"edge",4,668
-0.989005327686172,-0.547298362112548,-7.69054524112247,"edge",4,669
-0.598051167179721,-0.545428363856789,-7.90408630287686,"edge",4,670
-0.598051167179721,-0.545428363856789,-7.90408630287686,"edge",4,671
0.0421042548345051,-0.39426846534541,-7.51541704552588,"edge",4,672
-0.202751454108635,-0.425287932355978,-7.97993041970637,"edge",4,673
-0.404271791418286,-0.649045428853709,-7.52992981595595,"edge",4,674
-0.404271791418286,-0.649045428853709,-7.52992981595595,"edge",4,675
-0.276392015286806,-0.671043494987867,-7.66244207190265,"edge",4,676
-0.38054023699349,-0.548007306108189,-7.73767795204093,"edge",4,677
-0.38054023699349,-0.548007306108189,-7.73767795204093,"edge",4,678
-0.547416133880454,-0.326818273625889,-7.63769722128707,"edge",4,679
-0.782715745082695,-0.773799644445461,-7.20549230679099,"edge",4,680
-0.925800820614219,-0.533788517757543,-7.89768359578591,"edge",4,681
-0.141214934342697,-0.367614152747211,-7.42923533859675,"edge",4,682
-0.103939750510826,-0.559016630051501,-7.39412034457088,"edge",4,683
-0.674846234785176,-0.57220999497138,-7.63558537210652,"edge",4,684
-0.674846234785176,-0.57220999497138,-7.63558537210652,"edge",4,685
-0.12185903984203,-0.540538406999024,-7.6976729365317,"edge",4,686
-0.763714627086032,-0.455607737952072,-7.71261044411545,"edge",4,687
-0.763714627086032,-0.455607737952072,-7.71261044411545,"edge",4,688
0.00571270531501888,-0.45117557626813,-7.28786467856867,"edge",4,689
0.00571270531501888,-0.45117557626813,-7.28786467856867,"edge",4,690
0.00571270531501888,-0.45117557626813,-7.28786467856867,"edge",4,691
0.00571270531501888,-0.45117557626813,-7.28786467856867,"edge",4,692
0.00571270531501888,-0.45117557626813,-7.28786467856867,"edge",4,693
-0.762234613621117,-0.524317092156126,-7.57638241797439,"edge",4,694
-0.504621013469091,-0.415550743013453,-7.75551436202545,"edge",4,695
-0.368202171808017,-0.758030489238025,-7.47936250657402,"edge",4,696
-0.458611453378064,-0.716708140877714,-7.64327506449368,"edge",4,697
-0.76141168997312,-0.612154080312054,-7.5446402949746,"edge",4,698
-0.176075189385829,-0.367175111343724,-8.04641462370329,"edge",4,699
-1.03454973733164,-0.559728475969717,-7.52202542466129,"edge",4,700
