"eta","replication","source","seed","source_label","method","RMSE","MAE","Coverage95","Width95","CalibrationMAE","CRPS","NLPD","RMSE_reference","delta_RMSE"
0.001,1,"dipole",20261387,"Positive-negative dipole","RBF",0.034671095599966,0.0165470989841401,0.960737656157049,0.193526303099311,0.122376189767995,0.0188216393833509,-1.46079716706955,0.0404303160741465,-0.0057592204741805
0.001,1,"dipole",20261387,"Positive-negative dipole","Matern 0.5",0.0404303160741465,0.0162992169716845,0.990481856038073,0.476210690309742,0.177080978584176,0.0330914404304153,-1.13361130716008,0.0404303160741465,0
0.001,1,"dipole",20261387,"Positive-negative dipole","Matern 1.5",0.0328717408486437,0.0136986132191847,0.980963712076145,0.30238434881624,0.167962894110648,0.0227479744649741,-1.53807503518714,0.0404303160741465,-0.0075585752255028
0.001,1,"dipole",20261387,"Positive-negative dipole","Matern 2.5",0.0327771659680521,0.0141307149975965,0.979773944080904,0.25765701287652,0.155470330160619,0.0206632777956599,-1.62627594975024,0.0404303160741465,-0.0076531501060944
0.001,1,"edge",20261387,"Moving-edge source","RBF",0.186350318524082,0.122389566943726,0.719809637120761,0.268038123297867,0.206544839381321,0.101144304077574,4.41343365905763,0.166565010313387,0.019785308210695
0.001,1,"edge",20261387,"Moving-edge source","Matern 0.5",0.166565010313387,0.0972323686046807,0.899464604402142,0.576368925067103,0.0958071832242713,0.0827629340418399,-0.372385525701312,0.166565010313387,0
0.001,1,"edge",20261387,"Moving-edge source","Matern 1.5",0.175510944217479,0.107650525313706,0.809637120761452,0.339288147376533,0.0902450178465199,0.0881907584691499,0.862193599850676,0.166565010313387,0.00894593390409201
0.001,1,"edge",20261387,"Moving-edge source","Matern 2.5",0.179252013856681,0.112547140311491,0.787626412849494,0.30046074000795,0.131738176680547,0.0923385526527314,1.91251301609776,0.166565010313387,0.012687003543294
0.001,1,"mixture",20261387,"Broad plus sharp source","RBF",0.0630399187749572,0.0229758995212873,0.889946460440214,0.104663609121002,0.0886685752528257,0.0205450831555869,2.71289230050748,0.0482582640563194,0.0147816547186378
0.001,1,"mixture",20261387,"Broad plus sharp source","Matern 0.5",0.0482582640563194,0.0178565991311151,0.985127900059488,0.283033461171356,0.165332019631172,0.0232473517521426,-1.43823290144434,0.0482582640563194,0
0.001,1,"mixture",20261387,"Broad plus sharp source","Matern 1.5",0.0558574660183909,0.0186057938780581,0.938726948245092,0.153792266422761,0.126384220701963,0.0193279102651242,-0.823092231885197,0.0482582640563194,0.0075992019620715
0.001,1,"mixture",20261387,"Broad plus sharp source","Matern 2.5",0.0587706607200444,0.019878763522088,0.924449732302201,0.130276249903974,0.1100249107674,0.019452372728103,0.0533260747807138,0.0482582640563194,0.010512396663725
0.001,1,"ring",20261387,"Ring-shaped source","RBF",0.160886974086632,0.102671770929139,0.698393813206425,0.285663631440459,0.16728249553837,0.0886361703934701,2.24939919649131,0.158960844162438,0.001926129924194
0.001,1,"ring",20261387,"Ring-shaped source","Matern 0.5",0.158960844162438,0.0967520940991262,0.894705532421178,0.571085176524191,0.0636090868530636,0.0835754481393699,-0.359710649265457,0.158960844162438,0
0.001,1,"ring",20261387,"Ring-shaped source","Matern 1.5",0.158430877776724,0.0988323868432874,0.784057108863772,0.387961680383491,0.112761377156454,0.0841801698423868,0.218884272754301,0.158960844162438,-0.000529966385714009
0.001,1,"ring",20261387,"Ring-shaped source","Matern 2.5",0.159186322462197,0.100013602400641,0.747769185008923,0.34559522855537,0.135366969066032,0.0855111492059297,0.698652820840742,0.158960844162438,0.000225478299758997
0.001,1,"sine",20261387,"Sine-cosine source","RBF",0.0439395961151435,0.0314453041654819,0.273646638905413,0.0308642959882509,0.574480591909578,0.0282107227330282,18.8819226591369,0.0558662799309453,-0.0119266838158018
0.001,1,"sine",20261387,"Sine-cosine source","Matern 0.5",0.0558662799309453,0.0405649092612927,1,0.452377244028738,0.165332019631172,0.0360474999242382,-1.15943222692908,0.0558662799309453,0
0.001,1,"sine",20261387,"Sine-cosine source","Matern 1.5",0.0425264312527649,0.0326043463195474,0.80785246876859,0.111367054477925,0.14140504164188,0.0240480266157558,-1.12235378078075,0.0558662799309453,-0.0133398486781804
0.001,1,"sine",20261387,"Sine-cosine source","Matern 2.5",0.0420500497030838,0.0313229450380958,0.530636525877454,0.0614481849448014,0.398841091612136,0.0255949150286824,2.76674011234286,0.0558662799309453,-0.0138162302278615
0.001,1,"spike",20261387,"Hidden narrow spike","RBF",0.0439663758343615,0.0105624878029911,0.933967876264128,0.0905341933066876,0.135158759666865,0.0128324934062989,-0.583910342601611,0.0454104810961137,-0.0014441052617522
0.001,1,"spike",20261387,"Hidden narrow spike","Matern 0.5",0.0454104810961137,0.0101086644736353,0.969660916121356,0.157470583780822,0.155544690660321,0.0152998690999468,-1.64015859566519,0.0454104810961137,0
0.001,1,"spike",20261387,"Hidden narrow spike","Matern 1.5",0.0442529023247587,0.0104478438439826,0.957168352171327,0.120040618241033,0.141189396192742,0.0138579029382316,-1.43337533829306,0.0454104810961137,-0.001157578771355
0.001,1,"spike",20261387,"Hidden narrow spike","Matern 2.5",0.044086610077253,0.0104897640382258,0.94883997620464,0.10895638745423,0.136794690660321,0.0134620520062663,-1.24305684273412,0.0454104810961137,-0.0013238710188607
0.001,10,"dipole",21161387,"Positive-negative dipole","RBF",0.0347654824941839,0.0169045093937555,0.958953004164188,0.19130908705049,0.12222746876859,0.0187750856428358,-1.4434683582739,0.0404440094934992,-0.0056785269993153
0.001,10,"dipole",21161387,"Positive-negative dipole","Matern 0.5",0.0404440094934992,0.0164427487019867,0.990481856038073,0.476199178669873,0.177229699583581,0.0330913621714799,-1.13357610034628,0.0404440094934992,0
0.001,10,"dipole",21161387,"Positive-negative dipole","Matern 1.5",0.0328993612859845,0.0139234217819457,0.980963712076145,0.301951765749439,0.168260336109459,0.0227289296521245,-1.53880447309456,0.0404440094934992,-0.0075446482075147
0.001,10,"dipole",21161387,"Positive-negative dipole","Matern 2.5",0.032815992608905,0.0143940154886654,0.979773944080904,0.256877975754976,0.155544690660321,0.0206319527482431,-1.62712844168728,0.0404440094934992,-0.0076280168845942
0.001,10,"edge",21161387,"Moving-edge source","RBF",0.188405073961719,0.123155077239368,0.718619869125521,0.27082963995454,0.205206350386675,0.101903000038224,4.28424839131412,0.169173475391905,0.019231598569814
0.001,10,"edge",21161387,"Moving-edge source","Matern 0.5",0.169173475391905,0.0996312778575957,0.898274836406901,0.57878089666523,0.0930558447352766,0.084153983602146,-0.358346635190456,0.169173475391905,0
0.001,10,"edge",21161387,"Moving-edge source","Matern 1.5",0.178212721676464,0.109378458227204,0.806662700773349,0.342524202178602,0.0933681588340274,0.0897343743269618,0.861096772182309,0.169173475391905,0.00903924628455899
0.001,10,"edge",21161387,"Moving-edge source","Matern 2.5",0.181853546638554,0.113998439149928,0.784651992861392,0.303770387633813,0.13181253718025,0.0937422874650581,1.87995519544223,0.169173475391905,0.012680071246649
0.001,10,"mixture",21161387,"Broad plus sharp source","RBF",0.0634150373354448,0.0237881015820404,0.888756692444973,0.10258480312629,0.0810094437834622,0.0212269331973954,2.88249732735008,0.0488238724323015,0.0145911649031433
0.001,10,"mixture",21161387,"Broad plus sharp source","Matern 0.5",0.0488238724323015,0.0188017072475883,0.984533016061868,0.278082088353988,0.1632499256395,0.0233202708162257,-1.43860314301061,0.0488238724323015,0
0.001,10,"mixture",21161387,"Broad plus sharp source","Matern 1.5",0.0562823355060774,0.0199181548232999,0.938132064247472,0.150113630403139,0.116791716240333,0.019805454886269,-0.764338943283377,0.0488238724323015,0.0074584630737759
0.001,10,"mixture",21161387,"Broad plus sharp source","Matern 2.5",0.0591582301656701,0.0210542466093013,0.923854848304581,0.127138336486238,0.100209324806663,0.0200369642433922,0.156007014521699,0.0488238724323015,0.0103343577333686
0.001,10,"ring",21161387,"Ring-shaped source","RBF",0.160240568318247,0.102391699155303,0.694824509220702,0.278364551978474,0.166613251041047,0.0885222487804425,2.44198151381714,0.15805974942129,0.00218081889695701
0.001,10,"ring",21161387,"Ring-shaped source","Matern 0.5",0.15805974942129,0.0964935658962489,0.895300416418798,0.567770721973458,0.0630885633551457,0.0831519046305838,-0.366769092879151,0.15805974942129,0
0.001,10,"ring",21161387,"Ring-shaped source","Matern 1.5",0.157612264055219,0.0985087888142517,0.776323616894706,0.382055360123161,0.114248587150506,0.0838733546460319,0.238452598652805,0.15805974942129,-0.000447485366071004
0.001,10,"ring",21161387,"Ring-shaped source","Matern 2.5",0.158424950763683,0.0997077451631072,0.74360499702558,0.339082238025681,0.136036213563355,0.0852717261123098,0.751029360367171,0.15805974942129,0.000365201342392985
0.001,10,"sine",21161387,"Sine-cosine source","RBF",0.0428669444697572,0.0311334881343277,0.273051754907793,0.0315197420209525,0.586898795359905,0.0276454980526613,17.7420640565459,0.0557001420996789,-0.0128331976299217
0.001,10,"sine",21161387,"Sine-cosine source","Matern 0.5",0.0557001420996789,0.0406011762641369,1,0.45248979335816,0.167562834622249,0.0359707531011499,-1.160191777768,0.0557001420996789,0
0.001,10,"sine",21161387,"Sine-cosine source","Matern 1.5",0.0429270790803916,0.0331212816799661,0.809637120761452,0.112262527216386,0.152038593099346,0.024235063646888,-1.14483415971846,0.0557001420996789,-0.0127730630192873
0.001,10,"sine",21161387,"Sine-cosine source","Matern 2.5",0.0412673655517914,0.0315155051784883,0.547293277810827,0.0643395166126138,0.390438355145747,0.0252399083894669,1.45140805060894,0.0557001420996789,-0.0144327765478875
0.001,10,"spike",21161387,"Hidden narrow spike","RBF",0.0439840508534185,0.010648122075018,0.932778108268888,0.0894091074262231,0.134638236168947,0.012812455755251,-0.523353518398503,0.0454049504717432,-0.0014208996183247
0.001,10,"spike",21161387,"Hidden narrow spike","Matern 0.5",0.0454049504717432,0.0101299490788545,0.969660916121356,0.156768588275403,0.155395969660916,0.0152774484611872,-1.63846060917834,0.0454049504717432,0
0.001,10,"spike",21161387,"Hidden narrow spike","Matern 1.5",0.0442580783544935,0.0105092070167402,0.956573468173706,0.118961364385213,0.140520151695419,0.0138304090825817,-1.41854375581911,0.0454049504717432,-0.0011468721172497
0.001,10,"spike",21161387,"Hidden narrow spike","Matern 2.5",0.044095760362815,0.0105568731789699,0.94883997620464,0.107822692913918,0.136497248661511,0.0134358137312905,-1.21772320160784,0.0454049504717432,-0.0013091901089282
0.001,11,"dipole",21261387,"Positive-negative dipole","RBF",0.0346901114388465,0.0168072594048073,0.959547888161808,0.191881479882755,0.122004387269482,0.0187817114005484,-1.44981750620179,0.0403794568670778,-0.0056893454282313
0.001,11,"dipole",21261387,"Positive-negative dipole","Matern 0.5",0.0403794568670778,0.0163487385982949,0.991076740035693,0.476264638616415,0.177378420582986,0.0330850377711938,-1.13366587924974,0.0403794568670778,0
0.001,11,"dipole",21261387,"Positive-negative dipole","Matern 1.5",0.0328475399623544,0.013819808911097,0.980963712076145,0.301936187777854,0.167962894110648,0.0227223979836509,-1.53932254565506,0.0403794568670778,-0.0075319169047234
0.001,11,"dipole",21261387,"Positive-negative dipole","Matern 2.5",0.0327632566373133,0.0142809199715872,0.979773944080904,0.256923451643412,0.155395969660916,0.0206289790044466,-1.62779865112381,0.0403794568670778,-0.0076162002297645
0.001,11,"edge",21261387,"Moving-edge source","RBF",0.187586747018651,0.123258176618345,0.719214753123141,0.274562186408368,0.200744720404521,0.101631172934304,4.1317588007657,0.167892381425221,0.01969436559343
0.001,11,"edge",21261387,"Moving-edge source","Matern 0.5",0.167892381425221,0.0988900427646835,0.899464604402142,0.583393646538863,0.0975918352171327,0.0835958870089493,-0.366821158868388,0.167892381425221,0
0.001,11,"edge",21261387,"Moving-edge source","Matern 1.5",0.177077345773195,0.109019618688283,0.810826888756692,0.345852457932946,0.0909142623438429,0.0891696643576994,0.817623706060047,0.167892381425221,0.009184964347974
0.001,11,"edge",21261387,"Moving-edge source","Matern 2.5",0.180787731737496,0.113826036114044,0.788816180844735,0.307054377924167,0.131589455681142,0.0932497675043201,1.81018743230816,0.167892381425221,0.012895350312275
0.001,11,"mixture",21261387,"Broad plus sharp source","RBF",0.0634341532623755,0.0236250298378611,0.886972040452112,0.103583633316643,0.0829428167757287,0.0210306005674375,2.8258202665075,0.04817796590776,0.0152561873546155
0.001,11,"mixture",21261387,"Broad plus sharp source","Matern 0.5",0.04817796590776,0.0184694160095848,0.984533016061868,0.281045628623288,0.162208878643665,0.0233634100872734,-1.44128545920883,0.04817796590776,0
0.001,11,"mixture",21261387,"Broad plus sharp source","Matern 1.5",0.0559347128889994,0.0194985916119751,0.940511600237954,0.152403658834728,0.11931997323022,0.019680484223926,-0.816006456512247,0.04817796590776,0.0077567469812394
0.001,11,"mixture",21261387,"Broad plus sharp source","Matern 2.5",0.0589886630601818,0.0207685538086569,0.925639500297442,0.129003285202454,0.102440139797739,0.0198787320114789,0.0810389612402286,0.04817796590776,0.0108106971524218
0.001,11,"ring",21261387,"Ring-shaped source","RBF",0.161140315700428,0.103171301949031,0.694229625223082,0.280892776340831,0.168769705532421,0.0890452069983258,2.40916542021102,0.159000368842766,0.002139946857662
0.001,11,"ring",21261387,"Ring-shaped source","Matern 0.5",0.159000368842766,0.0972589291627511,0.892920880428317,0.566978073227817,0.0633116448542534,0.0836200167115154,-0.357108502752312,0.159000368842766,0
0.001,11,"ring",21261387,"Ring-shaped source","Matern 1.5",0.158565200375014,0.0992958226853239,0.781082688875669,0.383462382197827,0.114099866151101,0.0844079976794397,0.251301518628384,0.159000368842766,-0.00043516846775199
0.001,11,"ring",21261387,"Ring-shaped source","Matern 2.5",0.159366515932182,0.100484558699279,0.74360499702558,0.340991025505661,0.137374702558001,0.0858070662368672,0.75769722754031,0.159000368842766,0.000366147089416013
0.001,11,"sine",21261387,"Sine-cosine source","RBF",0.0428058451427509,0.0309031962518842,0.276026174895895,0.0306897208661183,0.575001115407496,0.0277729436082396,19.9041319393396,0.0562163224533887,-0.0134104773106378
0.001,11,"sine",21261387,"Sine-cosine source","Matern 0.5",0.0562163224533887,0.0414037816864156,1,0.45125249243756,0.166521787626413,0.0360932434404542,-1.16053440950152,0.0562163224533887,0
0.001,11,"sine",21261387,"Sine-cosine source","Matern 1.5",0.0427654836411852,0.0335484631908281,0.80785246876859,0.110736935606836,0.170331276026175,0.0245354144332891,-1.07374464835526,0.0562163224533887,-0.0134508388122035
0.001,11,"sine",21261387,"Sine-cosine source","Matern 2.5",0.041031373844827,0.0315771288192741,0.488399762046401,0.0632026777148499,0.414754238548483,0.0255257063103117,1.96403743013423,0.0562163224533887,-0.0151849486085617
0.001,11,"spike",21261387,"Hidden narrow spike","RBF",0.0439714585444732,0.0104487931774052,0.933372992266508,0.0900679622278308,0.135084399167162,0.0128036016792595,-0.561271577479339,0.0454200132059633,-0.0014485546614901
0.001,11,"spike",21261387,"Hidden narrow spike","Matern 0.5",0.0454200132059633,0.0100262906711127,0.969660916121356,0.157188232917137,0.155544690660321,0.0152775947308885,-1.63929851650434,0.0454200132059633,0
0.001,11,"spike",21261387,"Hidden narrow spike","Matern 1.5",0.044257647466048,0.0103364670427089,0.957168352171327,0.119703210042897,0.141040675193337,0.0138323497020622,-1.42915268058052,0.0454200132059633,-0.00116236573991529
0.001,11,"spike",21261387,"Hidden narrow spike","Matern 2.5",0.0440903219249495,0.0103706551309691,0.94883997620464,0.108594216145994,0.136645969660916,0.0134356151748487,-1.23581761991906,0.0454200132059633,-0.0013296912810138
0.001,12,"dipole",21361387,"Positive-negative dipole","RBF",0.0347075505124217,0.0167886112922994,0.96192742415229,0.193119706013361,0.122599271267103,0.0188322980293925,-1.45744764080027,0.0404405531590524,-0.0057330026466307
0.001,12,"dipole",21361387,"Positive-negative dipole","Matern 0.5",0.0404405531590524,0.016571448092087,0.990481856038073,0.475981947154314,0.177155339083879,0.0330845739059913,-1.13400088400763,0.0404405531590524,0
0.001,12,"dipole",21361387,"Positive-negative dipole","Matern 1.5",0.0328913382179828,0.0139051591292244,0.980963712076145,0.302196658054713,0.167814173111243,0.0227489676157032,-1.53836896931312,0.0404405531590524,-0.0075492149410696
0.001,12,"dipole",21361387,"Positive-negative dipole","Matern 2.5",0.0328003010560628,0.0143039221833398,0.979773944080904,0.257445066648768,0.156065214158239,0.0206670717483609,-1.62641228034545,0.0404405531590524,-0.0076402521029896
0.001,12,"edge",21361387,"Moving-edge source","RBF",0.188722984293778,0.123826441727352,0.714455681142177,0.268913502644844,0.209519259369423,0.102403408993679,4.51063692995286,0.168359621028885,0.020363363264893
0.001,12,"edge",21361387,"Moving-edge source","Matern 0.5",0.168359621028885,0.0986152289330689,0.899464604402142,0.577769417423463,0.0961046252230815,0.0835537145168595,-0.361316959467682,0.168359621028885,0
0.001,12,"edge",21361387,"Moving-edge source","Matern 1.5",0.177791281648352,0.109222129544784,0.808447352766211,0.340524509284599,0.0911373438429506,0.089377973543279,0.898466439922992,0.168359621028885,0.00943166061946701
0.001,12,"edge",21361387,"Moving-edge source","Matern 2.5",0.181642434996153,0.114060471414784,0.784651992861392,0.301584967758719,0.132704863176681,0.0936256933896865,1.96719229687486,0.168359621028885,0.013282813967268
0.001,12,"mixture",21361387,"Broad plus sharp source","RBF",0.0629837604445558,0.0234312441987644,0.896490184414039,0.105758763842115,0.0834633402736466,0.0210563198256142,2.4419677722012,0.0484143656867064,0.0145693947578494
0.001,12,"mixture",21361387,"Broad plus sharp source","Matern 0.5",0.0484143656867064,0.0190543668883339,0.984533016061868,0.279293426423431,0.162729402141582,0.0233668747529279,-1.44119411119847,0.0484143656867064,0
0.001,12,"mixture",21361387,"Broad plus sharp source","Matern 1.5",0.0554284781710813,0.0200545075439283,0.940511600237954,0.153353899386777,0.120807183224271,0.0198166058721645,-0.860075072701979,0.0484143656867064,0.0070141124843749
0.001,12,"mixture",21361387,"Broad plus sharp source","Matern 2.5",0.0583870139462161,0.021058256596627,0.930993456276026,0.130412082452322,0.10652996728138,0.0199715494834947,-0.0385043458376166,0.0484143656867064,0.0099726482595097
0.001,12,"ring",21361387,"Ring-shaped source","RBF",0.161347814700346,0.102883792426906,0.694824509220702,0.282252231670924,0.169959473527662,0.0890070206460826,2.37567129559658,0.159305631625389,0.00204218307495702
0.001,12,"ring",21361387,"Ring-shaped source","Matern 0.5",0.159305631625389,0.0970493305768046,0.892325996430696,0.56570856582114,0.0634603658536585,0.0836968708645949,-0.353390899046059,0.159305631625389,0
0.001,12,"ring",21361387,"Ring-shaped source","Matern 1.5",0.158849547312733,0.0990636421424645,0.777513384889946,0.383624396740543,0.114248587150506,0.0844639285005014,0.256797869829404,0.159305631625389,-0.00045608431265598
0.001,12,"ring",21361387,"Ring-shaped source","Matern 2.5",0.159626647397255,0.100232767866948,0.741820345032719,0.341595217715749,0.136854179060083,0.0858361215891849,0.758350734309539,0.159305631625389,0.000321015771865996
0.001,12,"sine",21361387,"Sine-cosine source","RBF",0.0437080086609301,0.0319495562630873,0.229625223081499,0.0272306312866149,0.624302126710292,0.0288067528683056,27.1694222930252,0.0561603322575786,-0.0124523235966485
0.001,12,"sine",21361387,"Sine-cosine source","Matern 0.5",0.0561603322575786,0.0409341259428138,1,0.451348165387003,0.164514054134444,0.0360908046874406,-1.160365601738,0.0561603322575786,0
0.001,12,"sine",21361387,"Sine-cosine source","Matern 1.5",0.0427402670141717,0.0330469666981311,0.796549672813801,0.107848919681601,0.16059005056514,0.0243399507126457,-1.02101707442611,0.0561603322575786,-0.0134200652434069
0.001,12,"sine",21361387,"Sine-cosine source","Matern 2.5",0.0417642776783903,0.0315258588475936,0.441403926234384,0.05341341865074,0.463386005353956,0.0262906184680226,6.91290912266962,0.0561603322575786,-0.0143960545791883
0.001,12,"spike",21361387,"Hidden narrow spike","RBF",0.043996922613374,0.0104290645084784,0.932183224271267,0.0888002368736361,0.134489515169542,0.0127736216826501,-0.491749886696238,0.0454199020051326,-0.0014229793917586
0.001,12,"spike",21361387,"Hidden narrow spike","Matern 0.5",0.0454199020051326,0.0100146064324208,0.969660916121356,0.156248507267657,0.155321609161214,0.0152457159213043,-1.63682386103717,0.0454199020051326,0
0.001,12,"spike",21361387,"Hidden narrow spike","Matern 1.5",0.0442674515135897,0.0103191367596715,0.956573468173706,0.11851325623603,0.140594512195122,0.0137970816529872,-1.41260387502375,0.0454199020051326,-0.0011524504915429
0.001,12,"spike",21361387,"Hidden narrow spike","Matern 2.5",0.0441060727850698,0.010350955537371,0.94824509220702,0.10733606432718,0.136497248661511,0.0134001530450635,-1.20726894973554,0.0454199020051326,-0.0013138292200628
0.001,13,"dipole",21461387,"Positive-negative dipole","RBF",0.0346838410347625,0.0167271032765528,0.96192742415229,0.194533167931527,0.1225249107674,0.0188674122273035,-1.46817301957973,0.0404267134314396,-0.0057428723966771
0.001,13,"dipole",21461387,"Positive-negative dipole","Matern 0.5",0.0404267134314396,0.0164695033617822,0.991076740035693,0.476796598896767,0.177229699583581,0.0331212370028331,-1.13257417452959,0.0404267134314396,0
0.001,13,"dipole",21461387,"Positive-negative dipole","Matern 1.5",0.0328698904360494,0.0138769952452106,0.980963712076145,0.303215948412913,0.168111615110054,0.0227905618091164,-1.53637316526008,0.0404267134314396,-0.00755682299539021
0.001,13,"dipole",21461387,"Positive-negative dipole","Matern 2.5",0.0327800058007596,0.0142833694443459,0.979773944080904,0.258581644745078,0.156288295657347,0.0207106192203986,-1.62501002090685,0.0404267134314396,-0.00764670763068
0.001,13,"edge",21461387,"Moving-edge source","RBF",0.187251836381242,0.122683088266745,0.728138013087448,0.27237719135895,0.201637046400952,0.101286194319962,4.28085102481901,0.167504901993898,0.019746934387344
0.001,13,"edge",21461387,"Moving-edge source","Matern 0.5",0.167504901993898,0.0972243541690402,0.898274836406901,0.582107635657496,0.0958815437239738,0.0831525303558368,-0.367552954526154,0.167504901993898,0
0.001,13,"edge",21461387,"Moving-edge source","Matern 1.5",0.176715976373122,0.107918228160606,0.810232004759072,0.343945826899439,0.0872705978584176,0.0885299478995643,0.836427866332152,0.167504901993898,0.009211074379224
0.001,13,"edge",21461387,"Moving-edge source","Matern 2.5",0.180422967050087,0.112869754887655,0.788816180844735,0.304906164872628,0.125045731707317,0.092638291740405,1.85869811785362,0.167504901993898,0.012918065056189
0.001,13,"mixture",21461387,"Broad plus sharp source","RBF",0.0635040934609241,0.0240905530245485,0.88399762046401,0.103759313817756,0.0778863027959548,0.0215621856618033,2.67460216397633,0.0488926709128979,0.0146114225480262
0.001,13,"mixture",21461387,"Broad plus sharp source","Matern 0.5",0.0488926709128979,0.0193960021450795,0.984533016061868,0.27516084383398,0.160675565139798,0.0233405010072887,-1.44260583776527,0.0488926709128979,0
0.001,13,"mixture",21461387,"Broad plus sharp source","Matern 1.5",0.0559435852204627,0.0206594783881702,0.939916716240333,0.150648736483133,0.115007064247472,0.0200721739479199,-0.807285767476966,0.0488926709128979,0.0070509143075648
0.001,13,"mixture",21461387,"Broad plus sharp source","Matern 2.5",0.0589283787558501,0.0217721101324733,0.928613920285544,0.127968584139645,0.0994657198096371,0.0203254693849091,0.0657429414005325,0.0488926709128979,0.0100357078429522
0.001,13,"ring",21461387,"Ring-shaped source","RBF",0.161217766072726,0.103103550502585,0.690065437239738,0.278157759962653,0.170851799524093,0.0890930115871205,2.49997302689644,0.159109405276412,0.00210836079631399
0.001,13,"ring",21461387,"Ring-shaped source","Matern 0.5",0.159109405276412,0.0975178522934111,0.893515764425937,0.562467597718477,0.0632372843545509,0.0835824424247313,-0.353517208166345,0.159109405276412,0
0.001,13,"ring",21461387,"Ring-shaped source","Matern 1.5",0.158693923581637,0.0994169392563237,0.772754312908983,0.379697572417659,0.116851204640095,0.0844573570903453,0.279984891489596,0.159109405276412,-0.000415481694775011
0.001,13,"ring",21461387,"Ring-shaped source","Matern 2.5",0.159489990354205,0.100553359693243,0.737656157049375,0.337544892043631,0.138341389054134,0.0858719769841298,0.803408953843962,0.159109405276412,0.000380585077792983
0.001,13,"sine",21461387,"Sine-cosine source","RBF",0.0470117342900689,0.0325205625279466,0.280190362879239,0.0282332126601874,0.576488325401547,0.0294760725631961,24.3444534724236,0.0579938799881981,-0.0109821456981292
0.001,13,"sine",21461387,"Sine-cosine source","Matern 0.5",0.0579938799881981,0.0416141213926555,1,0.449143664725079,0.16005242415229,0.0365197286009282,-1.15886411462208,0.0579938799881981,0
0.001,13,"sine",21461387,"Sine-cosine source","Matern 1.5",0.0452947914289501,0.0342076128142322,0.80725758477097,0.109267858821613,0.15099754610351,0.0251619222963074,-0.995096487730085,0.0579938799881981,-0.012699088559248
0.001,13,"sine",21461387,"Sine-cosine source","Matern 2.5",0.0450219426779028,0.032749122985842,0.527662105889352,0.0602489924509243,0.4007001041047,0.026702422310456,2.85236978826286,0.0579938799881981,-0.0129719373102953
0.001,13,"spike",21461387,"Hidden narrow spike","RBF",0.0439512547265705,0.0104331879340909,0.933967876264128,0.0907892401824809,0.135381841165973,0.0128384594684123,-0.597631268680536,0.0453975645480309,-0.0014463098214604
0.001,13,"spike",21461387,"Hidden narrow spike","Matern 0.5",0.0453975645480309,0.010028042631964,0.969660916121356,0.157936716903601,0.155470330160619,0.0153184356185653,-1.64162253179456,0.0453975645480309,0
0.001,13,"spike",21461387,"Hidden narrow spike","Matern 1.5",0.0442388473130363,0.0103465856086776,0.957168352171327,0.120398897187766,0.14111503569304,0.0138702257512103,-1.43854000836457,0.0453975645480309,-0.0011587172349946
0.001,13,"spike",21461387,"Hidden narrow spike","Matern 2.5",0.0440714766101726,0.0103769904439264,0.94883997620464,0.109292077660968,0.136794690660321,0.0134726512807714,-1.25078386779245,0.0453975645480309,-0.0013260879378583
0.001,14,"dipole",21561387,"Positive-negative dipole","RBF",0.0347446321566333,0.0167350135716061,0.96192742415229,0.193788866279557,0.124086481261154,0.0188516291020691,-1.45856886456602,0.0405403750314261,-0.0057957428747928
0.001,14,"dipole",21561387,"Positive-negative dipole","Matern 0.5",0.0405403750314261,0.0163642652449272,0.990481856038073,0.475673298015917,0.177080978584176,0.0330849930660052,-1.13423271700964,0.0405403750314261,0
0.001,14,"dipole",21561387,"Positive-negative dipole","Matern 1.5",0.0329766586492461,0.0137888004252933,0.980963712076145,0.302222839717801,0.167888533610946,0.0227633416346468,-1.53745106979879,0.0405403750314261,-0.00756371638218
0.001,14,"dipole",21561387,"Positive-negative dipole","Matern 2.5",0.0328768895644917,0.0142214636335604,0.979773944080904,0.25761336243154,0.155767772159429,0.0206851987935637,-1.62479691618378,0.0405403750314261,-0.0076634854669344
0.001,14,"edge",21561387,"Moving-edge source","RBF",0.192604778846665,0.128780473654146,0.70553242117787,0.269086665664493,0.225506766805473,0.106128999379993,4.63386386465695,0.171160855602061,0.021443923244604
0.001,14,"edge",21561387,"Moving-edge source","Matern 0.5",0.171160855602061,0.102388180548221,0.895895300416419,0.578567975456057,0.0849505502676978,0.0856714990145218,-0.340852111484354,0.171160855602061,0
0.001,14,"edge",21561387,"Moving-edge source","Matern 1.5",0.181097209821731,0.113644236515013,0.804878048780488,0.341281651878217,0.103109384295062,0.0924816983974804,0.953275534101193,0.171160855602061,0.00993635421966998
0.001,14,"edge",21561387,"Moving-edge source","Matern 2.5",0.185147068044658,0.118723961617217,0.777513384889946,0.302201903841448,0.147948765615705,0.0969919597628629,2.04015632296147,0.171160855602061,0.013986212442597
0.001,14,"mixture",21561387,"Broad plus sharp source","RBF",0.0631834401354764,0.0229861968550456,0.891136228435455,0.102701999573997,0.0825710142772159,0.0207706078538721,2.91187886756271,0.0482584245836311,0.0149250155518453
0.001,14,"mixture",21561387,"Broad plus sharp source","Matern 0.5",0.0482584245836311,0.0185264112861626,0.984533016061868,0.27994851762036,0.163919170136823,0.0232450352490419,-1.44074297697877,0.0482584245836311,0
0.001,14,"mixture",21561387,"Broad plus sharp source","Matern 1.5",0.0558493409679323,0.0190815404357207,0.940511600237954,0.151388030313788,0.122889277215943,0.0194915219440053,-0.793886882102698,0.0482584245836311,0.0075909163843012
0.001,14,"mixture",21561387,"Broad plus sharp source","Matern 2.5",0.0588299879777827,0.0202069921480925,0.923854848304581,0.128088287249584,0.105117117787032,0.0196595895024608,0.120271836941241,0.0482584245836311,0.0105715633941516
0.001,14,"ring",21561387,"Ring-shaped source","RBF",0.160572472243851,0.102154851585389,0.69244497323022,0.277969306734762,0.169959473527662,0.0885641927675676,2.4706876920157,0.158561552210225,0.00201092003362599
0.001,14,"ring",21561387,"Ring-shaped source","Matern 0.5",0.158561552210225,0.096370632168234,0.894110648423557,0.56369734311696,0.0632372843545509,0.0832897479149648,-0.359471876888137,0.158561552210225,0
0.001,14,"ring",21561387,"Ring-shaped source","Matern 1.5",0.158063030763283,0.0983720365765851,0.774538964901844,0.380213679142505,0.115438355145747,0.0840196957655462,0.261702767198115,0.158561552210225,-0.000498521446941985
0.001,14,"ring",21561387,"Ring-shaped source","Matern 2.5",0.158844581844954,0.0995427092107043,0.741820345032719,0.337817827576417,0.136928539559786,0.0853943678934406,0.779577764928446,0.158561552210225,0.00028302963472901
0.001,14,"sine",21561387,"Sine-cosine source","RBF",0.0449968810552556,0.0318796970598102,0.271861986912552,0.0259547380468945,0.594929729327781,0.0290274857475169,30.8310689486054,0.0571487953758481,-0.0121519143205925
0.001,14,"sine",21561387,"Sine-cosine source","Matern 0.5",0.0571487953758481,0.0414684960531491,1,0.449170200549754,0.162060157644259,0.0362676835405987,-1.1618129824846,0.0571487953758481,0
0.001,14,"sine",21561387,"Sine-cosine source","Matern 1.5",0.0438966219173316,0.0336998488922602,0.801903628792386,0.107323391542379,0.163861912552052,0.0247741451776948,-0.989641739320475,0.0571487953758481,-0.0132521734585165
0.001,14,"sine",21561387,"Sine-cosine source","Matern 2.5",0.0430117256469318,0.032000699960364,0.465199286139203,0.0559888781893623,0.437657272456871,0.0264649298280398,5.96823953460969,0.0571487953758481,-0.0141370697289163
0.001,14,"spike",21561387,"Hidden narrow spike","RBF",0.0439690519962671,0.0104647677822518,0.932778108268888,0.0898477892986657,0.134861317668055,0.012813331255745,-0.54837708138573,0.0454055548835079,-0.0014365028872408
0.001,14,"spike",21561387,"Hidden narrow spike","Matern 0.5",0.0454055548835079,0.0100163637930923,0.969660916121356,0.157185373610894,0.155470330160619,0.0152875289113882,-1.6395617800439,0.0454055548835079,0
0.001,14,"spike",21561387,"Hidden narrow spike","Matern 1.5",0.0442487250906428,0.0103422384476967,0.957168352171327,0.11957066709295,0.141040675193337,0.0138414097714471,-1.42732994829875,0.0454055548835079,-0.0011568297928651
0.001,14,"spike",21561387,"Hidden narrow spike","Matern 2.5",0.0440847638785037,0.0103818223954275,0.94883997620464,0.108410899529472,0.136794690660321,0.0134440021260087,-1.23144383807286,0.0454055548835079,-0.0013207910050042
0.001,15,"dipole",21661387,"Positive-negative dipole","RBF",0.0347425450004588,0.0167883967978438,0.96192742415229,0.193787552514356,0.1225249107674,0.0188578814801885,-1.46122497850267,0.0404792443120501,-0.0057366993115913
0.001,15,"dipole",21661387,"Positive-negative dipole","Matern 0.5",0.0404792443120501,0.0165759048602595,0.990481856038073,0.476030021188693,0.177080978584176,0.0330939666596941,-1.13380352273873,0.0404792443120501,0
0.001,15,"dipole",21661387,"Positive-negative dipole","Matern 1.5",0.0329402098089173,0.014034188938843,0.980963712076145,0.302346142937911,0.167739812611541,0.0227663158897542,-1.5377407137665,0.0404792443120501,-0.0075390345031328
0.001,15,"dipole",21661387,"Positive-negative dipole","Matern 2.5",0.0328492584233421,0.0144213478271536,0.979773944080904,0.257705986806148,0.155990853658537,0.0206892755072009,-1.62556272507103,0.0404792443120501,-0.007629985888708
0.001,15,"edge",21661387,"Moving-edge source","RBF",0.189767634055502,0.127057032784852,0.709696609161214,0.271816296662122,0.222904149315883,0.104281102472677,4.3942717386413,0.169245768200712,0.02052186585479
0.001,15,"edge",21661387,"Moving-edge source","Matern 0.5",0.169245768200712,0.101974196160848,0.893515764425937,0.582968962576707,0.0934276472337894,0.0846837195132665,-0.355917880972691,0.169245768200712,0
0.001,15,"edge",21661387,"Moving-edge source","Matern 1.5",0.178654776379018,0.112467018812509,0.809042236763831,0.345036758657217,0.0953015318262939,0.0908957592473926,0.861047137327674,0.169245768200712,0.00940900817830601
0.001,15,"edge",21661387,"Moving-edge source","Matern 2.5",0.182531135775564,0.117287784847062,0.785246876859013,0.305591830041716,0.141330681142177,0.0952641963508809,1.89514834300182,0.169245768200712,0.013285367574852
0.001,15,"mixture",21661387,"Broad plus sharp source","RBF",0.0631160170139165,0.0233237851255381,0.883402736466389,0.103883171523366,0.087107004759072,0.0208825822530419,2.7646299304273,0.0481790576192221,0.0149369593946944
0.001,15,"mixture",21661387,"Broad plus sharp source","Matern 0.5",0.0481790576192221,0.018248260121059,0.984533016061868,0.278254475934836,0.162729402141582,0.0232084241244014,-1.44389838262139,0.0481790576192221,0
0.001,15,"mixture",21661387,"Broad plus sharp source","Matern 1.5",0.0554374588451387,0.0191943658038236,0.941701368233195,0.152464236070343,0.118948170731707,0.0196018161583925,-0.832665029941301,0.0481790576192221,0.0072584012259166
0.001,15,"mixture",21661387,"Broad plus sharp source","Matern 2.5",0.0585103959572212,0.0204049833338208,0.927424152290303,0.129224176095428,0.10303502379536,0.0197722705040718,0.0461974431518687,0.0481790576192221,0.0103313383379991
0.001,15,"ring",21661387,"Ring-shaped source","RBF",0.162404042548643,0.103433208413423,0.684711481261154,0.280550837084959,0.172413370017847,0.089550995964814,2.48160364241962,0.160505504803574,0.00189853774506898
0.001,15,"ring",21661387,"Ring-shaped source","Matern 0.5",0.160505504803574,0.0979787712379332,0.890541344437835,0.557444120274546,0.0634603658536585,0.0841343302426261,-0.3361202687411,0.160505504803574,0
0.001,15,"ring",21661387,"Ring-shaped source","Matern 1.5",0.160076158178145,0.0998540019456939,0.772754312908983,0.379017099461566,0.117297367638311,0.0850777015356156,0.317709627474197,0.160505504803574,-0.000429346625429011
0.001,15,"ring",21661387,"Ring-shaped source","Matern 2.5",0.160822308090646,0.100959733731966,0.73111243307555,0.338065394911458,0.139828599048186,0.0864581721017664,0.8387847433076,0.160505504803574,0.000316803287071982
0.001,15,"sine",21661387,"Sine-cosine source","RBF",0.0468111863377473,0.0330317172816463,0.203450327186199,0.0233537548135342,0.640140913146936,0.0302444391535065,39.7246418700553,0.0568772502693315,-0.0100660639315842
0.001,15,"sine",21661387,"Sine-cosine source","Matern 0.5",0.0568772502693315,0.041163640499967,1,0.450593627092932,0.1632499256395,0.0362568766969976,-1.15965191476883,0.0568772502693315,0
0.001,15,"sine",21661387,"Sine-cosine source","Matern 1.5",0.0440065164491701,0.0338095952256157,0.804283164782867,0.108224239112785,0.160143887566924,0.024780570869994,-1.01913095337757,0.0568772502693315,-0.0128707338201614
0.001,15,"sine",21661387,"Sine-cosine source","Matern 2.5",0.0435100126015609,0.0326131045284675,0.464604402141582,0.056710360177212,0.448736986912552,0.0267338657892918,3.74323023003177,0.0568772502693315,-0.0133672376677706
0.001,15,"spike",21661387,"Hidden narrow spike","RBF",0.0439864741652436,0.010446675202137,0.931588340273647,0.089011593493028,0.134415154669839,0.0127879129535786,-0.503232425415399,0.0454070058810561,-0.0014205317158125
0.001,15,"spike",21661387,"Hidden narrow spike","Matern 0.5",0.0454070058810561,0.010030594866495,0.969660916121356,0.156901301685014,0.155395969660916,0.0152749754967414,-1.63880982122358,0.0454070058810561,0
0.001,15,"spike",21661387,"Hidden narrow spike","Matern 1.5",0.0442541063455731,0.0103430999741718,0.956573468173706,0.119053976733034,0.140743233194527,0.0138207578160757,-1.42034240501304,0.0454070058810561,-0.001152899535483
0.001,15,"spike",21661387,"Hidden narrow spike","Matern 2.5",0.0440914041114542,0.0103790008226132,0.94883997620464,0.107820088746971,0.136348527662106,0.013421857774138,-1.21849355763392,0.0454070058810561,-0.0013156017696019
0.001,16,"dipole",21761387,"Positive-negative dipole","RBF",0.0346761518901547,0.0166916055469978,0.960142772159429,0.191080641135678,0.122376189767995,0.0187380092952379,-1.4428102348032,0.0404041367338084,-0.0057279848436537
0.001,16,"dipole",21761387,"Positive-negative dipole","Matern 0.5",0.0404041367338084,0.0163834344563654,0.990481856038073,0.475844390057233,0.177304060083284,0.0330661672313822,-1.13433407169729,0.0404041367338084,0
0.001,16,"dipole",21761387,"Positive-negative dipole","Matern 1.5",0.032850282598878,0.0137522881707722,0.980963712076145,0.301398967586458,0.167814173111243,0.0226916252096024,-1.54028213301495,0.0404041367338084,-0.00755385413493041
0.001,16,"dipole",21761387,"Positive-negative dipole","Matern 2.5",0.0327573010640599,0.014216371749237,0.979773944080904,0.256346256583823,0.155470330160619,0.0205932620793388,-1.62835578933049,0.0404041367338084,-0.0076468356697485
0.001,16,"edge",21761387,"Moving-edge source","RBF",0.189349429577993,0.126611238977493,0.719214753123141,0.270053447716332,0.216955309339679,0.103851312078974,4.40376900341642,0.169266659094556,0.020082770483437
0.001,16,"edge",21761387,"Moving-edge source","Matern 0.5",0.169266659094556,0.102541067897042,0.895300416418798,0.57707857702726,0.0904532272456871,0.0846584732028475,-0.352554362719384,0.169266659094556,0
0.001,16,"edge",21761387,"Moving-edge source","Matern 1.5",0.178504128935238,0.112545094139259,0.80785246876859,0.34075379522624,0.10043240630577,0.0908659649107984,0.906457093770003,0.169266659094556,0.00923746984068202
0.001,16,"edge",21761387,"Moving-edge source","Matern 2.5",0.182270486974404,0.117122415530554,0.784651992861392,0.302058343418947,0.142966612135634,0.0951168683190628,1.95557250678639,0.169266659094556,0.013003827879848
0.001,16,"mixture",21761387,"Broad plus sharp source","RBF",0.0633146050393101,0.0240543709291652,0.891136228435455,0.104011549749905,0.0778119422962522,0.0212766464890995,2.73799737748715,0.0482300387323679,0.0150845663069422
0.001,16,"mixture",21761387,"Broad plus sharp source","Matern 0.5",0.0482300387323679,0.0185310144848366,0.984533016061868,0.282189414675412,0.161613994646044,0.0234742002801965,-1.44003928128942,0.0482300387323679,0
0.001,16,"mixture",21761387,"Broad plus sharp source","Matern 1.5",0.055940750171131,0.0197658378828278,0.939321832242713,0.152621735318367,0.119840496728138,0.0197916580553566,-0.82018365195225,0.0482300387323679,0.0077107114387631
0.001,16,"mixture",21761387,"Broad plus sharp source","Matern 2.5",0.0589114957769018,0.0210200548146794,0.925639500297442,0.129272521258204,0.102291418798334,0.0200159395989161,0.0625999124119837,0.0482300387323679,0.0106814570445339
0.001,16,"ring",21761387,"Ring-shaped source","RBF",0.16078652994295,0.102177752612671,0.694229625223082,0.278401689755337,0.168620984533016,0.088602715584417,2.46588350933689,0.158872692578797,0.00191383736415301
0.001,16,"ring",21761387,"Ring-shaped source","Matern 0.5",0.158872692578797,0.0964810121734601,0.891731112433076,0.56264452345911,0.0643526918500892,0.0834011914502157,-0.355834323744937,0.158872692578797,0
0.001,16,"ring",21761387,"Ring-shaped source","Matern 1.5",0.158341909059137,0.0984185364218287,0.776323616894706,0.380158926577353,0.114248587150506,0.0841141694828176,0.268168748642562,0.158872692578797,-0.000530783519659989
0.001,16,"ring",21761387,"Ring-shaped source","Matern 2.5",0.159104280623985,0.0995695073798485,0.743010113027959,0.337992239869166,0.136705458060678,0.0854709156964244,0.7847328242302,0.158872692578797,0.000231588045187997
0.001,16,"sine",21761387,"Sine-cosine source","RBF",0.0428708680590922,0.0306407770578269,0.29506246281975,0.0329853809587736,0.550759592504462,0.0273829346074373,15.7721445550804,0.0557295451950144,-0.0128586771359222
0.001,16,"sine",21761387,"Sine-cosine source","Matern 0.5",0.0557295451950144,0.0403133906534222,1,0.45210507325123,0.16644742712671,0.0359878961886566,-1.16058449468768,0.0557295451950144,0
0.001,16,"sine",21761387,"Sine-cosine source","Matern 1.5",0.0425982258043288,0.0325094763032044,0.795954788816181,0.112798629881715,0.134861317668055,0.0240654478080446,-1.15413403954411,0.0557295451950144,-0.0131313193906856
0.001,16,"sine",21761387,"Sine-cosine source","Matern 2.5",0.0413146133251253,0.0308730191000368,0.587745389649018,0.0666952553554565,0.344929729327781,0.0248077748008526,1.12911520713042,0.0557295451950144,-0.0144149318698891
0.001,16,"spike",21761387,"Hidden narrow spike","RBF",0.0439508462982775,0.0104974539352902,0.933967876264128,0.0901176421874025,0.134563875669244,0.0128225328548649,-0.563387033813546,0.0453904053943875,-0.00143955909610999
0.001,16,"spike",21761387,"Hidden narrow spike","Matern 0.5",0.0453904053943875,0.0100583538941163,0.969660916121356,0.157857794550573,0.155767772159429,0.0153158858469973,-1.64156868711618,0.0453904053943875,0
0.001,16,"spike",21761387,"Hidden narrow spike","Matern 1.5",0.0442307984184891,0.0103913445899854,0.957168352171327,0.120084391464993,0.140891954193932,0.0138612980743758,-1.43470617455164,0.0453904053943875,-0.0011596069758984
0.001,16,"spike",21761387,"Hidden narrow spike","Matern 2.5",0.0440654625500604,0.0104255806022696,0.94883997620464,0.108861107948958,0.136869051160024,0.0134607104648656,-1.24189454735041,0.0453904053943875,-0.0013249428443271
0.001,17,"dipole",21861387,"Positive-negative dipole","RBF",0.0345691379175413,0.0168347571021392,0.96133254015467,0.194815715867758,0.123937760261749,0.0188667968732779,-1.47336061372526,0.0403046996544677,-0.0057355617369264
0.001,17,"dipole",21861387,"Positive-negative dipole","Matern 0.5",0.0403046996544677,0.0164451571562901,0.991076740035693,0.477693380866173,0.177675862581797,0.0331451586659861,-1.13131968216324,0.0403046996544677,0
0.001,17,"dipole",21861387,"Positive-negative dipole","Matern 1.5",0.0327380019370405,0.0138909899208549,0.980963712076145,0.304026150022373,0.168260336109459,0.0228057793692147,-1.53557563646162,0.0403046996544677,-0.0075666977174272
0.001,17,"dipole",21861387,"Positive-negative dipole","Matern 2.5",0.0326489993899108,0.0143323559963421,0.979773944080904,0.259266691672407,0.156065214158239,0.0207188079735876,-1.62541394898221,0.0403046996544677,-0.0076557002645569
0.001,17,"edge",21861387,"Moving-edge source","RBF",0.186106134377053,0.122266550870008,0.735871505056514,0.270539434829114,0.202008848899465,0.100618829155034,4.17865192342695,0.166674428508456,0.019431705868597
0.001,17,"edge",21861387,"Moving-edge source","Matern 0.5",0.166674428508456,0.0980810248854286,0.900654372397383,0.582601040408338,0.0970713117192148,0.082675214572346,-0.379095078159604,0.166674428508456,0
0.001,17,"edge",21861387,"Moving-edge source","Matern 1.5",0.175508727225637,0.10733284491088,0.815585960737656,0.342548181641478,0.0889808893515764,0.087761326188612,0.791049000002213,0.166674428508456,0.008834298717181
0.001,17,"edge",21861387,"Moving-edge source","Matern 2.5",0.179156737766628,0.112089780910405,0.796549672813801,0.303153773994168,0.125491894705532,0.0918218224863993,1.79674258827425,0.166674428508456,0.012482309258172
0.001,17,"mixture",21861387,"Broad plus sharp source","RBF",0.0634985805294465,0.024368373330651,0.886972040452112,0.102771013107051,0.0809350832837596,0.0211628329447328,2.92129734110313,0.0487175366403698,0.0147810438890767
0.001,17,"mixture",21861387,"Broad plus sharp source","Matern 0.5",0.0487175366403698,0.0182850916132918,0.984533016061868,0.280416400275984,0.164811496133254,0.0233139749495039,-1.43696318482586,0.0487175366403698,0
0.001,17,"mixture",21861387,"Broad plus sharp source","Matern 1.5",0.0563047465124687,0.0197973643270602,0.939321832242713,0.151570519389727,0.11931997323022,0.0197060424612993,-0.779793473066551,0.0487175366403698,0.0075872098720989
0.001,17,"mixture",21861387,"Broad plus sharp source","Matern 2.5",0.0592261330523586,0.0212701179418924,0.925639500297442,0.128165823847406,0.101993976799524,0.0199370821646193,0.138780141899859,0.0487175366403698,0.0105085964119888
0.001,17,"ring",21861387,"Ring-shaped source","RBF",0.160642893306856,0.10170384572603,0.694824509220702,0.281609186851603,0.168546624033313,0.088382771581299,2.35784689791658,0.158962265656105,0.001680627650751
0.001,17,"ring",21861387,"Ring-shaped source","Matern 0.5",0.158962265656105,0.0965213211914799,0.892920880428317,0.564818673440154,0.0639065288518739,0.0834459857715587,-0.35605094728298,0.158962265656105,0
0.001,17,"ring",21861387,"Ring-shaped source","Matern 1.5",0.158354764808005,0.0981737543406816,0.777513384889946,0.382883678454139,0.113728063652588,0.0840576711750045,0.250701536868116,0.158962265656105,-0.00060750084809999
0.001,17,"ring",21861387,"Ring-shaped source","Matern 2.5",0.159072355673898,0.0992516186743089,0.74360499702558,0.340884663611825,0.136110574063058,0.0853670295539049,0.749909349884868,0.158962265656105,0.000110090017792996
0.001,17,"sine",21861387,"Sine-cosine source","RBF",0.0446440091284943,0.0318052175727939,0.303985722784057,0.0327653696038461,0.558121281975015,0.0283780426670613,16.3386402842805,0.0577016075401217,-0.0130575984116274
0.001,17,"sine",21861387,"Sine-cosine source","Matern 0.5",0.0577016075401217,0.0416112480715039,1,0.449559468115885,0.160944750148721,0.0364331345073481,-1.15953939222412,0.0577016075401217,0
0.001,17,"sine",21861387,"Sine-cosine source","Matern 1.5",0.0452792559829973,0.034446182159145,0.799524092801904,0.110199833606267,0.159400282569899,0.025294919304053,-1.01343790472795,0.0577016075401217,-0.0124223515571244
0.001,17,"sine",21861387,"Sine-cosine source","Matern 2.5",0.0437423528169688,0.0327414454121608,0.536585365853659,0.0643482341955308,0.384043352171327,0.0262732772099171,1.84485234194177,0.0577016075401217,-0.0139592547231529
0.001,17,"spike",21861387,"Hidden narrow spike","RBF",0.0440285597648843,0.0105712387461922,0.932183224271267,0.0890914796885545,0.134192073170732,0.0127918461523367,-0.505569939789958,0.0454355171090767,-0.0014069573441924
0.001,17,"spike",21861387,"Hidden narrow spike","Matern 0.5",0.0454355171090767,0.0101089148532109,0.969660916121356,0.156549287204168,0.155470330160619,0.0152639287039751,-1.63724227566233,0.0454355171090767,0
0.001,17,"spike",21861387,"Hidden narrow spike","Matern 1.5",0.0442937861711605,0.0104596237477896,0.957168352171327,0.118802146605584,0.140520151695419,0.0138143319156262,-1.41561312344832,0.0454355171090767,-0.0011417309379162
0.001,17,"spike",21861387,"Hidden narrow spike","Matern 2.5",0.0441351465074192,0.0105010388813078,0.949434860202261,0.107617305371873,0.136571609161214,0.0134172909259559,-1.21229623492822,0.0454355171090767,-0.0013003706016575
0.001,18,"dipole",21961387,"Positive-negative dipole","RBF",0.0347625834638539,0.0168090851279177,0.960737656157049,0.193084274593434,0.122450550267698,0.0188322248160739,-1.45609855984986,0.0404804093093468,-0.0057178258454929
0.001,18,"dipole",21961387,"Positive-negative dipole","Matern 0.5",0.0404804093093468,0.0164698285345594,0.991076740035693,0.476479044920032,0.177304060083284,0.0331121750303684,-1.13296271087582,0.0404804093093468,0
0.001,18,"dipole",21961387,"Positive-negative dipole","Matern 1.5",0.03292173542573,0.0139094696883309,0.980963712076145,0.302785605517134,0.168185975609756,0.0227740744541466,-1.53682945358028,0.0404804093093468,-0.0075586738836168
0.001,18,"dipole",21961387,"Positive-negative dipole","Matern 2.5",0.0328360769675508,0.0143371787796489,0.979773944080904,0.257922561653753,0.156362656157049,0.0206846841630946,-1.62529529625804,0.0404804093093468,-0.007644332341796
0.001,18,"edge",21961387,"Moving-edge source","RBF",0.18988481844871,0.126727849379654,0.720999405116002,0.272138040365923,0.218516879833432,0.104290598079407,4.37040777866087,0.169498056002129,0.020386762446581
0.001,18,"edge",21961387,"Moving-edge source","Matern 0.5",0.169498056002129,0.101359913945649,0.900654372397383,0.588492118658668,0.090973750743605,0.0847786779537288,-0.35807243071549,0.169498056002129,0
0.001,18,"edge",21961387,"Moving-edge source","Matern 1.5",0.179140326867571,0.112152759987956,0.809042236763831,0.347553947663854,0.0981272308149911,0.0910522988286089,0.840057868274343,0.169498056002129,0.009642270865442
0.001,18,"edge",21961387,"Moving-edge source","Matern 2.5",0.183004715091213,0.117103769667663,0.787031528851874,0.307395613242889,0.140512715645449,0.0954214309816048,1.86760844767458,0.169498056002129,0.013506659089084
0.001,18,"mixture",21961387,"Broad plus sharp source","RBF",0.0630276051209727,0.0237224903766104,0.895300416418798,0.105182739085961,0.0827940957763236,0.020851058929115,2.61078809581913,0.0481539347389345,0.0148736703820382
0.001,18,"mixture",21961387,"Broad plus sharp source","Matern 0.5",0.0481539347389345,0.0183178444276818,0.985127900059488,0.283603555307183,0.164514054134444,0.0233675114365832,-1.43786248742319,0.0481539347389345,0
0.001,18,"mixture",21961387,"Broad plus sharp source","Matern 1.5",0.0557602008856899,0.0197213514866919,0.938132064247472,0.154045934436576,0.125566255205235,0.0195452462118613,-0.835587286193402,0.0481539347389345,0.0076062661467554
0.001,18,"mixture",21961387,"Broad plus sharp source","Matern 2.5",0.0586831394606202,0.0209480107569089,0.925044616299821,0.130596498494315,0.108686421772754,0.0197057051423696,0.0229445628821944,0.0481539347389345,0.0105292047216857
0.001,18,"ring",21961387,"Ring-shaped source","RBF",0.16081818295007,0.102789844078605,0.694229625223082,0.280392417113916,0.169141508030934,0.0887907956883425,2.40787700738953,0.158755190829121,0.00206299212094899
0.001,18,"ring",21961387,"Ring-shaped source","Matern 0.5",0.158755190829121,0.0969878458577142,0.895300416418798,0.566451505764477,0.062716760856633,0.0834475699878637,-0.359246481549404,0.158755190829121,0
0.001,18,"ring",21961387,"Ring-shaped source","Matern 1.5",0.158289457541627,0.099003963251365,0.776323616894706,0.382792827391026,0.114248587150506,0.0841981883338973,0.24941679636966,0.158755190829121,-0.000465733287494025
0.001,18,"ring",21961387,"Ring-shaped source","Matern 2.5",0.159076664566662,0.10016895640499,0.742415229030339,0.340348257135877,0.136110574063058,0.0855841207464045,0.756379730829444,0.158755190829121,0.000321473737540989
0.001,18,"sine",21961387,"Sine-cosine source","RBF",0.0466202394285377,0.0325622875325515,0.261154074955384,0.0282875537376808,0.606976130279596,0.0292183172706335,23.248418503347,0.0573314226669018,-0.0107111832383641
0.001,18,"sine",21961387,"Sine-cosine source","Matern 0.5",0.0573314226669018,0.0410005320108336,1,0.44994947330198,0.162431960142772,0.0363000310317086,-1.16044387044374,0.0573314226669018,0
0.001,18,"sine",21961387,"Sine-cosine source","Matern 1.5",0.0444669619904111,0.0336130001912458,0.812016656751933,0.107968452563594,0.149807778108269,0.0246708496979262,-1.02326905234957,0.0573314226669018,-0.0128644606764907
0.001,18,"sine",21961387,"Sine-cosine source","Matern 2.5",0.0442236549234368,0.0322762136453757,0.485425342058299,0.0562502689940322,0.427246802498513,0.0264936301961073,4.55475966196123,0.0573314226669018,-0.013107767743465
0.001,18,"spike",21961387,"Hidden narrow spike","RBF",0.0440135445654052,0.010499074102242,0.932183224271267,0.0889336821048813,0.134638236168947,0.0127795559980681,-0.498158618239829,0.0454282332109703,-0.00141468864556511
0.001,18,"spike",21961387,"Hidden narrow spike","Matern 0.5",0.0454282332109703,0.0100526690756969,0.969660916121356,0.156347319260775,0.155395969660916,0.0152524171126322,-1.63690453748151,0.0454282332109703,0
0.001,18,"spike",21961387,"Hidden narrow spike","Matern 1.5",0.0442835645931669,0.0103909132666153,0.957168352171327,0.118569570296428,0.140668872694825,0.0138008942385767,-1.41280316138967,0.0454282332109703,-0.0011446686178034
0.001,18,"spike",21961387,"Hidden narrow spike","Matern 2.5",0.044120225948662,0.0104285799481759,0.94883997620464,0.107440949390382,0.136497248661511,0.0134058455670229,-1.20911902899037,0.0454282332109703,-0.0013080072623083
0.001,19,"dipole",22061387,"Positive-negative dipole","RBF",0.0346113124219654,0.0166636638336699,0.960737656157049,0.19287281772879,0.122822352766211,0.0187832926230028,-1.45933788109361,0.0403329437981565,-0.0057216313761911
0.001,19,"dipole",22061387,"Positive-negative dipole","Matern 0.5",0.0403329437981565,0.0161744004460543,0.991076740035693,0.47700741559491,0.177304060083284,0.0331111461533247,-1.13246498340071,0.0403329437981565,0
0.001,19,"dipole",22061387,"Positive-negative dipole","Matern 1.5",0.0327820979224457,0.0136742517311546,0.980963712076145,0.302738270959085,0.167814173111243,0.0227419963068924,-1.53809019833223,0.0403329437981565,-0.0075508458757108
0.001,19,"dipole",22061387,"Positive-negative dipole","Matern 2.5",0.0326943396338879,0.0141588837770602,0.979773944080904,0.257729785094152,0.155619051160024,0.0206432160428315,-1.62739542527151,0.0403329437981565,-0.0076386041642686
0.001,19,"edge",22061387,"Moving-edge source","RBF",0.187201958390581,0.122356550060489,0.712671029149316,0.268018759237474,0.205429431885782,0.101504184765812,4.51720226441516,0.168186103439926,0.019015854950655
0.001,19,"edge",22061387,"Moving-edge source","Matern 0.5",0.168186103439926,0.0981117661343347,0.895300416418798,0.575488366069871,0.0963277067221892,0.0835719091366406,-0.358040610772675,0.168186103439926,0
0.001,19,"edge",22061387,"Moving-edge source","Matern 1.5",0.177216046677185,0.108188426394414,0.806067816775729,0.339841159764588,0.0911373438429506,0.0891402984717772,0.909261250020158,0.168186103439926,0.009029943237259
0.001,19,"edge",22061387,"Moving-edge source","Matern 2.5",0.180810618677808,0.112890565666709,0.785246876859013,0.301051735100077,0.131738176680547,0.0931945330578478,1.97706014469547,0.168186103439926,0.012624515237882
0.001,19,"mixture",22061387,"Broad plus sharp source","RBF",0.0631886739318959,0.0237488142543273,0.889946460440214,0.103237385268461,0.0833889797739441,0.0208669277599065,2.85599022909131,0.0481289163666061,0.0150597575652898
0.001,19,"mixture",22061387,"Broad plus sharp source","Matern 0.5",0.0481289163666061,0.0176786447603354,0.984533016061868,0.281586360688652,0.164142251635931,0.0232343400749233,-1.44021384134678,0.0481289163666061,0
0.001,19,"mixture",22061387,"Broad plus sharp source","Matern 1.5",0.0557862290121261,0.0192100001467364,0.938132064247472,0.152234241158945,0.123632882212968,0.0194378374966233,-0.806500289210821,0.0481289163666061,0.00765731264552
0.001,19,"mixture",22061387,"Broad plus sharp source","Matern 2.5",0.0587632112603245,0.0206875161571888,0.923854848304581,0.128772223931579,0.108017177275431,0.0196294047398338,0.095593030994634,0.0481289163666061,0.0106342948937184
0.001,19,"ring",22061387,"Ring-shaped source","RBF",0.161248053233886,0.102668844673517,0.690065437239738,0.27927026088334,0.170331276026175,0.0890206501079071,2.46472824266003,0.159210280000285,0.00203777323360099
0.001,19,"ring",22061387,"Ring-shaped source","Matern 0.5",0.159210280000285,0.0974201028575946,0.892325996430696,0.562471793220274,0.0636834473527662,0.0836206109369835,-0.352430870181671,0.159210280000285,0
0.001,19,"ring",22061387,"Ring-shaped source","Matern 1.5",0.158773722947617,0.0990695418119452,0.773944080904224,0.380327144893626,0.115587076145152,0.0844627996408237,0.277577809497799,0.159210280000285,-0.000436557052668013
0.001,19,"ring",22061387,"Ring-shaped source","Matern 2.5",0.159553454139531,0.100167592263285,0.738251041046996,0.338367000786799,0.137895226055919,0.0858537484361472,0.795207146784092,0.159210280000285,0.000343174139246005
0.001,19,"sine",22061387,"Sine-cosine source","RBF",0.042944803808468,0.0312349376974504,0.264128494943486,0.0309934371028532,0.585634666864961,0.0278830509936825,17.6532908153228,0.0560712977211497,-0.0131264939126817
0.001,19,"sine",22061387,"Sine-cosine source","Matern 0.5",0.0560712977211497,0.0406642135749662,1,0.450860201228649,0.164885856632957,0.0359744846836979,-1.16336191164325,0.0560712977211497,0
0.001,19,"sine",22061387,"Sine-cosine source","Matern 1.5",0.0432354555913508,0.0332274294367583,0.806662700773349,0.108871228514794,0.15709510707912,0.024335999363311,-1.11474615978614,0.0560712977211497,-0.0128358421297989
0.001,19,"sine",22061387,"Sine-cosine source","Matern 2.5",0.0419329585354417,0.0315503391541427,0.522903033908388,0.0619249649237466,0.393412775133849,0.0254423679685245,2.09774503775744,0.0560712977211497,-0.014138339185708
0.001,19,"spike",22061387,"Hidden narrow spike","RBF",0.04398691430774,0.0104314621657721,0.932183224271267,0.0891957234658641,0.134861317668055,0.0127819243322383,-0.513931041123285,0.0454144485107993,-0.0014275342030593
0.001,19,"spike",22061387,"Hidden narrow spike","Matern 0.5",0.0454144485107993,0.0100176297247046,0.969660916121356,0.156589167953341,0.155395969660916,0.0152588580686561,-1.63788051736792,0.0454144485107993,0
0.001,19,"spike",22061387,"Hidden narrow spike","Matern 1.5",0.0442610705860237,0.0103131279693267,0.957168352171327,0.118854090302974,0.14081759369423,0.0138074265904817,-1.41761886466723,0.0454144485107993,-0.0011533779247756
0.001,19,"spike",22061387,"Hidden narrow spike","Matern 2.5",0.0440976026189508,0.0103415541108116,0.94883997620464,0.107716383278925,0.136571609161214,0.0134110252891401,-1.21622908925959,0.0454144485107993,-0.0013168458918485
0.001,2,"dipole",20361387,"Positive-negative dipole","RBF",0.0345982978690678,0.016931405154196,0.96133254015467,0.194237044317543,0.123194155264723,0.0188515728994708,-1.47250656201213,0.0402224308954427,-0.00562413302637491
0.001,2,"dipole",20361387,"Positive-negative dipole","Matern 0.5",0.0402224308954427,0.0163543257583373,0.991076740035693,0.478964653193719,0.177452781082689,0.0331899371080386,-1.12926747858739,0.0402224308954427,0
0.001,2,"dipole",20361387,"Positive-negative dipole","Matern 1.5",0.0326826497394092,0.0139996024973026,0.980963712076145,0.304813810461708,0.168557778108269,0.0228250051780466,-1.534532243372,0.0402224308954427,-0.0075397811560335
0.001,2,"dipole",20361387,"Positive-negative dipole","Matern 2.5",0.0326160456123974,0.0144681043941417,0.979773944080904,0.259711833342603,0.157106261154075,0.0207237935369539,-1.62579192005826,0.0402224308954427,-0.0076063852830453
0.001,2,"edge",20361387,"Moving-edge source","RBF",0.189346088345365,0.124665524688009,0.719809637120761,0.271852713146218,0.207139723378941,0.102907623759983,4.42459963951467,0.16897461172524,0.020371476620125
0.001,2,"edge",20361387,"Moving-edge source","Matern 0.5",0.16897461172524,0.0989118391190305,0.896490184414039,0.579668966043994,0.0958815437239738,0.0841133740246917,-0.354710176405392,0.16897461172524,0
0.001,2,"edge",20361387,"Moving-edge source","Matern 1.5",0.17857180254499,0.109952438513429,0.809637120761452,0.343147409076357,0.0938143218322427,0.0900657765243104,0.897721494510562,0.16897461172524,0.00959719081975
0.001,2,"edge",20361387,"Moving-edge source","Matern 2.5",0.182437078682815,0.114939818228515,0.786436644854253,0.304427636879811,0.130399687685901,0.0943008835320742,1.94822953845822,0.16897461172524,0.013462466957575
0.001,2,"mixture",20361387,"Broad plus sharp source","RBF",0.0633706151449707,0.0240554056904558,0.886377156454491,0.104412305524871,0.083240258774539,0.021122104776636,2.69478589511496,0.0485081953958997,0.014862419749071
0.001,2,"mixture",20361387,"Broad plus sharp source","Matern 0.5",0.0485081953958997,0.0190458583813115,0.984533016061868,0.281874600843483,0.163547367638311,0.0235111595777199,-1.43651687615226,0.0485081953958997,0
0.001,2,"mixture",20361387,"Broad plus sharp source","Matern 1.5",0.0561108031273342,0.0199903047914674,0.941106484235574,0.152635753891202,0.118427647233789,0.0198105955507676,-0.81050060008703,0.0485081953958997,0.0076026077314345
0.001,2,"mixture",20361387,"Broad plus sharp source","Matern 2.5",0.059033449842285,0.0212403614640695,0.929208804283165,0.129421535417549,0.102588860797145,0.0200036428896098,0.066179079185989,0.0485081953958997,0.0105252544463853
0.001,2,"ring",20361387,"Ring-shaped source","RBF",0.160204194879372,0.101631581018898,0.696609161213563,0.280928337677142,0.166390169541939,0.0882773240597475,2.35787183614873,0.158305148861238,0.00189904601813401
0.001,2,"ring",20361387,"Ring-shaped source","Matern 0.5",0.158305148861238,0.096410466717362,0.894705532421178,0.568047238984613,0.064055249851279,0.083235940244872,-0.364288623515069,0.158305148861238,0
0.001,2,"ring",20361387,"Ring-shaped source","Matern 1.5",0.157752943824317,0.0979693243700607,0.78167757287329,0.383770619171235,0.11320754015467,0.0838359585360494,0.230823570857673,0.158305148861238,-0.000552205036920994
0.001,2,"ring",20361387,"Ring-shaped source","Matern 2.5",0.158511355958712,0.099074834805819,0.747769185008923,0.341159137616188,0.135738771564545,0.0851695827891923,0.72941870098649,0.158305148861238,0.000206207097473987
0.001,2,"sine",20361387,"Sine-cosine source","RBF",0.0433254882252106,0.0316198893297661,0.248066627007733,0.0286384204935855,0.599391359309935,0.0285273710470213,23.2049762819915,0.0562454853751932,-0.0129199971499826
0.001,2,"sine",20361387,"Sine-cosine source","Matern 0.5",0.0562454853751932,0.0412116811545699,1,0.450497556569868,0.165034577632362,0.036075193765143,-1.16222202789857,0.0562454853751932,0
0.001,2,"sine",20361387,"Sine-cosine source","Matern 1.5",0.0432812820200922,0.0337694255520302,0.797739440809042,0.107646261039886,0.170703078524688,0.024749050807676,-1.03226369550802,0.0562454853751932,-0.012964203355101
0.001,2,"sine",20361387,"Sine-cosine source","Matern 2.5",0.0421171768064099,0.032295514436486,0.502676977989292,0.0588198675103848,0.428064767995241,0.0262700397483012,3.384908210828,0.0562454853751932,-0.0141283085687833
0.001,2,"spike",20361387,"Hidden narrow spike","RBF",0.0440026867736046,0.0105697410939525,0.932183224271267,0.0887774552002066,0.134192073170732,0.0127868266187442,-0.48910155114049,0.0454110520015847,-0.00140836522798009
0.001,2,"spike",20361387,"Hidden narrow spike","Matern 0.5",0.0454110520015847,0.0101021967958955,0.969660916121356,0.156774536251048,0.155395969660916,0.0152727438452299,-1.63837288627293,0.0454110520015847,0
0.001,2,"spike",20361387,"Hidden narrow spike","Matern 1.5",0.0442639323375652,0.0104610476464482,0.957168352171327,0.118851378531016,0.140891954193932,0.0138176812259967,-1.41716130874955,0.0454110520015847,-0.0011471196640195
0.001,2,"spike",20361387,"Hidden narrow spike","Matern 2.5",0.0441052893046201,0.0105056273657074,0.94824509220702,0.107543533744197,0.136571609161214,0.0134171420694223,-1.2115718073608,0.0454110520015847,-0.0013057626969646
0.001,20,"dipole",22161387,"Positive-negative dipole","RBF",0.0348252655961886,0.0166508834135867,0.959547888161808,0.190039931510167,0.12163258477097,0.0187291137236149,-1.42957582770259,0.0405478881024576,-0.005722622506269
0.001,20,"dipole",22161387,"Positive-negative dipole","Matern 0.5",0.0405478881024576,0.0163607336262302,0.990481856038073,0.474576940955036,0.177006618084474,0.0330286471632013,-1.13618754504564,0.0405478881024576,0
0.001,20,"dipole",22161387,"Positive-negative dipole","Matern 1.5",0.0330183120032868,0.0137584957553862,0.980963712076145,0.300088688092587,0.167665452111838,0.0226625270946264,-1.54179437798235,0.0405478881024576,-0.0075295760991708
0.001,20,"dipole",22161387,"Positive-negative dipole","Matern 2.5",0.0329246361449915,0.0141941895237871,0.979773944080904,0.255066085259604,0.154949806662701,0.020569747507883,-1.62818792422896,0.0405478881024576,-0.0076232519574661
0.001,20,"edge",22161387,"Moving-edge source","RBF",0.188186545405992,0.124258743274923,0.720404521118382,0.271495127672753,0.210411585365854,0.102606893208709,4.34250223628184,0.167682216824509,0.020504328581483
0.001,20,"edge",22161387,"Moving-edge source","Matern 0.5",0.167682216824509,0.0981644735340333,0.898869720404521,0.583030669551078,0.0968482302201071,0.0834771571462235,-0.367679395884494,0.167682216824509,0
0.001,20,"edge",22161387,"Moving-edge source","Matern 1.5",0.176964982951295,0.109260776326084,0.809637120761452,0.343920897832055,0.0912117043426532,0.0892197164467982,0.836352158815921,0.167682216824509,0.009282766126786
0.001,20,"edge",22161387,"Moving-edge source","Matern 2.5",0.180798659975458,0.114163654612722,0.788221296847115,0.304586323874672,0.133299747174301,0.0935012351314779,1.86750746605398,0.167682216824509,0.013116443150949
0.001,20,"mixture",22161387,"Broad plus sharp source","RBF",0.0632595101838162,0.0233739012308629,0.890541344437835,0.103389781012332,0.0843556662700773,0.0207588440171384,2.85457310968139,0.0481515583205869,0.0151079518632293
0.001,20,"mixture",22161387,"Broad plus sharp source","Matern 0.5",0.0481515583205869,0.0190380423825819,0.984533016061868,0.282373750047037,0.163175565139798,0.023387917797716,-1.43845198749047,0.0481515583205869,0
0.001,20,"mixture",22161387,"Broad plus sharp source","Matern 1.5",0.0559008904496811,0.0194913199949407,0.939321832242713,0.15250538913281,0.124971371207615,0.0194751128243413,-0.808405601754987,0.0481515583205869,0.0077493321290942
0.001,20,"mixture",22161387,"Broad plus sharp source","Matern 2.5",0.0588882370219298,0.0205577146544501,0.925044616299821,0.129006710164258,0.107347932778108,0.0196199817395011,0.0933091076089473,0.0481515583205869,0.0107366787013429
0.001,20,"ring",22161387,"Ring-shaped source","RBF",0.160801244362703,0.102361801831919,0.694229625223082,0.27997122378095,0.168546624033313,0.0886604178325756,2.41723457860233,0.158734380586074,0.00206686377662899
0.001,20,"ring",22161387,"Ring-shaped source","Matern 0.5",0.158734380586074,0.0964900888097674,0.894110648423557,0.565286459385749,0.0636834473527662,0.0833828682863269,-0.358861357487424,0.158734380586074,0
0.001,20,"ring",22161387,"Ring-shaped source","Matern 1.5",0.158265138584982,0.0984922834729793,0.778703152885187,0.381982291558592,0.114546029149316,0.0841089617053506,0.253896870149929,0.158734380586074,-0.000469242001091996
0.001,20,"ring",22161387,"Ring-shaped source","Matern 2.5",0.159050292868508,0.099685302328236,0.741225461035098,0.339665242597035,0.137300342058299,0.0854809194001541,0.762922625381149,0.158734380586074,0.000315912282433994
0.001,20,"sine",22161387,"Sine-cosine source","RBF",0.0465020246909033,0.0333469443697699,0.286734086853064,0.0307694848185189,0.582883328375967,0.0297355073027594,20.116136705396,0.0571215253373226,-0.0106195006464193
0.001,20,"sine",22161387,"Sine-cosine source","Matern 0.5",0.0571215253373226,0.0412127169773735,1,0.450979395909614,0.162134518143962,0.0363701134014573,-1.15774074830743,0.0571215253373226,0
0.001,20,"sine",22161387,"Sine-cosine source","Matern 1.5",0.0441039794956714,0.0335615109367938,0.797739440809042,0.109828439783575,0.149287254610351,0.0247710071938791,-1.02770174756074,0.0571215253373226,-0.0130175458416512
0.001,20,"sine",22161387,"Sine-cosine source","Matern 2.5",0.0444623493477496,0.0325899954261595,0.475312314098751,0.0556671028424067,0.426503197501487,0.0270247481312311,6.29728045129737,0.0571215253373226,-0.012659175989573
0.001,20,"spike",22161387,"Hidden narrow spike","RBF",0.0439961429129479,0.0104111497706386,0.932183224271267,0.0892653757334341,0.134638236168947,0.0127911506741621,-0.516579627198474,0.045418059771116,-0.0014219168581681
0.001,20,"spike",22161387,"Hidden narrow spike","Matern 0.5",0.045418059771116,0.0100199745354045,0.969660916121356,0.156484389501348,0.155395969660916,0.0152613739619559,-1.63749416791661,0.045418059771116,0
0.001,20,"spike",22161387,"Hidden narrow spike","Matern 1.5",0.0442691168666123,0.0103226875741942,0.957168352171327,0.118835589562161,0.140668872694824,0.013813766391672,-1.41691607396943,0.045418059771116,-0.0011489429045037
0.001,20,"spike",22161387,"Hidden narrow spike","Matern 2.5",0.0441079489505422,0.0103503992195148,0.94883997620464,0.107706240906268,0.136348527662106,0.0134173962056174,-1.21533020650097,0.045418059771116,-0.0013101108205738
0.001,3,"dipole",20461387,"Positive-negative dipole","RBF",0.0346741807633372,0.0168151732760832,0.960737656157049,0.192974913138438,0.122376189767995,0.0188188891410766,-1.45753843325131,0.040393935303961,-0.0057197545406238
0.001,3,"dipole",20461387,"Positive-negative dipole","Matern 0.5",0.040393935303961,0.0163591696327732,0.990481856038073,0.476733465917042,0.177229699583581,0.0331110750719529,-1.1327693882658,0.040393935303961,0
0.001,3,"dipole",20461387,"Positive-negative dipole","Matern 1.5",0.0328491899001124,0.0138590919307487,0.980963712076145,0.302644620956865,0.168037254610351,0.0227578046000652,-1.53771298819331,0.040393935303961,-0.0075447454038486
0.001,3,"dipole",20461387,"Positive-negative dipole","Matern 2.5",0.0327614537588974,0.0143103680395855,0.979773944080904,0.257723180655485,0.156065214158239,0.0206668281187087,-1.62647406577343,0.040393935303961,-0.0076324815450636
0.001,3,"edge",20461387,"Moving-edge source","RBF",0.185062439029264,0.122429651395056,0.726353361094587,0.263498188672761,0.211229550862582,0.100878014706295,4.58689185510286,0.166622718005064,0.0184397210242
0.001,3,"edge",20461387,"Moving-edge source","Matern 0.5",0.166622718005064,0.0991067806337946,0.894110648423557,0.568661073347125,0.0975174747174301,0.0829594826706169,-0.365446763368773,0.166622718005064,0
0.001,3,"edge",20461387,"Moving-edge source","Matern 1.5",0.17502495156761,0.108747683032071,0.80725758477097,0.333597531856545,0.0953015318262939,0.0884229005497795,0.931704310043165,0.166622718005064,0.00840223356254599
0.001,3,"edge",20461387,"Moving-edge source","Matern 2.5",0.178499551398109,0.113170017408803,0.788221296847115,0.295171430471085,0.137315214158239,0.0924444677431098,2.02403728965481,0.166622718005064,0.011876833393045
0.001,3,"mixture",20461387,"Broad plus sharp source","RBF",0.0631036542669064,0.0229278004757338,0.892325996430696,0.104869520642661,0.086437760261749,0.0206412896497314,2.67925964876015,0.0480327663639779,0.0150708879029285
0.001,3,"mixture",20461387,"Broad plus sharp source","Matern 0.5",0.0480327663639779,0.0184301984546426,0.984533016061868,0.284426481554757,0.164439693634741,0.023438052321594,-1.43763817414169,0.0480327663639779,0
0.001,3,"mixture",20461387,"Broad plus sharp source","Matern 1.5",0.055761970721972,0.0187079081544903,0.939321832242713,0.154095420011173,0.124971371207615,0.0194325480595426,-0.838095027287048,0.0480327663639779,0.0077292043579941
0.001,3,"mixture",20461387,"Broad plus sharp source","Matern 2.5",0.058729025529191,0.0199197215412067,0.926829268292683,0.130564600928461,0.10913258477097,0.0195515658920322,0.0271645513469695,0.0480327663639779,0.0106962591652131
0.001,3,"ring",20461387,"Ring-shaped source","RBF",0.161240697422427,0.102825179586748,0.695419393218322,0.283392868560306,0.167728658536585,0.0888546107636368,2.3334364940779,0.159253199514651,0.001987497907776
0.001,3,"ring",20461387,"Ring-shaped source","Matern 0.5",0.159253199514651,0.0969006751061785,0.894110648423557,0.566979311530522,0.0635347263533611,0.0836499943277437,-0.354745588202278,0.159253199514651,0
0.001,3,"ring",20461387,"Ring-shaped source","Matern 1.5",0.158771930230641,0.0989690708378923,0.779298036882808,0.384839931362606,0.114248587150506,0.0843606434971601,0.246373816720717,0.159253199514651,-0.000481269284009989
0.001,3,"ring",20461387,"Ring-shaped source","Matern 2.5",0.159538070174263,0.100153361436215,0.743010113027959,0.34278893591482,0.136631097560976,0.0857140163563238,0.740694417778829,0.159253199514651,0.000284870659611997
0.001,3,"sine",20461387,"Sine-cosine source","RBF",0.044728933966087,0.032991392012299,0.25639500297442,0.0308583861248804,0.599391359309935,0.0294942878279331,19.7222464501625,0.0576312298296969,-0.0129022958636099
0.001,3,"sine",20461387,"Sine-cosine source","Matern 0.5",0.0576312298296969,0.0422366797829223,1,0.449155060075945,0.161837076145152,0.036427426545916,-1.16033223475175,0.0576312298296969,0
0.001,3,"sine",20461387,"Sine-cosine source","Matern 1.5",0.0455041627400592,0.0353632593124067,0.798334324806663,0.107596150338214,0.188475237953599,0.0258524128372603,-0.946427528814427,0.0576312298296969,-0.0121270670896377
0.001,3,"sine",20461387,"Sine-cosine source","Matern 2.5",0.0443825671746511,0.0340671268599479,0.468173706127305,0.0605696698672783,0.454314024390244,0.0275820053212663,3.10172176501796,0.0576312298296969,-0.0132486626550458
0.001,3,"spike",20461387,"Hidden narrow spike","RBF",0.0440014511756665,0.0104634218033265,0.930993456276026,0.0885447500654328,0.13501003866746,0.0127616937848061,-0.477574839012716,0.045428075734552,-0.0014266245588855
0.001,3,"spike",20461387,"Hidden narrow spike","Matern 0.5",0.045428075734552,0.0100406516215209,0.969660916121356,0.155681756731279,0.155172888161808,0.0152207096014454,-1.63509022763012,0.045428075734552,0
0.001,3,"spike",20461387,"Hidden narrow spike","Matern 1.5",0.0442757138899453,0.0103418602447126,0.955978584176086,0.118045031372899,0.140594512195122,0.0137767825299754,-1.40571094958588,0.045428075734552,-0.0011523618446067
0.001,3,"spike",20461387,"Hidden narrow spike","Matern 2.5",0.0441132581453909,0.0103759612349335,0.94824509220702,0.106932294138607,0.136274167162403,0.0133826484959565,-1.19777327344334,0.045428075734552,-0.0013148175891611
0.001,4,"dipole",20561387,"Positive-negative dipole","RBF",0.0348266562276554,0.0167715280572228,0.960142772159429,0.191136282439967,0.122004387269482,0.0187712662101734,-1.43828133962652,0.0405642771270602,-0.0057376208994048
0.001,4,"dipole",20561387,"Positive-negative dipole","Matern 0.5",0.0405642771270602,0.0165950217780652,0.990481856038073,0.474539093456051,0.177006618084474,0.0330330689107849,-1.13622533593989,0.0405642771270602,0
0.001,4,"dipole",20561387,"Positive-negative dipole","Matern 1.5",0.0330403740028616,0.0139478256435993,0.980963712076145,0.300318537181143,0.167665452111838,0.0226843259072712,-1.54122197529084,0.0405642771270602,-0.0075239031241986
0.001,4,"dipole",20561387,"Positive-negative dipole","Matern 2.5",0.032945323462525,0.0143399836065627,0.979773944080904,0.255474861503463,0.155024167162403,0.0206005084016827,-1.62749147064436,0.0405642771270602,-0.0076189536645352
0.001,4,"edge",20561387,"Moving-edge source","RBF",0.190567851638985,0.126764979881699,0.708506841165973,0.266028942190313,0.22223490481856,0.104510919769615,4.81313881306724,0.169145443244243,0.021422408394742
0.001,4,"edge",20561387,"Moving-edge source","Matern 0.5",0.169145443244243,0.100215937195493,0.895300416418798,0.575514915687406,0.0937994497323022,0.0841768331375548,-0.352452833539422,0.169145443244243,0
0.001,4,"edge",20561387,"Moving-edge source","Matern 1.5",0.178956745320121,0.111451655057505,0.804878048780488,0.338315876974802,0.0938143218322427,0.0905616001863169,0.960776675107712,0.169145443244243,0.00981130207587802
0.001,4,"edge",20561387,"Moving-edge source","Matern 2.5",0.18300309886619,0.116530105185565,0.778703152885187,0.299229472092569,0.139174226650803,0.0950869475378065,2.08242552623203,0.169145443244243,0.013857655621947
0.001,4,"mixture",20561387,"Broad plus sharp source","RBF",0.0632793546972982,0.0230318429698153,0.896490184414039,0.106638198118682,0.0868095627602617,0.0207908361391982,2.48756644200771,0.0484567308911692,0.014822623806129
0.001,4,"mixture",20561387,"Broad plus sharp source","Matern 0.5",0.0484567308911692,0.0182439365059123,0.984533016061868,0.286597325615592,0.163844809637121,0.0236139807060818,-1.43409088574284,0.0484567308911692,0
0.001,4,"mixture",20561387,"Broad plus sharp source","Matern 1.5",0.05600330075358,0.0189897768221206,0.941106484235574,0.156592813571488,0.124227766210589,0.0197252274123117,-0.878301372899045,0.0484567308911692,0.00754656986241081
0.001,4,"mixture",20561387,"Broad plus sharp source","Matern 2.5",0.0589487682840413,0.0201232194411973,0.926829268292683,0.132795317068472,0.109206945270672,0.0198149124235279,-0.057668832674809,0.0484567308911692,0.0104920373928721
0.001,4,"ring",20561387,"Ring-shaped source","RBF",0.161388736941036,0.102564029478641,0.694229625223082,0.282990080536603,0.168249182034503,0.088949323927276,2.35380226436358,0.159448054392559,0.00194068254847701
0.001,4,"ring",20561387,"Ring-shaped source","Matern 0.5",0.159448054392559,0.0971965685187373,0.893515764425937,0.56528481051226,0.0633116448542534,0.0837443027047055,-0.35173913808985,0.159448054392559,0
0.001,4,"ring",20561387,"Ring-shaped source","Matern 1.5",0.158966285493793,0.0988647658443664,0.777513384889946,0.383847791049444,0.114174226650803,0.0844867959795246,0.257843160428262,0.159448054392559,-0.000481768898766
0.001,4,"ring",20561387,"Ring-shaped source","Matern 2.5",0.15972223843274,0.0999807626996173,0.741225461035098,0.342022009433891,0.136631097560976,0.0858366741373734,0.755848629439251,0.159448054392559,0.000274184040181008
0.001,4,"sine",20561387,"Sine-cosine source","RBF",0.044512074464696,0.0324290273300464,0.262938726948245,0.0293688187104992,0.591806588340274,0.0291883192115222,23.3616593193815,0.0575923885112867,-0.0130803140465907
0.001,4,"sine",20561387,"Sine-cosine source","Matern 0.5",0.0575923885112867,0.0422020401760951,1,0.448581426534465,0.162060157644259,0.0364241540884534,-1.16055093825121,0.0575923885112867,0
0.001,4,"sine",20561387,"Sine-cosine source","Matern 1.5",0.0446350809372804,0.034741671008919,0.791195716835217,0.106741746777803,0.18646750446163,0.0255158796716306,-0.901360319891074,0.0575923885112867,-0.0129573075740063
0.001,4,"sine",20561387,"Sine-cosine source","Matern 2.5",0.043472719643363,0.0330570991226555,0.440214158239143,0.0563031234974034,0.467921995835812,0.0273214124680141,5.83881384913653,0.0575923885112867,-0.0141196688679237
0.001,4,"spike",20561387,"Hidden narrow spike","RBF",0.0440326771499646,0.0103958000861696,0.930398572278406,0.0873195548329567,0.134117712671029,0.0127220774930431,-0.406900069557522,0.045437110083852,-0.0014044329338874
0.001,4,"spike",20561387,"Hidden narrow spike","Matern 0.5",0.045437110083852,0.0100064361157207,0.969660916121356,0.155261821639329,0.155544690660321,0.0151995285686809,-1.63376411978154,0.045437110083852,0
0.001,4,"spike",20561387,"Hidden narrow spike","Matern 1.5",0.0442880636246273,0.0103014370120439,0.955978584176086,0.117362715865805,0.140520151695419,0.0137465521031353,-1.39581940177684,0.045437110083852,-0.0011490464592247
0.001,4,"spike",20561387,"Hidden narrow spike","Matern 2.5",0.0441284063718887,0.0103301091961077,0.947650208209399,0.106114893836427,0.136571609161214,0.0133492593570598,-1.17856633730859,0.045437110083852,-0.0013087037119633
0.001,5,"dipole",20661387,"Positive-negative dipole","RBF",0.0347292016276276,0.0168058091982229,0.960142772159429,0.192055407079228,0.122301829268293,0.0187936910851729,-1.44911854529037,0.0404396244759162,-0.00571042284828861
0.001,5,"dipole",20661387,"Positive-negative dipole","Matern 0.5",0.0404396244759162,0.0164044824459931,0.990481856038073,0.476114293575555,0.177155339083879,0.0330872938138704,-1.13374618940871,0.0404396244759162,0
0.001,5,"dipole",20661387,"Positive-negative dipole","Matern 1.5",0.0328970096821665,0.0138476484613642,0.980963712076145,0.30204164879416,0.167814173111243,0.0227357331485172,-1.53862376467185,0.0404396244759162,-0.0075426147937497
0.001,5,"dipole",20661387,"Positive-negative dipole","Matern 2.5",0.0328107762481979,0.0142842729014046,0.979773944080904,0.257047941950119,0.155321609161214,0.0206424707587939,-1.62688058857452,0.0404396244759162,-0.0076288482277183
0.001,5,"edge",20661387,"Moving-edge source","RBF",0.191199538429701,0.126584234631729,0.731707317073171,0.280012495177512,0.202231930398572,0.104095983791554,4.09183066885282,0.169089044579499,0.022110493850202
0.001,5,"edge",20661387,"Moving-edge source","Matern 0.5",0.169089044579499,0.0991790057948676,0.901249256395003,0.591865152582622,0.0933532867340868,0.0843342318291657,-0.36205253792038,0.169089044579499,0
0.001,5,"edge",20661387,"Moving-edge source","Matern 1.5",0.179241919599127,0.110429527003452,0.812016656751933,0.352002664057146,0.0925501933372992,0.0903913089651861,0.794838813682278,0.169089044579499,0.010152875019628
0.001,5,"edge",20661387,"Moving-edge source","Matern 2.5",0.183400433866599,0.115743650899184,0.786436644854253,0.312735952989977,0.129879164187983,0.0947962382287391,1.77438806334352,0.169089044579499,0.0143113892871
0.001,5,"mixture",20661387,"Broad plus sharp source","RBF",0.0631032377750085,0.0238246078536252,0.892920880428317,0.103942740761201,0.0801914782867341,0.0210208710553739,2.74596367220134,0.0481814464052883,0.0149217913697202
0.001,5,"mixture",20661387,"Broad plus sharp source","Matern 0.5",0.0481814464052883,0.0186520961140323,0.985127900059488,0.281060280263242,0.163175565139798,0.0233081737449245,-1.44098220690547,0.0481814464052883,0
0.001,5,"mixture",20661387,"Broad plus sharp source","Matern 1.5",0.0557074983811635,0.0196809109467445,0.938726948245092,0.152524112088222,0.123707242712671,0.0195810442861456,-0.818194151194529,0.0481814464052883,0.0075260519758752
0.001,5,"mixture",20661387,"Broad plus sharp source","Matern 2.5",0.058658767123652,0.0208696327832756,0.92325996430696,0.129256945768224,0.106381246281975,0.0197736356066461,0.0631038706738209,0.0481814464052883,0.0104773207183637
0.001,5,"ring",20661387,"Ring-shaped source","RBF",0.161229958161668,0.103016175051462,0.693039857227841,0.281418426163889,0.169364589530042,0.0890422848961374,2.39621910149352,0.15911569789298,0.002114260268688
0.001,5,"ring",20661387,"Ring-shaped source","Matern 0.5",0.15911569789298,0.097310881891363,0.894110648423557,0.565925428761034,0.0629398423557406,0.0836385771487491,-0.355495598558139,0.15911569789298,0
0.001,5,"ring",20661387,"Ring-shaped source","Matern 1.5",0.158704074359873,0.0992153518100749,0.774538964901844,0.383038334704254,0.114992192147531,0.0844559751867578,0.257140804914644,0.15911569789298,-0.000411623533107003
0.001,5,"ring",20661387,"Ring-shaped source","Matern 2.5",0.159495404302609,0.100378916521456,0.737656157049375,0.340866887619705,0.136928539559786,0.0858489042594311,0.762827300844522,0.15911569789298,0.000379706409629005
0.001,5,"sine",20661387,"Sine-cosine source","RBF",0.0450219530274032,0.0317131223874954,0.270077334919691,0.0272550279768292,0.581173036882808,0.0286668668638342,25.2521005788251,0.0560098592615769,-0.0109879062341737
0.001,5,"sine",20661387,"Sine-cosine source","Matern 0.5",0.0560098592615769,0.0404262944126716,1,0.451875024987348,0.164588414634146,0.0360290368584639,-1.16062601850727,0.0560098592615769,0
0.001,5,"sine",20661387,"Sine-cosine source","Matern 1.5",0.0425533225800285,0.0324879115662972,0.809637120761452,0.110497598437287,0.132853584176086,0.0238427078354279,-1.14129749593145,0.0560098592615769,-0.0134565366815484
0.001,5,"sine",20661387,"Sine-cosine source","Matern 2.5",0.0426391747367523,0.0312024324403266,0.498512790005949,0.0579738921559637,0.405533536585366,0.0256568678007504,4.56226620501977,0.0560098592615769,-0.0133706845248246
0.001,5,"spike",20661387,"Hidden narrow spike","RBF",0.04403431278852,0.0105305493826667,0.930398572278406,0.0865072383274808,0.133225386674598,0.0127364034600269,-0.354436835472676,0.045408812970759,-0.001374500182239
0.001,5,"spike",20661387,"Hidden narrow spike","Matern 0.5",0.045408812970759,0.0101003873479097,0.969660916121356,0.15527901838772,0.154949806662701,0.0152181756962065,-1.63437561484114,0.045408812970759,0
0.001,5,"spike",20661387,"Hidden narrow spike","Matern 1.5",0.0442736019691538,0.0104439844497584,0.955978584176086,0.116834250717251,0.140520151695419,0.0137580332633956,-1.3878067132894,0.045408812970759,-0.0011352110016052
0.001,5,"spike",20661387,"Hidden narrow spike","Matern 2.5",0.0441195260103593,0.0104813340807229,0.947055324211779,0.105463500130722,0.135158759666865,0.0133608665590383,-1.16187105923425,0.045408812970759,-0.0012892869603997
0.001,6,"dipole",20761387,"Positive-negative dipole","RBF",0.0347698675989235,0.0166680620794299,0.96192742415229,0.191990229139714,0.122004387269482,0.0187905421893747,-1.44559079207473,0.0405416314772611,-0.0057717638783376
0.001,6,"dipole",20761387,"Positive-negative dipole","Matern 0.5",0.0405416314772611,0.0164294917980442,0.990481856038073,0.474950151204773,0.177006618084474,0.0330486207780898,-1.13553931436652,0.0405416314772611,0
0.001,6,"dipole",20761387,"Positive-negative dipole","Matern 1.5",0.0329932020938792,0.0139001234925788,0.980963712076145,0.300990109560145,0.167665452111838,0.0227059368464579,-1.54004510093488,0.0405416314772611,-0.0075484293833819
0.001,6,"dipole",20761387,"Positive-negative dipole","Matern 2.5",0.0328935760443977,0.0143155624203054,0.979773944080904,0.256215510505375,0.155767772159429,0.0206223150062783,-1.62683265778061,0.0405416314772611,-0.0076480554328634
0.001,6,"edge",20761387,"Moving-edge source","RBF",0.18944660913345,0.124803296531394,0.727543129089827,0.273050971975849,0.204611466389054,0.102884424037578,4.32452413954003,0.168626577037501,0.020820032095949
0.001,6,"edge",20761387,"Moving-edge source","Matern 0.5",0.168626577037501,0.0994398171721021,0.898869720404521,0.581794713554366,0.0939481707317073,0.083944416851286,-0.360891527421727,0.168626577037501,0
0.001,6,"edge",20761387,"Moving-edge source","Matern 1.5",0.178140297920472,0.109772952274912,0.808447352766211,0.344065101055273,0.0912860648423557,0.0897176092518168,0.860096403949671,0.168626577037501,0.00951372088297101
0.001,6,"edge",20761387,"Moving-edge source","Matern 2.5",0.182038700703098,0.114709342431686,0.784651992861392,0.305298265973606,0.13181253718025,0.0939280190116421,1.88744353434441,0.168626577037501,0.013412123665597
0.001,6,"mixture",20761387,"Broad plus sharp source","RBF",0.0630895226164014,0.0237056574236621,0.898274836406901,0.105028600712861,0.083909503271862,0.0209554648994177,2.58063045126319,0.0481313497883076,0.0149581728280938
0.001,6,"mixture",20761387,"Broad plus sharp source","Matern 0.5",0.0481313497883076,0.0185581917735738,0.984533016061868,0.282274844606091,0.163175565139798,0.0233969377235802,-1.43993826061898,0.0481313497883076,0
0.001,6,"mixture",20761387,"Broad plus sharp source","Matern 1.5",0.0556883588955261,0.019895818760523,0.941106484235574,0.153468399141703,0.122145672218917,0.0196971963738652,-0.844504399487983,0.0481313497883076,0.0075570091072185
0.001,6,"mixture",20761387,"Broad plus sharp source","Matern 2.5",0.0586566802322176,0.0210888099103771,0.929803688280785,0.130201647540464,0.106306885782272,0.0198649042443313,0.00538626376055533,0.0481313497883076,0.01052533044391
0.001,6,"ring",20761387,"Ring-shaped source","RBF",0.160304301546238,0.101707981941097,0.696609161213563,0.281453616560054,0.166836332540155,0.0882518772892979,2.34568886674148,0.158551226268835,0.00175307527740301
0.001,6,"ring",20761387,"Ring-shaped source","Matern 0.5",0.158551226268835,0.0963302466324072,0.894110648423557,0.567291908500381,0.0639808893515764,0.0833086561220533,-0.361495864368004,0.158551226268835,0
0.001,6,"ring",20761387,"Ring-shaped source","Matern 1.5",0.157949849383919,0.0981144732567398,0.779298036882808,0.383858643914508,0.113356261154075,0.0838861150955193,0.234711680277688,0.158551226268835,-0.000601376884915988
0.001,6,"ring",20761387,"Ring-shaped source","Matern 2.5",0.158683886079992,0.0992229093216619,0.746579417013682,0.341427131101263,0.13529260856633,0.0852021531290303,0.731407022842722,0.158551226268835,0.00013265981115701
0.001,6,"sine",20761387,"Sine-cosine source","RBF",0.0433772719417393,0.0313492358089165,0.208209399167162,0.0208958116298328,0.636943411659726,0.0289055777593022,51.2478915646746,0.0554006950962885,-0.0120234231545492
0.001,6,"sine",20761387,"Sine-cosine source","Matern 0.5",0.0554006950962885,0.0406161700351411,1,0.45112950331688,0.166670508625818,0.035838860163412,-1.16390797267575,0.0554006950962885,0
0.001,6,"sine",20761387,"Sine-cosine source","Matern 1.5",0.0416102882769477,0.032620653722636,0.803093396787626,0.107258507666417,0.161110574063058,0.0238106888321717,-1.10126648930834,0.0554006950962885,-0.0137904068193408
0.001,6,"sine",20761387,"Sine-cosine source","Matern 2.5",0.0407041895775166,0.0310219108717749,0.425342058298632,0.0521254875040999,0.472457986317668,0.0258088493900742,6.29943221332034,0.0554006950962885,-0.0146965055187719
0.001,6,"spike",20761387,"Hidden narrow spike","RBF",0.0439967726799355,0.0104482452519173,0.932183224271267,0.089032270928859,0.134935678167757,0.0127768120619736,-0.504697748605189,0.0454264197179428,-0.0014296470380073
0.001,6,"spike",20761387,"Hidden narrow spike","Matern 0.5",0.0454264197179428,0.0100383743357217,0.969660916121356,0.156276415361119,0.155321609161214,0.0152447715710857,-1.63675294808534,0.0454264197179428,0
0.001,6,"spike",20761387,"Hidden narrow spike","Matern 1.5",0.0442725305979849,0.0103500853740273,0.957168352171327,0.118669987379352,0.140891954193932,0.0137990331742491,-1.41459570314025,0.0454264197179428,-0.0011538891199579
0.001,6,"spike",20761387,"Hidden narrow spike","Matern 2.5",0.0441085979786863,0.0103824959303075,0.94824509220702,0.107542559412241,0.136497248661511,0.013403569691897,-1.2118812166208,0.0454264197179428,-0.0013178217392565
0.001,7,"dipole",20861387,"Positive-negative dipole","RBF",0.0348002842633834,0.0166615564135036,0.960142772159429,0.19241459304074,0.12222746876859,0.0188190184004206,-1.44848517896822,0.0405572785848397,-0.0057569943214563
0.001,7,"dipole",20861387,"Positive-negative dipole","Matern 0.5",0.0405572785848397,0.0164278363859606,0.990481856038073,0.475099496289256,0.177006618084474,0.0330602696871542,-1.1352230114684,0.0405572785848397,0
0.001,7,"dipole",20861387,"Positive-negative dipole","Matern 1.5",0.0330035821345297,0.0138103515477056,0.980963712076145,0.30136058469902,0.167591091612136,0.0227285824535877,-1.53916459080136,0.0405572785848397,-0.00755369645031
0.001,7,"dipole",20861387,"Positive-negative dipole","Matern 2.5",0.0329059321902879,0.0142296187311124,0.979773944080904,0.256609566559289,0.155842132659131,0.0206467577212333,-1.62612698515408,0.0405572785848397,-0.0076513463945518
0.001,7,"edge",20861387,"Moving-edge source","RBF",0.189184263621093,0.124197747060602,0.725163593099346,0.273242689212869,0.205578152885187,0.102585535224521,4.20575639114582,0.168751710580167,0.020432553040926
0.001,7,"edge",20861387,"Moving-edge source","Matern 0.5",0.168751710580167,0.0994636022453111,0.901249256395003,0.584841996546417,0.0932045657346817,0.0837914132577933,-0.366609814999049,0.168751710580167,0
0.001,7,"edge",20861387,"Moving-edge source","Matern 1.5",0.178005265995074,0.109155321639889,0.813801308744795,0.345149520376453,0.0924014723378941,0.0893201892071804,0.809962978708108,0.168751710580167,0.00925355541490699
0.001,7,"edge",20861387,"Moving-edge source","Matern 2.5",0.181844108840806,0.113935991443717,0.791195716835217,0.305828576032236,0.130250966686496,0.0935130806216106,1.81307631755342,0.168751710580167,0.013092398260639
0.001,7,"mixture",20861387,"Broad plus sharp source","RBF",0.0634461189958516,0.024057277688914,0.887566924449732,0.103095911956454,0.083240258774539,0.0210456174591605,2.89369739458745,0.0483041965505504,0.0151419224453012
0.001,7,"mixture",20861387,"Broad plus sharp source","Matern 0.5",0.0483041965505504,0.0186627881557522,0.984533016061868,0.280770135688338,0.163398646638905,0.0233788667256525,-1.43982130517796,0.0483041965505504,0
0.001,7,"mixture",20861387,"Broad plus sharp source","Matern 1.5",0.0558880659074446,0.019674500336745,0.941106484235574,0.152569895441912,0.121030264723379,0.0196607516801403,-0.818833431656898,0.0483041965505504,0.0075838693568942
0.001,7,"mixture",20861387,"Broad plus sharp source","Matern 2.5",0.0589575965172871,0.0209368048445614,0.925639500297442,0.128964853388522,0.104001710291493,0.0198395419318103,0.0834343238912009,0.0483041965505504,0.0106533999667367
0.001,7,"ring",20861387,"Ring-shaped source","RBF",0.142978052914582,0.0821814573565495,0.852468768590125,0.467357034902286,0.0853669690660321,0.0753309396202165,-0.306829479060779,0.159069227455773,-0.016091174541191
0.001,7,"ring",20861387,"Ring-shaped source","Matern 0.5",0.159069227455773,0.0970437911942884,0.893515764425937,0.565765771507289,0.0635347263533611,0.0835746562878498,-0.355687456878214,0.159069227455773,0
0.001,7,"ring",20861387,"Ring-shaped source","Matern 1.5",0.158562778815815,0.0988644280620091,0.776918500892326,0.383299764510107,0.114694750148721,0.0842966984513874,0.252563326196637,0.159069227455773,-0.000506448639958024
0.001,7,"ring",20861387,"Ring-shaped source","Matern 2.5",0.15931943185508,0.0999907439448419,0.744794765020821,0.341184440900808,0.136408016061868,0.0856526147302229,0.754066283220683,0.159069227455773,0.00025020439930698
0.001,7,"sine",20861387,"Sine-cosine source","RBF",0.0433497353130229,0.0315357573670627,0.261748958953004,0.0302870497639044,0.593963042831648,0.0281717971984229,19.730858659891,0.056467384794089,-0.0131176494810661
0.001,7,"sine",20861387,"Sine-cosine source","Matern 0.5",0.056467384794089,0.0412653062367742,1,0.450706126300721,0.165406380130874,0.0361172235477133,-1.16150474944359,0.056467384794089,0
0.001,7,"sine",20861387,"Sine-cosine source","Matern 1.5",0.0433706199196974,0.033810267430765,0.804878048780488,0.108898834325817,0.164308075550268,0.0246328735257127,-1.05687646071862,0.056467384794089,-0.0130967648743916
0.001,7,"sine",20861387,"Sine-cosine source","Matern 2.5",0.0419679668350146,0.0320790354726267,0.498512790005949,0.0609777270334199,0.422933893515764,0.0258896239234313,2.64839427480756,0.056467384794089,-0.0144994179590744
0.001,7,"spike",20861387,"Hidden narrow spike","RBF",0.0440119409366971,0.0105128410246307,0.932778108268888,0.0891758908369515,0.134861317668055,0.0127932218874161,-0.511011154042812,0.0454248662568924,-0.0014129253201953
0.001,7,"spike",20861387,"Hidden narrow spike","Matern 0.5",0.0454248662568924,0.0100627089589804,0.969660916121356,0.156564852522396,0.155395969660916,0.0152657991209802,-1.63753121843222,0.0454248662568924,0
0.001,7,"spike",20861387,"Hidden narrow spike","Matern 1.5",0.0442812921310522,0.0103923914595392,0.957168352171327,0.118831486660008,0.14081759369423,0.0138156366139299,-1.41638097888281,0.0454248662568924,-0.0011435741258402
0.001,7,"spike",20861387,"Hidden narrow spike","Matern 2.5",0.0441203919729258,0.010430330098861,0.94883997620464,0.107680686716193,0.136794690660321,0.0134192988186495,-1.21427293233453,0.0454248662568924,-0.0013044742839666
0.001,8,"dipole",20961387,"Positive-negative dipole","RBF",0.0347720951177788,0.0166461796877279,0.96192742415229,0.193113805309726,0.122822352766211,0.0188261694372276,-1.4542919388527,0.0405445814880074,-0.0057724863702286
0.001,8,"dipole",20961387,"Positive-negative dipole","Matern 0.5",0.0405445814880074,0.0165114983822831,0.990481856038073,0.47517082913062,0.177080978584176,0.0330611769200309,-1.1351479856323,0.0405445814880074,0
0.001,8,"dipole",20961387,"Positive-negative dipole","Matern 1.5",0.032998048330092,0.0138356082252178,0.980963712076145,0.301494445313316,0.167739812611541,0.0227328513155455,-1.53900436698966,0.0405445814880074,-0.0075465331579154
0.001,8,"dipole",20961387,"Positive-negative dipole","Matern 2.5",0.0328997850149834,0.0142227580382773,0.979773944080904,0.256861860888131,0.155544690660321,0.0206549337589181,-1.62594547071977,0.0405445814880074,-0.007644796473024
0.001,8,"edge",20961387,"Moving-edge source","RBF",0.189237118118778,0.125107572455021,0.7180249851279,0.265141551050043,0.217401472337894,0.103343797788447,4.63522194126529,0.169436893444309,0.019800224674469
0.001,8,"edge",20961387,"Moving-edge source","Matern 0.5",0.169436893444309,0.10046065559323,0.894110648423557,0.573340773163446,0.0904532272456871,0.0844122747962908,-0.350838433509244,0.169436893444309,0
0.001,8,"edge",20961387,"Moving-edge source","Matern 1.5",0.178569909159634,0.110440283668596,0.806067816775729,0.336724972096493,0.0996888013087448,0.0903574781883015,0.946527061584503,0.169436893444309,0.00913301571532499
0.001,8,"edge",20961387,"Moving-edge source","Matern 2.5",0.182298190051734,0.115318782630312,0.779298036882808,0.29780348643068,0.13880242415229,0.0945706522428196,2.03944024169536,0.169436893444309,0.012861296607425
0.001,8,"mixture",20961387,"Broad plus sharp source","RBF",0.0630218233235448,0.0230834280375264,0.894110648423557,0.105499660208372,0.0829428167757287,0.0206274012581967,2.61634917723949,0.048045552319163,0.0149762710043818
0.001,8,"mixture",20961387,"Broad plus sharp source","Matern 0.5",0.048045552319163,0.0185169589081602,0.984533016061868,0.285379160581322,0.164737135633551,0.0234583906058807,-1.43627887546383,0.048045552319163,0
0.001,8,"mixture",20961387,"Broad plus sharp source","Matern 1.5",0.0557720039542848,0.0192169344052488,0.941701368233195,0.154942575863114,0.126681662700773,0.0194662604031979,-0.846686812660225,0.048045552319163,0.0077264516351218
0.001,8,"mixture",20961387,"Broad plus sharp source","Matern 2.5",0.0587192053835757,0.0203395086298611,0.925044616299821,0.131346470730438,0.111363399762046,0.0195777871933542,0.00614606340871516,0.048045552319163,0.0106736530644127
0.001,8,"ring",20961387,"Ring-shaped source","RBF",0.160408023002118,0.102616312568106,0.6918500892326,0.277812940116895,0.16757993753718,0.0886673319476858,2.4695730030785,0.158302985347646,0.00210503765447201
0.001,8,"ring",20961387,"Ring-shaped source","Matern 0.5",0.158302985347646,0.0970942455660298,0.895300416418798,0.566195702502857,0.0624193188578227,0.0832641603250981,-0.363517002188914,0.158302985347646,0
0.001,8,"ring",20961387,"Ring-shaped source","Matern 1.5",0.157848591697443,0.0988973689904922,0.774538964901844,0.381105344988282,0.114694750148721,0.0840343031200707,0.250511051313564,0.158302985347646,-0.000454393650203
0.001,8,"ring",20961387,"Ring-shaped source","Matern 2.5",0.158650668671081,0.100043564073737,0.743010113027959,0.338293611570381,0.135515690065437,0.0854388172482594,0.767910594227207,0.158302985347646,0.000347683323434989
0.001,8,"sine",20961387,"Sine-cosine source","RBF",0.0453272219925811,0.0320343181918995,0.305770374776918,0.0332803947488711,0.554254535990482,0.0285044572736822,15.6324800755484,0.0569982454154064,-0.0116710234228253
0.001,8,"sine",20961387,"Sine-cosine source","Matern 0.5",0.0569982454154064,0.0410590153177098,1,0.451251298893591,0.163473007138608,0.0363209788034622,-1.15800555389859,0.0569982454154064,0
0.001,8,"sine",20961387,"Sine-cosine source","Matern 1.5",0.0438035541925586,0.0333052625093557,0.801903628792386,0.110621482457321,0.148841091612136,0.0246241369504875,-1.05350177634331,0.0569982454154064,-0.0131946912228478
0.001,8,"sine",20961387,"Sine-cosine source","Matern 2.5",0.0435574165491381,0.032070383758534,0.499107674003569,0.0590841549358612,0.396982079119572,0.0263470273052329,3.60085350582583,0.0569982454154064,-0.0134408288662683
0.001,8,"spike",20961387,"Hidden narrow spike","RBF",0.0440162929449671,0.0104045101743608,0.932183224271267,0.0885379944747758,0.134266433670434,0.0127700734194568,-0.476354079616908,0.0454257623910842,-0.0014094694461171
0.001,8,"spike",20961387,"Hidden narrow spike","Matern 0.5",0.0454257623910842,0.0100045844117894,0.969660916121356,0.156234636711997,0.155247248661511,0.0152485151375138,-1.63667561272881,0.0454257623910842,0
0.001,8,"spike",20961387,"Hidden narrow spike","Matern 1.5",0.0442806654151365,0.0103062139370375,0.956573468173706,0.118408285827788,0.140520151695419,0.0137961884899708,-1.41072003324442,0.0454257623910842,-0.0011450969759477
0.001,8,"spike",20961387,"Hidden narrow spike","Matern 2.5",0.0441201888961068,0.0103370374814853,0.94824509220702,0.107201969277023,0.136497248661511,0.0133986252789688,-1.20375865857593,0.0454257623910842,-0.0013055734949774
0.001,9,"dipole",21061387,"Positive-negative dipole","RBF",0.034719405909887,0.0167468249308668,0.960142772159429,0.192724640770382,0.122153108268888,0.0188126388995313,-1.45455281632706,0.0404441981948245,-0.0057247922849375
0.001,9,"dipole",21061387,"Positive-negative dipole","Matern 0.5",0.0404441981948245,0.0164782161611631,0.990481856038073,0.476272514966896,0.177155339083879,0.0330967029259945,-1.13345383758605,0.0404441981948245,0
0.001,9,"dipole",21061387,"Positive-negative dipole","Matern 1.5",0.0328881271374406,0.0138467408462418,0.980963712076145,0.302347619020133,0.168037254610351,0.0227489488591754,-1.53804856306722,0.0404441981948245,-0.0075560710573839
0.001,9,"dipole",21061387,"Positive-negative dipole","Matern 2.5",0.0327993460300763,0.0142708021477534,0.979773944080904,0.257474757712172,0.155619051160024,0.0206597043910661,-1.62639203285484,0.0404441981948245,-0.00764485216474819
0.001,9,"edge",21061387,"Moving-edge source","RBF",0.188773214175425,0.124097244996375,0.724568709101725,0.273505046362662,0.203347337894111,0.102598343655282,4.30549146622765,0.168210945717403,0.020562268458022
0.001,9,"edge",21061387,"Moving-edge source","Matern 0.5",0.168210945717403,0.0990504663267636,0.89767995240928,0.581932597234384,0.0959559042236764,0.0836307018722658,-0.363767353061594,0.168210945717403,0
0.001,9,"edge",21061387,"Moving-edge source","Matern 1.5",0.177708590395725,0.109015325331415,0.806662700773349,0.344353626183371,0.0915091463414634,0.089376125063744,0.850864968568661,0.168210945717403,0.00949764467832201
0.001,9,"edge",21061387,"Moving-edge source","Matern 2.5",0.181603554136973,0.113786810118286,0.783462224866151,0.305564248374529,0.127871430696014,0.0936488930905263,1.8782475778281,0.168210945717403,0.01339260841957
0.001,9,"mixture",21061387,"Broad plus sharp source","RBF",0.0630927198214079,0.0236423341702878,0.901249256395003,0.106521800838602,0.0821248512790006,0.0208926729884631,2.44215988587856,0.0481829061697303,0.0149098136516776
0.001,9,"mixture",21061387,"Broad plus sharp source","Matern 0.5",0.0481829061697303,0.0187275367798893,0.984533016061868,0.285309967173378,0.164365333135039,0.0235346523591683,-1.43697767704434,0.0481829061697303,0
0.001,9,"mixture",21061387,"Broad plus sharp source","Matern 1.5",0.0556811266877743,0.0196788174464783,0.941701368233195,0.155720933180183,0.125045731707317,0.0196876543723474,-0.877513663590612,0.0481829061697303,0.007498220518044
0.001,9,"mixture",21061387,"Broad plus sharp source","Matern 2.5",0.0586388582533666,0.0208957947003455,0.929803688280785,0.132196574148787,0.109801829268293,0.0198116223549058,-0.0603356070839846,0.0481829061697303,0.0104559520836363
0.001,9,"ring",21061387,"Ring-shaped source","RBF",0.161088332796122,0.10230439553386,0.691255205234979,0.278414184276376,0.169810752528257,0.0887497743840224,2.4807566363102,0.159232363731372,0.00185596906475
0.001,9,"ring",21061387,"Ring-shaped source","Matern 0.5",0.159232363731372,0.0967776967908022,0.891136228435455,0.560587067012509,0.0642783313503867,0.0835440197362858,-0.350967050890738,0.159232363731372,0
0.001,9,"ring",21061387,"Ring-shaped source","Matern 1.5",0.158713064393292,0.0986281064118666,0.775133848899465,0.379209454985913,0.115215273646639,0.0843087911185398,0.283597324834903,0.159232363731372,-0.000519299338080009
0.001,9,"ring",21061387,"Ring-shaped source","Matern 2.5",0.15946405117537,0.0997659169697794,0.738845925044616,0.337386273174436,0.137820865556217,0.0856644235303584,0.803613040663542,0.159232363731372,0.000231687443997985
0.001,9,"sine",21061387,"Sine-cosine source","RBF",0.0463634164856735,0.0327767844776252,0.300416418798334,0.0339692495010054,0.570688206424747,0.0289267017977487,14.608307529558,0.057240438082985,-0.0108770215973115
0.001,9,"sine",21061387,"Sine-cosine source","Matern 0.5",0.057240438082985,0.0409987852368445,1,0.451521584417274,0.162283239143367,0.0363928292082751,-1.15676333877939,0.057240438082985,0
0.001,9,"sine",21061387,"Sine-cosine source","Matern 1.5",0.0446406392808307,0.0336948457119135,0.808447352766211,0.111548020824387,0.143784577632362,0.0248072090091967,-1.06547443445429,0.057240438082985,-0.0125997988021543
0.001,9,"sine",21061387,"Sine-cosine source","Matern 2.5",0.04525415364127,0.0327586720450591,0.524687685901249,0.0615232173315191,0.402187314098751,0.0267871772956225,4.37719788745098,0.057240438082985,-0.011986284441715
0.001,9,"spike",21061387,"Hidden narrow spike","RBF",0.0439737620722334,0.0104461432178144,0.933372992266508,0.0899460249881643,0.134638236168947,0.0128185612594982,-0.553312034641593,0.0454030376962857,-0.0014292756240523
0.001,9,"spike",21061387,"Hidden narrow spike","Matern 0.5",0.0454030376962857,0.0100114697446221,0.969660916121356,0.15741280413876,0.155395969660916,0.0152988692258068,-1.64021196434555,0.0454030376962857,0
0.001,9,"spike",21061387,"Hidden narrow spike","Matern 1.5",0.0442511376290867,0.01033834717492,0.957168352171327,0.119701857592158,0.140891954193932,0.0138486569570797,-1.42903647059283,0.0454030376962857,-0.001151900067199
0.001,9,"spike",21061387,"Hidden narrow spike","Matern 2.5",0.0440875647358174,0.0103730686253196,0.94883997620464,0.108529912153903,0.136794690660321,0.0134505220098071,-1.23398845421962,0.0454030376962857,-0.0013154729604683
0.01,1,"dipole",20261387,"Positive-negative dipole","RBF",0.0366595916276601,0.0216337797701824,0.964306960142772,0.217101827411836,0.115014500297442,0.0210235826732317,-1.50464384454237,0.0413060449715086,-0.0046464533438485
0.01,1,"dipole",20261387,"Positive-negative dipole","Matern 0.5",0.0413060449715086,0.0201597763170408,0.991671624033314,0.488785112057754,0.178716909577632,0.0340147685988588,-1.10798662954501,0.0413060449715086,0
0.01,1,"dipole",20261387,"Positive-negative dipole","Matern 1.5",0.0346561221204067,0.0188303743792355,0.982153480071386,0.31873968678113,0.165434637120761,0.0242934735218295,-1.48679343306428,0.0413060449715086,-0.0066499228511019
0.01,1,"dipole",20261387,"Positive-negative dipole","Matern 2.5",0.0347183006045078,0.0193777541957989,0.979773944080904,0.275765873500399,0.153313875669245,0.0224617592180227,-1.57021418162225,0.0413060449715086,-0.0065877443670008
0.01,1,"edge",20261387,"Moving-edge source","RBF",0.196735624604757,0.136053568066241,0.739440809042237,0.334929523749931,0.201711406900654,0.110144930567223,2.91979193645026,0.180784035624843,0.015951588979914
0.01,1,"edge",20261387,"Moving-edge source","Matern 0.5",0.180784035624843,0.120422751188963,0.889946460440214,0.652891812210098,0.0757298483045806,0.0951367982557087,-0.264010812693433,0.180784035624843,0
0.01,1,"edge",20261387,"Moving-edge source","Matern 1.5",0.187836812190816,0.12561456756277,0.794170136823319,0.40505088660829,0.105712001784652,0.0998868674207191,0.683636105674538,0.180784035624843,0.007052776565973
0.01,1,"edge",20261387,"Moving-edge source","Matern 2.5",0.19102421576427,0.128685981082661,0.770374776918501,0.366452755726632,0.143933298631767,0.10329837729642,1.39953501915644,0.180784035624843,0.010240180139427
0.01,1,"mixture",20261387,"Broad plus sharp source","RBF",0.0664500793699207,0.0254420779522062,0.885782272456871,0.122414679720241,0.0816786882807853,0.0215164321037135,1.88215223775605,0.0572794763506662,0.0091706030192545
0.01,1,"mixture",20261387,"Broad plus sharp source","Matern 0.5",0.0572794763506662,0.0255657025072392,0.989886972040452,0.309573010616968,0.170537254610351,0.0263500788070159,-1.30945019296083,0.0572794763506662,0
0.01,1,"mixture",20261387,"Broad plus sharp source","Matern 1.5",0.0617593733890936,0.0238660680721494,0.956573468173706,0.176840308852198,0.118212001784652,0.0212652687499255,-0.807885168216943,0.0572794763506662,0.0044798970384274
0.01,1,"mixture",20261387,"Broad plus sharp source","Matern 2.5",0.0635613690885174,0.0239714889762748,0.93575252825699,0.151233493424302,0.101473453301606,0.0209147066581579,-0.13079436894865,0.0572794763506662,0.00628189273785119
0.01,1,"ring",20261387,"Ring-shaped source","RBF",0.163163902555258,0.106494155463456,0.71743010113028,0.339481449897994,0.14257993753718,0.0897541469315383,1.17028218475694,0.162268427846522,0.000895474708735994
0.01,1,"ring",20261387,"Ring-shaped source","Matern 0.5",0.162268427846522,0.101524057954355,0.909577632361689,0.631391946501959,0.0650219363474123,0.0863834544286302,-0.35399601416582,0.162268427846522,0
0.01,1,"ring",20261387,"Ring-shaped source","Matern 1.5",0.161284988832302,0.103057273013428,0.82034503271862,0.44601684121444,0.0931302052349792,0.0860736654180893,-0.0144107545799288,0.162268427846522,-0.000983439014220017
0.01,1,"ring",20261387,"Ring-shaped source","Matern 2.5",0.161757425864586,0.103983691502442,0.780487804878049,0.402523674642449,0.110456201665675,0.0870445128866278,0.270557717782105,0.162268427846522,-0.000511001981936016
0.01,1,"sine",20261387,"Sine-cosine source","RBF",0.0509279727457589,0.0391506781351393,0.793575252825699,0.140104003372645,0.170926160023795,0.0280587909348634,-1.49550423886416,0.0801420281174811,-0.0292140553717222
0.01,1,"sine",20261387,"Sine-cosine source","Matern 0.5",0.0801420281174811,0.0604831302353946,0.995240928019036,0.595443245631993,0.15045991969066,0.050862492212594,-0.837788565762444,0.0801420281174811,0
0.01,1,"sine",20261387,"Sine-cosine source","Matern 1.5",0.0566919665116943,0.0426841435313079,0.973230220107079,0.256212840187521,0.0607067965496728,0.0306489334100636,-1.51609763327018,0.0801420281174811,-0.0234500616057868
0.01,1,"sine",20261387,"Sine-cosine source","Matern 2.5",0.052753856859584,0.0401842831993872,0.937537180249851,0.197278242242174,0.014055249851279,0.028339573975807,-1.62138717584234,0.0801420281174811,-0.0273881712578971
0.01,1,"spike",20261387,"Hidden narrow spike","RBF",0.0449968063822434,0.0134111372393883,0.939916716240333,0.0931636203062756,0.13471259666865,0.0132526042775251,-0.62624109927043,0.0456371686960632,-0.000640362313819802
0.01,1,"spike",20261387,"Hidden narrow spike","Matern 0.5",0.0456371686960632,0.0125349804117046,0.975609756097561,0.17080141081404,0.159337076145152,0.0160647989320368,-1.65521649786809,0.0456371686960632,0
0.01,1,"spike",20261387,"Hidden narrow spike","Matern 1.5",0.0444885322597944,0.0134385865229546,0.963117192147531,0.136725320058573,0.145576665675193,0.0148542400090344,-1.57373710925716,0.0456371686960632,-0.0011486364362688
0.01,1,"spike",20261387,"Hidden narrow spike","Matern 2.5",0.0443927454760985,0.0135481678941414,0.959547888161808,0.123546870262083,0.141040675193337,0.0143768460334658,-1.44823340109041,0.0456371686960632,-0.0012444232199647
0.01,10,"dipole",21161387,"Positive-negative dipole","RBF",0.039213161170771,0.0244931112241309,0.943486020226056,0.198766304710259,0.0960451368233194,0.0214686014637033,-1.36820028640389,0.0421535401578543,-0.0029403789870833
0.01,10,"dipole",21161387,"Positive-negative dipole","Matern 0.5",0.0421535401578543,0.0215508102307841,0.991671624033314,0.491824047404697,0.178791270077335,0.0343607173464327,-1.1000021892835,0.0421535401578543,0
0.01,10,"dipole",21161387,"Positive-negative dipole","Matern 1.5",0.0361857224441272,0.0207680036334984,0.983343248066627,0.317655030264923,0.163203822129685,0.0246825042379171,-1.4785965360852,0.0421535401578543,-0.00596781771372711
0.01,10,"dipole",21161387,"Positive-negative dipole","Matern 2.5",0.0364719312654634,0.021479729670946,0.979773944080904,0.271362117393737,0.148406082688876,0.022829944773765,-1.56078282980366,0.0421535401578543,-0.0056816088923909
0.01,10,"edge",21161387,"Moving-edge source","RBF",0.2312855842217,0.160688608274868,0.655562165377751,0.305737662476773,0.289456796549673,0.133853399614578,6.01971689604692,0.197222584697005,0.034062999524695
0.01,10,"edge",21161387,"Moving-edge source","Matern 0.5",0.197222584697005,0.132064893544403,0.890541344437835,0.663550911640215,0.0682937983343248,0.1028532636399,-0.190363203520008,0.197222584697005,0
0.01,10,"edge",21161387,"Moving-edge source","Matern 1.5",0.207112447398839,0.137569944324907,0.767995240928019,0.403529273820505,0.131886897679952,0.110441614423318,0.994538383965372,0.197222584697005,0.00988986270183401
0.01,10,"edge",21161387,"Moving-edge source","Matern 2.5",0.212845865861256,0.143254754138119,0.736466389054134,0.360019206356206,0.182898200475907,0.116146409623302,2.02916953117124,0.197222584697005,0.015623281164251
0.01,10,"mixture",21161387,"Broad plus sharp source","RBF",0.0671813268191519,0.0303692110328064,0.87150505651398,0.13076042995589,0.0585971891731112,0.0246760537796656,1.34309100236614,0.0637485943505131,0.0034327324686388
0.01,10,"mixture",21161387,"Broad plus sharp source","Matern 0.5",0.0637485943505131,0.0348191660725285,0.990481856038073,0.328021612558646,0.147634220701963,0.0307223218797588,-1.22797601959645,0.0637485943505131,0
0.01,10,"mixture",21161387,"Broad plus sharp source","Matern 1.5",0.0645702173698816,0.0311185445826926,0.941701368233195,0.18734011210263,0.0909886228435455,0.0251349107019369,-0.860216967278523,0.0637485943505131,0.0008216230193685
0.01,10,"mixture",21161387,"Broad plus sharp source","Matern 2.5",0.0653343532202543,0.0302835301268612,0.922070196311719,0.160694088096279,0.0740195568114218,0.0244789491842742,-0.32748436019563,0.0637485943505131,0.0015857588697412
0.01,10,"ring",21161387,"Ring-shaped source","RBF",0.158655313413764,0.10883359205194,0.688280785246877,0.276459403145538,0.198067742415229,0.0906759735544252,2.40466395326549,0.158041020469137,0.000614292944626976
0.01,10,"ring",21161387,"Ring-shaped source","Matern 0.5",0.158041020469137,0.106194206133227,0.901249256395003,0.599335506500494,0.0623449583581202,0.0850587905155101,-0.382868995341179,0.158041020469137,0
0.01,10,"ring",21161387,"Ring-shaped source","Matern 1.5",0.155673509074431,0.106262589066068,0.797739440809042,0.399624181022996,0.0975174747174301,0.0852378593533991,0.0925704681612744,0.158041020469137,-0.00236751139470601
0.01,10,"ring",21161387,"Ring-shaped source","Matern 2.5",0.156459548289561,0.106936499544645,0.751933372992266,0.348357647342024,0.12861503569304,0.0868212047552496,0.58880494184241,0.158041020469137,-0.00158147217957602
0.01,10,"sine",21161387,"Sine-cosine source","RBF",0.0462059584653028,0.0345337817871381,0.923854848304581,0.164543089718068,0.0672676234384295,0.0250160239800733,-1.73188990261395,0.0802978698877943,-0.0340919114224915
0.01,10,"sine",21161387,"Sine-cosine source","Matern 0.5",0.0802978698877943,0.0619285536729091,0.998810232004759,0.615011725336051,0.156185678167757,0.051686410525386,-0.814182575490579,0.0802978698877943,0
0.01,10,"sine",21161387,"Sine-cosine source","Matern 1.5",0.0622641796854738,0.047331967523701,0.971445568114218,0.277523545905404,0.0394396936347412,0.0342782256914294,-1.39511744248978,0.0802978698877943,-0.0180336902023205
0.01,10,"sine",21161387,"Sine-cosine source","Matern 2.5",0.0561237635721864,0.041837021076076,0.947650208209399,0.222801414006366,0.00710997917906005,0.0304166138199723,-1.53183745303767,0.0802978698877943,-0.0241741063156079
0.01,10,"spike",21161387,"Hidden narrow spike","RBF",0.0449795088322216,0.0140206949264144,0.934562760261749,0.08959569740882,0.126904744199881,0.0134294824366171,-0.439629968061536,0.0456377166248169,-0.000658207792595303
0.01,10,"spike",21161387,"Hidden narrow spike","Matern 0.5",0.0456377166248169,0.0129478365984084,0.973230220107079,0.167047155561726,0.156808819155265,0.0160142717947613,-1.64923005349296,0.0456377166248169,0
0.01,10,"spike",21161387,"Hidden narrow spike","Matern 1.5",0.0445952865992537,0.014204483175015,0.959547888161808,0.130264532911927,0.14111503569304,0.0148403486332049,-1.5130430693273,0.0456377166248169,-0.0010424300255632
0.01,10,"spike",21161387,"Hidden narrow spike","Matern 2.5",0.0444401873230952,0.0144498541722335,0.953599048185604,0.119540036756871,0.134496951219512,0.0145438653910904,-1.38360803527096,0.0456377166248169,-0.0011975293017217
0.01,11,"dipole",21261387,"Positive-negative dipole","RBF",0.0382880894470169,0.0241114383599192,0.947055324211779,0.196883463012178,0.0948553688280785,0.0212213544171667,-1.3728149210609,0.0415042827347529,-0.003216193287736
0.01,11,"dipole",21261387,"Positive-negative dipole","Matern 0.5",0.0415042827347529,0.0212010169566606,0.991671624033314,0.491259743356878,0.179460514574658,0.0342241274406904,-1.10291809760441,0.0415042827347529,0
0.01,11,"dipole",21261387,"Positive-negative dipole","Matern 1.5",0.0356226797277861,0.0205665185281847,0.983343248066627,0.314244249028598,0.161790972635336,0.0244147352330576,-1.49037723182334,0.0415042827347529,-0.0058816030069668
0.01,11,"dipole",21261387,"Positive-negative dipole","Matern 2.5",0.0358755665791456,0.0213469684948672,0.979179060083284,0.267582840223346,0.147290675193337,0.0225508795323932,-1.57344627420807,0.0415042827347529,-0.0056287161556073
0.01,11,"edge",21261387,"Moving-edge source","RBF",0.220391153599684,0.151840833931938,0.701963117192148,0.346332064145368,0.234876189767995,0.12392667300911,3.6176530086607,0.190082562003218,0.030308591596466
0.01,11,"edge",21261387,"Moving-edge source","Matern 0.5",0.190082562003218,0.128387594677084,0.907198096371208,0.707789376569321,0.0723092653182629,0.0998399010350828,-0.240498754585448,0.190082562003218,0
0.01,11,"edge",21261387,"Moving-edge source","Matern 1.5",0.199724064452005,0.134176399346214,0.812611540749554,0.441309101588324,0.101696534800714,0.105596180848936,0.561589457090926,0.190082562003218,0.009641502448787
0.01,11,"edge",21261387,"Moving-edge source","Matern 2.5",0.204688981385584,0.138535533219723,0.785841760856633,0.397413128794369,0.145048706127305,0.11011076961745,1.24297524443617,0.190082562003218,0.014606419382366
0.01,11,"mixture",21261387,"Broad plus sharp source","RBF",0.067159705978869,0.0287301664733595,0.853063652587745,0.11529609719915,0.0645460291493159,0.0236728170898612,2.50983809387583,0.0578520973318347,0.0093076086470343
0.01,11,"mixture",21261387,"Broad plus sharp source","Matern 0.5",0.0578520973318347,0.030815689417098,0.992266508030934,0.309812970506889,0.154475386674598,0.0280935760231721,-1.30740370297826,0.0578520973318347,0
0.01,11,"mixture",21261387,"Broad plus sharp source","Matern 1.5",0.0623139279595346,0.0283021312486855,0.941106484235574,0.170481238479272,0.0899475758477097,0.0232192298447049,-0.767661580284497,0.0578520973318347,0.00446183062769991
0.01,11,"mixture",21261387,"Broad plus sharp source","Matern 2.5",0.0642423454708072,0.0281831994953862,0.907792980368828,0.14453872136882,0.0754324063057704,0.0230095495421018,0.0100250045367529,0.0578520973318347,0.00639024813897251
0.01,11,"ring",21261387,"Ring-shaped source","RBF",0.16587722620646,0.113005205923021,0.691255205234979,0.304458856961627,0.182377676977989,0.0939785816321088,1.96334472052081,0.162863589269334,0.003013636937126
0.01,11,"ring",21261387,"Ring-shaped source","Matern 0.5",0.162863589269334,0.107531379514986,0.914931588340274,0.615755650606323,0.0593705383700179,0.0872346938186784,-0.348654916179478,0.162863589269334,0
0.01,11,"ring",21261387,"Ring-shaped source","Matern 1.5",0.162755405739714,0.109452913448047,0.796549672813801,0.419210859628048,0.0965507882212968,0.088394042998793,0.119567328800631,0.162863589269334,-0.000108183529619998
0.01,11,"ring",21261387,"Ring-shaped source","Matern 2.5",0.163637734978373,0.110436794261694,0.754907792980369,0.372444640584359,0.117163518738846,0.089998583619703,0.535025388959187,0.162863589269334,0.000774145709038998
0.01,11,"sine",21261387,"Sine-cosine source","RBF",0.0559427004477466,0.0429240741041921,0.825698988697204,0.15404740856092,0.150105220107079,0.0303867774652958,-1.47572425774218,0.0803429478571763,-0.0244002474094297
0.01,11,"sine",21261387,"Sine-cosine source","Matern 0.5",0.0803429478571763,0.064723215997518,1,0.596019851525619,0.151203524687686,0.051240512946442,-0.837370623140615,0.0803429478571763,0
0.01,11,"sine",21261387,"Sine-cosine source","Matern 1.5",0.0641216212912741,0.0514195024311239,0.968471148126115,0.254899772422227,0.0227531975014872,0.0351756824788718,-1.40722063468502,0.0803429478571763,-0.0162213265659022
0.01,11,"sine",21261387,"Sine-cosine source","Matern 2.5",0.059988079080579,0.0475931639157894,0.916716240333135,0.20178809670047,0.0703164039262344,0.0329154242140201,-1.46228835074608,0.0803429478571763,-0.0203548687765973
0.01,11,"spike",21261387,"Hidden narrow spike","RBF",0.0441554192498626,0.0134273104156464,0.942891136228435,0.104405907095645,0.131440734681737,0.0136984869303453,-1.07516583070431,0.0457425383672081,-0.00158711911734551
0.01,11,"spike",21261387,"Hidden narrow spike","Matern 0.5",0.0457425383672081,0.0120635339907108,0.975609756097561,0.167778074679053,0.16015504164188,0.0158390664941695,-1.64995435594062,0.0457425383672081,0
0.01,11,"spike",21261387,"Hidden narrow spike","Matern 1.5",0.0445411739206478,0.0129782252084648,0.963712076145152,0.133299367689255,0.145130502676978,0.014607729950574,-1.54996644810263,0.0457425383672081,-0.00120136444656031
0.01,11,"spike",21261387,"Hidden narrow spike","Matern 2.5",0.0443450863455728,0.0131858073615468,0.959547888161808,0.122762113783394,0.139776546698394,0.0142686688548279,-1.44507654892096,0.0457425383672081,-0.00139745202163531
0.01,12,"dipole",21361387,"Positive-negative dipole","RBF",0.0380037128900665,0.0239954150449469,0.959547888161808,0.206580920907994,0.101927052349792,0.0213065836838599,-1.45567641871558,0.0418805686470436,-0.0038768557569771
0.01,12,"dipole",21361387,"Positive-negative dipole","Matern 0.5",0.0418805686470436,0.0224011838910617,0.992266508030934,0.486637076886225,0.179014351576443,0.0340784015788931,-1.1103292807109,0.0418805686470436,0
0.01,12,"dipole",21361387,"Positive-negative dipole","Matern 1.5",0.0356435445713384,0.021227690730215,0.981558596073766,0.314408212684238,0.164319229625223,0.0244390263096392,-1.49132951726147,0.0418805686470436,-0.0062370240757052
0.01,12,"dipole",21361387,"Positive-negative dipole","Matern 2.5",0.0358059539944531,0.0217148272814541,0.979179060083284,0.270113203456914,0.149595850684117,0.0226397835469212,-1.57333851189578,0.0418805686470436,-0.0060746146525905
0.01,12,"edge",21361387,"Moving-edge source","RBF",0.215079269560471,0.147667601302534,0.701963117192148,0.326399266720313,0.240601948245092,0.120026279124585,3.7542485731859,0.192290724433677,0.022788545126794
0.01,12,"edge",21361387,"Moving-edge source","Matern 0.5",0.192290724433677,0.126438545666052,0.893515764425937,0.66964921491235,0.072978509815586,0.0999776753734641,-0.211908365436518,0.192290724433677,0
0.01,12,"edge",21361387,"Moving-edge source","Matern 1.5",0.201021059021629,0.133158039875946,0.793575252825699,0.414165007890339,0.11641991374182,0.106080998618255,0.790802895596547,0.192290724433677,0.008730334587952
0.01,12,"edge",21361387,"Moving-edge source","Matern 2.5",0.205299227831034,0.137498501776431,0.757882212968471,0.370187990478261,0.16059005056514,0.110340589091972,1.6105855201156,0.192290724433677,0.013008503397357
0.01,12,"mixture",21361387,"Broad plus sharp source","RBF",0.0646093211579076,0.0287310912878984,0.925639500297442,0.155373385092825,0.0738113474122546,0.02378379810835,-0.0270788050021943,0.0644615992862625,0.000147721871645107
0.01,12,"mixture",21361387,"Broad plus sharp source","Matern 0.5",0.0644615992862625,0.040760948545412,0.991076740035693,0.365943751226501,0.141611020226056,0.0341777493933835,-1.18224848544696,0.0644615992862625,0
0.01,12,"mixture",21361387,"Broad plus sharp source","Matern 1.5",0.0633435792199053,0.0354817724047998,0.957168352171327,0.219510803667284,0.0821471594289114,0.027718672641365,-1.13195475688052,0.0644615992862625,-0.00111802006635719
0.01,12,"mixture",21361387,"Broad plus sharp source","Matern 2.5",0.0634081592989471,0.0333176600849251,0.943486020226056,0.191172084178163,0.0738857079119572,0.0262081835110303,-0.910205479047692,0.0644615992862625,-0.0010534399873154
0.01,12,"ring",21361387,"Ring-shaped source","RBF",0.166410596671579,0.109804652394138,0.694824509220702,0.308568742501941,0.163341389054134,0.092784026200902,1.89359217191129,0.164251421675783,0.00215917499579601
0.01,12,"ring",21361387,"Ring-shaped source","Matern 0.5",0.164251421675783,0.10477220801944,0.903033908387864,0.592050613855692,0.0597125966686496,0.0869930724193899,-0.324907172759757,0.164251421675783,0
0.01,12,"ring",21361387,"Ring-shaped source","Matern 1.5",0.163944313314889,0.106498276100746,0.784651992861392,0.410523104364542,0.108522828673409,0.0880310257603137,0.19672186415371,0.164251421675783,-0.000307108360893982
0.01,12,"ring",21361387,"Ring-shaped source","Matern 2.5",0.164659704112831,0.107423318501222,0.748364069006544,0.368469811570173,0.127856558596074,0.0894329395522237,0.608571120859588,0.164251421675783,0.000408282437048019
0.01,12,"sine",21361387,"Sine-cosine source","RBF",0.0611358943263937,0.0450737029694872,0.751933372992266,0.134666485320817,0.212270597858418,0.0333509153940969,-1.10724030749642,0.0810394763449148,-0.0199035820185211
0.01,12,"sine",21361387,"Sine-cosine source","Matern 0.5",0.0810394763449148,0.063520162336811,0.997025580011898,0.547975901683064,0.133208283759667,0.049758510203809,-0.893944509762246,0.0810394763449148,0
0.01,12,"sine",21361387,"Sine-cosine source","Matern 1.5",0.0674481675912327,0.0531218778343066,0.92266508030934,0.2430652330687,0.0320951070791195,0.0373194696792289,-1.32504066172226,0.0810394763449148,-0.0135913087536821
0.01,12,"sine",21361387,"Sine-cosine source","Matern 2.5",0.0618279957674956,0.0477496692209944,0.879833432480666,0.187850003699293,0.0864526323616895,0.0339469363480121,-1.37373705374979,0.0810394763449148,-0.0192114805774192
0.01,12,"spike",21361387,"Hidden narrow spike","RBF",0.0442207373654337,0.0130265332059081,0.935157644259369,0.0911269064870694,0.128168872694824,0.0132322315857745,-0.571600535492047,0.0456248179980508,-0.0014040806326171
0.01,12,"spike",21361387,"Hidden narrow spike","Matern 0.5",0.0456248179980508,0.0118720686968233,0.970850684116597,0.157400654151086,0.155619051160024,0.0154136052294775,-1.63288855617117,0.0456248179980508,0
0.01,12,"spike",21361387,"Hidden narrow spike","Matern 1.5",0.0445072413254443,0.0126639502051559,0.956573468173706,0.120260189510465,0.140445791195717,0.0141013255893324,-1.41860412107404,0.0456248179980508,-0.0011175766726065
0.01,12,"spike",21361387,"Hidden narrow spike","Matern 2.5",0.0443448588199061,0.0128181431954337,0.94883997620464,0.109310303259041,0.13501003866746,0.0137576148492243,-1.22670479252942,0.0456248179980508,-0.0012799591781447
0.01,13,"dipole",21461387,"Positive-negative dipole","RBF",0.0380673129139759,0.0233690204660318,0.962522308149911,0.222156949744293,0.109511823319453,0.0219030790475979,-1.49670942920789,0.0420561032712053,-0.0039887903572294
0.01,13,"dipole",21461387,"Positive-negative dipole","Matern 0.5",0.0420561032712053,0.0217338930263014,0.991671624033314,0.496478328887203,0.179014351576443,0.0346045351819234,-1.09244724970575,0.0420561032712053,0
0.01,13,"dipole",21461387,"Positive-negative dipole","Matern 1.5",0.0358848667469813,0.020931170040969,0.984533016061868,0.32695212360002,0.165108938132064,0.0251039247986537,-1.46221389170363,0.0420561032712053,-0.006171236524224
0.01,13,"dipole",21461387,"Positive-negative dipole","Matern 2.5",0.0360407610431781,0.0214359527312516,0.979179060083284,0.28349233232433,0.151083060678168,0.0233234459763635,-1.54630267077746,0.0420561032712053,-0.0060153422280272
0.01,13,"edge",21461387,"Moving-edge source","RBF",0.204191127967868,0.136022505783613,0.727543129089827,0.3606796342524,0.17308261451517,0.110588637184761,2.36714325215253,0.182834080635729,0.021357047332139
0.01,13,"edge",21461387,"Moving-edge source","Matern 0.5",0.182834080635729,0.118203754285957,0.918500892325996,0.728718373000172,0.073647754312909,0.0959798818641908,-0.27982514260953,0.182834080635729,0
0.01,13,"edge",21461387,"Moving-edge source","Matern 1.5",0.191357044788032,0.123871842576345,0.819750148720999,0.453718562042386,0.0867352022605592,0.0994603407170947,0.331878331758787,0.182834080635729,0.008522964152303
0.01,13,"edge",21461387,"Moving-edge source","Matern 2.5",0.19524265818361,0.126964201309031,0.787626412849494,0.406227469038054,0.110545434265318,0.102705305366349,0.893355180905696,0.182834080635729,0.012408577547881
0.01,13,"mixture",21461387,"Broad plus sharp source","RBF",0.0726215107550841,0.0410117753172898,0.890541344437835,0.139344042986533,0.0810986763831053,0.0311208012587629,0.538574942926918,0.0724615545174314,0.000159956237652706
0.01,13,"mixture",21461387,"Broad plus sharp source","Matern 0.5",0.0724615545174314,0.0480745684919035,0.972635336109459,0.32907540891438,0.0924587299226651,0.0371869226331477,-1.13898507403144,0.0724615545174314,0
0.01,13,"mixture",21461387,"Broad plus sharp source","Matern 1.5",0.071636930848169,0.0439115231394777,0.913146936347412,0.189960348959118,0.0233503123140988,0.0328601214055556,-0.822470972196957,0.0724615545174314,-0.000824623669262406
0.01,13,"mixture",21461387,"Broad plus sharp source","Matern 2.5",0.0716612842506134,0.0425266921001679,0.901249256395003,0.165236117203545,0.0425055770374777,0.0319811389205856,-0.455216372148823,0.0724615545174314,-0.000800270266818004
0.01,13,"ring",21461387,"Ring-shaped source","RBF",0.166924225529623,0.115605901159213,0.673408685306365,0.276880814935602,0.216434785841761,0.0957837284211743,2.80776208481564,0.164234240478263,0.00268998505136001
0.01,13,"ring",21461387,"Ring-shaped source","Matern 0.5",0.164234240478263,0.110837049481797,0.89767995240928,0.574526140168444,0.0595638756692445,0.0875429660828146,-0.320667186393575,0.164234240478263,0
0.01,13,"ring",21461387,"Ring-shaped source","Matern 1.5",0.164319772271954,0.112711705756341,0.768590124925639,0.383116597289315,0.109653108268888,0.089953750355738,0.36576777803245,0.164234240478263,8.55317936910016e-05
0.01,13,"ring",21461387,"Ring-shaped source","Matern 2.5",0.165148922850902,0.113593574672055,0.724568709101725,0.338867178411902,0.149435975609756,0.0918206438971596,0.936594647896608,0.164234240478263,0.000914682372639003
0.01,13,"sine",21461387,"Sine-cosine source","RBF",0.0649458906326474,0.0485355598446121,0.649018441403926,0.127172518026421,0.27688987209994,0.03665463944244,-0.701728868325789,0.0894875647436975,-0.0245416741110501
0.01,13,"sine",21461387,"Sine-cosine source","Matern 0.5",0.0894875647436975,0.0663756787258369,0.995240928019036,0.541338512878939,0.120120835812017,0.052086335245844,-0.878430621471518,0.0894875647436975,0
0.01,13,"sine",21461387,"Sine-cosine source","Matern 1.5",0.0728148447261577,0.0532829104950578,0.911362284354551,0.234797013189055,0.0312771415823914,0.0382352275098401,-1.31975932248268,0.0894875647436975,-0.0166727200175398
0.01,13,"sine",21461387,"Sine-cosine source","Matern 2.5",0.0676377321257188,0.0501783766178812,0.842950624628197,0.18197942090578,0.110173631766805,0.0361578005467632,-1.30678193666394,0.0894875647436975,-0.0218498326179787
0.01,13,"spike",21461387,"Hidden narrow spike","RBF",0.0444435144890042,0.01313740366868,0.942891136228435,0.100484741446635,0.135381841165973,0.0134845845420662,-0.948725744942697,0.0454961068276367,-0.0010525923386325
0.01,13,"spike",21461387,"Hidden narrow spike","Matern 0.5",0.0454961068276367,0.0121948382857311,0.975609756097561,0.174724282162407,0.160526844140393,0.0162098310442567,-1.66172173480527,0.0454961068276367,0
0.01,13,"spike",21461387,"Hidden narrow spike","Matern 1.5",0.0443273716997904,0.0130402430738748,0.964901844140393,0.139867752673622,0.146840794170137,0.0149356188173638,-1.59922800164536,0.0454961068276367,-0.0011687351278463
0.01,13,"spike",21461387,"Hidden narrow spike","Matern 2.5",0.0441379674517569,0.0131957402729875,0.960142772159429,0.129336955326017,0.142899687685901,0.0145816349978687,-1.52065833351616,0.0454961068276367,-0.00135813937587979
0.01,14,"dipole",21561387,"Positive-negative dipole","RBF",0.0398823200042953,0.0210853599331826,0.965496728138013,0.223887169929934,0.128994274241523,0.0216069277600279,-1.55179890361645,0.0430897337626493,-0.003207413758354
0.01,14,"dipole",21561387,"Positive-negative dipole","Matern 0.5",0.0430897337626493,0.0215300077676447,0.991076740035693,0.48982434536287,0.177080978584176,0.0344871631144983,-1.10017729920453,0.0430897337626493,0
0.01,14,"dipole",21561387,"Positive-negative dipole","Matern 1.5",0.0367979288208127,0.0204820994211861,0.981558596073766,0.327219830502378,0.162237135633551,0.0253719736628934,-1.44968293764025,0.0430897337626493,-0.0062918049418366
0.01,14,"dipole",21561387,"Positive-negative dipole","Matern 2.5",0.0368329812968625,0.021116586432361,0.979179060083284,0.287637316705875,0.150116374182035,0.0237497930841342,-1.52073798702867,0.0430897337626493,-0.0062567524657868
0.01,14,"edge",21561387,"Moving-edge source","RBF",0.233830291159377,0.167312066978308,0.587150505651398,0.308279824413577,0.315408610945866,0.137305275997511,4.89322701116079,0.208025608987448,0.025804682171929
0.01,14,"edge",21561387,"Moving-edge source","Matern 0.5",0.208025608987448,0.147318570277791,0.878048780487805,0.652505414099054,0.0494062314098751,0.111247276501925,-0.114788146567458,0.208025608987448,0
0.01,14,"edge",21561387,"Moving-edge source","Matern 1.5",0.219360235748108,0.155436707565249,0.724568709101725,0.39602500303233,0.19226762343843,0.122525838768824,1.20963586133852,0.208025608987448,0.01133462676066
0.01,14,"edge",21561387,"Moving-edge source","Matern 2.5",0.224241946737695,0.159214057118533,0.670434265318263,0.350992873502555,0.241642995240928,0.127778644961664,2.27507271110402,0.208025608987448,0.016216337750247
0.01,14,"mixture",21561387,"Broad plus sharp source","RBF",0.0672597057749219,0.0301604064859107,0.898869720404521,0.129132521296611,0.0550576293872695,0.024000697953938,1.34109212599052,0.0634898235848576,0.0037698821900643
0.01,14,"mixture",21561387,"Broad plus sharp source","Matern 0.5",0.0634898235848576,0.0374345882450845,0.985722784057109,0.330278150217014,0.141239217727543,0.0316133055500757,-1.21934276743514,0.0634898235848576,0
0.01,14,"mixture",21561387,"Broad plus sharp source","Matern 1.5",0.0647156808582865,0.0333411849045661,0.944080904223676,0.188590494359928,0.0665240184414039,0.0261335303653485,-0.841742441177203,0.0634898235848576,0.0012258572734289
0.01,14,"mixture",21561387,"Broad plus sharp source","Matern 2.5",0.0656122800171762,0.0319720337607189,0.925044616299821,0.161212588760412,0.0584187239738251,0.0251181496388698,-0.313822301478305,0.0634898235848576,0.00212245643231861
0.01,14,"ring",21561387,"Ring-shaped source","RBF",0.159568377493679,0.103797617733884,0.680547293277811,0.261863127583887,0.184385410469958,0.0893884858044632,2.98467468421154,0.157488974095814,0.002079403397865
0.01,14,"ring",21561387,"Ring-shaped source","Matern 0.5",0.157488974095814,0.100728027899563,0.896490184414039,0.566034203426807,0.0631331796549673,0.0834427990394948,-0.373950008978516,0.157488974095814,0
0.01,14,"ring",21561387,"Ring-shaped source","Matern 1.5",0.156916267625205,0.101789579108743,0.773349196906603,0.37105905714606,0.111274167162403,0.0845077913251108,0.298025894232224,0.157488974095814,-0.000572706470609002
0.01,14,"ring",21561387,"Ring-shaped source","Matern 2.5",0.157686606344585,0.102342343145716,0.734681737061273,0.325765687514721,0.134563875669244,0.0859870283085638,0.895828267430072,0.157488974095814,0.000197632248771007
0.01,14,"sine",21561387,"Sine-cosine source","RBF",0.0680045487210254,0.0514825773296183,0.593099345627603,0.11810087300978,0.345822055324212,0.0392662105735447,-0.369890169332977,0.0840746034991692,-0.0160700547781438
0.01,14,"sine",21561387,"Sine-cosine source","Matern 0.5",0.0840746034991692,0.0659008383802174,0.995835812016657,0.524530321667036,0.129936421772754,0.0496455046251382,-0.920149664726117,0.0840746034991692,0
0.01,14,"sine",21561387,"Sine-cosine source","Matern 1.5",0.0712007731242911,0.054720081955973,0.914336704342653,0.218335534714191,0.0747036734086853,0.0384026914422954,-1.30446711468453,0.0840746034991692,-0.0128738303748781
0.01,14,"sine",21561387,"Sine-cosine source","Matern 2.5",0.068908243481261,0.0525790118162559,0.792385484830458,0.166535658668354,0.183716165972635,0.0380632399203728,-1.14742734182416,0.0840746034991692,-0.0151663600179082
0.01,14,"spike",21561387,"Hidden narrow spike","RBF",0.0441521189972196,0.0126069502737795,0.937537180249851,0.0967603897551248,0.133671549672814,0.0132759629213945,-0.840870444380451,0.0454625338042434,-0.0013104148070238
0.01,14,"spike",21561387,"Hidden narrow spike","Matern 0.5",0.0454625338042434,0.0115286526389361,0.97441998810232,0.165710804754242,0.157626784651993,0.0157527493088293,-1.65354284607292,0.0454625338042434,0
0.01,14,"spike",21561387,"Hidden narrow spike","Matern 1.5",0.0442836774845083,0.0124012611994499,0.960737656157049,0.129958629668376,0.142974048185604,0.0144419387051618,-1.53147398862925,0.0454625338042434,-0.0011788563197351
0.01,14,"spike",21561387,"Hidden narrow spike","Matern 2.5",0.0440978245036925,0.0125948716020799,0.954193932183224,0.11917843121513,0.13851241820345,0.0140805038620862,-1.40817260086775,0.0454625338042434,-0.0013647093005509
0.01,15,"dipole",21661387,"Positive-negative dipole","RBF",0.0395713505400948,0.0249625280968141,0.952409280190363,0.21418443094513,0.0972423408685306,0.0223305944334934,-1.43739603517955,0.0431533235213383,-0.0035819729812435
0.01,15,"dipole",21661387,"Positive-negative dipole","Matern 0.5",0.0431533235213383,0.0234345625735156,0.992266508030934,0.489407808813902,0.178568188578227,0.0345347370273019,-1.10163060990283,0.0431533235213383,0
0.01,15,"dipole",21661387,"Positive-negative dipole","Matern 1.5",0.0374275478801381,0.0227558150087454,0.980963712076145,0.318026686554867,0.159262715645449,0.0252029189032872,-1.47033570592499,0.0431533235213383,-0.0057257756412002
0.01,15,"dipole",21661387,"Positive-negative dipole","Matern 2.5",0.0376111236460474,0.0232146153651236,0.979773944080904,0.274542578726294,0.144390615704938,0.0235244558096536,-1.54532910596593,0.0431533235213383,-0.0055421998752909
0.01,15,"edge",21661387,"Moving-edge source","RBF",0.219560633750356,0.162087109036631,0.739440809042237,0.399141329188178,0.220673334324807,0.125413038916167,1.831296451725,0.199624712868303,0.019935920882053
0.01,15,"edge",21661387,"Moving-edge source","Matern 0.5",0.199624712868303,0.144286133930468,0.913741820345033,0.765945949082531,0.0506703599048186,0.108050093334544,-0.195935709132453,0.199624712868303,0
0.01,15,"edge",21661387,"Moving-edge source","Matern 1.5",0.206736549212889,0.149828461082494,0.814396192742415,0.494592080415207,0.115676308744795,0.113266044805447,0.325700732397799,0.199624712868303,0.00711183634458601
0.01,15,"edge",21661387,"Moving-edge source","Matern 2.5",0.210559778939014,0.153287529838863,0.784057108863772,0.447672454055841,0.157838712076145,0.116962951049676,0.752960086000245,0.199624712868303,0.010935066070711
0.01,15,"mixture",21661387,"Broad plus sharp source","RBF",0.0693596128551945,0.0326441310346308,0.838786436644854,0.120580399388888,0.0687548334324807,0.0261237696349054,2.28350193985608,0.0607407295988466,0.0086188832563479
0.01,15,"mixture",21661387,"Broad plus sharp source","Matern 0.5",0.0607407295988466,0.0340219698635649,0.983343248066627,0.322293910947235,0.138785321237359,0.0303895410862497,-1.2559896830471,0.0607407295988466,0
0.01,15,"mixture",21661387,"Broad plus sharp source","Matern 1.5",0.0630967195150521,0.0309551059657424,0.930993456276026,0.182796248267022,0.070539485425342,0.0254998516316079,-0.841521524699609,0.0607407295988466,0.0023559899162055
0.01,15,"mixture",21661387,"Broad plus sharp source","Matern 2.5",0.0650306887178422,0.0306750967198045,0.904818560380726,0.154812938712327,0.0546114663890541,0.0251278204326172,-0.183690904891049,0.0607407295988466,0.00428995911899561
0.01,15,"ring",21661387,"Ring-shaped source","RBF",0.179010229562515,0.117852256973148,0.647828673408685,0.284696189636286,0.199108789411065,0.100524943176799,3.24485061310239,0.177932676181968,0.00107755338054699
0.01,15,"ring",21661387,"Ring-shaped source","Matern 0.5",0.177932676181968,0.113477549707417,0.864366448542534,0.500138305526765,0.0723836258179655,0.0931280884543793,-0.0452070820862699,0.177932676181968,0
0.01,15,"ring",21661387,"Ring-shaped source","Matern 1.5",0.178372269724403,0.115888142231207,0.718619869125521,0.353857818623523,0.147874405116002,0.0965262436845438,1.07696708429644,0.177932676181968,0.000439593542435002
0.01,15,"ring",21661387,"Ring-shaped source","Matern 2.5",0.178696699572583,0.116650559785247,0.688875669244497,0.323832182552862,0.171000520523498,0.097986018861908,1.71360668697692,0.177932676181968,0.000764023390614987
0.01,15,"sine",21661387,"Sine-cosine source","RBF",0.0570700268568252,0.0417993270237123,0.774538964901844,0.127082021447536,0.198588265913147,0.0306497343153013,-1.33863239727809,0.0803348531490367,-0.0232648262922115
0.01,15,"sine",21661387,"Sine-cosine source","Matern 0.5",0.0803348531490367,0.0607585819365835,0.998215348007139,0.537373888171709,0.140198170731707,0.0484252244273202,-0.920895616982612,0.0803348531490367,0
0.01,15,"sine",21661387,"Sine-cosine source","Matern 1.5",0.0680696978057831,0.0510010428628547,0.930398572278406,0.226216691190215,0.0255513831052945,0.0358383996823235,-1.38857973760621,0.0803348531490367,-0.0122651553432536
0.01,15,"sine",21661387,"Sine-cosine source","Matern 2.5",0.0638229516459162,0.0470613189636169,0.88459250446163,0.175878430869479,0.0912860648423557,0.0334949465596824,-1.42404708347639,0.0803348531490367,-0.0165119015031205
0.01,15,"spike",21661387,"Hidden narrow spike","RBF",0.0440909519533849,0.0131351400655408,0.937537180249851,0.0948530652699658,0.128391954193932,0.0134138353996281,-0.744388921885092,0.0455048168700771,-0.0014138649166922
0.01,15,"spike",21661387,"Hidden narrow spike","Matern 0.5",0.0455048168700771,0.0118628224059687,0.97441998810232,0.164226159281083,0.15725498215348,0.0157180644463447,-1.64984477948579,0.0455048168700771,0
0.01,15,"spike",21661387,"Hidden narrow spike","Matern 1.5",0.0443708363947803,0.0127022118677635,0.960142772159429,0.126573211816544,0.142304803688281,0.0143682404506578,-1.49532370107461,0.0455048168700771,-0.00113398047529679
0.01,15,"spike",21661387,"Hidden narrow spike","Matern 2.5",0.0442051122085146,0.0128894995470679,0.952409280190363,0.115071601028112,0.135909800713861,0.0140011585755546,-1.33891015674438,0.0455048168700771,-0.0012997046615625
0.01,16,"dipole",21761387,"Positive-negative dipole","RBF",0.037174568798249,0.0228459627059067,0.953004164187983,0.187795732033078,0.0956807703747769,0.0202729642783169,-1.32981837146038,0.0412517973155911,-0.0040772285173421
0.01,16,"dipole",21761387,"Positive-negative dipole","Matern 0.5",0.0412517973155911,0.0208510677291784,0.991671624033314,0.48406791011289,0.178716909577632,0.0337566733564704,-1.11652041152177,0.0412517973155911,0
0.01,16,"dipole",21761387,"Positive-negative dipole","Matern 1.5",0.0347428780891217,0.0194453726082101,0.981558596073766,0.30627545390694,0.164244869125521,0.0236950313193432,-1.51318116916531,0.0412517973155911,-0.0065089192264694
0.01,16,"dipole",21761387,"Positive-negative dipole","Matern 2.5",0.0348464424077555,0.0200478267430275,0.979773944080904,0.259414185388634,0.150711258179655,0.0217325802018661,-1.59587852137466,0.0412517973155911,-0.0064053549078356
0.01,16,"edge",21761387,"Moving-edge source","RBF",0.223989755144778,0.163106669184993,0.659131469363474,0.333511704415734,0.287969586555622,0.13076540759811,3.41141553771196,0.200676020223635,0.023313734921143
0.01,16,"edge",21761387,"Moving-edge source","Matern 0.5",0.200676020223635,0.149008956694938,0.89708506841166,0.669942329687522,0.0337607822724569,0.108541830294212,-0.163997317184885,0.200676020223635,0
0.01,16,"edge",21761387,"Moving-edge source","Matern 1.5",0.209779530560632,0.152946794539343,0.761451516954194,0.413563694694048,0.182228955978584,0.11764622824629,0.859579650892112,0.200676020223635,0.00910351033699699
0.01,16,"edge",21761387,"Moving-edge source","Matern 2.5",0.214153231077688,0.155574936538351,0.718619869125521,0.370593226344545,0.227960663295657,0.122019922979931,1.63749314892018,0.200676020223635,0.013477210854053
0.01,16,"mixture",21761387,"Broad plus sharp source","RBF",0.0699543756671258,0.0378494861506232,0.87150505651398,0.131644171197269,0.0912117043426532,0.029132322281525,1.2407953982644,0.062799358286961,0.0071550173801648
0.01,16,"mixture",21761387,"Broad plus sharp source","Matern 0.5",0.062799358286961,0.0383753797888436,0.983938132064248,0.325433965380576,0.144213637715645,0.0314720704592182,-1.24857507821441,0.062799358286961,0
0.01,16,"mixture",21761387,"Broad plus sharp source","Matern 1.5",0.0659606461709129,0.0372874869789301,0.941106484235574,0.186265235644099,0.0552955829863176,0.0279365263408226,-0.852711337390103,0.062799358286961,0.00316128788395191
0.01,16,"mixture",21761387,"Broad plus sharp source","Matern 2.5",0.0673823650126933,0.0373518399896644,0.925044616299821,0.16021917213917,0.0232313355145747,0.0280243716562593,-0.309934127961221,0.062799358286961,0.00458300672573231
0.01,16,"ring",21761387,"Ring-shaped source","RBF",0.16413661829243,0.109240464203288,0.691255205234979,0.284296806793892,0.184831573468174,0.0919185542183276,2.38050995902416,0.163051822125343,0.00108479616708701
0.01,16,"ring",21761387,"Ring-shaped source","Matern 0.5",0.163051822125343,0.106921975313495,0.904223676383105,0.585413843993348,0.0614526323616895,0.0865357687002692,-0.337658904666797,0.163051822125343,0
0.01,16,"ring",21761387,"Ring-shaped source","Matern 1.5",0.162128851148472,0.107543761400677,0.791790600832838,0.394787890685952,0.0979636377156454,0.0873970197273407,0.233541701919207,0.163051822125343,-0.000922970976870996
0.01,16,"ring",21761387,"Ring-shaped source","Matern 2.5",0.162643888172411,0.107933972926514,0.759071980963712,0.349661499684093,0.123261079714456,0.0887035915723362,0.718278720614169,0.163051822125343,-0.00040793395293201
0.01,16,"sine",21761387,"Sine-cosine source","RBF",0.0468555163744645,0.0387982207584499,0.728732897085068,0.146633964612996,0.193680472932778,0.0288146811758007,-1.09636338910155,0.0742211140468019,-0.0273655976723374
0.01,16,"sine",21761387,"Sine-cosine source","Matern 0.5",0.0742211140468019,0.0590393584672909,0.997620464009518,0.602485041384746,0.159383179654967,0.0495383745881278,-0.844467700380883,0.0742211140468019,0
0.01,16,"sine",21761387,"Sine-cosine source","Matern 1.5",0.052325898705218,0.0418012647552362,0.976204640095181,0.263227961307192,0.0537169095776324,0.0303898048881631,-1.48128179286937,0.0742211140468019,-0.0218952153415839
0.01,16,"sine",21761387,"Sine-cosine source","Matern 2.5",0.0479786444978989,0.0388889783281812,0.911362284354551,0.205294730346441,0.024287254610351,0.0281577807504037,-1.53520347234382,0.0742211140468019,-0.026242469548903
0.01,16,"spike",21761387,"Hidden narrow spike","RBF",0.0438979106820957,0.013566809967759,0.94824509220702,0.10629188679289,0.130697129684711,0.0139020839711871,-1.12625577709493,0.0454218297430411,-0.0015239190609454
0.01,16,"spike",21761387,"Hidden narrow spike","Matern 0.5",0.0454218297430411,0.0121038853002774,0.976204640095181,0.175329667301738,0.16045248364069,0.0162408717674847,-1.66337048301206,0.0454218297430411,0
0.01,16,"spike",21761387,"Hidden narrow spike","Matern 1.5",0.0442534271025245,0.0130955216215588,0.962522308149911,0.138143308238953,0.146617712671029,0.0149131566662691,-1.58917234788085,0.0454218297430411,-0.0011684026405166
0.01,16,"spike",21761387,"Hidden narrow spike","Matern 2.5",0.0440693269233828,0.0133067486434168,0.958358120166568,0.126624360428059,0.14111503569304,0.0145381930774558,-1.49336430429483,0.0454218297430411,-0.0013525028196583
0.01,17,"dipole",21861387,"Positive-negative dipole","RBF",0.0381406300784599,0.0254292412909708,0.964306960142772,0.23161737444162,0.11204008030934,0.0226306361941735,-1.51217209494342,0.0415134644710497,-0.0033728343925898
0.01,17,"dipole",21861387,"Positive-negative dipole","Matern 0.5",0.0415134644710497,0.0222139584053362,0.992861392028554,0.508958734353287,0.180501561570494,0.0351967552033213,-1.0720391923451,0.0415134644710497,0
0.01,17,"dipole",21861387,"Positive-negative dipole","Matern 1.5",0.0356868677000116,0.0219541654633313,0.98750743604997,0.339451770403794,0.16585254312909,0.0257945666017682,-1.43605772763382,0.0415134644710497,-0.0058265967710381
0.01,17,"dipole",21861387,"Positive-negative dipole","Matern 2.5",0.035923614030856,0.0228122431695581,0.979773944080904,0.295566506521295,0.152124107674004,0.0240315056937359,-1.52429885460358,0.0415134644710497,-0.0055898504401937
0.01,17,"edge",21861387,"Moving-edge source","RBF",0.21537262499468,0.148009263987472,0.721594289113623,0.364408575226183,0.203496058893516,0.120283351350368,2.54205375982267,0.187172920355775,0.028199704638905
0.01,17,"edge",21861387,"Moving-edge source","Matern 0.5",0.187172920355775,0.123524831352031,0.915526472337894,0.742676682690235,0.0819761302795955,0.0980682590371945,-0.258863891866662,0.187172920355775,0
0.01,17,"edge",21861387,"Moving-edge source","Matern 1.5",0.19507860769423,0.127966966530856,0.821534800713861,0.463274675221536,0.0822140838786437,0.102032903707495,0.307361905051157,0.187172920355775,0.00790568733845498
0.01,17,"edge",21861387,"Moving-edge source","Matern 2.5",0.200285386933322,0.132919730689349,0.79476502082094,0.41518278507363,0.120435380725758,0.106801813601495,0.852618011920126,0.187172920355775,0.013112466577547
0.01,17,"mixture",21861387,"Broad plus sharp source","RBF",0.0680896209950462,0.0317207488110106,0.879833432480666,0.127543401582605,0.0456287180249851,0.0249977730234845,1.5650530439857,0.0617784184266238,0.0063112025684224
0.01,17,"mixture",21861387,"Broad plus sharp source","Matern 0.5",0.0617784184266238,0.0318717681378094,0.989886972040452,0.327222990788598,0.154921549672814,0.0296334696132654,-1.24677676737816,0.0617784184266238,0
0.01,17,"mixture",21861387,"Broad plus sharp source","Matern 1.5",0.0645170525777696,0.0302582546480322,0.952409280190363,0.186166446523239,0.0808830309339679,0.0248035672473857,-0.838238419958899,0.0617784184266238,0.0027386341511458
0.01,17,"mixture",21861387,"Broad plus sharp source","Matern 2.5",0.0658005356854248,0.0304139154433739,0.924449732302201,0.158638696861339,0.0581956424747174,0.0244769171394926,-0.244615192914606,0.0617784184266238,0.00402211725880099
0.01,17,"ring",21861387,"Ring-shaped source","RBF",0.161120458181066,0.101885041572127,0.710291493158834,0.306228095316217,0.152930919095776,0.087878981073512,1.70035636987863,0.162115182778458,-0.000994724597391999
0.01,17,"ring",21861387,"Ring-shaped source","Matern 0.5",0.162115182778458,0.101129412553246,0.898274836406901,0.585721822258448,0.0688886823319453,0.0852416644449372,-0.340523897662093,0.162115182778458,0
0.01,17,"ring",21861387,"Ring-shaped source","Matern 1.5",0.160521966143702,0.101164903779381,0.806067816775729,0.406631538701813,0.0984098007138608,0.0849770779895467,0.147494353338086,0.162115182778458,-0.00159321663475598
0.01,17,"ring",21861387,"Ring-shaped source","Matern 2.5",0.160692762555369,0.101407439824156,0.767995240928019,0.365152322455715,0.115587076145152,0.0858292668310127,0.53013545775786,0.162115182778458,-0.001422420223089
0.01,17,"sine",21861387,"Sine-cosine source","RBF",0.0602024349626669,0.0451104579737402,0.818560380725758,0.143772621064029,0.181039187983343,0.0322940447863218,-1.3350178661752,0.0874529376162571,-0.0272505026535902
0.01,17,"sine",21861387,"Sine-cosine source","Matern 0.5",0.0874529376162571,0.0656383196518097,0.998810232004759,0.583719976438129,0.139157123735872,0.0524577237107523,-0.842640615357758,0.0874529376162571,0
0.01,17,"sine",21861387,"Sine-cosine source","Matern 1.5",0.067123390593159,0.0493852330543078,0.949434860202261,0.255101446373987,0.0302821980963712,0.0346846344404435,-1.4396045293542,0.0874529376162571,-0.0203295470230981
0.01,17,"sine",21861387,"Sine-cosine source","Matern 2.5",0.0626939080337018,0.0470010504649569,0.916121356335515,0.199305463883596,0.042951740035693,0.0326003399287627,-1.50555285271513,0.0874529376162571,-0.0247590295825553
0.01,17,"spike",21861387,"Hidden narrow spike","RBF",0.0447182206039438,0.0138837773976592,0.941106484235574,0.0955946737504973,0.124673929208804,0.0135737348061852,-0.7417647727256,0.0458921826298019,-0.0011739620258581
0.01,17,"spike",21861387,"Hidden narrow spike","Matern 0.5",0.0458921826298019,0.0124368125764289,0.9738251041047,0.163131277598715,0.158147308149911,0.0157681504801731,-1.63837801545778,0.0458921826298019,0
0.01,17,"spike",21861387,"Hidden narrow spike","Matern 1.5",0.044882626732999,0.0134937285837054,0.96133254015467,0.126359084041729,0.142676606186794,0.0145023841426645,-1.4731736533987,0.0458921826298019,-0.00100955589680291
0.01,17,"spike",21861387,"Hidden narrow spike","Matern 2.5",0.0447438264669858,0.0137193339015178,0.955383700178465,0.115407085862022,0.136430324211779,0.0141710882845808,-1.31934281454225,0.0458921826298019,-0.0011483561628161
0.01,18,"dipole",21961387,"Positive-negative dipole","RBF",0.037986499878824,0.0230876666114104,0.965496728138013,0.21020915805909,0.109288741820345,0.0211563870493177,-1.45621558497108,0.0422662329268222,-0.0042797330479982
0.01,18,"dipole",21961387,"Positive-negative dipole","Matern 0.5",0.0422662329268222,0.0213551551686662,0.990481856038073,0.491365846408924,0.178568188578227,0.0343116955918716,-1.1006017880449,0.0422662329268222,0
0.01,18,"dipole",21961387,"Positive-negative dipole","Matern 1.5",0.0357203774715716,0.020172349003495,0.983938132064248,0.321068380525686,0.168037254610351,0.0245876775648075,-1.4752042635502,0.0422662329268222,-0.0065458554552506
0.01,18,"dipole",21961387,"Positive-negative dipole","Matern 2.5",0.0358480819644335,0.0207746920963766,0.978584176085663,0.276334416299017,0.157031900654372,0.0226983211688638,-1.55963374657024,0.0422662329268222,-0.0064181509623887
0.01,18,"edge",21961387,"Moving-edge source","RBF",0.215584209090058,0.154935519288496,0.713860797144557,0.394200663970648,0.218219437834622,0.122670593942372,1.88102075485005,0.194933015717692,0.020651193372366
0.01,18,"edge",21961387,"Moving-edge source","Matern 0.5",0.194933015717692,0.136432624873583,0.92325996430696,0.784528366805251,0.0555037923854848,0.104792015523577,-0.220494908778551,0.194933015717692,0
0.01,18,"edge",21961387,"Moving-edge source","Matern 1.5",0.204058195525164,0.143793820140686,0.817370612730518,0.497301896142402,0.106753048780488,0.110816657711917,0.286210243838736,0.194933015717692,0.00912517980747199
0.01,18,"edge",21961387,"Moving-edge source","Matern 2.5",0.208043384503005,0.147205429497124,0.778703152885187,0.445803352560236,0.148841091612136,0.114804317483737,0.744981764717688,0.194933015717692,0.013110368785313
0.01,18,"mixture",21961387,"Broad plus sharp source","RBF",0.0674404268586382,0.0294378225744524,0.89708506841166,0.138960983218755,0.0705989738251041,0.0240102860401736,0.903911423124034,0.0601655942768286,0.0072748325818096
0.01,18,"mixture",21961387,"Broad plus sharp source","Matern 0.5",0.0601655942768286,0.0325638700108178,0.991671624033314,0.343962315987556,0.1632499256395,0.0300755727583983,-1.24363705699904,0.0601655942768286,0
0.01,18,"mixture",21961387,"Broad plus sharp source","Matern 1.5",0.0630280675540026,0.0294627746184347,0.951219512195122,0.199423289020424,0.111222114812612,0.0243275483391318,-0.992793760632622,0.0601655942768286,0.002862473277174
0.01,18,"mixture",21961387,"Broad plus sharp source","Matern 2.5",0.0645057424011008,0.0289396620540438,0.932183224271267,0.171414116155394,0.0992426383105294,0.0237114533958065,-0.545140336824629,0.0601655942768286,0.0043401481242722
0.01,18,"ring",21961387,"Ring-shaped source","RBF",0.162398712628997,0.109482749906968,0.694824509220702,0.292589653138721,0.182080234979179,0.0916740489633446,2.11448354966946,0.159819569313368,0.002579143315629
0.01,18,"ring",21961387,"Ring-shaped source","Matern 0.5",0.159819569313368,0.105137448175498,0.908387864366449,0.6014813186084,0.0630142028554432,0.0852782340228378,-0.369460427130286,0.159819569313368,0
0.01,18,"ring",21961387,"Ring-shaped source","Matern 1.5",0.159560503408367,0.106621781822715,0.785841760856633,0.40425966393026,0.10041753420583,0.0863671158101571,0.136258499454542,0.159819569313368,-0.000259065905000994
0.01,18,"ring",21961387,"Ring-shaped source","Matern 2.5",0.160382373906373,0.107438480250828,0.751933372992266,0.358155138751988,0.120435380725758,0.0879327032769438,0.586407937466095,0.159819569313368,0.000562804593005006
0.01,18,"sine",21961387,"Sine-cosine source","RBF",0.0603748181749395,0.0427815070370454,0.854848304580607,0.153843622912457,0.119914857227841,0.0307807862626389,-1.50295082345951,0.09103314520598,-0.0306583270310405
0.01,18,"sine",21961387,"Sine-cosine source","Matern 0.5",0.09103314520598,0.0682501431273945,0.994646044021416,0.542510778414097,0.117369497323022,0.0528697578580277,-0.867358760539225,0.09103314520598,0
0.01,18,"sine",21961387,"Sine-cosine source","Matern 1.5",0.0840320035370326,0.0623566725268364,0.872694824509221,0.249683639449115,0.0706138459250446,0.0449217927205708,-1.08512000531376,0.09103314520598,-0.0070011416689474
0.01,18,"sine",21961387,"Sine-cosine source","Matern 2.5",0.0775801837707531,0.0559421262678914,0.845330160618679,0.204271235461847,0.101176011302796,0.040579964524037,-1.17764364815236,0.09103314520598,-0.0134529614352269
0.01,18,"spike",21961387,"Hidden narrow spike","RBF",0.0446500681502678,0.0134343363894899,0.938726948245092,0.0918327624191384,0.126458581201666,0.0133120417998072,-0.593235901865063,0.0457826041240995,-0.0011325359738317
0.01,18,"spike",21961387,"Hidden narrow spike","Matern 0.5",0.0457826041240995,0.012276913547474,0.9738251041047,0.160014318649824,0.157180621653777,0.0155910596027904,-1.63488376205661,0.0457826041240995,0
0.01,18,"spike",21961387,"Hidden narrow spike","Matern 1.5",0.0447214738643923,0.0132237150179644,0.958953004164188,0.123611968030958,0.141263756692445,0.0143275158695262,-1.45006989519045,0.0457826041240995,-0.0010611302597072
0.01,18,"spike",21961387,"Hidden narrow spike","Matern 2.5",0.0445680898032033,0.0134023868690727,0.952409280190363,0.112933451270743,0.134868753718025,0.0140011665822989,-1.28536427210554,0.0457826041240995,-0.0012145143208962
0.01,19,"dipole",22061387,"Positive-negative dipole","RBF",0.0369897679752653,0.022903775286651,0.957168352171327,0.205584843341164,0.105421995835812,0.0209082667646838,-1.47268189107206,0.0409951694076541,-0.0040054014323888
0.01,19,"dipole",22061387,"Positive-negative dipole","Matern 0.5",0.0409951694076541,0.0208586410576146,0.992861392028554,0.495902339251569,0.179906677572873,0.0343320695552001,-1.09656347109212,0.0409951694076541,0
0.01,19,"dipole",22061387,"Positive-negative dipole","Matern 1.5",0.0347336647258465,0.0199875560081385,0.982153480071386,0.318728404253948,0.16684748661511,0.0243486541476997,-1.48925636695497,0.0409951694076541,-0.0062615046818076
0.01,19,"dipole",22061387,"Positive-negative dipole","Matern 2.5",0.0348870657741548,0.0205923303875094,0.981558596073766,0.272369715957446,0.154131841165973,0.0224129356027999,-1.58021862675128,0.0409951694076541,-0.00610810363349931
0.01,19,"edge",22061387,"Moving-edge source","RBF",0.201208732018199,0.13533598895273,0.711481261154075,0.331233479464658,0.201042162403331,0.111398593942693,3.28167097097415,0.187037954328602,0.014170777689597
0.01,19,"edge",22061387,"Moving-edge source","Matern 0.5",0.187037954328602,0.125496752746758,0.889946460440214,0.652437128156942,0.0791504312908983,0.0977708157196157,-0.227825634398234,0.187037954328602,0
0.01,19,"edge",22061387,"Moving-edge source","Matern 1.5",0.193454506794447,0.128081267322781,0.78227245687091,0.407509739688459,0.108612061273052,0.102519939868136,0.775932887711035,0.187037954328602,0.00641655246584499
0.01,19,"edge",22061387,"Moving-edge source","Matern 2.5",0.196185703432524,0.130019649697048,0.751338488994646,0.36715585452415,0.146982079119572,0.105519552908612,1.54427336593819,0.187037954328602,0.00914774910392199
0.01,19,"mixture",22061387,"Broad plus sharp source","RBF",0.0684212854527895,0.0320231291499484,0.891136228435455,0.126326788814987,0.036437760261749,0.0250943215279084,1.56270901303674,0.0606315109577327,0.0077897744950568
0.01,19,"mixture",22061387,"Broad plus sharp source","Matern 0.5",0.0606315109577327,0.0322658673826765,0.990481856038073,0.329273804148215,0.154624107674004,0.0296928813058896,-1.25450294594986,0.0606315109577327,0
0.01,19,"mixture",22061387,"Broad plus sharp source","Matern 1.5",0.0637286955636968,0.03042664619082,0.94824509220702,0.186999278734333,0.0900219363474122,0.0246639123202005,-0.883613551213715,0.0606315109577327,0.0030971846059641
0.01,19,"mixture",22061387,"Broad plus sharp source","Matern 2.5",0.0653322122912718,0.0305199710311567,0.926829268292683,0.158924826280478,0.073067742415229,0.0243182855700975,-0.307778580852302,0.0606315109577327,0.0047007013335391
0.01,19,"ring",22061387,"Ring-shaped source","RBF",0.166491135104626,0.112553007880562,0.681142177275431,0.283494962856086,0.196877974419988,0.094409066553468,2.56832514215822,0.16419368664986,0.00229744845476598
0.01,19,"ring",22061387,"Ring-shaped source","Matern 0.5",0.16419368664986,0.109211061075287,0.900654372397383,0.568651582236873,0.0594151546698394,0.0871941261101159,-0.31453808073073,0.16419368664986,0
0.01,19,"ring",22061387,"Ring-shaped source","Matern 1.5",0.164141885973715,0.110466145620313,0.770374776918501,0.384246425746014,0.109355666270077,0.0892337134385049,0.35926659685831,0.16419368664986,-5.18006761449918e-05
0.01,19,"ring",22061387,"Ring-shaped source","Matern 2.5",0.164891124589434,0.111112981796036,0.729327781082689,0.342166843251106,0.138951145151695,0.0908979713096047,0.893034047347649,0.16419368664986,0.000697437939573997
0.01,19,"sine",22061387,"Sine-cosine source","RBF",0.052545117484104,0.0394474557704233,0.817370612730518,0.141434508777781,0.152038593099346,0.0280636789584587,-1.51797114222013,0.0871242527493219,-0.0345791352652179
0.01,19,"sine",22061387,"Sine-cosine source","Matern 0.5",0.0871242527493219,0.0672433836405727,0.997025580011898,0.583763655002323,0.139677647233789,0.0528154353190436,-0.83484586126383,0.0871242527493219,0
0.01,19,"sine",22061387,"Sine-cosine source","Matern 1.5",0.0677234291553464,0.0505077157411345,0.964901844140393,0.254550630422234,0.011524762046401,0.0354719952359898,-1.41710561042196,0.0871242527493219,-0.0194008235939755
0.01,19,"sine",22061387,"Sine-cosine source","Matern 2.5",0.0613659884749338,0.0452784282630073,0.92325996430696,0.199640048698894,0.0350695270672219,0.0317180435650731,-1.54087114188968,0.0871242527493219,-0.0257582642743881
0.01,19,"spike",22061387,"Hidden narrow spike","RBF",0.044131097999327,0.012998542872104,0.938132064247472,0.0943371826311554,0.13181253718025,0.0132789843097781,-0.72987954516178,0.0455787115070899,-0.0014476135077629
0.01,19,"spike",22061387,"Hidden narrow spike","Matern 0.5",0.0455787115070899,0.0118630347084126,0.9738251041047,0.160142684297592,0.156808819155265,0.015515522354771,-1.64080719269718,0.0455787115070899,0
0.01,19,"spike",22061387,"Hidden narrow spike","Matern 1.5",0.0444439799801979,0.0126499462372427,0.958358120166568,0.123160166292872,0.142304803688281,0.014180831788275,-1.458057450178,0.0455787115070899,-0.001134731526892
0.01,19,"spike",22061387,"Hidden narrow spike","Matern 2.5",0.0442743504865959,0.0128125328781159,0.952409280190363,0.112281401198568,0.13762009220702,0.0138274918526581,-1.29065367073039,0.0455787115070899,-0.001304361020494
0.01,2,"dipole",20361387,"Positive-negative dipole","RBF",0.0377430315330305,0.0250813155371377,0.966091612135634,0.225783034783936,0.111222114812612,0.0221498773759743,-1.53208080813226,0.0406116762599452,-0.0028686447269147
0.01,2,"dipole",20361387,"Positive-negative dipole","Matern 0.5",0.0406116762599452,0.0218286373379443,0.994051160023795,0.519261789478615,0.181170806067817,0.0354944130533981,-1.05692852447787,0.0406116762599452,0
0.01,2,"dipole",20361387,"Positive-negative dipole","Matern 1.5",0.0348354753849467,0.0217540378254737,0.986317668054729,0.344130452090798,0.170537254610351,0.025693090933387,-1.43413244498572,0.0406116762599452,-0.0057762008749985
0.01,2,"dipole",20361387,"Positive-negative dipole","Matern 2.5",0.0352071685521981,0.0225243786154324,0.983343248066627,0.296982954173411,0.158519110648424,0.0237581469268166,-1.53415664248329,0.0406116762599452,-0.0054045077077471
0.01,2,"edge",20361387,"Moving-edge source","RBF",0.215025838869893,0.14271775756182,0.726353361094587,0.323970185363298,0.201488325401547,0.117904506292054,4.63151079722858,0.188171801368689,0.026854037501204
0.01,2,"edge",20361387,"Moving-edge source","Matern 0.5",0.188171801368689,0.119711632072661,0.886377156454491,0.644899583210044,0.0869582837596669,0.097059090194702,-0.197287620874497,0.188171801368689,0
0.01,2,"edge",20361387,"Moving-edge source","Matern 1.5",0.198619096250888,0.127421074869495,0.790005948839976,0.401952426340169,0.092252751338489,0.103373672914513,1.07387712990819,0.188171801368689,0.010447294882199
0.01,2,"edge",20361387,"Moving-edge source","Matern 2.5",0.203575445932122,0.131872305113597,0.763236168947055,0.361656468028759,0.133299747174301,0.107764234226088,2.08395052515387,0.188171801368689,0.015403644563433
0.01,2,"mixture",20361387,"Broad plus sharp source","RBF",0.0698276110412619,0.0328399777837532,0.875074360499703,0.139028740437639,0.0442753569303986,0.0259621817234309,1.11086883452749,0.0646814139294288,0.00514619711183309
0.01,2,"mixture",20361387,"Broad plus sharp source","Matern 0.5",0.0646814139294288,0.0375716846194543,0.989886972040452,0.339009014389513,0.151426606186794,0.0317044905134207,-1.209259689928,0.0646814139294288,0
0.01,2,"mixture",20361387,"Broad plus sharp source","Matern 1.5",0.0662955441732746,0.0343532432740186,0.957763236168947,0.198394955670882,0.0770162849494349,0.0265731281190445,-0.888222322775212,0.0646814139294288,0.0016141302438458
0.01,2,"mixture",20361387,"Broad plus sharp source","Matern 2.5",0.0673563090368719,0.0335510580771025,0.932183224271267,0.171256985906829,0.0505365110053539,0.0260134054014552,-0.418452973758569,0.0646814139294288,0.00267489510744309
0.01,2,"ring",20361387,"Ring-shaped source","RBF",0.156880658784269,0.103902353825978,0.713860797144557,0.303165022744454,0.151964232599643,0.0871316617658927,1.58380700101291,0.156479856087639,0.000400802696629982
0.01,2,"ring",20361387,"Ring-shaped source","Matern 0.5",0.156479856087639,0.103016542212535,0.915526472337894,0.626725827472899,0.0721605443188578,0.0841210244762025,-0.39955860458122,0.156479856087639,0
0.01,2,"ring",20361387,"Ring-shaped source","Matern 1.5",0.155192818415103,0.103225167492607,0.817965496728138,0.421216078626525,0.0881480517549078,0.0836358433203289,-0.0281719654850158,0.156479856087639,-0.00128703767253602
0.01,2,"ring",20361387,"Ring-shaped source","Matern 2.5",0.155590331450214,0.103363124925085,0.781082688875669,0.372702994510327,0.102068337299227,0.0845865409148977,0.331430551525986,0.156479856087639,-0.000889524637425004
0.01,2,"sine",20361387,"Sine-cosine source","RBF",0.0537755544841071,0.0429657190803792,0.686496133254015,0.132004921202473,0.251904744199881,0.0311115959366112,-1.15737598438983,0.0791526737249798,-0.0253771192408727
0.01,2,"sine",20361387,"Sine-cosine source","Matern 0.5",0.0791526737249798,0.062877712156753,0.997025580011898,0.559246371294691,0.142577706722189,0.0494513044628447,-0.88653005968063,0.0791526737249798,0
0.01,2,"sine",20361387,"Sine-cosine source","Matern 1.5",0.0617804464286586,0.0486231131587902,0.950624628197501,0.238100368018241,0.0233034651992862,0.0343706826184578,-1.41018316292405,0.0791526737249798,-0.0173722272963212
0.01,2,"sine",20361387,"Sine-cosine source","Matern 2.5",0.0578173255246038,0.0451798366369124,0.857822724568709,0.185411214537672,0.094781008328376,0.032330725886789,-1.42711892013168,0.0791526737249798,-0.021335348200376
0.01,2,"spike",20361387,"Hidden narrow spike","RBF",0.044309250545532,0.0141151342486071,0.944675788221297,0.0984742463831565,0.12222003271862,0.0137746197041642,-0.855878265751794,0.0456584211250412,-0.00134917057950919
0.01,2,"spike",20361387,"Hidden narrow spike","Matern 0.5",0.0456584211250412,0.0124841623194951,0.972635336109459,0.166026637975716,0.157775505651398,0.015886477774208,-1.64801495920778,0.0456584211250412,0
0.01,2,"spike",20361387,"Hidden narrow spike","Matern 1.5",0.0445937427443926,0.0135985100811929,0.96133254015467,0.128743366982535,0.143494571683522,0.0146214608591832,-1.50318970049585,0.0456584211250412,-0.0010646783806486
0.01,2,"spike",20361387,"Hidden narrow spike","Matern 2.5",0.0444384037667338,0.0138273420141568,0.955383700178465,0.117554258184106,0.136950847709697,0.0142910534836525,-1.36041359390107,0.0456584211250412,-0.00122001735830739
0.01,20,"dipole",22161387,"Positive-negative dipole","RBF",0.0387281687698245,0.0227717966532665,0.941106484235574,0.189855670703401,0.0957476948245092,0.0208378668401685,-1.2667123546032,0.0428271484639634,-0.00409897969413889
0.01,20,"dipole",22161387,"Positive-negative dipole","Matern 0.5",0.0428271484639634,0.0214946172721904,0.989292088042832,0.474246176414829,0.176932257584771,0.0335934076008112,-1.12879954813663,0.0428271484639634,0
0.01,20,"dipole",22161387,"Positive-negative dipole","Matern 1.5",0.0366632331402717,0.0201609585690483,0.980963712076145,0.297761741791826,0.158593471148126,0.023825017144365,-1.51172084272063,0.0428271484639634,-0.0061639153236917
0.01,20,"dipole",22161387,"Positive-negative dipole","Matern 2.5",0.0367777978174184,0.0206650850654305,0.977394408090422,0.252263261333782,0.142085440214158,0.022016147738041,-1.57328914407156,0.0428271484639634,-0.006049350646545
0.01,20,"edge",22161387,"Moving-edge source","RBF",0.211453718143335,0.150858524819055,0.726948245092207,0.368121916928282,0.21814507733492,0.119145730830632,2.32138281363138,0.188624883031873,0.022828835111462
0.01,20,"edge",22161387,"Moving-edge source","Matern 0.5",0.188624883031873,0.130006727905503,0.914931588340274,0.745890233877308,0.0776632212968471,0.0996425795334347,-0.251572851054951,0.188624883031873,0
0.01,20,"edge",22161387,"Moving-edge source","Matern 1.5",0.197029481982507,0.137741940806359,0.819750148720999,0.464584351971723,0.0945579268292683,0.105138949088296,0.347323604310204,0.188624883031873,0.008404598950634
0.01,20,"edge",22161387,"Moving-edge source","Matern 2.5",0.201293111589261,0.141550779701518,0.792385484830458,0.41612699708524,0.143040972635336,0.109413009112542,0.89226098163065,0.188624883031873,0.012668228557388
0.01,20,"mixture",22161387,"Broad plus sharp source","RBF",0.0667270922881274,0.0259914017493456,0.877453896490184,0.13409413336109,0.0763990928019036,0.0224629148412723,1.32254564925366,0.0625612197145818,0.0041658725735456
0.01,20,"mixture",22161387,"Broad plus sharp source","Matern 0.5",0.0625612197145818,0.0346135431225957,0.990481856038073,0.337092009343447,0.166001264128495,0.0300752499517794,-1.22751341336424,0.0625612197145818,0
0.01,20,"mixture",22161387,"Broad plus sharp source","Matern 1.5",0.0639714967883753,0.0288377756353684,0.954788816180845,0.193652244564241,0.111668277810827,0.0235541867089599,-0.892994874796517,0.0625612197145818,0.0014102770737935
0.01,20,"mixture",22161387,"Broad plus sharp source","Matern 2.5",0.0649268020382327,0.0271974775463652,0.933967876264128,0.165949167230843,0.0941861243307555,0.0226664963465761,-0.366845436414506,0.0625612197145818,0.0023655823236509
0.01,20,"ring",22161387,"Ring-shaped source","RBF",0.162816210766335,0.106027982563804,0.694824509220702,0.295560411666961,0.165572204045211,0.0905319257213527,2.02575642804757,0.160523944183234,0.002292266583101
0.01,20,"ring",22161387,"Ring-shaped source","Matern 0.5",0.160523944183234,0.10220136304492,0.906008328375967,0.600526999762983,0.0651706573468174,0.0852636340771622,-0.364677092647574,0.160523944183234,0
0.01,20,"ring",22161387,"Ring-shaped source","Matern 1.5",0.160100402389043,0.103106650949485,0.79476502082094,0.405054409515201,0.101458581201666,0.0858581544897277,0.138016741930673,0.160523944183234,-0.000423541794191018
0.01,20,"ring",22161387,"Ring-shaped source","Matern 2.5",0.160815781208418,0.103790916708331,0.758477096966092,0.35966543267078,0.117758402736466,0.0871789230589341,0.574406352037061,0.160523944183234,0.000291837025183983
0.01,20,"sine",22161387,"Sine-cosine source","RBF",0.0621977609698744,0.047257027314477,0.765615704937537,0.155922112902481,0.185054654967281,0.0345247685440646,-1.15284982292531,0.0946757174616862,-0.0324779564918118
0.01,20,"sine",22161387,"Sine-cosine source","Matern 0.5",0.0946757174616862,0.0741928679668024,0.994051160023795,0.569793705976531,0.116848973825104,0.0558481056585798,-0.810215124760827,0.0946757174616862,0
0.01,20,"sine",22161387,"Sine-cosine source","Matern 1.5",0.087516943584527,0.0675352555671193,0.882212968471148,0.274624616135618,0.0689779149315883,0.0480399736036203,-1.0250537754565,0.0946757174616862,-0.0071587738771592
0.01,20,"sine",22161387,"Sine-cosine source","Matern 2.5",0.0766846700567789,0.0580622383981489,0.85960737656157,0.224073183839341,0.0869731558596074,0.0415643814485681,-1.16685419376676,0.0946757174616862,-0.0179910474049073
0.01,20,"spike",22161387,"Hidden narrow spike","RBF",0.0445287395737888,0.0126396571760968,0.935157644259369,0.090234784782436,0.132556142177275,0.0131048140341504,-0.532387229023575,0.0455984748900133,-0.0010697353162245
0.01,20,"spike",22161387,"Hidden narrow spike","Matern 0.5",0.0455984748900133,0.0118179571518388,0.973230220107079,0.158982074300108,0.155767772159429,0.0155230346549423,-1.63758812454453,0.0455984748900133,0
0.01,20,"spike",22161387,"Hidden narrow spike","Matern 1.5",0.0444989302935592,0.0125081635734902,0.958358120166568,0.122907259061126,0.142453524687686,0.0142072726665205,-1.45300312075183,0.0455984748900133,-0.0010995445964541
0.01,20,"spike",22161387,"Hidden narrow spike","Matern 2.5",0.0443349839904563,0.0126308953808641,0.950624628197501,0.112400099325559,0.13762009220702,0.0138600401090746,-1.29006209460691,0.0455984748900133,-0.001263490899557
0.01,3,"dipole",20461387,"Positive-negative dipole","RBF",0.0390650434892463,0.0251881694324464,0.958358120166568,0.217521179296979,0.0970936198691255,0.022410912155879,-1.45767026661858,0.0424318530529874,-0.0033668095637411
0.01,3,"dipole",20461387,"Positive-negative dipole","Matern 0.5",0.0424318530529874,0.0229179978750443,0.992266508030934,0.498982139588421,0.179311793575253,0.0348613090825364,-1.08670320071897,0.0424318530529874,0
0.01,3,"dipole",20461387,"Positive-negative dipole","Matern 1.5",0.0367927939614116,0.0225438515979091,0.982748364069007,0.325434987103243,0.162060157644259,0.0254054581083002,-1.45798722397978,0.0424318530529874,-0.0056390590915758
0.01,3,"dipole",20461387,"Positive-negative dipole","Matern 2.5",0.0370279574540017,0.0231073598633606,0.979773944080904,0.280387981991569,0.145952186198691,0.0236578043870143,-1.53986374410761,0.0424318530529874,-0.0054038955989857
0.01,3,"edge",20461387,"Moving-edge source","RBF",0.190860021523043,0.136690942070225,0.701368233194527,0.318540941549956,0.227886302795955,0.109382918939228,3.09280363584489,0.186418912449598,0.004441109073445
0.01,3,"edge",20461387,"Moving-edge source","Matern 0.5",0.186418912449598,0.131121200211846,0.886377156454491,0.638902536376842,0.0547601873884592,0.100098849640609,-0.203815740127537,0.186418912449598,0
0.01,3,"edge",20461387,"Moving-edge source","Matern 1.5",0.186134992885981,0.130914815058857,0.785841760856633,0.389264315601144,0.136199806662701,0.102004994118856,0.7940272311716,0.186418912449598,-0.00028391956361698
0.01,3,"edge",20461387,"Moving-edge source","Matern 2.5",0.187336628955946,0.132243517934842,0.751933372992266,0.349909890430765,0.172933893515764,0.104244191302002,1.53445932343206,0.186418912449598,0.000917716506348004
0.01,3,"mixture",20461387,"Broad plus sharp source","RBF",0.0667272759749629,0.024342812759459,0.88518738845925,0.131486168233876,0.0955841017251636,0.0217336585532715,1.38128937295364,0.059181440964976,0.00754583500998691
0.01,3,"mixture",20461387,"Broad plus sharp source","Matern 0.5",0.059181440964976,0.0267732111237617,0.988102320047591,0.324890390623242,0.169496207614515,0.0276625984584988,-1.2745862689738,0.059181440964976,0
0.01,3,"mixture",20461387,"Broad plus sharp source","Matern 1.5",0.0623308131523495,0.0227542581063848,0.954193932183224,0.189270928446442,0.124309562760262,0.0218361736058608,-0.912569724993951,0.059181440964976,0.0031493721873735
0.01,3,"mixture",20461387,"Broad plus sharp source","Matern 2.5",0.0638838116131414,0.0222735379912277,0.939321832242713,0.162613487645371,0.109653108268888,0.0212726662798559,-0.366045127919402,0.059181440964976,0.0047023706481654
0.01,3,"ring",20461387,"Ring-shaped source","RBF",0.165626758852353,0.107447998920087,0.701963117192148,0.314915998076895,0.152336035098156,0.091193788417588,1.70829498532788,0.163963292594042,0.00166346625831101
0.01,3,"ring",20461387,"Ring-shaped source","Matern 0.5",0.163963292594042,0.102134687519525,0.898274836406901,0.59306848503969,0.0635347263533611,0.0863931836968906,-0.327544762751053,0.163963292594042,0
0.01,3,"ring",20461387,"Ring-shaped source","Matern 1.5",0.163483512867319,0.103748750768105,0.795954788816181,0.414487319249184,0.104804803688281,0.0869916335761781,0.164814603232034,0.163963292594042,-0.000479779726723001
0.01,3,"ring",20461387,"Ring-shaped source","Matern 2.5",0.164100271464082,0.104790900869967,0.759071980963712,0.373394894740939,0.122205160618679,0.0882093007868303,0.54537885305719,0.163963292594042,0.000136978870039994
0.01,3,"sine",20461387,"Sine-cosine source","RBF",0.0653622621591122,0.0490421047676177,0.771564544913742,0.156073419585393,0.194126635930993,0.0355163242491566,-1.19262057675572,0.100907840211196,-0.0355455780520838
0.01,3,"sine",20461387,"Sine-cosine source","Matern 0.5",0.100907840211196,0.0781692246074342,0.991076740035693,0.596336223342186,0.122649092801904,0.0583653376055817,-0.772332995485531,0.100907840211196,0
0.01,3,"sine",20461387,"Sine-cosine source","Matern 1.5",0.0794366257697567,0.0593899158060159,0.933967876264128,0.26108883989397,0.0393080755502677,0.0416632733461578,-1.25605900409366,0.100907840211196,-0.0214712144414393
0.01,3,"sine",20461387,"Sine-cosine source","Matern 2.5",0.0739079012614775,0.0547672731965539,0.860202260559191,0.20759369837387,0.112107004759072,0.0392505204309319,-1.26533074145066,0.100907840211196,-0.0269999389497185
0.01,3,"spike",20461387,"Hidden narrow spike","RBF",0.0444428249862031,0.0136908525732047,0.933967876264128,0.0904843082399467,0.125194452706722,0.0133537773780813,-0.520316475041767,0.0458035796297349,-0.0013607546435318
0.01,3,"spike",20461387,"Hidden narrow spike","Matern 0.5",0.0458035796297349,0.0122141502351936,0.971445568114218,0.154435254956887,0.153834399167162,0.0153445651467841,-1.61878169906565,0.0458035796297349,0
0.01,3,"spike",20461387,"Hidden narrow spike","Matern 1.5",0.0446970530036114,0.0132460540376192,0.955978584176086,0.118837425205777,0.138958581201666,0.0141605477794019,-1.38627132758336,0.0458035796297349,-0.0011065266261235
0.01,3,"spike",20461387,"Hidden narrow spike","Matern 2.5",0.0445297172995921,0.013475427296937,0.947055324211779,0.108467764920027,0.133002305175491,0.0138636368319968,-1.19176090207627,0.0458035796297349,-0.0012738623301428
0.01,4,"dipole",20561387,"Positive-negative dipole","RBF",0.0395066977540742,0.0239812503101909,0.937537180249851,0.187332402853883,0.0932937983343248,0.0211934555749883,-1.23485701114634,0.043526293020846,-0.0040195952667718
0.01,4,"dipole",20561387,"Positive-negative dipole","Matern 0.5",0.043526293020846,0.0233044663436563,0.989886972040452,0.471760078581979,0.176263013087448,0.0336832594780082,-1.13134647838323,0.043526293020846,0
0.01,4,"dipole",20561387,"Positive-negative dipole","Matern 1.5",0.0376065843520643,0.021869152822505,0.979773944080904,0.295012540980318,0.156883179654967,0.0240688710262639,-1.51202817047206,0.043526293020846,-0.0059197086687817
0.01,4,"dipole",20561387,"Positive-negative dipole","Matern 2.5",0.0377132790895209,0.0221800632387567,0.976204640095181,0.249696861070042,0.139854625223082,0.0223250758139257,-1.56921821907335,0.043526293020846,-0.0058130139313251
0.01,4,"edge",20561387,"Moving-edge source","RBF",0.215526504121136,0.147639685235286,0.682926829268293,0.309061690941413,0.244989217727543,0.121277912142607,4.74216920589419,0.193191793165885,0.022334710955251
0.01,4,"edge",20561387,"Moving-edge source","Matern 0.5",0.193191793165885,0.131503006401561,0.882212968471148,0.656338446944875,0.0698553688280785,0.101737315968407,-0.190516039901116,0.193191793165885,0
0.01,4,"edge",20561387,"Moving-edge source","Matern 1.5",0.201801882152185,0.13586589530661,0.779892920880428,0.40136631376102,0.130176606186794,0.108227409980146,0.986662982393993,0.193191793165885,0.0086100889863
0.01,4,"edge",20561387,"Moving-edge source","Matern 2.5",0.206068320625603,0.13915711141471,0.744794765020821,0.356165708834093,0.170851799524093,0.112311294241681,1.98932952054374,0.193191793165885,0.012876527459718
0.01,4,"mixture",20561387,"Broad plus sharp source","RBF",0.0679819569790848,0.0303136017654548,0.91076740035693,0.139882610704415,0.0549832688875669,0.0244495316023545,0.837130830075025,0.0585988827033521,0.0093830742757327
0.01,4,"mixture",20561387,"Broad plus sharp source","Matern 0.5",0.0585988827033521,0.031750063110498,0.992266508030934,0.346519971131593,0.162283239143367,0.0298255459336852,-1.26609891004115,0.0585988827033521,0
0.01,4,"mixture",20561387,"Broad plus sharp source","Matern 1.5",0.0631497984687666,0.0302948113917592,0.956573468173706,0.203148242750645,0.107281008328376,0.024891024941701,-1.06704943794364,0.0585988827033521,0.00455091576541451
0.01,4,"mixture",20561387,"Broad plus sharp source","Matern 2.5",0.0649955081694658,0.0300610259057078,0.937537180249851,0.174445883770095,0.0906911808447353,0.0243634717509309,-0.644619629672423,0.0585988827033521,0.0063966254661137
0.01,4,"ring",20561387,"Ring-shaped source","RBF",0.168491411358652,0.11052978238912,0.6918500892326,0.315304034002223,0.16088749256395,0.0934453423564894,1.81537663858055,0.167423155097691,0.00106825626096099
0.01,4,"ring",20561387,"Ring-shaped source","Matern 0.5",0.167423155097691,0.107375748842944,0.89708506841166,0.579626576099019,0.0618690511600238,0.0883541161627326,-0.28769935819052,0.167423155097691,0
0.01,4,"ring",20561387,"Ring-shaped source","Matern 1.5",0.167074607451505,0.108570712342534,0.786436644854253,0.407503791671043,0.106589455681142,0.0895710314887675,0.279436987721844,0.167423155097691,-0.000348547646186026
0.01,4,"ring",20561387,"Ring-shaped source","Matern 2.5",0.167530721325826,0.109181878785573,0.745984533016062,0.369028525230369,0.123766731112433,0.0907883126620435,0.678812846368445,0.167423155097691,0.000107566228134987
0.01,4,"sine",20561387,"Sine-cosine source","RBF",0.0629138035628052,0.0492468352668554,0.622248661511005,0.132259611769549,0.309236689470553,0.0373400166321567,-0.617527997637916,0.0881507914855331,-0.0252369879227279
0.01,4,"sine",20561387,"Sine-cosine source","Matern 0.5",0.0881507914855331,0.0692531793807329,0.997620464009518,0.539862016218179,0.117964381320642,0.0521861545477929,-0.877558053085378,0.0881507914855331,0
0.01,4,"sine",20561387,"Sine-cosine source","Matern 1.5",0.0702843298541596,0.055873350779599,0.912552052349792,0.231897413882856,0.0668214604402142,0.0388954349214782,-1.27695186434201,0.0881507914855331,-0.0178664616313735
0.01,4,"sine",20561387,"Sine-cosine source","Matern 2.5",0.0655576283230132,0.0524442908102659,0.840571088637716,0.181100697802895,0.15768999107674,0.0372570792417392,-1.18841301549095,0.0881507914855331,-0.0225931631625199
0.01,4,"spike",20561387,"Hidden narrow spike","RBF",0.0445592922103979,0.0131866460209538,0.926829268292683,0.080119418320429,0.122071311719215,0.0129116951425154,0.174839908582541,0.0458523876954583,-0.0012930954850604
0.01,4,"spike",20561387,"Hidden narrow spike","Matern 0.5",0.0458523876954583,0.0119007352737758,0.967876264128495,0.148957631104061,0.15390504164188,0.0150295533232221,-1.59931569537513,0.0458523876954583,0
0.01,4,"spike",20561387,"Hidden narrow spike","Matern 1.5",0.0447523123977074,0.0127153457227511,0.956573468173706,0.111356908955413,0.138735499702558,0.0137277349432567,-1.26683612021697,0.0458523876954583,-0.00110007529775091
0.01,4,"spike",20561387,"Hidden narrow spike","Matern 2.5",0.0446056308463111,0.0128842851183925,0.945270672218917,0.0999966810500899,0.133671549672814,0.0133934520307412,-0.972728991699785,0.0458523876954583,-0.00124675684914721
0.01,5,"dipole",20661387,"Positive-negative dipole","RBF",0.0388323986705105,0.0244725927203113,0.950029744199881,0.200049359874108,0.0922601873884592,0.0216052882165879,-1.37136410837049,0.0421907466896437,-0.0033583480191332
0.01,5,"dipole",20661387,"Positive-negative dipole","Matern 0.5",0.0421907466896437,0.021888945491713,0.991671624033314,0.491188988281042,0.17834510707912,0.0343630799253069,-1.10092210161621,0.0421907466896437,0
0.01,5,"dipole",20661387,"Positive-negative dipole","Matern 1.5",0.0362490183163857,0.0212231871242929,0.982153480071386,0.31662976999658,0.162906380130874,0.0247275601474722,-1.47970585977405,0.0421907466896437,-0.00594172837325799
0.01,5,"dipole",20661387,"Positive-negative dipole","Matern 2.5",0.036489041934501,0.021913505703295,0.980368828078525,0.270450278560754,0.147736838191553,0.0229099041219402,-1.56025285956838,0.0421907466896437,-0.0057017047551427
0.01,5,"edge",20661387,"Moving-edge source","RBF",0.223285344660845,0.152518303681545,0.701963117192148,0.347918867892488,0.214575773349197,0.124728162109921,3.76501600728749,0.18841642018868,0.034868924472165
0.01,5,"edge",20661387,"Moving-edge source","Matern 0.5",0.18841642018868,0.120847927118875,0.911362284354551,0.713678998250334,0.0746888013087448,0.0980189437704678,-0.2463617477098,0.18841642018868,0
0.01,5,"edge",20661387,"Moving-edge source","Matern 1.5",0.203058161161343,0.132475223490563,0.801903628792386,0.442376497008102,0.100358045806068,0.106851609038663,0.662157950304321,0.18841642018868,0.014641740972663
0.01,5,"edge",20661387,"Moving-edge source","Matern 2.5",0.209553949273728,0.13923325164691,0.772159428911362,0.395141309869751,0.137835737656157,0.112605611768363,1.48520034000848,0.18841642018868,0.021137529085048
0.01,5,"mixture",20661387,"Broad plus sharp source","RBF",0.0674643981314719,0.0341864027381791,0.900654372397383,0.136638989288105,0.0479338935157644,0.0265364396054785,0.884893666523023,0.0619174396775852,0.0055469584538867
0.01,5,"mixture",20661387,"Broad plus sharp source","Matern 0.5",0.0619174396775852,0.0377336514184812,0.988697204045211,0.333077276071349,0.14317259071981,0.0315169844194679,-1.23760215463599,0.0619174396775852,0
0.01,5,"mixture",20661387,"Broad plus sharp source","Matern 1.5",0.0639062771919425,0.0347353300840411,0.944675788221297,0.193169672164,0.0660778554431886,0.0267216242773454,-0.929097847133317,0.0619174396775852,0.0019888375143573
0.01,5,"mixture",20661387,"Broad plus sharp source","Matern 2.5",0.065043455407041,0.0340522046963498,0.926234384295062,0.166672062764179,0.0433979030339084,0.0262108769812458,-0.47483810282447,0.0619174396775852,0.0031260157294558
0.01,5,"ring",20661387,"Ring-shaped source","RBF",0.165613568496234,0.111647552319129,0.685901249256395,0.296994552935346,0.178957093991672,0.093523388364663,2.14639321076438,0.16232507734324,0.00328849115299398
0.01,5,"ring",20661387,"Ring-shaped source","Matern 0.5",0.16232507734324,0.107085003747544,0.903033908387864,0.592473138123477,0.060158759666865,0.0864360020902899,-0.34456681074813,0.16232507734324,0
0.01,5,"ring",20661387,"Ring-shaped source","Matern 1.5",0.16261215529242,0.108875773496131,0.778108268887567,0.402107646029636,0.103466314693635,0.0881057617878468,0.210818352843493,0.16232507734324,0.000287077949180009
0.01,5,"ring",20661387,"Ring-shaped source","Matern 2.5",0.16354525445517,0.109746962024603,0.741225461035098,0.358397613814303,0.128391954193932,0.0897779798110643,0.671313813628842,0.16232507734324,0.00122017711193001
0.01,5,"sine",20661387,"Sine-cosine source","RBF",0.0575280075508548,0.0432351722321861,0.735276621058893,0.123816585951855,0.241568634741225,0.0309779642868554,-1.38222414202427,0.0767679492641564,-0.0192399417133016
0.01,5,"sine",20661387,"Sine-cosine source","Matern 0.5",0.0767679492641564,0.059507627032481,0.997025580011898,0.556093415014167,0.14666753420583,0.048122324192308,-0.905702789294283,0.0767679492641564,0
0.01,5,"sine",20661387,"Sine-cosine source","Matern 1.5",0.0602706642433537,0.0468285890597333,0.980368828078525,0.237421356503283,0.021816255205235,0.0320344457329081,-1.52692071896276,0.0767679492641564,-0.0164972850208027
0.01,5,"sine",20661387,"Sine-cosine source","Matern 2.5",0.0576302445800267,0.0443812669213781,0.926234384295062,0.179685899791782,0.0637444229625223,0.0303828242685516,-1.61156990649088,0.0767679492641564,-0.0191377046841297
0.01,5,"spike",20661387,"Hidden narrow spike","RBF",0.044785484962925,0.014169364845152,0.905413444378346,0.0713732373898609,0.115661436644854,0.0132472026449042,1.23349083759782,0.0456050995457727,-0.000819614582847704
0.01,5,"spike",20661387,"Hidden narrow spike","Matern 0.5",0.0456050995457727,0.0124313401967251,0.967281380130875,0.150356193137854,0.152046029149316,0.0152766128745405,-1.60921420572179,0.0456050995457727,0
0.01,5,"spike",20661387,"Hidden narrow spike","Matern 1.5",0.044671508310904,0.0135224683842918,0.94824509220702,0.107225884099573,0.129879164187983,0.0139427613487692,-1.17073914407344,0.0456050995457727,-0.000933591234868698
0.01,5,"spike",20661387,"Hidden narrow spike","Matern 2.5",0.0446020265663393,0.0137558098417407,0.935157644259369,0.0941317003674204,0.125343173706127,0.013622537297319,-0.737302033673123,0.0456050995457727,-0.0010030729794334
0.01,6,"dipole",20761387,"Positive-negative dipole","RBF",0.03757526505186,0.0223670486778157,0.958953004164188,0.200626063226542,0.105421995835812,0.0206798049928824,-1.39877898042758,0.0424668815049327,-0.0048916164530727
0.01,6,"dipole",20761387,"Positive-negative dipole","Matern 0.5",0.0424668815049327,0.0215972621845462,0.990481856038073,0.474989723292348,0.176932257584771,0.0335556202815783,-1.12888749661202,0.0424668815049327,0
0.01,6,"dipole",20761387,"Positive-negative dipole","Matern 1.5",0.0358761607596617,0.020146937349267,0.980963712076145,0.30239647320615,0.162980740630577,0.0238040828010062,-1.5111765899577,0.0424668815049327,-0.006590720745271
0.01,6,"dipole",20761387,"Positive-negative dipole","Matern 2.5",0.0358806782062342,0.0205245325541698,0.979179060083284,0.258766096224434,0.148926606186794,0.0219883884180349,-1.58135220030822,0.0424668815049327,-0.0065862032986985
0.01,6,"edge",20761387,"Moving-edge source","RBF",0.227370504219462,0.15852061411453,0.686496133254015,0.311902392538169,0.264769110648424,0.130142048145015,5.79896035431188,0.192405574624102,0.03496492959536
0.01,6,"edge",20761387,"Moving-edge source","Matern 0.5",0.192405574624102,0.126547497476771,0.882807852468769,0.661206377075707,0.0761760113027959,0.100605353523826,-0.19092004792741,0.192405574624102,0
0.01,6,"edge",20761387,"Moving-edge source","Matern 1.5",0.206629159391421,0.138385281940344,0.76918500892326,0.397984000309075,0.129358640690065,0.110920307582296,1.2383048804701,0.192405574624102,0.014223584767319
0.01,6,"edge",20761387,"Moving-edge source","Matern 2.5",0.213211470278278,0.144987059393536,0.739440809042237,0.354311345313605,0.179626338488995,0.117149697420005,2.47096800628433,0.192405574624102,0.020805895654176
0.01,6,"mixture",20761387,"Broad plus sharp source","RBF",0.0677598690686416,0.0338097645733515,0.917906008328376,0.14101152828664,0.027544244497323,0.0260927880414646,0.549457500321357,0.062068197617956,0.00569167145068561
0.01,6,"mixture",20761387,"Broad plus sharp source","Matern 0.5",0.062068197617956,0.0381661301578553,0.988697204045211,0.344529820691983,0.144808521713266,0.0320800464701882,-1.23107292355452,0.062068197617956,0
0.01,6,"mixture",20761387,"Broad plus sharp source","Matern 1.5",0.0642648248308823,0.0354817709747466,0.955978584176086,0.198638173048269,0.0711418054729328,0.0270226630590567,-1.01412394342511,0.062068197617956,0.00219662721292631
0.01,6,"mixture",20761387,"Broad plus sharp source","Matern 2.5",0.0654559291709224,0.0346549759098974,0.939916716240333,0.17135519462051,0.0494211035098156,0.0264046740165644,-0.62312628939611,0.062068197617956,0.0033877315529664
0.01,6,"ring",20761387,"Ring-shaped source","RBF",0.158165862176013,0.103648990019104,0.722784057108864,0.309705202967032,0.14170248364069,0.0871232179698066,1.49952829260134,0.158836436539402,-0.000670574363388993
0.01,6,"ring",20761387,"Ring-shaped source","Matern 0.5",0.158836436539402,0.103004312257539,0.905413444378346,0.61960954797028,0.0744657198096371,0.084710294049751,-0.380758898181129,0.158836436539402,0
0.01,6,"ring",20761387,"Ring-shaped source","Matern 1.5",0.157227338831164,0.103157949298552,0.819155264723379,0.423139134230137,0.0920891582391434,0.0840821740766761,0.000791292083388635,0.158836436539402,-0.001609097708238
0.01,6,"ring",20761387,"Ring-shaped source","Matern 2.5",0.157463282263575,0.103301285559717,0.780487804878049,0.376580116203017,0.10740742117787,0.0849353192212166,0.347448060989305,0.158836436539402,-0.00137315427582699
0.01,6,"sine",20761387,"Sine-cosine source","RBF",0.0444181117824567,0.0364766394274185,0.646044021415824,0.107951730431149,0.2989749405116,0.027029361356873,-1.03658966537409,0.062562037204741,-0.0181439254222843
0.01,6,"sine",20761387,"Sine-cosine source","Matern 0.5",0.062562037204741,0.0511239797551123,0.99940511600238,0.51664426596795,0.167116671624033,0.0419476372290529,-1.00864181058444,0.062562037204741,0
0.01,6,"sine",20761387,"Sine-cosine source","Matern 1.5",0.0502508146021005,0.0415749448370178,0.942891136228435,0.206607116025737,0.0285258030933968,0.0292382387052808,-1.53528900149711,0.062562037204741,-0.0123112226026405
0.01,6,"sine",20761387,"Sine-cosine source","Matern 2.5",0.0456286698597582,0.0379065577003155,0.864961332540155,0.15665718802216,0.115676308744795,0.0269950077648713,-1.54077670193757,0.062562037204741,-0.0169333673449828
0.01,6,"spike",20761387,"Hidden narrow spike","RBF",0.0442311207091798,0.0130411715860391,0.93634741225461,0.0927347838520226,0.131217653182629,0.0132109836224545,-0.65522448719392,0.0456998307943333,-0.0014687100851535
0.01,6,"spike",20761387,"Hidden narrow spike","Matern 0.5",0.0456998307943333,0.0118333811575978,0.971445568114218,0.156986529382307,0.155470330160619,0.0153710405934094,-1.6302459781821,0.0456998307943333,0
0.01,6,"spike",20761387,"Hidden narrow spike","Matern 1.5",0.0445505565641524,0.0126372693068474,0.957763236168947,0.12129701507108,0.14170991969066,0.0140901230391801,-1.43179740676714,0.0456998307943333,-0.00114927423018089
0.01,6,"spike",20761387,"Hidden narrow spike","Matern 2.5",0.0443768114567409,0.012819248422036,0.951219512195122,0.110640877965495,0.136876487209994,0.0137487048160095,-1.25518226535151,0.0456998307943333,-0.0013230193375924
0.01,7,"dipole",20861387,"Positive-negative dipole","RBF",0.0380902218932769,0.0229657107496547,0.955978584176086,0.204780204642933,0.10623996133254,0.0210767968410407,-1.41225887750197,0.0427636299209432,-0.0046734080276663
0.01,7,"dipole",20861387,"Positive-negative dipole","Matern 0.5",0.0427636299209432,0.0216595644560462,0.990481856038073,0.477565335322853,0.176932257584771,0.0337676053312781,-1.12333327843162,0.0427636299209432,0
0.01,7,"dipole",20861387,"Positive-negative dipole","Matern 1.5",0.036238990038912,0.0202954108399887,0.980963712076145,0.306768744218857,0.161493530636526,0.0241536201650334,-1.49907922411735,0.0427636299209432,-0.0065246398820312
0.01,7,"dipole",20861387,"Positive-negative dipole","Matern 2.5",0.0362684775925343,0.0208396661726995,0.979179060083284,0.263530653191182,0.148480443188578,0.0223713662777111,-1.57016621341436,0.0427636299209432,-0.0064951523284089
0.01,7,"edge",20861387,"Moving-edge source","RBF",0.224196851194671,0.155521904402603,0.711481261154075,0.381676447198811,0.205057629387269,0.124231927438558,2.26211370294359,0.202344922042252,0.021851929152419
0.01,7,"edge",20861387,"Moving-edge source","Matern 0.5",0.202344922042252,0.139502415820868,0.929208804283165,0.799877855733453,0.0646501338488995,0.106647286467543,-0.202696076090107,0.202344922042252,0
0.01,7,"edge",20861387,"Moving-edge source","Matern 1.5",0.208360338557795,0.141505114340784,0.836406900654372,0.494340698988583,0.0848167013682332,0.109165501930913,0.266780192194737,0.202344922042252,0.00601541651554302
0.01,7,"edge",20861387,"Moving-edge source","Matern 2.5",0.212530213857721,0.144570599852735,0.800118976799524,0.439867448094035,0.127127825698989,0.113138577621754,0.755531634326168,0.202344922042252,0.010185291815469
0.01,7,"mixture",20861387,"Broad plus sharp source","RBF",0.0680130367569213,0.0302492394241778,0.863176680547293,0.125712614517948,0.0627911213563355,0.0242765802861072,1.77783043910896,0.0609901339877925,0.0070229027691288
0.01,7,"mixture",20861387,"Broad plus sharp source","Matern 0.5",0.0609901339877925,0.0334916250387505,0.991671624033314,0.336330764227049,0.156334399167162,0.030202679172354,-1.24433145816476,0.0609901339877925,0
0.01,7,"mixture",20861387,"Broad plus sharp source","Matern 1.5",0.0633980835199088,0.0294549495119856,0.949434860202261,0.188052000822893,0.0989451963117192,0.0240767890278161,-0.892809581248687,0.0609901339877925,0.0024079495321163
0.01,7,"mixture",20861387,"Broad plus sharp source","Matern 2.5",0.0650258635677676,0.0290908755632232,0.929803688280785,0.159057500337952,0.0827346073765616,0.0235870336104106,-0.280579057108967,0.0609901339877925,0.0040357295799751
0.01,7,"ring",20861387,"Ring-shaped source","RBF",0.163489167481398,0.107943245011293,0.696609161213563,0.303247439037033,0.165497843545509,0.0913043014274465,1.87816529057767,0.162127182033408,0.00136198544798999
0.01,7,"ring",20861387,"Ring-shaped source","Matern 0.5",0.162127182033408,0.105101963499163,0.898869720404521,0.594686011986471,0.0614526323616895,0.0861330876343836,-0.346546168603012,0.162127182033408,0
0.01,7,"ring",20861387,"Ring-shaped source","Matern 1.5",0.161540151829085,0.106105803592881,0.79535990481856,0.408051159835867,0.100640615704938,0.08696758659362,0.15553973636743,0.162127182033408,-0.000587030204323019
0.01,7,"ring",20861387,"Ring-shaped source","Matern 2.5",0.162141082534224,0.106648457545405,0.753123140987507,0.364725633359828,0.123037998215348,0.0882882998368084,0.568401450229895,0.162127182033408,1.39005008159832e-05
0.01,7,"sine",20861387,"Sine-cosine source","RBF",0.0530895536558554,0.0406612698697365,0.836406900654372,0.144155982298427,0.149882138607971,0.0286528125469283,-1.54324105213872,0.085281679363113,-0.0321921257072576
0.01,7,"sine",20861387,"Sine-cosine source","Matern 0.5",0.085281679363113,0.0669131911959402,0.996430696014277,0.581281442823983,0.138562239738251,0.0523023374533201,-0.839776485513923,0.085281679363113,0
0.01,7,"sine",20861387,"Sine-cosine source","Matern 1.5",0.0633350023747536,0.0482064990463411,0.971445568114218,0.252131070832499,0.0201059637120762,0.0336064269550621,-1.46832565013129,0.085281679363113,-0.0219466769883594
0.01,7,"sine",20861387,"Sine-cosine source","Matern 2.5",0.0574639676840615,0.0440956788326757,0.938132064247472,0.197506532852061,0.038415749553837,0.030450764382848,-1.5828053573665,0.085281679363113,-0.0278177116790515
0.01,7,"spike",20861387,"Hidden narrow spike","RBF",0.0444182966654622,0.0133165355015757,0.941701368233195,0.0949626664838933,0.126458581201666,0.0134809856282207,-0.732625887934314,0.0457118187258477,-0.0012935220603855
0.01,7,"spike",20861387,"Hidden narrow spike","Matern 0.5",0.0457118187258477,0.0120015648038305,0.971445568114218,0.161247238178068,0.156511377156455,0.0156572116468577,-1.63939324462331,0.0457118187258477,0
0.01,7,"spike",20861387,"Hidden narrow spike","Matern 1.5",0.0446644206291321,0.0129253473924346,0.959547888161808,0.124377533115396,0.142379164187983,0.0143589605026865,-1.46173978402893,0.0457118187258477,-0.00104739809671561
0.01,7,"spike",20861387,"Hidden narrow spike","Matern 2.5",0.0445174569068965,0.0131076880958448,0.954193932183224,0.113426913200418,0.136579045211184,0.0140162714241061,-1.29794671106474,0.0457118187258477,-0.0011943618189512
0.01,8,"dipole",20961387,"Positive-negative dipole","RBF",0.0385318912409403,0.0222131190994559,0.966686496133254,0.21260038120633,0.117914559785842,0.0211603692999449,-1.53044320334598,0.0427706887942194,-0.0042387975532791
0.01,8,"dipole",20961387,"Positive-negative dipole","Matern 0.5",0.0427706887942194,0.0220149576962027,0.991076740035693,0.479579479749819,0.177824583581202,0.0338763005442335,-1.11983809990415,0.0427706887942194,0
0.01,8,"dipole",20961387,"Positive-negative dipole","Matern 1.5",0.0364206429648221,0.0207259814185359,0.980368828078525,0.310533596375661,0.162088414634146,0.0243950140234665,-1.49076849987214,0.0427706887942194,-0.0063500458293973
0.01,8,"dipole",20961387,"Positive-negative dipole","Matern 2.5",0.0364771603311577,0.0211232211387223,0.979179060083284,0.268646635449917,0.148406082688876,0.0226749925598329,-1.56213694823195,0.0427706887942194,-0.0062935284630617
0.01,8,"edge",20961387,"Moving-edge source","RBF",0.223459172879525,0.158289731410517,0.663890541344438,0.321343090363245,0.268412775133849,0.128671066810438,4.03284663451272,0.199606209239564,0.023852963639961
0.01,8,"edge",20961387,"Moving-edge source","Matern 0.5",0.199606209239564,0.139031674578589,0.886972040452112,0.665109766480136,0.0493318709101725,0.106135708587074,-0.164448635398716,0.199606209239564,0
0.01,8,"edge",20961387,"Moving-edge source","Matern 1.5",0.208745886026314,0.143495116050123,0.770969660916121,0.407411011601336,0.156202781082689,0.114179245315651,0.940770600748945,0.199606209239564,0.00913967678675001
0.01,8,"edge",20961387,"Moving-edge source","Matern 2.5",0.213254542549145,0.147687972305491,0.733491969066032,0.363240536152192,0.199108789411065,0.11877524116881,1.82753369240969,0.199606209239564,0.013648333309581
0.01,8,"mixture",20961387,"Broad plus sharp source","RBF",0.067228934585598,0.0267909058410537,0.913146936347412,0.14243021688851,0.0642783313503867,0.0229806638725633,0.785691419159622,0.0606450640082525,0.0065838705773455
0.01,8,"mixture",20961387,"Broad plus sharp source","Matern 0.5",0.0606450640082525,0.0303619952308471,0.989886972040452,0.337273908312251,0.163547367638311,0.0292714376375891,-1.24559501698085,0.0606450640082525,0
0.01,8,"mixture",20961387,"Broad plus sharp source","Matern 1.5",0.0638786010136779,0.0276859669142024,0.958358120166568,0.199377683004025,0.108768218322427,0.0239054692498235,-0.945638277166769,0.0606450640082525,0.0032335370054254
0.01,8,"mixture",20961387,"Broad plus sharp source","Matern 2.5",0.0651990838812606,0.0270877390897981,0.942891136228435,0.172851312672645,0.0925501933372992,0.0232448101204281,-0.503119557275739,0.0606450640082525,0.0045540198730081
0.01,8,"ring",20961387,"Ring-shaped source","RBF",0.160438434094959,0.112279497268171,0.673408685306365,0.25850404663373,0.222532346817371,0.0929873444001603,3.16536441705247,0.157638611158924,0.00279982293603501
0.01,8,"ring",20961387,"Ring-shaped source","Matern 0.5",0.157638611158924,0.108235003895661,0.904818560380726,0.58463254255832,0.058329491374182,0.0848229279739086,-0.383967601955506,0.157638611158924,0
0.01,8,"ring",20961387,"Ring-shaped source","Matern 1.5",0.157633323659929,0.109939432205868,0.76977989292088,0.375598130067475,0.10943002676978,0.0869828940727779,0.271797929688186,0.157638611158924,-5.28749899500469e-06
0.01,8,"ring",20961387,"Ring-shaped source","Matern 2.5",0.158551198044001,0.110756901232644,0.73111243307555,0.326976591703758,0.151964232599643,0.0889230428763961,0.894515196296745,0.157638611158924,0.000912586885077005
0.01,8,"sine",20961387,"Sine-cosine source","RBF",0.0619183868736797,0.0447534628645468,0.836406900654372,0.160705715722939,0.128763756692445,0.0321216177111585,-1.49888794982305,0.0932628718268849,-0.0313444849532052
0.01,8,"sine",20961387,"Sine-cosine source","Matern 0.5",0.0932628718268849,0.0736475960176151,0.996430696014277,0.584577357329055,0.122277290303391,0.0558007497614336,-0.803249844066877,0.0932628718268849,0
0.01,8,"sine",20961387,"Sine-cosine source","Matern 1.5",0.0769832174199403,0.0600296521528023,0.932778108268888,0.275188747581427,0.0236641136228435,0.0418078341597133,-1.23352493678596,0.0932628718268849,-0.0162796544069446
0.01,8,"sine",20961387,"Sine-cosine source","Matern 2.5",0.0687902092390126,0.0514079535016208,0.908387864366449,0.219780099239214,0.0489005800118977,0.0362537299269069,-1.39741075374787,0.0932628718268849,-0.0244726625878723
0.01,8,"spike",20961387,"Hidden narrow spike","RBF",0.0444485831141675,0.0132791873756785,0.933372992266508,0.0881729800814838,0.125268813206425,0.0132415978511199,-0.399048684638802,0.0457202707094825,-0.001271687595315
0.01,8,"spike",20961387,"Hidden narrow spike","Matern 0.5",0.0457202707094825,0.0122237976299368,0.971445568114218,0.157176381667445,0.155842132659131,0.0154606577807241,-1.629992634861,0.0457202707094825,0
0.01,8,"spike",20961387,"Hidden narrow spike","Matern 1.5",0.0446562929760166,0.012978660483115,0.957168352171327,0.119152033520282,0.140222709696609,0.0141266499143629,-1.39848305783727,0.0457202707094825,-0.0010639777334659
0.01,8,"spike",20961387,"Hidden narrow spike","Matern 2.5",0.0445140533030803,0.0131161567184207,0.951219512195122,0.107738890382228,0.134496951219512,0.0137746490087329,-1.18532806585139,0.0457202707094825,-0.0012062174064022
0.01,9,"dipole",21061387,"Positive-negative dipole","RBF",0.0374410554446038,0.0231446358487747,0.957168352171327,0.202900054570602,0.103116820345033,0.0209051338305431,-1.43913194562272,0.0417574645556785,-0.0043164091110747
0.01,9,"dipole",21061387,"Positive-negative dipole","Matern 0.5",0.0417574645556785,0.0215174533962977,0.992266508030934,0.48752939415986,0.178568188578227,0.0340514247874938,-1.1090841083258,0.0417574645556785,0
0.01,9,"dipole",21061387,"Positive-negative dipole","Matern 1.5",0.0351790807831088,0.0202555173209222,0.982748364069007,0.31477542331987,0.166401323616895,0.0242417338965766,-1.49337002034787,0.0417574645556785,-0.0065783837725697
0.01,9,"dipole",21061387,"Positive-negative dipole","Matern 2.5",0.0352816530919596,0.0207982954052956,0.980368828078525,0.269644542568866,0.153090794170137,0.0223583123677976,-1.57804689846948,0.0417574645556785,-0.00647581146371889
0.01,9,"edge",21061387,"Moving-edge source","RBF",0.22133490974083,0.153372363775879,0.655562165377751,0.337165081137714,0.255697129684711,0.12662092988131,3.91699397689786,0.194548860867077,0.026786048873753
0.01,9,"edge",21061387,"Moving-edge source","Matern 0.5",0.194548860867077,0.133720831993384,0.895895300416419,0.700167436288155,0.0632372843545509,0.103008342661017,-0.212107141232315,0.194548860867077,0
0.01,9,"edge",21061387,"Moving-edge source","Matern 1.5",0.204596266060622,0.141167433158997,0.78227245687091,0.432434534438459,0.13181253718025,0.110920171099016,0.729343721189885,0.194548860867077,0.010047405193545
0.01,9,"edge",21061387,"Moving-edge source","Matern 2.5",0.209556028096932,0.144920762289242,0.746579417013682,0.38572330701337,0.179626338488995,0.11587397894953,1.55795639960011,0.194548860867077,0.015007167229855
0.01,9,"mixture",21061387,"Broad plus sharp source","RBF",0.0658905790063873,0.0301413720877723,0.925639500297442,0.14817312682767,0.0684573914336704,0.0240145485853588,0.229643397644933,0.0579536077893881,0.0079369712169992
0.01,9,"mixture",21061387,"Broad plus sharp source","Matern 0.5",0.0579536077893881,0.0337193441179728,0.989886972040452,0.351830880465279,0.167860276621059,0.0303019880510056,-1.25708140136053,0.0579536077893881,0
0.01,9,"mixture",21061387,"Broad plus sharp source","Matern 1.5",0.0614499013891118,0.0318581199278418,0.96133254015467,0.207793254660413,0.108991299821535,0.0250947987356021,-1.12349652163126,0.0579536077893881,0.0034962935997237
0.01,9,"mixture",21061387,"Broad plus sharp source","Matern 2.5",0.0630210071478863,0.0312199519841616,0.945865556216538,0.180105400482124,0.0893526918500892,0.0244313237052755,-0.798156203514143,0.0579536077893881,0.0050673993584982
0.01,9,"ring",21061387,"Ring-shaped source","RBF",0.165890903630823,0.107567732321198,0.678762641284949,0.274015980913905,0.174198022010708,0.0918804509810638,2.84084921111085,0.165109508737898,0.000781394892925003
0.01,9,"ring",21061387,"Ring-shaped source","Matern 0.5",0.165109508737898,0.105612828493526,0.88518738845925,0.541381602336424,0.0661075996430696,0.0865566377604877,-0.278225415335953,0.165109508737898,0
0.01,9,"ring",21061387,"Ring-shaped source","Matern 1.5",0.164424852402776,0.106252615934752,0.766805472932778,0.368332226129865,0.117520449137418,0.0878917836977931,0.495112559505696,0.165109508737898,-0.000684656335122019
0.01,9,"ring",21061387,"Ring-shaped source","Matern 2.5",0.164930878233786,0.106679534941361,0.724568709101725,0.328912543860324,0.13471259666865,0.0891989894309465,1.07543056262147,0.165109508737898,-0.000178630504112015
0.01,9,"sine",21061387,"Sine-cosine source","RBF",0.0583296054376987,0.0443875504957261,0.848304580606782,0.161725949287624,0.12920991969066,0.031336918504313,-1.52702401770267,0.0951485672870446,-0.0368189618493459
0.01,9,"sine",21061387,"Sine-cosine source","Matern 0.5",0.0951485672870446,0.0735453882918457,0.995835812016657,0.597067224803706,0.12458246579417,0.0566529418564341,-0.784444314084829,0.0951485672870446,0
0.01,9,"sine",21061387,"Sine-cosine source","Matern 1.5",0.0729982444606565,0.0556144710997056,0.964901844140393,0.281331407399562,0.0108109012492564,0.0390350859622526,-1.31675839448572,0.0951485672870446,-0.0221503228263881
0.01,9,"sine",21061387,"Sine-cosine source","Matern 2.5",0.065130699802429,0.0493716477389882,0.952409280190363,0.22345973926854,0.0263061421772754,0.0344716216534613,-1.46999527165323,0.0951485672870446,-0.0300178674846156
0.01,9,"spike",21061387,"Hidden narrow spike","RBF",0.0440200830869477,0.0130251445140791,0.944080904223676,0.102361721008071,0.130920211183819,0.0136491715692145,-1.0205625188019,0.0454800450173403,-0.0014599619303926
0.01,9,"spike",21061387,"Hidden narrow spike","Matern 0.5",0.0454800450173403,0.0118885203477834,0.975609756097561,0.168832590476873,0.159411436644854,0.0159348874751327,-1.6571740898801,0.0454800450173403,0
0.01,9,"spike",21061387,"Hidden narrow spike","Matern 1.5",0.0443448129610661,0.0127233184306704,0.962522308149911,0.132133453721781,0.144535618679358,0.0146080194344447,-1.54717661517369,0.0454800450173403,-0.0011352320562742
0.01,9,"spike",21061387,"Hidden narrow spike","Matern 2.5",0.044171722228112,0.0128690141155605,0.957763236168947,0.121134820818855,0.138884220701963,0.0142448239066363,-1.43078377692357,0.0454800450173403,-0.0013083227892283
0.1,1,"dipole",20261387,"Positive-negative dipole","RBF",0.0814861804806732,0.0550538513220588,0.96192742415229,0.364207815307061,0.0779086109458656,0.043508622227854,-0.982470380705392,0.0808830079545522,0.000603172526121007
0.1,1,"dipole",20261387,"Positive-negative dipole","Matern 0.5",0.0808830079545522,0.0562714308501541,0.994646044021416,0.774528774729792,0.174775803093397,0.0585807031825425,-0.614622624358455,0.0808830079545522,0
0.1,1,"dipole",20261387,"Positive-negative dipole","Matern 1.5",0.0788068036499818,0.0555875166302566,0.981558596073766,0.536660107141804,0.139854625223082,0.0481858223797451,-0.887196778147522,0.0808830079545522,-0.00207620430457039
0.1,1,"dipole",20261387,"Positive-negative dipole","Matern 2.5",0.0790202677485372,0.0550236761612849,0.975014872099941,0.471232238514647,0.122008105294468,0.0458848994411413,-0.955478363193573,0.0808830079545522,-0.001862740206015
0.1,1,"edge",20261387,"Moving-edge source","RBF",0.323629900450361,0.256352732234612,0.523497917906008,0.433171361473286,0.399287254610351,0.210391038604074,6.98199588054036,0.307129996822014,0.016499903628347
0.1,1,"edge",20261387,"Moving-edge source","Matern 0.5",0.307129996822014,0.237737696038146,0.863771564544914,1.00906778035205,0.0551468619869125,0.173295282648873,0.317253296608204,0.307129996822014,0
0.1,1,"edge",20261387,"Moving-edge source","Matern 1.5",0.317341924285288,0.250750786694844,0.65437239738251,0.558945653739943,0.29198505353956,0.196166183874659,2.47190886827086,0.307129996822014,0.010211927463274
0.1,1,"edge",20261387,"Moving-edge source","Matern 2.5",0.320495065493584,0.253987883222364,0.583581201665675,0.490560583675847,0.349242638310529,0.203506563895238,4.21697608407271,0.307129996822014,0.01336506867157
0.1,1,"mixture",20261387,"Broad plus sharp source","RBF",0.102007347389828,0.0640901118659497,0.933372992266508,0.349480842324119,0.0441266359309934,0.0480358965993245,-0.41488352506416,0.105593618977789,-0.003586271587961
0.1,1,"mixture",20261387,"Broad plus sharp source","Matern 0.5",0.105593618977789,0.0664281797755317,0.988697204045211,0.624021500291569,0.152839455681142,0.0567338198198829,-0.67210371384769,0.105593618977789,0
0.1,1,"mixture",20261387,"Broad plus sharp source","Matern 1.5",0.103276599526162,0.0645070591073072,0.983938132064248,0.440562776794378,0.100815362879239,0.0499027093007479,-0.709163970295185,0.105593618977789,-0.002317019451627
0.1,1,"mixture",20261387,"Broad plus sharp source","Matern 2.5",0.102595676817912,0.0640840715930847,0.972635336109459,0.401151688237802,0.0791020969660916,0.0487940417748009,-0.643936872616304,0.105593618977789,-0.002997942159877
0.1,1,"ring",20261387,"Ring-shaped source","RBF",0.224939091552718,0.146889996235556,0.623438429506246,0.298791035817013,0.249227766210589,0.128362812140289,8.35985074290486,0.216925641246028,0.00801345030668998
0.1,1,"ring",20261387,"Ring-shaped source","Matern 0.5",0.216925641246028,0.140489434277337,0.830458060678168,0.595227741077421,0.0821694675788221,0.115020538427344,0.280359831311314,0.216925641246028,0
0.1,1,"ring",20261387,"Ring-shaped source","Matern 1.5",0.221716593082713,0.143993476267163,0.759666864961333,0.401097967681727,0.14750260261749,0.121419326356291,2.32183720777258,0.216925641246028,0.00479095183668499
0.1,1,"ring",20261387,"Ring-shaped source","Matern 2.5",0.223347835338551,0.145320242940256,0.710886377156455,0.357392256156402,0.18676494646044,0.12420190306096,3.84137147645154,0.216925641246028,0.00642219409252298
0.1,1,"sine",20261387,"Sine-cosine source","RBF",0.141600732110739,0.111620406014448,0.998215348007139,0.622421196465342,0.0415961481261154,0.0771758046286873,-0.627659432580359,0.176521264127004,-0.034920532016265
0.1,1,"sine",20261387,"Sine-cosine source","Matern 0.5",0.176521264127004,0.134007262584307,1,1.41565005820841,0.167785916121356,0.114911174717808,0.00132833034885694,0.176521264127004,0
0.1,1,"sine",20261387,"Sine-cosine source","Matern 1.5",0.157151752696192,0.122463059866285,1,0.877696738576248,0.118559265318263,0.0885897499629734,-0.39621732556666,0.176521264127004,-0.019369511430812
0.1,1,"sine",20261387,"Sine-cosine source","Matern 2.5",0.1508606223246,0.11845565343942,1,0.760801582616159,0.0896330309339679,0.0832274560174211,-0.504146442168821,0.176521264127004,-0.025660641802404
0.1,1,"spike",20261387,"Hidden narrow spike","RBF",0.0542988547211945,0.0273372907636561,0.975014872099941,0.187480935791576,0.109812983343248,0.0218012674735718,-1.41437340573196,0.0539958988099383,0.000302955911256203
0.1,1,"spike",20261387,"Hidden narrow spike","Matern 0.5",0.0539958988099383,0.0243171679880714,0.991076740035693,0.310109810565636,0.178122025580012,0.0254877862880884,-1.38078738030056,0.0539958988099383,0
0.1,1,"spike",20261387,"Hidden narrow spike","Matern 1.5",0.0542847302448143,0.0271264881208316,0.989886972040452,0.248821111178144,0.155442073170732,0.0237478807008349,-1.45587797185627,0.0539958988099383,0.000288831434876
0.1,1,"spike",20261387,"Hidden narrow spike","Matern 2.5",0.0543322905320671,0.0274900825750895,0.98750743604997,0.228120852915939,0.142057183224271,0.0231371795738377,-1.46332764389011,0.0539958988099383,0.0003363917221288
0.1,10,"dipole",21161387,"Positive-negative dipole","RBF",0.0870530080957111,0.0551236051039069,0.963712076145152,0.430648822426163,0.116501710291493,0.0461984809175502,-0.92512252121294,0.0903616620440419,-0.0033086539483308
0.1,10,"dipole",21161387,"Positive-negative dipole","Matern 0.5",0.0903616620440419,0.0594566123586547,0.995240928019036,0.896440577270594,0.174924524092802,0.0665059906337883,-0.475380388604066,0.0903616620440419,0
0.1,10,"dipole",21161387,"Positive-negative dipole","Matern 1.5",0.0866633115138755,0.0584912103047213,0.983343248066627,0.640977339740638,0.153136897679952,0.0543115136042074,-0.741682176345109,0.0903616620440419,-0.0036983505301664
0.1,10,"dipole",21161387,"Positive-negative dipole","Matern 2.5",0.0861785769906171,0.0574250680270735,0.977989292088043,0.565107066041569,0.142531603212374,0.051064221912302,-0.823610666204814,0.0903616620440419,-0.00418308505342481
0.1,10,"edge",21161387,"Moving-edge source","RBF",0.296391929143332,0.239485349449919,0.597263533610946,0.519703113271087,0.333329491374182,0.189737542266933,3.48792842723735,0.287668739850314,0.00872318929301802
0.1,10,"edge",21161387,"Moving-edge source","Matern 0.5",0.287668739850314,0.234539268710007,0.900654372397383,0.970676943859291,0.0739600684116597,0.166166021248588,0.266439821379885,0.287668739850314,0
0.1,10,"edge",21161387,"Moving-edge source","Matern 1.5",0.288852661620956,0.233704691556282,0.726353361094587,0.632625572576107,0.244691775728733,0.177780330394083,1.37322653876126,0.287668739850314,0.00118392177064203
0.1,10,"edge",21161387,"Moving-edge source","Matern 2.5",0.291204028361479,0.235468428525216,0.674598453301606,0.576851332813337,0.28529260856633,0.182516810642333,2.10732000171001,0.287668739850314,0.00353528851116502
0.1,10,"mixture",21161387,"Broad plus sharp source","RBF",0.107794226518786,0.0750176713025577,0.876264128494944,0.334221826131183,0.0622854699583581,0.0559093250516724,-0.219740419607159,0.104411335847507,0.00338289067127899
0.1,10,"mixture",21161387,"Broad plus sharp source","Matern 0.5",0.104411335847507,0.0715083102009352,0.991076740035693,0.621877233422251,0.137446832242713,0.0583082224126097,-0.680001351700897,0.104411335847507,0
0.1,10,"mixture",21161387,"Broad plus sharp source","Matern 1.5",0.105258458725614,0.0730723342593539,0.955978584176086,0.426075595614846,0.047573245092207,0.0542826462968626,-0.677885800763866,0.104411335847507,0.000847122878106996
0.1,10,"mixture",21161387,"Broad plus sharp source","Matern 2.5",0.105921872824819,0.0737675710663562,0.923854848304581,0.385131460398076,0.0240493010113028,0.0544709321452202,-0.564950282190857,0.104411335847507,0.001510536977312
0.1,10,"ring",21161387,"Ring-shaped source","RBF",0.225395453968215,0.14916156387551,0.593694229625223,0.273738747041144,0.280310455086258,0.130046898734943,11.2581054807273,0.215112495773225,0.01028295819499
0.1,10,"ring",21161387,"Ring-shaped source","Matern 0.5",0.215112495773225,0.140623432518935,0.83343248066627,0.605673007865121,0.0772616745984533,0.114475097786759,0.226126732839723,0.215112495773225,0
0.1,10,"ring",21161387,"Ring-shaped source","Matern 1.5",0.221334863564239,0.145494464269573,0.729922665080309,0.383252219088394,0.170108194527067,0.122249086640865,2.69020393994561,0.215112495773225,0.00622236779101401
0.1,10,"ring",21161387,"Ring-shaped source","Matern 2.5",0.223461251593902,0.147160141506506,0.673408685306365,0.334335110548389,0.217921995835812,0.125579419066051,4.79904422199781,0.215112495773225,0.00834875582067701
0.1,10,"sine",21161387,"Sine-cosine source","RBF",0.116133666533907,0.0870500860890343,1,0.724381846738106,0.129936421772754,0.0666915943206299,-0.673045785565533,0.180062430489035,-0.063928763955128
0.1,10,"sine",21161387,"Sine-cosine source","Matern 0.5",0.180062430489035,0.133660627135461,1,1.88798032206164,0.182360574063058,0.137715012849577,0.251310796700191,0.180062430489035,0
0.1,10,"sine",21161387,"Sine-cosine source","Matern 1.5",0.144462353145695,0.10663377028914,1,1.14945073993202,0.163919170136823,0.0934434406970216,-0.218070796840434,0.180062430489035,-0.03560007734334
0.1,10,"sine",21161387,"Sine-cosine source","Matern 2.5",0.13137468049707,0.0975670346800814,1,0.963423896147352,0.158267772159429,0.0812365481526553,-0.393005901244672,0.180062430489035,-0.048687749991965
0.1,10,"spike",21161387,"Hidden narrow spike","RBF",0.0535301675160126,0.0243486334392761,0.989886972040452,0.227539805667085,0.143618753718025,0.0223333318169704,-1.47432757866671,0.0537643758423415,-0.000234208326328901
0.1,10,"spike",21161387,"Hidden narrow spike","Matern 0.5",0.0537643758423415,0.0203880999377794,0.991076740035693,0.333923965864927,0.182063132064247,0.0260120624984051,-1.34212577018083,0.0537643758423415,0
0.1,10,"spike",21161387,"Hidden narrow spike","Matern 1.5",0.0536429972559698,0.0233879100709175,0.991076740035693,0.283394676348517,0.167414113622844,0.0243491802524753,-1.42368918784318,0.0537643758423415,-0.0001213785863717
0.1,10,"spike",21161387,"Hidden narrow spike","Matern 2.5",0.0536328162740663,0.0239646614762052,0.990481856038073,0.264456079951667,0.160870389649018,0.0237053153239259,-1.44764086028429,0.0537643758423415,-0.000131559568275201
0.1,11,"dipole",21261387,"Positive-negative dipole","RBF",0.140712549190616,0.104040173875427,0.983938132064248,1.01925743468182,0.123169616299822,0.0916252326148058,-0.231565929095167,0.106672848776417,0.034039700414199
0.1,11,"dipole",21261387,"Positive-negative dipole","Matern 0.5",0.106672848776417,0.0754919235143267,0.998810232004759,1.31895949984328,0.183773423557406,0.0921305280611982,-0.114651463601992,0.106672848776417,0
0.1,11,"dipole",21261387,"Positive-negative dipole","Matern 1.5",0.123728812215072,0.0899947201480206,0.995835812016657,1.18141521941973,0.16235759964307,0.0911615251852576,-0.177763224420292,0.106672848776417,0.017055963438655
0.1,11,"dipole",21261387,"Positive-negative dipole","Matern 2.5",0.129978717339553,0.0950053244826789,0.992266508030934,1.13075850179905,0.150311198691255,0.0913489878292429,-0.196147419099309,0.106672848776417,0.023305868563136
0.1,11,"edge",21261387,"Moving-edge source","RBF",0.290274073991235,0.227568530862718,0.74360499702558,0.581100819584648,0.233165898274836,0.175094963877114,2.47020376784266,0.267790757368666,0.022483316622569
0.1,11,"edge",21261387,"Moving-edge source","Matern 0.5",0.267790757368666,0.203452207408109,0.93634741225461,1.17691315759198,0.0586418054729328,0.150403419321682,0.155530731610851,0.267790757368666,0
0.1,11,"edge",21261387,"Moving-edge source","Matern 1.5",0.27618025186199,0.214327747041184,0.839381320642475,0.773138657212578,0.107199211778703,0.157681945269649,0.640509013735828,0.267790757368666,0.00838949449332405
0.1,11,"edge",21261387,"Moving-edge source","Matern 2.5",0.280877860745942,0.219137250011995,0.806662700773349,0.695247062081084,0.15739254907793,0.163272683536183,1.08789924992634,0.267790757368666,0.013087103377276
0.1,11,"mixture",21261387,"Broad plus sharp source","RBF",0.109363428579334,0.0760367502749179,0.749553837001785,0.230467916049481,0.187136748958953,0.057640956247663,1.59182966378996,0.109033490127039,0.000329938452294995
0.1,11,"mixture",21261387,"Broad plus sharp source","Matern 0.5",0.109033490127039,0.0753694988447626,0.971445568114218,0.483543584939968,0.0853201219512195,0.0560530940373597,-0.726553040917913,0.109033490127039,0
0.1,11,"mixture",21261387,"Broad plus sharp source","Matern 1.5",0.108781902893229,0.0752715454294174,0.898274836406901,0.310180914522247,0.0617649464604402,0.0550499529918407,-0.243889244638463,0.109033490127039,-0.000251587233809997
0.1,11,"mixture",21261387,"Broad plus sharp source","Matern 2.5",0.108884056511371,0.0754212010572004,0.851279000594884,0.274163186118134,0.111883923259964,0.0558404061332045,0.247216384214069,0.109033490127039,-0.000149433615668007
0.1,11,"ring",21261387,"Ring-shaped source","RBF",0.246880286606335,0.19382967797361,0.281380130874479,0.200332218289353,0.592996356335515,0.169470802610741,27.7540931197265,0.245869068796854,0.00101121780948099
0.1,11,"ring",21261387,"Ring-shaped source","Matern 0.5",0.245869068796854,0.195009650985381,0.575252825698989,0.356886569413949,0.402187314098751,0.153592392193689,3.24465034884721,0.245869068796854,0
0.1,11,"ring",21261387,"Ring-shaped source","Matern 1.5",0.247667931325993,0.196167356568485,0.343248066627008,0.24347249311656,0.557080234979179,0.166172305012994,12.4923741702683,0.245869068796854,0.00179886252913899
0.1,11,"ring",21261387,"Ring-shaped source","Matern 2.5",0.247854573413892,0.195988785056276,0.30755502676978,0.221843396281464,0.581173036882808,0.168610419642439,17.9648974215206,0.245869068796854,0.001985504617038
0.1,11,"sine",21261387,"Sine-cosine source","RBF",0.153717912477012,0.116202080530586,1,0.718726239607695,0.0679941255205235,0.0832272126612086,-0.532471082972699,0.196364615431141,-0.042646702954129
0.1,11,"sine",21261387,"Sine-cosine source","Matern 0.5",0.196364615431141,0.152940759718313,1,1.57471695071523,0.164811496133254,0.128681848402043,0.112606032961157,0.196364615431141,0
0.1,11,"sine",21261387,"Sine-cosine source","Matern 1.5",0.175799908100033,0.13501638172633,1,1.01466101800742,0.116774613325402,0.100537741545195,-0.251923353089431,0.196364615431141,-0.020564707331108
0.1,11,"sine",21261387,"Sine-cosine source","Matern 2.5",0.168094188424872,0.127842630142463,1,0.888331748845731,0.100192221891731,0.0935721925360029,-0.360605707270148,0.196364615431141,-0.028270427006269
0.1,11,"spike",21261387,"Hidden narrow spike","RBF",0.0589206423241068,0.0178534696688433,0.747769185008923,0.0392662608326856,0.128466314693635,0.015556696005888,30.7034865025049,0.0578317125607633,0.0010889297633435
0.1,11,"spike",21261387,"Hidden narrow spike","Matern 0.5",0.0578317125607633,0.0173140575825279,0.902439024390244,0.0730589661243678,0.0726067073170732,0.0148952730027642,2.82119257579864,0.0578317125607633,0
0.1,11,"spike",21261387,"Hidden narrow spike","Matern 1.5",0.0583867714521638,0.0175467190556538,0.812611540749554,0.0502461385209493,0.0952569155264723,0.0150797157026803,12.4168215993233,0.0578317125607633,0.000555058891400506
0.1,11,"spike",21261387,"Hidden narrow spike","Matern 2.5",0.0585927392505809,0.0176537649879328,0.786436644854253,0.0453741756120124,0.101756023200476,0.0152367191877855,17.9775254085778,0.0578317125607633,0.000761026689817604
0.1,12,"dipole",21361387,"Positive-negative dipole","RBF",0.0909457653012525,0.0685742048234191,0.977394408090422,0.480344290427598,0.0831919244497323,0.0525177725268778,-0.875865523857121,0.0981897307647867,-0.00724396546353419
0.1,12,"dipole",21361387,"Positive-negative dipole","Matern 0.5",0.0981897307647867,0.0733367525532166,0.998810232004759,1.00444970066779,0.177973304580607,0.0745574705655129,-0.365303791553467,0.0981897307647867,0
0.1,12,"dipole",21361387,"Positive-negative dipole","Matern 1.5",0.0972451945402853,0.0746233969266005,0.992266508030934,0.712291644118113,0.142875148720999,0.0623152148100903,-0.632381820868979,0.0981897307647867,-0.000944536224501399
0.1,12,"dipole",21361387,"Positive-negative dipole","Matern 2.5",0.0954421472742294,0.0733391642817238,0.988102320047591,0.626705951406628,0.12398758179655,0.0587302635923229,-0.722135375095787,0.0981897307647867,-0.0027475834905573
0.1,12,"edge",21361387,"Moving-edge source","RBF",0.291240296859961,0.23406678163553,0.527662105889352,0.392019508780973,0.400774464604402,0.193643134512206,8.52173735677699,0.272119931907952,0.019120364952009
0.1,12,"edge",21361387,"Moving-edge source","Matern 0.5",0.272119931907952,0.211806848019979,0.91017251635931,1.06170914796904,0.0242723825104105,0.154612094858462,0.180869587697264,0.272119931907952,0
0.1,12,"edge",21361387,"Moving-edge source","Matern 1.5",0.282881316805604,0.223795866106534,0.671624033313504,0.546108699398232,0.273246207614515,0.175995773864049,2.37529343338637,0.272119931907952,0.010761384897652
0.1,12,"edge",21361387,"Moving-edge source","Matern 2.5",0.288105071466368,0.230181833580292,0.597263533610946,0.446424646899793,0.352514500297442,0.186916929496853,5.24044153359183,0.272119931907952,0.015985139558416
0.1,12,"mixture",21361387,"Broad plus sharp source","RBF",0.0891265040203406,0.0575290619738922,0.98691255205235,0.421120040541661,0.109812983343248,0.0443057298528885,-0.811267044009337,0.0898877095700735,-0.000761205549732899
0.1,12,"mixture",21361387,"Broad plus sharp source","Matern 0.5",0.0898877095700735,0.0610984346747278,0.992266508030934,0.760062120817035,0.18503755205235,0.0584399180932525,-0.606773400903609,0.0898877095700735,0
0.1,12,"mixture",21361387,"Broad plus sharp source","Matern 1.5",0.0884022694462115,0.0586763098859175,0.989292088042832,0.536629703288453,0.159011377156454,0.0481194054802016,-0.817884758321184,0.0898877095700735,-0.00148544012386199
0.1,12,"mixture",21361387,"Broad plus sharp source","Matern 2.5",0.0883008689199257,0.0580332625534956,0.988697204045211,0.48794784659021,0.145208581201666,0.0461978786297982,-0.84156101997462,0.0898877095700735,-0.0015868406501478
0.1,12,"ring",21361387,"Ring-shaped source","RBF",0.231124091717458,0.164841285899415,0.462224866151101,0.229647797788604,0.426428837001785,0.144218658042,17.8153258372523,0.226091558870426,0.00503253284703201
0.1,12,"ring",21361387,"Ring-shaped source","Matern 0.5",0.226091558870426,0.160440346293107,0.803688280785247,0.500178528935435,0.144751264128495,0.125654105243144,0.794446806432026,0.226091558870426,0
0.1,12,"ring",21361387,"Ring-shaped source","Matern 1.5",0.229779185539494,0.163854430907847,0.581201665675193,0.316149722108924,0.324331870910173,0.136887291500605,5.11270682358524,0.226091558870426,0.00368762666906799
0.1,12,"ring",21361387,"Ring-shaped source","Matern 2.5",0.230783450312942,0.164803681758212,0.529446757882213,0.276932142985327,0.374079045211184,0.14041269701638,8.479911066495,0.226091558870426,0.004691891442516
0.1,12,"sine",21361387,"Sine-cosine source","RBF",0.222796151284609,0.162043467785296,0.928613920285544,0.795788916283981,0.026816998810232,0.117285838105191,-0.222967360207925,0.259241741108618,-0.036445589824009
0.1,12,"sine",21361387,"Sine-cosine source","Matern 0.5",0.259241741108618,0.198714335181013,1,1.81484493667926,0.143321311719215,0.160477284433881,0.293390692417616,0.259241741108618,0
0.1,12,"sine",21361387,"Sine-cosine source","Matern 1.5",0.239606116851614,0.181036891438854,0.986317668054729,1.14995932079543,0.0775122694824509,0.132317324976857,-0.0255249420390857,0.259241741108618,-0.019635624257004
0.1,12,"sine",21361387,"Sine-cosine source","Matern 2.5",0.232479199018588,0.173825173721077,0.964901844140393,0.997833727198471,0.0536425490779298,0.125756929412853,-0.109803602178972,0.259241741108618,-0.02676254209003
0.1,12,"spike",21361387,"Hidden narrow spike","RBF",0.0574813714941631,0.0224900569989844,0.989886972040452,0.418733504274311,0.174850163593099,0.0317901669511087,-1.16600349397013,0.0579854646575835,-0.000504093163420399
0.1,12,"spike",21361387,"Hidden narrow spike","Matern 0.5",0.0579854646575835,0.0140685482692252,0.991076740035693,0.432389329014367,0.184145226055919,0.0311000587220069,-1.14684137335875,0.0579854646575835,0
0.1,12,"spike",21361387,"Hidden narrow spike","Matern 1.5",0.0578862467858885,0.0162895293016962,0.990481856038073,0.43037829704288,0.181914411064842,0.0313401161015526,-1.14933049303705,0.0579854646575835,-9.92178716949996e-05
0.1,12,"spike",21361387,"Hidden narrow spike","Matern 2.5",0.0577117562906965,0.0177674622409259,0.990481856038073,0.427788464276954,0.180352840571089,0.0314211236277134,-1.15371600941033,0.0579854646575835,-0.000273708366887004
0.1,13,"dipole",21461387,"Positive-negative dipole","RBF",0.106787984783367,0.080109887148806,0.992861392028554,0.780368243243212,0.135290377751338,0.0686637223918967,-0.534990076460245,0.103955965392841,0.00283201939052601
0.1,13,"dipole",21461387,"Positive-negative dipole","Matern 0.5",0.103955965392841,0.071675393246265,1,1.23372824640175,0.18154260856633,0.0869000893536622,-0.180393988989809,0.103955965392841,0
0.1,13,"dipole",21461387,"Positive-negative dipole","Matern 1.5",0.105721168902872,0.0776837718638289,1,0.993189232228931,0.165108938132064,0.0766267244045011,-0.359140504300131,0.103955965392841,0.00176520351003101
0.1,13,"dipole",21461387,"Positive-negative dipole","Matern 2.5",0.106272287191754,0.0788271694893848,0.99940511600238,0.914797137961762,0.15655748066627,0.0735671698303074,-0.422165845142581,0.103955965392841,0.002316321798913
0.1,13,"edge",21461387,"Moving-edge source","RBF",0.277510633175646,0.218354213071156,0.508030933967876,0.340731983988439,0.393264054134444,0.185792175087211,12.1274456490793,0.24177849899222,0.035732134183426
0.1,13,"edge",21461387,"Moving-edge source","Matern 0.5",0.24177849899222,0.18531450724198,0.919690660321237,1.01692449619106,0.0395162849494349,0.138463646492641,0.0858404135549821,0.24177849899222,0
0.1,13,"edge",21461387,"Moving-edge source","Matern 1.5",0.2670526145888,0.204031507766689,0.631766805472933,0.523054348995626,0.260679283164783,0.166740894303183,2.61618410577704,0.24177849899222,0.02527411559658
0.1,13,"edge",21461387,"Moving-edge source","Matern 2.5",0.273408442548486,0.211773810921849,0.569303985722784,0.429601088945211,0.324406231409875,0.176891284571221,5.74690595453293,0.24177849899222,0.031629943556266
0.1,13,"mixture",21461387,"Broad plus sharp source","RBF",0.116845260965209,0.0868176889951693,0.853658536585366,0.321123192956315,0.113371133254015,0.0629926242838662,-0.0511946180765025,0.11766047211389,-0.000815211148680994
0.1,13,"mixture",21461387,"Broad plus sharp source","Matern 0.5",0.11766047211389,0.0902297689143885,0.992266508030934,0.611507763554155,0.0981101279000595,0.0653952482180436,-0.642542458240002,0.11766047211389,0
0.1,13,"mixture",21461387,"Broad plus sharp source","Matern 1.5",0.116759003976616,0.0880727980496901,0.944675788221297,0.411942940831265,0.0126126561570494,0.0622973158963337,-0.592951457597049,0.11766047211389,-0.000901468137274
0.1,13,"mixture",21461387,"Broad plus sharp source","Matern 2.5",0.116677228003525,0.0874732755318708,0.907792980368828,0.371301146685924,0.0503877900059488,0.0623706334850331,-0.452822571955678,0.11766047211389,-0.000983244110365003
0.1,13,"ring",21461387,"Ring-shaped source","RBF",0.233195578193056,0.161345203662983,0.604997025580012,0.299917013417443,0.296223602022606,0.137550442862146,8.72052812081625,0.228304090337026,0.00489148785603
0.1,13,"ring",21461387,"Ring-shaped source","Matern 0.5",0.228304090337026,0.165784487680366,0.916716240333135,0.819644603640828,0.0385198542534206,0.125415961212279,0.020253046937571,0.228304090337026,0
0.1,13,"ring",21461387,"Ring-shaped source","Matern 1.5",0.229516635064208,0.163991300113428,0.764425936942296,0.524265173285019,0.145271787626413,0.129292094512091,0.870582752740205,0.228304090337026,0.00121254472718199
0.1,13,"ring",21461387,"Ring-shaped source","Matern 2.5",0.230767517836311,0.163389703623186,0.726948245092207,0.446970148234632,0.190482971445568,0.131841527958926,1.7932904128826,0.228304090337026,0.00246342749928499
0.1,13,"sine",21461387,"Sine-cosine source","RBF",0.229548218558343,0.180428179288555,0.913741820345033,0.780231431889593,0.0510287775133849,0.126451506381511,-0.124996377978241,0.26296550107827,-0.033417282519927
0.1,13,"sine",21461387,"Sine-cosine source","Matern 0.5",0.26296550107827,0.20453186532017,1,1.67490348814338,0.127556885782272,0.157586699596645,0.243662888281805,0.26296550107827,0
0.1,13,"sine",21461387,"Sine-cosine source","Matern 1.5",0.245621944419087,0.191720465965276,0.989292088042832,1.09242757501374,0.0484373140987507,0.136174706558558,-0.0183842888463652,0.26296550107827,-0.017343556659183
0.1,13,"sine",21461387,"Sine-cosine source","Matern 2.5",0.23901117455083,0.186879696767924,0.96192742415229,0.959377734930793,0.0157930547293278,0.131530115323333,-0.0763253648717067,0.26296550107827,-0.02395432652744
0.1,13,"spike",21461387,"Hidden narrow spike","RBF",0.058540666958485,0.0155425245739103,0.991076740035693,0.518301395010891,0.183624702558001,0.0363116415621727,-1.00478393690609,0.057091592814404,0.001449074144081
0.1,13,"spike",21461387,"Hidden narrow spike","Matern 0.5",0.057091592814404,0.0143122832135866,0.992266508030934,0.510268677995046,0.186227320047591,0.0353318870195615,-1.02357373037161,0.057091592814404,0
0.1,13,"spike",21461387,"Hidden narrow spike","Matern 1.5",0.055742380042138,0.0195020380932457,0.991671624033314,0.495104853695701,0.184814470553242,0.0349087195471817,-1.0514105529813,0.057091592814404,-0.001349212772266
0.1,13,"spike",21461387,"Hidden narrow spike","Matern 2.5",0.0557150971810734,0.0209957539931569,0.991671624033314,0.493096820613797,0.183401621058894,0.0350303794473742,-1.05437774130647,0.057091592814404,-0.0013764956333306
0.1,14,"dipole",21561387,"Positive-negative dipole","RBF",0.101230549686395,0.0600667491174887,0.912552052349792,0.320892693150329,0.0652450178465199,0.0489723215786695,-0.544101967371653,0.0981101996872225,0.0031203499991725
0.1,14,"dipole",21561387,"Positive-negative dipole","Matern 0.5",0.0981101996872225,0.0610863323798837,0.973230220107079,0.630141715778458,0.145877825698989,0.056793298052449,-0.70835476158537,0.0981101996872225,0
0.1,14,"dipole",21561387,"Positive-negative dipole","Matern 1.5",0.0977912787577904,0.0607101965172561,0.957168352171327,0.444152484970586,0.107875892325996,0.0505792420068892,-0.824539256298569,0.0981101996872225,-0.000318920929432101
0.1,14,"dipole",21561387,"Positive-negative dipole","Matern 2.5",0.0985912925551563,0.0604148257232971,0.946460440214158,0.395921497905343,0.0889065288518739,0.0495545013293971,-0.795429474913463,0.0981101996872225,0.000481092867933811
0.1,14,"edge",21561387,"Moving-edge source","RBF",0.324897623772218,0.260836571589605,0.681142177275431,0.637142226058868,0.284623364069007,0.201065284340498,1.84834832612577,0.313391222703975,0.011506401068243
0.1,14,"edge",21561387,"Moving-edge source","Matern 0.5",0.313391222703975,0.258536476213934,0.896490184414039,1.01908834908481,0.0784216983938132,0.18070236878727,0.322139174695255,0.313391222703975,0
0.1,14,"edge",21561387,"Moving-edge source","Matern 1.5",0.313234290194854,0.253774680515133,0.762046400951814,0.716339505930748,0.223573393813206,0.189650025294195,0.980618571053256,0.313391222703975,-0.000156932509121022
0.1,14,"edge",21561387,"Moving-edge source","Matern 2.5",0.31544569266965,0.254524596673834,0.724568709101725,0.667096109536226,0.254953524687686,0.193449104162457,1.34754076401807,0.313391222703975,0.00205446996567499
0.1,14,"mixture",21561387,"Broad plus sharp source","RBF",0.0998299582696447,0.070318023679519,0.988697204045211,0.456728256107739,0.0788046549672814,0.0519424710710933,-0.786342841638679,0.114581098205039,-0.0147511399353943
0.1,14,"mixture",21561387,"Broad plus sharp source","Matern 0.5",0.114581098205039,0.0845030507656772,0.993456276026175,0.910002215713934,0.171875743604997,0.0737856658073311,-0.41682086731477,0.114581098205039,0
0.1,14,"mixture",21561387,"Broad plus sharp source","Matern 1.5",0.1069817336908,0.0774880359529398,0.991671624033314,0.625197458135871,0.133803167757287,0.0600502932288634,-0.675558523659195,0.114581098205039,-0.00759936451423901
0.1,14,"mixture",21561387,"Broad plus sharp source","Matern 2.5",0.104156648261741,0.0747176839068432,0.989886972040452,0.558268079090826,0.117666939321832,0.0566967991577334,-0.734117126823949,0.114581098205039,-0.010424449943298
0.1,14,"ring",21561387,"Ring-shaped source","RBF",0.237065763068106,0.177581766407642,0.387864366448543,0.205254583228618,0.497889277215943,0.155442511151774,23.532743200214,0.22944354308715,0.007622219980956
0.1,14,"ring",21561387,"Ring-shaped source","Matern 0.5",0.22944354308715,0.168904000213748,0.773944080904224,0.533336913512457,0.145866671624033,0.129342252358561,0.611481131481438,0.22944354308715,0
0.1,14,"ring",21561387,"Ring-shaped source","Matern 1.5",0.233604565586465,0.173060243666921,0.569303985722784,0.32233020323707,0.339203970850684,0.142682213860227,4.65107104158552,0.22944354308715,0.00416102249931499
0.1,14,"ring",21561387,"Ring-shaped source","Matern 2.5",0.235485660449247,0.175096100455391,0.490779298036883,0.27010776217332,0.405236094586556,0.148100908472243,8.73698113089475,0.22944354308715,0.00604211736209698
0.1,14,"sine",21561387,"Sine-cosine source","RBF",0.222491483189755,0.176659701597664,0.878643664485425,0.640909199501569,0.109653108268888,0.122655935720026,-0.153206531008991,0.267075817462341,-0.044584334272586
0.1,14,"sine",21561387,"Sine-cosine source","Matern 0.5",0.267075817462341,0.217464757768834,1,1.52676174282605,0.111420657346817,0.155398553900428,0.188772813540466,0.267075817462341,0
0.1,14,"sine",21561387,"Sine-cosine source","Matern 1.5",0.245933630771803,0.197462523121847,0.964306960142772,0.938200191022135,0.0253558149910767,0.134894783870783,-0.0770088357271149,0.267075817462341,-0.021142186690538
0.1,14,"sine",21561387,"Sine-cosine source","Matern 2.5",0.237652269576376,0.189688883452284,0.940511600237954,0.808484975890416,0.0431502825698989,0.130053860339647,-0.129222533431704,0.267075817462341,-0.029423547885965
0.1,14,"spike",21561387,"Hidden narrow spike","RBF",0.0537056388826633,0.0200867656214633,0.893515764425937,0.0876255775348595,0.0790760707911957,0.016788811264924,0.98692913414726,0.0526837644582317,0.0010218744244316
0.1,14,"spike",21561387,"Hidden narrow spike","Matern 0.5",0.0526837644582317,0.0199528832504578,0.976799524092802,0.163397432940333,0.132939098750744,0.0182964704025155,-1.40025883889277,0.0526837644582317,0
0.1,14,"spike",21561387,"Hidden narrow spike","Matern 1.5",0.0528627615683383,0.0202186929586235,0.930398572278406,0.119425890370049,0.101696534800714,0.0172356533531073,-0.817434242615647,0.0526837644582317,0.000178997110106605
0.1,14,"spike",21561387,"Hidden narrow spike","Matern 2.5",0.0530549290745721,0.0201804907180076,0.917906008328376,0.107599030918551,0.0950040898274836,0.0170143622532611,-0.413210014610919,0.0526837644582317,0.000371164616340403
0.1,15,"dipole",21661387,"Positive-negative dipole","RBF",0.161677440735867,0.120632224037697,0.9738251041047,1.06425692815337,0.108446237358715,0.101486160171743,-0.149759122693781,0.123710791993032,0.037966648742835
0.1,15,"dipole",21661387,"Positive-negative dipole","Matern 0.5",0.123710791993032,0.0893594085636278,1,1.38113010044198,0.178865630577037,0.0995251744539029,-0.0584101794746158,0.123710791993032,0
0.1,15,"dipole",21661387,"Positive-negative dipole","Matern 1.5",0.143437478442359,0.105884765491817,0.995240928019036,1.23423896088656,0.153583060678168,0.0997789303618546,-0.112720247176413,0.123710791993032,0.019726686449327
0.1,15,"dipole",21661387,"Positive-negative dipole","Matern 2.5",0.150275999478746,0.111270330880817,0.991671624033314,1.18015645827742,0.14086741522903,0.100382211257479,-0.126592428606813,0.123710791993032,0.026565207485714
0.1,15,"edge",21661387,"Moving-edge source","RBF",0.285472871469251,0.224149886232484,0.642474717430101,0.508879103854789,0.295703078524688,0.180458701713586,4.37288713653912,0.275920317927629,0.00955255354162199
0.1,15,"edge",21661387,"Moving-edge source","Matern 0.5",0.275920317927629,0.21137195802569,0.895300416418798,1.04813756127048,0.0433532867340869,0.156447311415107,0.215141408398458,0.275920317927629,0
0.1,15,"edge",21661387,"Moving-edge source","Matern 1.5",0.279933694939659,0.217640873122594,0.714455681142177,0.634219557728623,0.201339604402142,0.16907363049725,1.59130764983335,0.275920317927629,0.00401337701202997
0.1,15,"edge",21661387,"Moving-edge source","Matern 2.5",0.282248166614286,0.220525047478472,0.671029149315883,0.566786408001429,0.252127825698989,0.174514581815932,2.68136106276915,0.275920317927629,0.00632784868665698
0.1,15,"mixture",21661387,"Broad plus sharp source","RBF",0.114240336119318,0.0844398105891983,0.947055324211779,0.397494845544084,0.0272319303985723,0.0599370039866277,-0.583167042824403,0.124796421852309,-0.010556085732991
0.1,15,"mixture",21661387,"Broad plus sharp source","Matern 0.5",0.124796421852309,0.0961781737501225,0.993456276026175,0.735681256942289,0.12398758179655,0.0720336441886181,-0.527285234449417,0.124796421852309,0
0.1,15,"mixture",21661387,"Broad plus sharp source","Matern 1.5",0.120261855049028,0.091551707731138,0.982153480071386,0.519108172435091,0.0486603955978584,0.0649276607164266,-0.651980674204319,0.124796421852309,-0.004534566803281
0.1,15,"mixture",21661387,"Broad plus sharp source","Matern 2.5",0.118434514812693,0.0894836770062317,0.967876264128495,0.470753385522432,0.0244932331945271,0.0632560257522743,-0.649591786439813,0.124796421852309,-0.006361907039616
0.1,15,"ring",21661387,"Ring-shaped source","RBF",0.234188867972038,0.163820196258985,0.499107674003569,0.23923673594288,0.3948999851279,0.142530246197312,16.0217893064695,0.236646023070362,-0.002457155098324
0.1,15,"ring",21661387,"Ring-shaped source","Matern 0.5",0.236646023070362,0.167756312924994,0.751338488994646,0.418128419275343,0.209519259369423,0.133100710487589,1.81117158185834,0.236646023070362,0
0.1,15,"ring",21661387,"Ring-shaped source","Matern 1.5",0.235636845707417,0.165649659398006,0.575847709696609,0.29592466533083,0.341211704342653,0.139502465221737,6.58293771749913,0.236646023070362,-0.00100917736294501
0.1,15,"ring",21661387,"Ring-shaped source","Matern 2.5",0.235210595465593,0.164984918057045,0.53837001784652,0.270429840057983,0.367832763236169,0.141029893977451,9.42160433304465,0.236646023070362,-0.001435427604769
0.1,15,"sine",21661387,"Sine-cosine source","RBF",0.140132238438948,0.102844565159663,1,0.626426290340633,0.0737198839976205,0.073352902279241,-0.696689550440377,0.193143943204767,-0.053011704765819
0.1,15,"sine",21661387,"Sine-cosine source","Matern 0.5",0.193143943204767,0.144623600341537,1,1.45598099904279,0.15916009815586,0.121969363877016,0.0426717825830207,0.193143943204767,0
0.1,15,"sine",21661387,"Sine-cosine source","Matern 1.5",0.165851161388871,0.12278055438868,1,0.90503513625188,0.11528740333135,0.0917658877341058,-0.365578555351594,0.193143943204767,-0.027292781815896
0.1,15,"sine",21661387,"Sine-cosine source","Matern 2.5",0.155971603472945,0.115146339421949,1,0.782885527420722,0.0994486168947055,0.0841115301034352,-0.493435086952301,0.193143943204767,-0.037172339731822
0.1,15,"spike",21661387,"Hidden narrow spike","RBF",0.0528220995104796,0.0259037043368892,0.972635336109459,0.178825770284371,0.107953970850684,0.0210565025567276,-1.43053640918689,0.0528460071768777,-2.39076663981e-05
0.1,15,"spike",21661387,"Hidden narrow spike","Matern 0.5",0.0528460071768777,0.0230010054827313,0.991076740035693,0.299234801082155,0.175816850089233,0.024686468464417,-1.4100485892259,0.0528460071768777,0
0.1,15,"spike",21661387,"Hidden narrow spike","Matern 1.5",0.0529255251691304,0.0256930911111296,0.985722784057109,0.238074931909284,0.14986503569304,0.0229410616520183,-1.48517109427017,0.0528460071768777,7.95179922526978e-05
0.1,15,"spike",21661387,"Hidden narrow spike","Matern 2.5",0.0529255775161093,0.0260343574430863,0.982153480071386,0.217423482821111,0.136331424747174,0.022327171356664,-1.48982303123589,0.0528460071768777,7.95703392316022e-05
0.1,16,"dipole",21761387,"Positive-negative dipole","RBF",0.0939321539054313,0.073388414989186,0.98691255205235,0.538429828785568,0.0934997769185009,0.0559533019617102,-0.806701215232613,0.099539281362228,-0.0056071274567967
0.1,16,"dipole",21761387,"Positive-negative dipole","Matern 0.5",0.099539281362228,0.0744821976690692,0.99940511600238,1.07078181051172,0.179088712076145,0.0783095868976587,-0.306120911996113,0.099539281362228,0
0.1,16,"dipole",21761387,"Positive-negative dipole","Matern 1.5",0.104181610086167,0.0811117622242933,0.995240928019036,0.818730158770851,0.145403405710886,0.0695742625846737,-0.50366292139682,0.099539281362228,0.00464232872393899
0.1,16,"dipole",21761387,"Positive-negative dipole","Matern 2.5",0.102172245731782,0.0800365791047508,0.991671624033314,0.719974442795412,0.12748252528257,0.0652844801224176,-0.598393044848372,0.099539281362228,0.002632964369554
0.1,16,"edge",21761387,"Moving-edge source","RBF",0.326464575032712,0.251793353832297,0.800713860797145,0.764993763559784,0.166910693039857,0.187718377435842,1.15724055041778,0.315723736778761,0.010740838253951
0.1,16,"edge",21761387,"Moving-edge source","Matern 0.5",0.315723736778761,0.249953978970726,0.947650208209399,1.26045480190581,0.0164199137418203,0.176674390164012,0.279150578249453,0.315723736778761,0
0.1,16,"edge",21761387,"Moving-edge source","Matern 1.5",0.315969803426009,0.244880112119795,0.876264128494944,0.897090759523821,0.0996888013087448,0.178406898635549,0.541523964775583,0.315723736778761,0.000246066647248022
0.1,16,"edge",21761387,"Moving-edge source","Matern 2.5",0.317914637677246,0.245453898667001,0.854253420582986,0.830272575849582,0.126235499702558,0.180789728568405,0.740220489364594,0.315723736778761,0.002190900898485
0.1,16,"mixture",21761387,"Broad plus sharp source","RBF",0.143634765509529,0.100592122978034,0.759666864961333,0.312318445744366,0.173231335514575,0.0765694871036845,0.30961817292357,0.150715346470151,-0.007080580960622
0.1,16,"mixture",21761387,"Broad plus sharp source","Matern 0.5",0.150715346470151,0.116032561761285,0.992861392028554,0.783498660572905,0.0860637269482451,0.085207893669502,-0.413368532695098,0.150715346470151,0
0.1,16,"mixture",21761387,"Broad plus sharp source","Matern 1.5",0.142971966221014,0.105732622198625,0.945270672218917,0.496499817068573,0.0203216091612136,0.076751786689073,-0.500294138681736,0.150715346470151,-0.00774338024913701
0.1,16,"mixture",21761387,"Broad plus sharp source","Matern 2.5",0.140697368752571,0.101595161134422,0.877453896490184,0.423439263230453,0.0634752379535991,0.0749664119242659,-0.406570194705055,0.150715346470151,-0.01001797771758
0.1,16,"ring",21761387,"Ring-shaped source","RBF",0.235786210676096,0.173620137726519,0.437239738251041,0.226924878159721,0.463906528851874,0.149382237801337,18.7062267227825,0.23838978897285,-0.00260357829675398
0.1,16,"ring",21761387,"Ring-shaped source","Matern 0.5",0.23838978897285,0.177602584750292,0.746579417013682,0.408535122498376,0.255250966686496,0.13819221414197,1.9941923893777,0.23838978897285,0
0.1,16,"ring",21761387,"Ring-shaped source","Matern 1.5",0.237514507596574,0.176277548586639,0.522308149910767,0.2841749223891,0.405607897085068,0.146227587225913,7.53717337664145,0.23838978897285,-0.000875281376275988
0.1,16,"ring",21761387,"Ring-shaped source","Matern 2.5",0.237062938234495,0.175605983643267,0.478286734086853,0.258500715291869,0.434757212968471,0.147991357502307,10.9037965502128,0.23838978897285,-0.00132685073835498
0.1,16,"sine",21761387,"Sine-cosine source","RBF",0.186411436404464,0.150538911280672,0.940511600237954,0.727184741687719,0.0210153926234384,0.104999228411172,-0.280485247143802,0.218049734598347,-0.031638298193883
0.1,16,"sine",21761387,"Sine-cosine source","Matern 0.5",0.218049734598347,0.174316999604289,1,1.72172743023512,0.157375446162998,0.143473712382467,0.215752583493006,0.218049734598347,0
0.1,16,"sine",21761387,"Sine-cosine source","Matern 1.5",0.201278967558169,0.163744788424192,0.993456276026175,1.10514227879429,0.089781751933373,0.11775804833656,-0.100324881427275,0.218049734598347,-0.016770767040178
0.1,16,"sine",21761387,"Sine-cosine source","Matern 2.5",0.195805532748715,0.160011857231097,0.981558596073766,0.959357994390464,0.0592195865556217,0.112548770458733,-0.177683872300809,0.218049734598347,-0.022244201849632
0.1,16,"spike",21761387,"Hidden narrow spike","RBF",0.0537040095636519,0.0219109657496315,0.992266508030934,0.434562711280974,0.18213749256395,0.0318275432137209,-1.16234346297243,0.0569754563833236,-0.0032714468196717
0.1,16,"spike",21761387,"Hidden narrow spike","Matern 0.5",0.0569754563833236,0.0124280405489004,0.992266508030934,0.466260227351019,0.186301680547293,0.0326554445814045,-1.09595933956773,0.0569754563833236,0
0.1,16,"spike",21761387,"Hidden narrow spike","Matern 1.5",0.057165463873253,0.0133009813422117,0.992266508030934,0.472033770456574,0.185855517549078,0.0331355358955275,-1.0859392207042,0.0569754563833236,0.000190007489929395
0.1,16,"spike",21761387,"Hidden narrow spike","Matern 2.5",0.05609047758525,0.0152003863122596,0.992266508030934,0.466708805292478,0.185558075550268,0.0328986378458449,-1.0989097659903,0.0569754563833236,-0.000884978798073602
0.1,17,"dipole",21861387,"Positive-negative dipole","RBF",0.093208940939212,0.0676015181395725,0.982153480071386,0.572220142570484,0.117815660321237,0.0554654528434668,-0.784766999051596,0.0971045686576037,-0.00389562771839169
0.1,17,"dipole",21861387,"Positive-negative dipole","Matern 0.5",0.0971045686576037,0.0692842953061476,1,1.12272951596284,0.181765690065437,0.0797575059080095,-0.271773477106899,0.0971045686576037,0
0.1,17,"dipole",21861387,"Positive-negative dipole","Matern 1.5",0.0962778998720506,0.0713181302976734,1,0.833356454815504,0.161837076145152,0.0665023153932881,-0.521580450753367,0.0971045686576037,-0.000826668785553097
0.1,17,"dipole",21861387,"Positive-negative dipole","Matern 2.5",0.0954572633589528,0.0706189423579683,0.996430696014277,0.742940883050195,0.150534280190363,0.0625858124902642,-0.610129073613358,0.0971045686576037,-0.0016473052986509
0.1,17,"edge",21861387,"Moving-edge source","RBF",0.278780262846034,0.216530838911079,0.494943486020226,0.34299234285087,0.38210997917906,0.186983484942297,12.3531604444321,0.263788284541564,0.01499197830447
0.1,17,"edge",21861387,"Moving-edge source","Matern 0.5",0.263788284541564,0.20955288747485,0.864961332540155,0.882117697989289,0.0575263979773944,0.152149440407288,0.240478370443658,0.263788284541564,0
0.1,17,"edge",21861387,"Moving-edge source","Matern 1.5",0.27289615401827,0.209925827079125,0.585365853658537,0.482441324475104,0.295033834027365,0.173587046493847,3.44889552234979,0.263788284541564,0.009107869476706
0.1,17,"edge",21861387,"Moving-edge source","Matern 2.5",0.276252255984231,0.212447454527095,0.528256989886972,0.401367170293914,0.346045136823319,0.181226458339645,7.1067670876677,0.263788284541564,0.012463971442667
0.1,17,"mixture",21861387,"Broad plus sharp source","RBF",0.110335456246631,0.0759493881842759,0.942296252230815,0.389172350147994,0.0175204491374182,0.0557133672273162,-0.431307835938308,0.10990411842797,0.000431337818661004
0.1,17,"mixture",21861387,"Broad plus sharp source","Matern 0.5",0.10990411842797,0.072346413626256,0.989292088042832,0.717684110266282,0.154177944675788,0.0632870027974569,-0.577811509312265,0.10990411842797,0
0.1,17,"mixture",21861387,"Broad plus sharp source","Matern 1.5",0.109111792945057,0.0731296739263412,0.969660916121356,0.500091863988131,0.0909254164187983,0.0563233481179976,-0.669547325812396,0.10990411842797,-0.000792325482912998
0.1,17,"mixture",21861387,"Broad plus sharp source","Matern 2.5",0.109125101661579,0.0737473870034742,0.959547888161808,0.45237532117376,0.0636313950029744,0.0555132962441606,-0.625911412058433,0.10990411842797,-0.000779016766391
0.1,17,"ring",21861387,"Ring-shaped source","RBF",0.22667608581551,0.152787415545216,0.568709101725164,0.252880002648657,0.322621579417014,0.132081817230989,13.2665656350594,0.223383503773045,0.00329258204246499
0.1,17,"ring",21861387,"Ring-shaped source","Matern 0.5",0.223383503773045,0.152017167621108,0.824509220701963,0.536772670422965,0.0740344289113623,0.119082362457256,0.548723405323119,0.223383503773045,0
0.1,17,"ring",21861387,"Ring-shaped source","Matern 1.5",0.225532960329701,0.152609391553955,0.707911957168352,0.34875077420157,0.208032049375372,0.125850991503138,3.62182514916778,0.223383503773045,0.00214945655665599
0.1,17,"ring",21861387,"Ring-shaped source","Matern 2.5",0.2262441635055,0.152805460462447,0.647233789411065,0.306965327960934,0.257258700178465,0.128431521986628,6.01078339343151,0.223383503773045,0.002860659732455
0.1,17,"sine",21861387,"Sine-cosine source","RBF",0.172038433430579,0.126586896231044,0.954193932183224,0.696595156221008,0.0471694675788221,0.0896950457054471,-0.485588115786092,0.203949937938642,-0.031911504508063
0.1,17,"sine",21861387,"Sine-cosine source","Matern 0.5",0.203949937938642,0.15501930429913,1,1.49262269175981,0.159978063652588,0.127283277226704,0.0777487695018699,0.203949937938642,0
0.1,17,"sine",21861387,"Sine-cosine source","Matern 1.5",0.185868939644017,0.140660578174961,0.981558596073766,0.954230621413284,0.107330829863177,0.102026493247789,-0.270097459798101,0.203949937938642,-0.018080998294625
0.1,17,"sine",21861387,"Sine-cosine source","Matern 2.5",0.179764829499225,0.1350064298937,0.969660916121356,0.837549775296731,0.0858406454491374,0.0963922569279763,-0.363653318467254,0.203949937938642,-0.024185108439417
0.1,17,"spike",21861387,"Hidden narrow spike","RBF",0.0572806987487564,0.0206440279272224,0.845330160618679,0.0615314463070316,0.0709112879238548,0.0167491365952505,7.60563844593134,0.0556452194157606,0.0016354793329958
0.1,17,"spike",21861387,"Hidden narrow spike","Matern 0.5",0.0556452194157606,0.019663309369339,0.969066032123736,0.128072603199374,0.116133625817965,0.0169426452920838,-0.883295327786256,0.0556452194157606,0
0.1,17,"spike",21861387,"Hidden narrow spike","Matern 1.5",0.056192299301013,0.0200341935870869,0.91076740035693,0.0876374567770599,0.0714912998215348,0.0163383300178188,1.1498219896269,0.0556452194157606,0.000547079885252398
0.1,17,"spike",21861387,"Hidden narrow spike","Matern 2.5",0.0564926726725496,0.0201762098066936,0.891136228435455,0.0775095213665477,0.0587756543723974,0.0163616743670685,2.56873264877039,0.0556452194157606,0.000847453256788998
0.1,18,"dipole",21961387,"Positive-negative dipole","RBF",0.0963435866478368,0.0672292263882707,0.970850684116597,0.481597235657516,0.0988076293872695,0.0528098322176361,-0.835316465578422,0.0999932462365723,-0.00364965958873549
0.1,18,"dipole",21961387,"Positive-negative dipole","Matern 0.5",0.0999932462365723,0.0688827548107465,0.992266508030934,0.90840934778187,0.171355220107079,0.0698346399326411,-0.446051673779128,0.0999932462365723,0
0.1,18,"dipole",21961387,"Positive-negative dipole","Matern 1.5",0.097740966915647,0.0697462563608265,0.98750743604997,0.671940239496459,0.144511079714456,0.0596972040672417,-0.670487356606753,0.0999932462365723,-0.0022522793209253
0.1,18,"dipole",21961387,"Positive-negative dipole","Matern 2.5",0.097149980905935,0.0691736270731819,0.984533016061868,0.601978760286468,0.128328747769185,0.0570162255155981,-0.737972740452909,0.0999932462365723,-0.00284326533063729
0.1,18,"edge",21961387,"Moving-edge source","RBF",0.302829779690121,0.240345776017898,0.670434265318263,0.619719744691508,0.256440734681737,0.187437754687511,2.1828427170333,0.292640083795991,0.01018969589413
0.1,18,"edge",21961387,"Moving-edge source","Matern 0.5",0.292640083795991,0.230728476413943,0.967876264128495,1.32321201681849,0.0377294021415824,0.166395331791275,0.20964874340999,0.292640083795991,0
0.1,18,"edge",21961387,"Moving-edge source","Matern 1.5",0.299152592944414,0.235321451959502,0.856038072575848,0.887698978095043,0.102365779298037,0.172414956586446,0.445450677358223,0.292640083795991,0.006512509148423
0.1,18,"edge",21961387,"Moving-edge source","Matern 2.5",0.301684150609742,0.237852306582144,0.799524092801904,0.783657742285229,0.150923185603807,0.177430011805357,0.776417708344122,0.292640083795991,0.00904406681375103
0.1,18,"mixture",21961387,"Broad plus sharp source","RBF",0.115477396295799,0.0881338079712982,0.883402736466389,0.32519230276222,0.109950550267698,0.0626451596829148,-0.142519518186968,0.107675046590462,0.00780234970533701
0.1,18,"mixture",21961387,"Broad plus sharp source","Matern 0.5",0.107675046590462,0.0796685765380285,0.991671624033314,0.624331152484779,0.128672293277811,0.0605932131040352,-0.674671542900079,0.107675046590462,0
0.1,18,"mixture",21961387,"Broad plus sharp source","Matern 1.5",0.110268249751905,0.0826041394875979,0.962522308149911,0.424423808623655,0.017397754312909,0.0582764971149512,-0.67603018203995,0.107675046590462,0.002593203161443
0.1,18,"mixture",21961387,"Broad plus sharp source","Matern 2.5",0.111775782556591,0.0842260888919877,0.940511600237954,0.381201894458383,0.0347125966686496,0.0593040652641066,-0.555929115775806,0.107675046590462,0.004100735966129
0.1,18,"ring",21961387,"Ring-shaped source","RBF",0.231352074305668,0.187280826301266,0.919095776323617,0.857575964043715,0.0350695270672219,0.133621325172476,0.0371393046660239,0.228747807966613,0.002604266339055
0.1,18,"ring",21961387,"Ring-shaped source","Matern 0.5",0.228747807966613,0.182111522484585,0.992861392028554,1.36485994597948,0.111718099345628,0.136594950095834,0.0890639048623642,0.228747807966613,0
0.1,18,"ring",21961387,"Ring-shaped source","Matern 1.5",0.232144315924985,0.187028349752824,0.966686496133254,1.06209773747271,0.0371345181439619,0.133666499415387,0.00993232611406436,0.228747807966613,0.00339650795837199
0.1,18,"ring",21961387,"Ring-shaped source","Matern 2.5",0.232205918937105,0.18742349490557,0.953004164187983,0.983794454132374,0.013590496728138,0.13346339872908,0.00655780878905441,0.228747807966613,0.00345811097049198
0.1,18,"sine",21961387,"Sine-cosine source","RBF",0.180318528178555,0.135037978513043,0.994646044021416,0.863121526836779,0.0491809190957763,0.101304416555526,-0.295743732730633,0.507748379276881,-0.327429851098326
0.1,18,"sine",21961387,"Sine-cosine source","Matern 0.5",0.507748379276881,0.386834772626613,0.998215348007139,4.39937550729175,0.162283239143367,0.35146663511704,1.14447336740369,0.507748379276881,0
0.1,18,"sine",21961387,"Sine-cosine source","Matern 1.5",0.586828326098375,0.450387939203944,0.985722784057109,3.62059687304551,0.107925713860797,0.356393026475789,1.0702860687585,0.507748379276881,0.079079946821494
0.1,18,"sine",21961387,"Sine-cosine source","Matern 2.5",0.601623821366488,0.463166676448104,0.973230220107079,3.3491086718533,0.0865098899464605,0.356865696667659,1.0493261253191,0.507748379276881,0.093875442089607
0.1,18,"spike",21961387,"Hidden narrow spike","RBF",0.0559942394300311,0.0213232822927405,0.882212968471148,0.0779189372552202,0.0459856484235574,0.0170595732575189,2.63580770437663,0.054966960796644,0.0010272786333871
0.1,18,"spike",21961387,"Hidden narrow spike","Matern 0.5",0.054966960796644,0.021199935573911,0.980368828078525,0.153202076951412,0.129964678762641,0.018203091353684,-1.24963647706753,0.054966960796644,0
0.1,18,"spike",21961387,"Hidden narrow spike","Matern 1.5",0.0552549952721081,0.0213747246263487,0.930398572278406,0.108169854458688,0.0782729773944081,0.0172488860974831,-0.273522536451288,0.054966960796644,0.000288034475464098
0.1,18,"spike",21961387,"Hidden narrow spike","Matern 2.5",0.055441983745426,0.0213258258830875,0.917906008328376,0.0965732882237683,0.0642039708506841,0.0170987146388427,0.391445878405923,0.054966960796644,0.000475022948781996
0.1,19,"dipole",22061387,"Positive-negative dipole","RBF",0.138244331594503,0.109644703644636,0.977394408090422,0.825738824750313,0.0835354699583581,0.0854676519930347,-0.34941415263861,0.107223844248317,0.031020487346186
0.1,19,"dipole",22061387,"Positive-negative dipole","Matern 0.5",0.107223844248317,0.082171505592943,1,1.20024631330414,0.18184005056514,0.0865857630863165,-0.199090567250811,0.107223844248317,0
0.1,19,"dipole",22061387,"Positive-negative dipole","Matern 1.5",0.125003371889411,0.0980751268248953,0.993456276026175,1.01435894201677,0.146816255205235,0.0850171769441153,-0.293875296078625,0.107223844248317,0.017779527641094
0.1,19,"dipole",22061387,"Positive-negative dipole","Matern 2.5",0.130557761675697,0.102812879581454,0.989886972040452,0.951059879612354,0.127036362284355,0.0851981863607761,-0.317368058994386,0.107223844248317,0.02333391742738
0.1,19,"edge",22061387,"Moving-edge source","RBF",0.281905710156998,0.226305926808918,0.477691850089233,0.335841802905516,0.436021341463415,0.190574748445455,12.4827716378449,0.26457217870136,0.017333531455638
0.1,19,"edge",22061387,"Moving-edge source","Matern 0.5",0.26457217870136,0.208106848396405,0.918500892325996,1.03046934707549,0.0200487061273052,0.152314155053986,0.169440925212013,0.26457217870136,0
0.1,19,"edge",22061387,"Moving-edge source","Matern 1.5",0.272729438657913,0.212821480379189,0.659726353361095,0.521102052587673,0.271907718619869,0.17042458901457,2.62592760356263,0.26457217870136,0.00815725995655298
0.1,19,"edge",22061387,"Moving-edge source","Matern 2.5",0.276979363223533,0.218310311227004,0.560380725758477,0.425323212164513,0.345896415823914,0.179385229889222,5.79026697996638,0.26457217870136,0.012407184522173
0.1,19,"mixture",22061387,"Broad plus sharp source","RBF",0.0844960509550014,0.0489895279652234,0.98691255205235,0.431453566442448,0.144688057703748,0.0412138681355297,-0.882506968740872,0.0912257331474403,-0.0067296821924389
0.1,19,"mixture",22061387,"Broad plus sharp source","Matern 0.5",0.0912257331474403,0.0565885821276371,0.992266508030934,0.748641511864088,0.181096445568114,0.0577020425610592,-0.616848502838667,0.0912257331474403,0
0.1,19,"mixture",22061387,"Broad plus sharp source","Matern 1.5",0.0873947644411405,0.0523418462543227,0.988697204045211,0.539310410534381,0.162803762641285,0.0468607976850731,-0.830524584734369,0.0912257331474403,-0.0038309687062998
0.1,19,"mixture",22061387,"Broad plus sharp source","Matern 2.5",0.0861680642564282,0.050932494513285,0.988697204045211,0.493447411942817,0.154652364663891,0.0444396906918265,-0.866629767999344,0.0912257331474403,-0.0050576688910121
0.1,19,"ring",22061387,"Ring-shaped source","RBF",0.229714493826709,0.160722759651487,0.607971445568114,0.298064757267937,0.312731632956573,0.135660336224395,8.4242265338775,0.22463560321747,0.005078890609239
0.1,19,"ring",22061387,"Ring-shaped source","Matern 0.5",0.22463560321747,0.167194306790393,0.915526472337894,0.804231326440531,0.0245549524092802,0.12398249771008,0.00284239909996201,0.22463560321747,0
0.1,19,"ring",22061387,"Ring-shaped source","Matern 1.5",0.225898875902006,0.165128264218184,0.785246876859013,0.493984465829776,0.168695345032719,0.128634154608142,1.02335070993811,0.22463560321747,0.00126327268453599
0.1,19,"ring",22061387,"Ring-shaped source","Matern 2.5",0.227298396513168,0.164279058702009,0.724568709101725,0.418133955314087,0.216806588340274,0.131425671272149,2.15162469545071,0.22463560321747,0.00266279329569799
0.1,19,"sine",22061387,"Sine-cosine source","RBF",0.161307618057826,0.129339696424708,0.989886972040452,0.726077380534278,0.0469501041046996,0.0884386804937117,-0.495433869904896,0.215282280967122,-0.053974662909296
0.1,19,"sine",22061387,"Sine-cosine source","Matern 0.5",0.215282280967122,0.173794139849418,1,1.89786582494057,0.17574248958953,0.149238259669231,0.284890714581479,0.215282280967122,0
0.1,19,"sine",22061387,"Sine-cosine source","Matern 1.5",0.179593189858259,0.144103545434886,1,1.11250935540545,0.126962001784652,0.106365895778285,-0.177329828302975,0.215282280967122,-0.035689091108863
0.1,19,"sine",22061387,"Sine-cosine source","Matern 2.5",0.169531131677044,0.136036100678512,1,0.934357915164173,0.0994486168947055,0.0968847578986036,-0.320245130714403,0.215282280967122,-0.045751149290078
0.1,19,"spike",22061387,"Hidden narrow spike","RBF",0.0576514147407991,0.0323075269320587,0.988697204045211,0.347978915613941,0.149418872694825,0.0306006498917993,-1.27518582629014,0.0555104219161199,0.0021409928246792
0.1,19,"spike",22061387,"Hidden narrow spike","Matern 0.5",0.0555104219161199,0.0195808107124294,0.991076740035693,0.416277510527664,0.185111912552052,0.0304032157492369,-1.18667520547956,0.0555104219161199,0
0.1,19,"spike",22061387,"Hidden narrow spike","Matern 1.5",0.0559073975723548,0.0249807197953293,0.991671624033314,0.400564251115385,0.177080978584176,0.0307543605971726,-1.20819539814684,0.0555104219161199,0.000396975656234901
0.1,19,"spike",22061387,"Hidden narrow spike","Matern 2.5",0.056364369187824,0.0270140430920849,0.991671624033314,0.393733989267781,0.1719501041047,0.0310085554279229,-1.21471415892509,0.0555104219161199,0.000853947271704097
0.1,2,"dipole",20361387,"Positive-negative dipole","RBF",0.117592032935837,0.0905967789573315,0.99940511600238,1.15136064681391,0.16875260261749,0.0879030880560714,-0.216182750779865,0.115604839945479,0.001987192990358
0.1,2,"dipole",20361387,"Positive-negative dipole","Matern 0.5",0.115604839945479,0.0734796871791536,1,1.65049351757832,0.186524762046401,0.110735566872646,0.0933146158944571,0.115604839945479,0
0.1,2,"dipole",20361387,"Positive-negative dipole","Matern 1.5",0.112581940030689,0.0829380478664241,1,1.43779595656488,0.184665749553837,0.0998100051484113,-0.032104561634696,0.115604839945479,-0.00302289991479
0.1,2,"dipole",20361387,"Positive-negative dipole","Matern 2.5",0.114317706678854,0.0861124204342615,0.99940511600238,1.34820704645675,0.18184005056514,0.0959781762896045,-0.0866767339699407,0.115604839945479,-0.001287133266625
0.1,2,"edge",20361387,"Moving-edge source","RBF",0.290771339892441,0.229749574940208,0.510410469958358,0.354244554981903,0.411036213563355,0.192506265738424,10.6339363868831,0.274786516737108,0.015984823155333
0.1,2,"edge",20361387,"Moving-edge source","Matern 0.5",0.274786516737108,0.176683673844058,0.872694824509221,0.995622858103456,0.0791950475907198,0.148460951115374,0.22845858311999,0.274786516737108,0
0.1,2,"edge",20361387,"Moving-edge source","Matern 1.5",0.279442326475581,0.204862550278589,0.681142177275431,0.521770184010576,0.217996356335515,0.165945597993917,2.62571882372834,0.274786516737108,0.00465580973847296
0.1,2,"edge",20361387,"Moving-edge source","Matern 2.5",0.285036116313772,0.219021720856808,0.620464009518144,0.426117908292397,0.324629312908983,0.179782587478301,5.67666097123085,0.274786516737108,0.010249599576664
0.1,2,"mixture",20361387,"Broad plus sharp source","RBF",0.110337341453813,0.0723611580518085,0.810826888756692,0.30782826274479,0.0860064693634741,0.0571171149942022,0.239331912361548,0.112838355734119,-0.002501014280306
0.1,2,"mixture",20361387,"Broad plus sharp source","Matern 0.5",0.112838355734119,0.0740544669768812,0.980963712076145,0.593844181348206,0.111569378346222,0.0605879030479067,-0.645400982758786,0.112838355734119,0
0.1,2,"mixture",20361387,"Broad plus sharp source","Matern 1.5",0.110998820481947,0.0718886164166787,0.933967876264128,0.40322166128057,0.0351290154669839,0.0564560117701363,-0.517426461728699,0.112838355734119,-0.00183953525217201
0.1,2,"mixture",20361387,"Broad plus sharp source","Matern 2.5",0.110583733152892,0.0714861504246862,0.894110648423557,0.361812127243707,0.0442753569303986,0.0563439071167026,-0.325913170235611,0.112838355734119,-0.00225462258122701
0.1,2,"ring",20361387,"Ring-shaped source","RBF",0.225981345049728,0.15157355673561,0.622843545508626,0.287392629215448,0.265661436644854,0.130119445689491,10.0561668287715,0.215366847404656,0.010614497645072
0.1,2,"ring",20361387,"Ring-shaped source","Matern 0.5",0.215366847404656,0.146238908167545,0.841760856632957,0.671476692416713,0.0831658982748364,0.115610612092599,0.087049933807279,0.215366847404656,0
0.1,2,"ring",20361387,"Ring-shaped source","Matern 1.5",0.221104103443098,0.148472131369871,0.773349196906603,0.423599917725119,0.134192073170732,0.121744763760361,1.89187365567409,0.215366847404656,0.005737256038442
0.1,2,"ring",20361387,"Ring-shaped source","Matern 2.5",0.223398997218088,0.149450803973406,0.722784057108864,0.365438487270328,0.181039187983343,0.12487842813717,3.62261735643066,0.215366847404656,0.008032149813432
0.1,2,"sine",20361387,"Sine-cosine source","RBF",0.168255927050025,0.135259770075395,0.978584176085663,0.658390596022203,0.0395289262343843,0.0936602557844217,-0.433058782238113,0.219028073482148,-0.050772146432123
0.1,2,"sine",20361387,"Sine-cosine source","Matern 0.5",0.219028073482148,0.179651588551674,1,1.69445116309414,0.159606261154075,0.142556548130256,0.200900006923536,0.219028073482148,0
0.1,2,"sine",20361387,"Sine-cosine source","Matern 1.5",0.193162370242146,0.158144991769138,1,1.04155449680491,0.0857662849494349,0.11166371437336,-0.172075500406806,0.219028073482148,-0.025865703240002
0.1,2,"sine",20361387,"Sine-cosine source","Matern 2.5",0.183116903896506,0.149445643345707,1,0.880117006055861,0.0514860945865556,0.10386087196445,-0.285771117124977,0.219028073482148,-0.035911169585642
0.1,2,"spike",20361387,"Hidden narrow spike","RBF",0.0534279616392727,0.0197103959351755,0.953004164187983,0.129462427451293,0.114122174301011,0.0171851067238447,-0.951637214491423,0.0534955486118113,-6.75869725385997e-05
0.1,2,"spike",20361387,"Hidden narrow spike","Matern 0.5",0.0534955486118113,0.0192048211641382,0.988102320047591,0.212428610782581,0.161419170136823,0.019978695040062,-1.48617606739566,0.0534955486118113,0
0.1,2,"spike",20361387,"Hidden narrow spike","Matern 1.5",0.0533021670146579,0.0200259158743805,0.9738251041047,0.168590352270648,0.139259741225461,0.0185089104489976,-1.38802937645154,0.0534955486118113,-0.000193381597153403
0.1,2,"spike",20361387,"Hidden narrow spike","Matern 2.5",0.0533013567313065,0.0200250793850655,0.969066032123736,0.155158909926159,0.130708283759667,0.0180546367890943,-1.29951701536009,0.0534955486118113,-0.000194191880504797
0.1,20,"dipole",22161387,"Positive-negative dipole","RBF",0.0893519522525376,0.0644093586426822,0.963712076145152,0.413878579620905,0.0747111094586556,0.0492324250650553,-0.909018127924546,0.0957881259070529,-0.00643617365451531
0.1,20,"dipole",22161387,"Positive-negative dipole","Matern 0.5",0.0957881259070529,0.0695250186013142,0.996430696014277,0.882878265579877,0.170983417608566,0.0680485771181236,-0.476014890113288,0.0957881259070529,0
0.1,20,"dipole",22161387,"Positive-negative dipole","Matern 1.5",0.0932155241965364,0.0696076811621865,0.985722784057109,0.62105556144159,0.13068002676978,0.0571715583249962,-0.733803862715926,0.0957881259070529,-0.0025726017105165
0.1,20,"dipole",22161387,"Positive-negative dipole","Matern 2.5",0.091851140320339,0.0682053804358692,0.980963712076145,0.544832189945842,0.112861763831053,0.0541365920031441,-0.811665476359411,0.0957881259070529,-0.0039369855867139
0.1,20,"edge",22161387,"Moving-edge source","RBF",0.293239642327948,0.238970573970211,0.634146341463415,0.532554152694509,0.308344363474123,0.185201077044422,3.50180173213578,0.271351678882874,0.021887963445074
0.1,20,"edge",22161387,"Moving-edge source","Matern 0.5",0.271351678882874,0.226900145905417,0.950624628197501,1.19892320495195,0.0345281826293873,0.156093379776501,0.15864047322758,0.271351678882874,0
0.1,20,"edge",22161387,"Moving-edge source","Matern 1.5",0.282699349134205,0.232905692167305,0.793575252825699,0.71165755323463,0.180890466983938,0.169539438973685,0.928863143170837,0.271351678882874,0.011347670251331
0.1,20,"edge",22161387,"Moving-edge source","Matern 2.5",0.287436858525817,0.23552260095016,0.722189173111243,0.621244706676351,0.245435380725758,0.176548089204847,1.7592039819018,0.271351678882874,0.016085179642943
0.1,20,"mixture",22161387,"Broad plus sharp source","RBF",0.11719989927464,0.0805101814268524,0.85901249256395,0.325272568170417,0.076265243902439,0.059524320158053,-0.123000577219428,0.110664931587357,0.006534967687283
0.1,20,"mixture",22161387,"Broad plus sharp source","Matern 0.5",0.110664931587357,0.073774884809643,0.989292088042832,0.610436836977985,0.13038258477097,0.0593049206893371,-0.670426052567046,0.110664931587357,0
0.1,20,"mixture",22161387,"Broad plus sharp source","Matern 1.5",0.113080962221634,0.075819790177494,0.973230220107079,0.414177540767835,0.0318088191552647,0.0563626718230101,-0.629194193701655,0.110664931587357,0.00241603063427699
0.1,20,"mixture",22161387,"Broad plus sharp source","Matern 2.5",0.11436567635563,0.077242953086454,0.955383700178465,0.373934205568941,0.0158175936942297,0.0570814132765892,-0.495177959474646,0.110664931587357,0.00370074476827299
0.1,20,"ring",22161387,"Ring-shaped source","RBF",0.226964744811266,0.15160507570901,0.558596073765616,0.256896707676897,0.318977914931588,0.133053800918317,12.731566999675,0.223232825344466,0.00373191946679999
0.1,20,"ring",22161387,"Ring-shaped source","Matern 0.5",0.223232825344466,0.147402547524477,0.816180844735277,0.519970774814188,0.0924014723378941,0.11957938582344,0.647250709161799,0.223232825344466,0
0.1,20,"ring",22161387,"Ring-shaped source","Matern 1.5",0.22566307665489,0.149817252567368,0.69244497323022,0.345070513026658,0.221565660321237,0.126839768563248,3.81520888925902,0.223232825344466,0.00243025131042399
0.1,20,"ring",22161387,"Ring-shaped source","Matern 2.5",0.226461748545421,0.150707571949922,0.622843545508626,0.306651451539681,0.264025505651398,0.129488148829211,6.12661228910429,0.223232825344466,0.003228923200955
0.1,20,"sine",22161387,"Sine-cosine source","RBF",0.652476509968869,0.506426943511187,0.989886972040452,5.03260763106809,0.141016136228435,0.43382436368176,1.33333238454952,0.467698385850492,0.184778124118377
0.1,20,"sine",22161387,"Sine-cosine source","Matern 0.5",0.467698385850492,0.360532197730287,0.998810232004759,5.74343859737097,0.189276100535396,0.4018628251609,1.35641079285181,0.467698385850492,0
0.1,20,"sine",22161387,"Sine-cosine source","Matern 1.5",0.549761723136964,0.42596697862223,0.996430696014277,5.44107432578415,0.171578301606187,0.412243542851141,1.33917824562916,0.467698385850492,0.082063337286472
0.1,20,"sine",22161387,"Sine-cosine source","Matern 2.5",0.582453900284513,0.451609949594733,0.994051160023795,5.31806278277398,0.163101204640095,0.418215423953934,1.33572588366989,0.467698385850492,0.114755514434021
0.1,20,"spike",22161387,"Hidden narrow spike","RBF",0.054890423824362,0.0270673168889423,0.891731112433076,0.107238155338506,0.0357238994646044,0.020979568383332,-0.117550962657625,0.0540776842541982,0.000812739570163805
0.1,20,"spike",22161387,"Hidden narrow spike","Matern 0.5",0.0540776842541982,0.0268601543187351,0.988102320047591,0.227256281966484,0.136480145746579,0.023075832302085,-1.47586836732016,0.0540776842541982,0
0.1,20,"spike",22161387,"Hidden narrow spike","Matern 1.5",0.0544265722218684,0.0277517171534731,0.954193932183224,0.158352030106862,0.0687622694824509,0.0217249928829161,-1.28163818328418,0.0540776842541982,0.0003488879676702
0.1,20,"spike",22161387,"Hidden narrow spike","Matern 2.5",0.05451106148501,0.027582441652736,0.93634741225461,0.139101452876287,0.0485287775133849,0.0213803816794941,-1.0621574162304,0.0540776842541982,0.000433377230811799
0.1,3,"dipole",20461387,"Positive-negative dipole","RBF",0.107266123332645,0.0796138387541727,0.988102320047591,0.750062533975565,0.137000669244497,0.0672480296541987,-0.566098482304789,0.106711689637598,0.000554433695046999
0.1,3,"dipole",20461387,"Positive-negative dipole","Matern 0.5",0.106711689637598,0.0737809286877919,1,1.26143943540343,0.181691329565735,0.0888961757135747,-0.157772643701976,0.106711689637598,0
0.1,3,"dipole",20461387,"Positive-negative dipole","Matern 1.5",0.109032017249457,0.0797029829915988,0.998810232004759,1.00638671704885,0.166744869125521,0.0779339082782264,-0.344472617999815,0.106711689637598,0.002320327611859
0.1,3,"dipole",20461387,"Positive-negative dipole","Matern 2.5",0.109270002620828,0.0804657506200449,0.996430696014277,0.919751330877129,0.158937016656752,0.0743990197974895,-0.41451896299943,0.106711689637598,0.00255831298323
0.1,3,"edge",20461387,"Moving-edge source","RBF",0.278140532099848,0.217477186866745,0.578822129684711,0.397768567952882,0.354670954788816,0.177724366870232,7.50241921872933,0.26035316492838,0.017787367171468
0.1,3,"edge",20461387,"Moving-edge source","Matern 0.5",0.26035316492838,0.193788891985852,0.892325996430696,0.974994852493429,0.0689630428316478,0.143843286527655,0.156744742444569,0.26035316492838,0
0.1,3,"edge",20461387,"Moving-edge source","Matern 1.5",0.270074953619425,0.206311435047079,0.722189173111243,0.530318015722092,0.222532346817371,0.161119421187419,2.22342559153538,0.26035316492838,0.00972178869104501
0.1,3,"edge",20461387,"Moving-edge source","Matern 2.5",0.274067975367401,0.2116367676913,0.662700773349197,0.460529046804371,0.287969586555622,0.169049073018229,4.13155348507411,0.26035316492838,0.013714810439021
0.1,3,"mixture",20461387,"Broad plus sharp source","RBF",0.109204742656874,0.070123233343611,0.878643664485425,0.256937511711843,0.108612061273052,0.0545176906019752,0.69530143152944,0.10867530643047,0.000529436226403987
0.1,3,"mixture",20461387,"Broad plus sharp source","Matern 0.5",0.10867530643047,0.0743719997464355,0.963712076145152,0.436986799625134,0.0753097114812612,0.0540409795859694,-0.741384216443092,0.10867530643047,0
0.1,3,"mixture",20461387,"Broad plus sharp source","Matern 1.5",0.108733780414627,0.0720955235296419,0.914931588340274,0.30992722982294,0.0300278851873885,0.0532553241191246,-0.294993208001567,0.10867530643047,5.84739841569953e-05
0.1,3,"mixture",20461387,"Broad plus sharp source","Matern 2.5",0.10882964585259,0.0712192311548342,0.903033908387864,0.285546283334672,0.0595341314693635,0.0536044052679342,0.0170075929705334,0.10867530643047,0.000154339422119995
0.1,3,"ring",20461387,"Ring-shaped source","RBF",0.227166486259482,0.149664937908378,0.605591909577632,0.273015116425448,0.278228361094587,0.129871905415256,10.334350038956,0.221214102750573,0.005952383508909
0.1,3,"ring",20461387,"Ring-shaped source","Matern 0.5",0.221214102750573,0.142785510775383,0.824509220701963,0.554188906806637,0.0770683372992266,0.116689273942096,0.447563513684578,0.221214102750573,0
0.1,3,"ring",20461387,"Ring-shaped source","Matern 1.5",0.224837059199362,0.146267074479596,0.726948245092207,0.36903673882655,0.176131395002974,0.123165406613426,2.98954486844823,0.221214102750573,0.00362295644878902
0.1,3,"ring",20461387,"Ring-shaped source","Matern 2.5",0.226054969568515,0.147629174639779,0.684711481261154,0.327739225894882,0.215691180844735,0.125831581688282,4.8519283177184,0.221214102750573,0.00484086681794202
0.1,3,"sine",20461387,"Sine-cosine source","RBF",0.195908404644598,0.144056826431838,0.952409280190363,0.785013545999351,0.036758997620464,0.103775440827345,-0.321842296946423,0.23584275084411,-0.039934346199512
0.1,3,"sine",20461387,"Sine-cosine source","Matern 0.5",0.23584275084411,0.182649229434955,1,1.71842892402645,0.155367712671029,0.147848644958688,0.224766342550356,0.23584275084411,0
0.1,3,"sine",20461387,"Sine-cosine source","Matern 1.5",0.217257975648744,0.164055999792148,0.988697204045211,1.12545214992212,0.0998204193932183,0.12092712739819,-0.0923636741208555,0.23584275084411,-0.018584775195366
0.1,3,"sine",20461387,"Sine-cosine source","Matern 2.5",0.210114221615198,0.15706175593121,0.9738251041047,0.985803214139473,0.0772148274836407,0.114301267956981,-0.181843077544419,0.23584275084411,-0.025728529228912
0.1,3,"spike",20461387,"Hidden narrow spike","RBF",0.0550076259247242,0.0188012282871382,0.916716240333135,0.0955610393096779,0.0896352617489589,0.01615212651523,0.435037186189074,0.0551213994701421,-0.000113773545417903
0.1,3,"spike",20461387,"Hidden narrow spike","Matern 0.5",0.0551213994701421,0.01879806814112,0.985127900059488,0.161907456073187,0.139334101725164,0.0180230133036432,-1.31320955584793,0.0551213994701421,0
0.1,3,"spike",20461387,"Hidden narrow spike","Matern 1.5",0.0549830202472089,0.0191309868199609,0.954193932183224,0.124093337614296,0.107132287328971,0.0169413149892243,-0.80872809053623,0.0551213994701421,-0.000138379222933201
0.1,3,"spike",20461387,"Hidden narrow spike","Matern 2.5",0.0549691038005941,0.0190594900675838,0.939321832242713,0.11365429535986,0.100804208804283,0.01664577374695,-0.50532198979017,0.0551213994701421,-0.000152295669547997
0.1,4,"dipole",20561387,"Positive-negative dipole","RBF",0.159697932940812,0.124828997195625,0.912552052349792,0.648557158988236,0.0276929654967281,0.0928609022702623,-0.196449631653547,0.127740335091382,0.03195759784943
0.1,4,"dipole",20561387,"Positive-negative dipole","Matern 0.5",0.127740335091382,0.0976023501953133,0.996430696014277,1.06471030702476,0.158788295657347,0.0868007882719726,-0.263477402279166,0.127740335091382,0
0.1,4,"dipole",20561387,"Positive-negative dipole","Matern 1.5",0.148689522894742,0.115361460293056,0.972635336109459,0.84594833847796,0.0878483789411065,0.0889636176726272,-0.319148383224962,0.127740335091382,0.02094918780336
0.1,4,"dipole",20561387,"Positive-negative dipole","Matern 2.5",0.153731441654155,0.119522202351214,0.96133254015467,0.775418038719206,0.0579056365258774,0.0902935357456477,-0.305587833666867,0.127740335091382,0.025991106562773
0.1,4,"edge",20561387,"Moving-edge source","RBF",0.282294760622012,0.220696292431246,0.492563950029744,0.318635727498015,0.409474643069601,0.189274980813278,14.2444158728786,0.26606595589641,0.016228804725602
0.1,4,"edge",20561387,"Moving-edge source","Matern 0.5",0.26606595589641,0.19772136919843,0.860797144556811,0.925538091343928,0.0600397828673409,0.15038573490436,0.234190464287793,0.26606595589641,0
0.1,4,"edge",20561387,"Moving-edge source","Matern 1.5",0.275502471334931,0.206227980055937,0.618679357525283,0.491661723942694,0.275328301606187,0.171378310698482,3.21532420675005,0.26606595589641,0.00943651543852098
0.1,4,"edge",20561387,"Moving-edge source","Matern 2.5",0.279294306402113,0.213272924811207,0.559190957763236,0.40364872209047,0.335188503866746,0.180378461968041,6.78694986575428,0.26606595589641,0.013228350505703
0.1,4,"mixture",20561387,"Broad plus sharp source","RBF",0.13808541049535,0.105179486963921,0.966091612135634,0.600452913453854,0.0443474866151101,0.0758745031626021,-0.488645601854388,0.134948989440955,0.00313642105439502
0.1,4,"mixture",20561387,"Broad plus sharp source","Matern 0.5",0.134948989440955,0.104756572240607,0.995240928019036,1.02244504827852,0.158490853658537,0.086286916039409,-0.289843263648036,0.134948989440955,0
0.1,4,"mixture",20561387,"Broad plus sharp source","Matern 1.5",0.137140123483566,0.105795990236101,0.991671624033314,0.756185047922432,0.100043500892326,0.0785348139407119,-0.460940972102273,0.134948989440955,0.00219113404261101
0.1,4,"mixture",20561387,"Broad plus sharp source","Matern 2.5",0.137283900523979,0.105440547631671,0.990481856038073,0.693499638952989,0.0816764574657942,0.0771195764209639,-0.488559436939712,0.134948989440955,0.00233491108302403
0.1,4,"ring",20561387,"Ring-shaped source","RBF",0.225985471975442,0.148527761441323,0.600237953599048,0.271318892350454,0.282466909577632,0.129775286276333,11.3234431960858,0.221330170754071,0.00465530122137101
0.1,4,"ring",20561387,"Ring-shaped source","Matern 0.5",0.221330170754071,0.143481082091519,0.823319452706722,0.545761022600616,0.0775888607971445,0.117046912191607,0.506931605679518,0.221330170754071,0
0.1,4,"ring",20561387,"Ring-shaped source","Matern 1.5",0.224200446027095,0.14599080205959,0.722189173111243,0.363933067593255,0.184459770969661,0.123483273779079,3.27914654031098,0.221330170754071,0.002870275273024
0.1,4,"ring",20561387,"Ring-shaped source","Matern 2.5",0.225143431855733,0.146993805940649,0.669244497323022,0.323598217741421,0.224986243307555,0.126032526447129,5.34602376387847,0.221330170754071,0.003813261101662
0.1,4,"sine",20561387,"Sine-cosine source","RBF",0.23192823608826,0.177453917822566,0.763236168947055,0.588155485873022,0.173900580011898,0.132102022086561,0.111668328461987,0.257590819523086,-0.025662583434826
0.1,4,"sine",20561387,"Sine-cosine source","Matern 0.5",0.257590819523086,0.197214036586303,1,1.26017872523182,0.0778097114812612,0.144643986687759,0.0779578339707585,0.257590819523086,0
0.1,4,"sine",20561387,"Sine-cosine source","Matern 1.5",0.245088459567129,0.187322882928321,0.893515764425937,0.818256842415633,0.0435927275431291,0.134928723820733,-0.0442680149558784,0.257590819523086,-0.012502359955957
0.1,4,"sine",20561387,"Sine-cosine source","Matern 2.5",0.240499057286694,0.183771441663051,0.843545508625818,0.718482658629551,0.0894270523497918,0.13361395009291,-0.0240728353222779,0.257590819523086,-0.017091762236392
0.1,4,"spike",20561387,"Hidden narrow spike","RBF",0.0593711552804721,0.0223663233427276,0.701368233194527,0.0388144524965539,0.266033239143367,0.0186283049053818,34.027265052879,0.0577884489296489,0.0015827063508232
0.1,4,"spike",20561387,"Hidden narrow spike","Matern 0.5",0.0577884489296489,0.0214565347160084,0.892920880428317,0.0806485015226572,0.0594448988697204,0.0169119169169896,1.73996391346298,0.0577884489296489,0
0.1,4,"spike",20561387,"Hidden narrow spike","Matern 1.5",0.0584365280348965,0.0217753039910883,0.801308744794765,0.0535752536893272,0.129433001189768,0.0174873389485127,10.2772048443037,0.0577884489296489,0.000648079105247598
0.1,4,"spike",20561387,"Hidden narrow spike","Matern 2.5",0.0587336237232545,0.0219293810368209,0.76977989292088,0.0474348608863578,0.17746988399762,0.0178238117666339,16.1171327366813,0.0577884489296489,0.000945174793605598
0.1,5,"dipole",20661387,"Positive-negative dipole","RBF",0.0997367916405393,0.0748929360829182,0.993456276026175,0.745199953673029,0.144585440214158,0.0644985058791508,-0.589722743489932,0.0995075605944568,0.000229231046082495
0.1,5,"dipole",20661387,"Positive-negative dipole","Matern 0.5",0.0995075605944568,0.0679930362286277,1,1.15811838571415,0.181096445568114,0.0819531466981592,-0.240938134635005,0.0995075605944568,0
0.1,5,"dipole",20661387,"Positive-negative dipole","Matern 1.5",0.0976676076982671,0.0717177879622351,0.998215348007139,0.904741051815558,0.16644742712671,0.0700156467457813,-0.45076822635421,0.0995075605944568,-0.0018399528961897
0.1,5,"dipole",20661387,"Positive-negative dipole","Matern 2.5",0.0970486825625292,0.0719763989483013,0.996430696014277,0.824792934708326,0.15945754015467,0.0664827604091773,-0.524473404443394,0.0995075605944568,-0.0024588780319276
0.1,5,"edge",20661387,"Moving-edge source","RBF",0.281620443223194,0.218812249050894,0.477096966091612,0.346609662279595,0.386274167162403,0.190156917036872,11.7527041665784,0.277658837476369,0.00396160574682503
0.1,5,"edge",20661387,"Moving-edge source","Matern 0.5",0.277658837476369,0.229738641555557,0.8459250446163,0.84950718390709,0.0978297888161808,0.162398945435387,0.34512267036598,0.277658837476369,0
0.1,5,"edge",20661387,"Moving-edge source","Matern 1.5",0.279583740371753,0.217508069453439,0.560975609756098,0.470164912262244,0.325595999405116,0.180843383445108,3.74654806753039,0.277658837476369,0.001924902895384
0.1,5,"edge",20661387,"Moving-edge source","Matern 2.5",0.280795883756672,0.21733858559454,0.502676977989292,0.396912420711912,0.362255725758477,0.186515656716692,7.20924913846443,0.277658837476369,0.00313704628030304
0.1,5,"mixture",20661387,"Broad plus sharp source","RBF",0.0994664346164386,0.0722581308201742,0.937537180249851,0.359217664602263,0.0162563206424747,0.0518143345120369,-0.575317896207185,0.107359063567973,-0.00789262895153441
0.1,5,"mixture",20661387,"Broad plus sharp source","Matern 0.5",0.107359063567973,0.0802907818493471,0.992861392028554,0.780899807628664,0.162134518143962,0.0665898931667474,-0.539495107120222,0.107359063567973,0
0.1,5,"mixture",20661387,"Broad plus sharp source","Matern 1.5",0.101255890735679,0.0744824138344896,0.991076740035693,0.516306105067106,0.0956562314098751,0.0553835922431189,-0.754301617681407,0.107359063567973,-0.006103172832294
0.1,5,"mixture",20661387,"Broad plus sharp source","Matern 2.5",0.0997557144550698,0.0731800788541545,0.984533016061868,0.454275644818889,0.0688864515169542,0.0532553299862114,-0.761592874196712,0.107359063567973,-0.00760334911290321
0.1,5,"ring",20661387,"Ring-shaped source","RBF",0.268320076508237,0.217552430986823,0.900654372397383,0.962997156853376,0.0489749405116002,0.154858198513405,0.17230782258219,0.263543236163101,0.00477684034513604
0.1,5,"ring",20661387,"Ring-shaped source","Matern 0.5",0.263543236163101,0.21291080387844,1,1.76567284197322,0.129638979773944,0.163405013614894,0.297909267052606,0.263543236163101,0
0.1,5,"ring",20661387,"Ring-shaped source","Matern 1.5",0.273821839178373,0.222488492301944,0.981558596073766,1.32044153718055,0.0511886525877454,0.158821584126731,0.180729080623533,0.263543236163101,0.010278603015272
0.1,5,"ring",20661387,"Ring-shaped source","Matern 2.5",0.273307449990067,0.222161657079991,0.960737656157049,1.1902560802878,0.0195110797144557,0.157508057875988,0.160267701980794,0.263543236163101,0.00976421382696602
0.1,5,"sine",20661387,"Sine-cosine source","RBF",0.170107855138967,0.120728842829163,0.966686496133254,0.648261434091126,0.0326728881618085,0.0869790634062253,-0.552764081774933,0.221165685312483,-0.051057830173516
0.1,5,"sine",20661387,"Sine-cosine source","Matern 0.5",0.221165685312483,0.17137876384553,1,1.56726920322214,0.151872769185009,0.136577260883445,0.134231732173747,0.221165685312483,0
0.1,5,"sine",20661387,"Sine-cosine source","Matern 1.5",0.196844525752011,0.144424785575121,0.997620464009518,0.940621384492918,0.0911946014277216,0.105579463583358,-0.268456499843712,0.221165685312483,-0.024321159560472
0.1,5,"sine",20661387,"Sine-cosine source","Matern 2.5",0.187842028468193,0.135239981611538,0.984533016061868,0.808084677772833,0.0713403480071386,0.0979263265321139,-0.386327180404531,0.221165685312483,-0.03332365684429
0.1,5,"spike",20661387,"Hidden narrow spike","RBF",0.0518917360555878,0.0190264706217194,0.96133254015467,0.147893267044157,0.130704565734682,0.0174663205389939,-1.28519862461233,0.0527146322594368,-0.000822896203849004
0.1,5,"spike",20661387,"Hidden narrow spike","Matern 0.5",0.0527146322594368,0.0179911891218691,0.988697204045211,0.247831615752913,0.170016731112433,0.0213640413400447,-1.48361266360063,0.0527146322594368,0
0.1,5,"spike",20661387,"Hidden narrow spike","Matern 1.5",0.0522887388260572,0.0192629590885918,0.979773944080904,0.195803933917614,0.153239515169542,0.0194106844409914,-1.49199215463294,0.0527146322594368,-0.0004258934333796
0.1,5,"spike",20661387,"Hidden narrow spike","Matern 2.5",0.0521613569206382,0.019338549662421,0.977989292088043,0.179208215822567,0.145282941701368,0.0187604584694127,-1.45870142709613,0.0527146322594368,-0.000553275338798606
0.1,6,"dipole",20761387,"Positive-negative dipole","RBF",0.0889003854545918,0.0647667054958488,0.960737656157049,0.392644698052704,0.0590954045211184,0.0489704307924886,-0.926730031625222,0.093386116952982,-0.00448573149839021
0.1,6,"dipole",20761387,"Positive-negative dipole","Matern 0.5",0.093386116952982,0.0684058900096702,0.994051160023795,0.800571317697385,0.164662775133849,0.0638322247259048,-0.558172521266705,0.093386116952982,0
0.1,6,"dipole",20761387,"Positive-negative dipole","Matern 1.5",0.091832819597664,0.0688623330837877,0.981558596073766,0.566087783942318,0.119154149315883,0.0549528235864061,-0.794012979987675,0.093386116952982,-0.00155329735531801
0.1,6,"dipole",20761387,"Positive-negative dipole","Matern 2.5",0.0908530155458796,0.0678121710377503,0.975014872099941,0.500649204271563,0.100369199881023,0.0526354573004313,-0.857706770789217,0.093386116952982,-0.0025331014071024
0.1,6,"edge",20761387,"Moving-edge source","RBF",0.291567754457159,0.223193258945988,0.588935157644259,0.461000313137624,0.307600758477097,0.182110929259328,5.18601180169434,0.28012490882434,0.011442845632819
0.1,6,"edge",20761387,"Moving-edge source","Matern 0.5",0.28012490882434,0.211045982190423,0.892325996430696,1.00957431195186,0.0316340719809637,0.157054855432455,0.228973653922147,0.28012490882434,0
0.1,6,"edge",20761387,"Moving-edge source","Matern 1.5",0.286018427774803,0.215112407563364,0.691255205234979,0.571793363459761,0.224093917311124,0.171439791685522,2.03686780996378,0.28012490882434,0.00589351895046303
0.1,6,"edge",20761387,"Moving-edge source","Matern 2.5",0.288422929423637,0.218536091212139,0.632956573468174,0.50908973994815,0.267148646638905,0.176696429303082,3.37880862512721,0.28012490882434,0.00829802059929702
0.1,6,"mixture",20761387,"Broad plus sharp source","RBF",0.110453003843739,0.0704400508752172,0.88459250446163,0.313155247382051,0.0413009369422963,0.0534000391669692,-0.229976755590762,0.104755640951109,0.00569736289263001
0.1,6,"mixture",20761387,"Broad plus sharp source","Matern 0.5",0.104755640951109,0.0686521365844422,0.990481856038073,0.650907204693212,0.153806142177275,0.0581523541388985,-0.672168711645719,0.104755640951109,0
0.1,6,"mixture",20761387,"Broad plus sharp source","Matern 1.5",0.104251235128788,0.0662997253802387,0.98691255205235,0.428585166750351,0.0909997769185009,0.0504630719808539,-0.765248321942568,0.104755640951109,-0.000504405822320989
0.1,6,"mixture",20761387,"Broad plus sharp source","Matern 2.5",0.105375033597362,0.0667363273543954,0.980963712076145,0.379527579173254,0.0609581350386675,0.0501972158266395,-0.674082348117597,0.104755640951109,0.000619392646253006
0.1,6,"ring",20761387,"Ring-shaped source","RBF",0.228852566381647,0.158662411237434,0.529446757882213,0.256655367394061,0.357199211778703,0.13700471926939,12.8099671540785,0.225813247755084,0.00303931862656301
0.1,6,"ring",20761387,"Ring-shaped source","Matern 0.5",0.225813247755084,0.156476739563326,0.814396192742415,0.514436413786674,0.108388979773944,0.122712240327244,0.717461021887275,0.225813247755084,0
0.1,6,"ring",20761387,"Ring-shaped source","Matern 1.5",0.228135450588975,0.1581356713617,0.663295657346817,0.341142723881873,0.253689396192742,0.130855314782317,4.0550339104518,0.225813247755084,0.00232220283389101
0.1,6,"ring",20761387,"Ring-shaped source","Matern 2.5",0.228774757206907,0.158667142163701,0.608566329565735,0.303759935081586,0.299941627007733,0.133605674240487,6.41817184276876,0.225813247755084,0.002961509451823
0.1,6,"sine",20761387,"Sine-cosine source","RBF",0.123904891221998,0.0979507029073815,1,0.527045243974806,0.0225747323022011,0.0681309970936545,-0.753369706345904,0.168992787815415,-0.045087896593417
0.1,6,"sine",20761387,"Sine-cosine source","Matern 0.5",0.168992787815415,0.138985283848106,1,1.4022433063502,0.166670508625818,0.11414458404578,-0.00308818271101666,0.168992787815415,0
0.1,6,"sine",20761387,"Sine-cosine source","Matern 1.5",0.140587028975246,0.113404718619284,1,0.803983631079275,0.0906740779298037,0.0825067662333653,-0.460096505786559,0.168992787815415,-0.028405758840169
0.1,6,"sine",20761387,"Sine-cosine source","Matern 2.5",0.133036143910734,0.106256533419443,1,0.67634287746714,0.0581041790600833,0.0757693219240063,-0.590713583433969,0.168992787815415,-0.035956643904681
0.1,6,"spike",20761387,"Hidden narrow spike","RBF",0.055905016052365,0.0211634454231728,0.869125520523498,0.0710186227779552,0.0518601279000595,0.0172363166512623,3.75828887849943,0.0551456868112367,0.000759329241128301
0.1,6,"spike",20761387,"Hidden narrow spike","Matern 0.5",0.0551456868112367,0.0216948496558753,0.964306960142772,0.136253676328842,0.105871876859013,0.0180384018913091,-1.06458274858163,0.0551456868112367,0
0.1,6,"spike",20761387,"Hidden narrow spike","Matern 1.5",0.0553548517828162,0.0216485468881548,0.91017251635931,0.0967339703913469,0.0703758923259964,0.0173929997952822,0.265208722701478,0.0551456868112367,0.000209164971579495
0.1,6,"spike",20761387,"Hidden narrow spike","Matern 2.5",0.0554961176118862,0.0214935630972469,0.896490184414039,0.0867907677794891,0.0602628643664485,0.0172866264825523,1.10592090345501,0.0551456868112367,0.000350430800649497
0.1,7,"dipole",20861387,"Positive-negative dipole","RBF",0.0905128272152144,0.0668403493720676,0.965496728138013,0.422027185316679,0.0698033164782867,0.0503038318281622,-0.893043949896793,0.0959457020469428,-0.0054328748317284
0.1,7,"dipole",20861387,"Positive-negative dipole","Matern 0.5",0.0959457020469428,0.071200846361857,0.996430696014277,0.86026847135649,0.169421847114813,0.0672441690438163,-0.496163654967288,0.0959457020469428,0
0.1,7,"dipole",20861387,"Positive-negative dipole","Matern 1.5",0.0943108138360589,0.072337058968706,0.983343248066627,0.615471117259638,0.128969735276621,0.0576987212130214,-0.733382183392921,0.0959457020469428,-0.00163488821088391
0.1,7,"dipole",20861387,"Positive-negative dipole","Matern 2.5",0.0931529930673383,0.0711599844057069,0.979179060083284,0.544534469768069,0.109069378346222,0.0550287707840081,-0.802986468611481,0.0959457020469428,-0.0027927089796045
0.1,7,"edge",20861387,"Moving-edge source","RBF",0.302292982468214,0.247857782224104,0.571683521713266,0.514336651672996,0.350878569303986,0.197832329564348,3.98128545365344,0.29850408388468,0.00378889858353398
0.1,7,"edge",20861387,"Moving-edge source","Matern 0.5",0.29850408388468,0.249594829550478,0.89708506841166,0.999400141246868,0.0822884443783462,0.173781587216547,0.289466108029924,0.29850408388468,0
0.1,7,"edge",20861387,"Moving-edge source","Matern 1.5",0.300988784423211,0.248184595653101,0.685901249256395,0.652722657033475,0.261794690660321,0.188021797470794,1.41057674792554,0.29850408388468,0.00248470053853095
0.1,7,"edge",20861387,"Moving-edge source","Matern 2.5",0.301991672887513,0.248256386293973,0.631171921475312,0.586752422488964,0.304551977989292,0.192731045448615,2.25588972785157,0.29850408388468,0.00348758900283297
0.1,7,"mixture",20861387,"Broad plus sharp source","RBF",0.101906185794107,0.0705117621767743,0.869125520523498,0.30811218703906,0.0572289559785842,0.0523825516863722,-0.108866135215147,0.10004490721004,0.001861278584067
0.1,7,"mixture",20861387,"Broad plus sharp source","Matern 0.5",0.10004490721004,0.0687002308065675,0.989886972040452,0.555496943077801,0.132390318262939,0.0540050004835449,-0.744538311555353,0.10004490721004,0
0.1,7,"mixture",20861387,"Broad plus sharp source","Matern 1.5",0.100282410900571,0.0692363280583967,0.953004164187983,0.386800580024363,0.0460079565734682,0.0508655765881384,-0.662925751723923,0.10004490721004,0.000237503690530994
0.1,7,"mixture",20861387,"Broad plus sharp source","Matern 2.5",0.100686730049265,0.0696117580640365,0.917311124330755,0.351682575763886,0.0309648274836407,0.0511028426429845,-0.516425056321192,0.10004490721004,0.000641822839224995
0.1,7,"ring",20861387,"Ring-shaped source","RBF",0.227011154848229,0.155992024213461,0.588340273646639,0.282099243184765,0.297636451516954,0.133530386559296,9.95557109785998,0.218358078497427,0.00865307635080201
0.1,7,"ring",20861387,"Ring-shaped source","Matern 0.5",0.218358078497427,0.155103751472504,0.842355740630577,0.660218721169587,0.0617946906603212,0.118738048776853,0.123866290279699,0.218358078497427,0
0.1,7,"ring",20861387,"Ring-shaped source","Matern 1.5",0.22316321732062,0.155640473482866,0.7441998810232,0.410913464137398,0.176503197501487,0.125863405601144,2.08322997025102,0.218358078497427,0.004805138823193
0.1,7,"ring",20861387,"Ring-shaped source","Matern 2.5",0.225033658906076,0.156010537004809,0.682331945270672,0.35522777674732,0.221788741820345,0.128991060816523,3.84747181550801,0.218358078497427,0.00667558040864899
0.1,7,"sine",20861387,"Sine-cosine source","RBF",0.174814777618852,0.126379302144861,0.983938132064248,0.737258278814548,0.0482142325996431,0.0916899723324078,-0.468536903879608,0.204536914070219,-0.029722136451367
0.1,7,"sine",20861387,"Sine-cosine source","Matern 0.5",0.204536914070219,0.15874702990622,1,1.60194598196145,0.161093471148126,0.132411201955751,0.132496580712081,0.204536914070219,0
0.1,7,"sine",20861387,"Sine-cosine source","Matern 1.5",0.187033289299157,0.141518930966554,1,1.00844158920988,0.103464083878644,0.104448029784399,-0.2408539482671,0.204536914070219,-0.017503624771062
0.1,7,"sine",20861387,"Sine-cosine source","Matern 2.5",0.181613394659085,0.135245770547851,0.996430696014277,0.884049835562765,0.0823457019631172,0.0985240505383137,-0.340105780936887,0.204536914070219,-0.022923519411134
0.1,7,"spike",20861387,"Hidden narrow spike","RBF",0.0543693183751677,0.019223077472138,0.901844140392623,0.0875903962923006,0.0902301457465794,0.0164530679486206,1.1267558815038,0.0534015253359352,0.000967793039232501
0.1,7,"spike",20861387,"Hidden narrow spike","Matern 0.5",0.0534015253359352,0.0190777570244518,0.979773944080904,0.175094045142704,0.139705904223676,0.0186976142238299,-1.42564083645011,0.0534015253359352,0
0.1,7,"spike",20861387,"Hidden narrow spike","Matern 1.5",0.0535888844697819,0.019275530988063,0.943486020226056,0.124738601543829,0.105860722784057,0.0172064790935168,-0.883999134125458,0.0534015253359352,0.000187359133846696
0.1,7,"spike",20861387,"Hidden narrow spike","Matern 2.5",0.0537628832233954,0.0192213013888124,0.924449732302201,0.111117675417697,0.101547813801309,0.0168601376485267,-0.471654705588224,0.0534015253359352,0.000361357887460195
0.1,8,"dipole",20961387,"Positive-negative dipole","RBF",0.0901313731154593,0.0642310128887378,0.959547888161808,0.397780290619696,0.0689853509815586,0.0488566744217914,-0.898318760010586,0.0935412224756095,-0.00340984936015021
0.1,8,"dipole",20961387,"Positive-negative dipole","Matern 0.5",0.0935412224756095,0.0675707364009008,0.993456276026175,0.819077207508844,0.167711555621654,0.0644639736292037,-0.541081772100382,0.0935412224756095,0
0.1,8,"dipole",20961387,"Positive-negative dipole","Matern 1.5",0.0918898768150503,0.0678317062326782,0.980963712076145,0.57811344473666,0.125995315288519,0.0549458938469277,-0.782450679658519,0.0935412224756095,-0.0016513456605592
0.1,8,"dipole",20961387,"Positive-negative dipole","Matern 2.5",0.0911750631350681,0.0668655467779707,0.976204640095181,0.51039882678276,0.108251412849494,0.0525085119953387,-0.845909114225179,0.0935412224756095,-0.00236615934054141
0.1,8,"edge",20961387,"Moving-edge source","RBF",0.308874946501198,0.245165489944342,0.56454491374182,0.487350240944874,0.345450252825699,0.199388820106532,4.75051778024916,0.298533489494799,0.010341457006399
0.1,8,"edge",20961387,"Moving-edge source","Matern 0.5",0.298533489494799,0.238659941755929,0.890541344437835,1.05294366940649,0.0529160469958358,0.171619324647666,0.286572884905198,0.298533489494799,0
0.1,8,"edge",20961387,"Moving-edge source","Matern 1.5",0.301372765461264,0.236331814864578,0.684711481261154,0.63006497450662,0.248781603212374,0.18524896444012,1.64753355590289,0.298533489494799,0.00283927596646499
0.1,8,"edge",20961387,"Moving-edge source","Matern 2.5",0.304008071987699,0.238975738596947,0.62819750148721,0.556617943420511,0.294959473527662,0.191059749338092,2.75846482844129,0.298533489494799,0.0054745824929
0.1,8,"mixture",20961387,"Broad plus sharp source","RBF",0.100767330245112,0.0665478290637949,0.94824509220702,0.382047151317468,0.0469672070196312,0.0501809103066136,-0.607144981952114,0.102799783542239,-0.00203245329712699
0.1,8,"mixture",20961387,"Broad plus sharp source","Matern 0.5",0.102799783542239,0.0717498333758839,0.989886972040452,0.643813332858106,0.156483120166568,0.0579511445096001,-0.672067773285295,0.102799783542239,0
0.1,8,"mixture",20961387,"Broad plus sharp source","Matern 1.5",0.101248538133421,0.068707844184151,0.98750743604997,0.46868569561233,0.0965024538964902,0.0519434247583164,-0.75413092473956,0.102799783542239,-0.001551245408818
0.1,8,"mixture",20961387,"Broad plus sharp source","Matern 2.5",0.10090218155768,0.067811776899525,0.972635336109459,0.431523849457992,0.0748635484830458,0.051020442890489,-0.726374203045369,0.102799783542239,-0.00189760198455899
0.1,8,"ring",20961387,"Ring-shaped source","RBF",0.244721997008946,0.200281815074337,0.930993456276026,0.925143546250145,0.0250308596073766,0.140111739544078,0.0391863993116085,0.254290050530498,-0.00956805352155202
0.1,8,"ring",20961387,"Ring-shaped source","Matern 0.5",0.254290050530498,0.203730532129122,0.998810232004759,1.7250854588888,0.133208283759667,0.157834253730966,0.269189267374841,0.254290050530498,0
0.1,8,"ring",20961387,"Ring-shaped source","Matern 1.5",0.257504095560352,0.208894032607267,0.985722784057109,1.27829454721877,0.0649453450327186,0.148873160894553,0.120746936968096,0.254290050530498,0.00321404502985395
0.1,8,"ring",20961387,"Ring-shaped source","Matern 2.5",0.254617432944801,0.20717550010201,0.969066032123736,1.14862519796016,0.0360934711481261,0.145975074499126,0.0826656576680865,0.254290050530498,0.000327382414302968
0.1,8,"sine",20961387,"Sine-cosine source","RBF",0.156379687904418,0.109691961101827,1,0.805205131274078,0.114097635336109,0.0833178707459454,-0.497646332018859,0.246188571481599,-0.089808883577181
0.1,8,"sine",20961387,"Sine-cosine source","Matern 0.5",0.246188571481599,0.190181953936423,1,2.11626814862049,0.169719289113623,0.167597370301693,0.398056775665405,0.246188571481599,0
0.1,8,"sine",20961387,"Sine-cosine source","Matern 1.5",0.207657677758335,0.156829660118222,1,1.30696533029711,0.134398051754908,0.121762029380657,-0.0235748062177161,0.246188571481599,-0.038530893723264
0.1,8,"sine",20961387,"Sine-cosine source","Matern 2.5",0.191284576781512,0.141942066622755,1,1.10434759725645,0.124805547293278,0.107991196879068,-0.177772378277268,0.246188571481599,-0.054903994700087
0.1,8,"spike",20961387,"Hidden narrow spike","RBF",0.0615542145122082,0.0366089502732104,0.983343248066627,0.364537583670189,0.139008402736466,0.0332482684358798,-1.21064964186776,0.0562825084972857,0.0052717060149225
0.1,8,"spike",20961387,"Hidden narrow spike","Matern 0.5",0.0562825084972857,0.0238496583508419,0.991076740035693,0.415289722925465,0.182658016061868,0.0310833242911757,-1.18363967360353,0.0562825084972857,0
0.1,8,"spike",20961387,"Hidden narrow spike","Matern 1.5",0.0581354281681137,0.0299424589526447,0.991076740035693,0.393962324753456,0.169273126115408,0.0317963715051637,-1.20374914429196,0.0562825084972857,0.001852919670828
0.1,8,"spike",20961387,"Hidden narrow spike","Matern 2.5",0.0591080877089547,0.0321025323951065,0.990481856038073,0.385227305171692,0.161093471148126,0.0321998010219256,-1.20795171853588,0.0562825084972857,0.002825579211669
0.1,9,"dipole",21061387,"Positive-negative dipole","RBF",0.101775366651496,0.0814853481644098,0.978584176085663,0.53608595993054,0.0733480814991077,0.0598995152522447,-0.762021818372611,0.105565577826645,-0.00379021117514899
0.1,9,"dipole",21061387,"Positive-negative dipole","Matern 0.5",0.105565577826645,0.0820530114631356,0.998810232004759,1.05430611730605,0.174180919095776,0.0793127893622221,-0.310907055387706,0.105565577826645,0
0.1,9,"dipole",21061387,"Positive-negative dipole","Matern 1.5",0.107349156963686,0.0863044483542304,0.997620464009518,0.775890832546267,0.135364738251041,0.0691637449558158,-0.53681577315373,0.105565577826645,0.001783579137041
0.1,9,"dipole",21061387,"Positive-negative dipole","Matern 2.5",0.106253669356595,0.0856957980239625,0.992861392028554,0.689295221888257,0.115436124330755,0.0660021588859097,-0.615139215124051,0.105565577826645,0.000688091529950002
0.1,9,"edge",21061387,"Moving-edge source","RBF",0.282176102751538,0.225912838914223,0.537180249851279,0.393312181805037,0.38240742117787,0.186772373851385,8.58225077801227,0.29694505699174,-0.014768954240202
0.1,9,"edge",21061387,"Moving-edge source","Matern 0.5",0.29694505699174,0.231874711458205,0.945865556216538,1.22671443063389,0.0104911511005354,0.168879903617684,0.225426778520196,0.29694505699174,0
0.1,9,"edge",21061387,"Moving-edge source","Matern 1.5",0.284428738872167,0.226960212816419,0.689470553242118,0.615719029966506,0.240304506246282,0.175598609179252,1.72117514656744,0.29694505699174,-0.012516318119573
0.1,9,"edge",21061387,"Moving-edge source","Matern 2.5",0.282697011618749,0.225585954300708,0.635336109458656,0.495788840153063,0.309385410469958,0.180831897059924,4.01046278508771,0.29694505699174,-0.014248045372991
0.1,9,"mixture",21061387,"Broad plus sharp source","RBF",0.113118293840318,0.0800379434764277,0.988102320047591,0.588490229262704,0.102274315883403,0.0614908644401236,-0.653774186258748,0.1152162729526,-0.00209797911228199
0.1,9,"mixture",21061387,"Broad plus sharp source","Matern 0.5",0.1152162729526,0.0846528723773088,0.995240928019036,1.03741167358469,0.177750223081499,0.0798651921569823,-0.313632939905072,0.1152162729526,0
0.1,9,"mixture",21061387,"Broad plus sharp source","Matern 1.5",0.114505741830659,0.0828827195208901,0.992266508030934,0.750086047045677,0.142354625223082,0.0677202184407933,-0.545226231869017,0.1152162729526,-0.000710531121940999
0.1,9,"mixture",21061387,"Broad plus sharp source","Matern 2.5",0.113749396761689,0.0816488674194103,0.991076740035693,0.683643124861519,0.129118456276026,0.0649932422155116,-0.597646179295015,0.1152162729526,-0.00146687619091099
0.1,9,"ring",21061387,"Ring-shaped source","RBF",0.240846588625852,0.183298915682451,0.302795954788816,0.176258872171604,0.576785767400357,0.162087855349157,35.5297765467396,0.243414160216868,-0.00256757159101598
0.1,9,"ring",21061387,"Ring-shaped source","Matern 0.5",0.243414160216868,0.189136515466337,0.584176085663296,0.328356604855678,0.403079640095181,0.150057891243648,3.84879763629779,0.243414160216868,0
0.1,9,"ring",21061387,"Ring-shaped source","Matern 1.5",0.242316730191467,0.186683019732775,0.367638310529447,0.224332619262312,0.540349122546103,0.158829261157883,13.9410510365056,0.243414160216868,-0.001097430025401
0.1,9,"ring",21061387,"Ring-shaped source","Matern 2.5",0.24186411253195,0.185646988455893,0.339083878643664,0.20274778103085,0.561095701963117,0.160582867517951,20.3549190712159,0.243414160216868,-0.00155004768491798
0.1,9,"sine",21061387,"Sine-cosine source","RBF",0.165083658513409,0.130541874521421,1,0.794181079647328,0.0745378494943486,0.0902127908390757,-0.450474813150909,0.235921363730264,-0.070837705216855
0.1,9,"sine",21061387,"Sine-cosine source","Matern 0.5",0.235921363730264,0.182127956851899,1,1.96146714966638,0.166298706127305,0.157613438658838,0.327150858180958,0.235921363730264,0
0.1,9,"sine",21061387,"Sine-cosine source","Matern 1.5",0.203856263031545,0.157171774852961,1,1.22677989838292,0.123243976799524,0.118168394167831,-0.0738824696463412,0.235921363730264,-0.032065100698719
0.1,9,"sine",21061387,"Sine-cosine source","Matern 2.5",0.190601194643069,0.147522991811366,1,1.04753443247254,0.109338563355146,0.107250384704128,-0.2106419882166,0.235921363730264,-0.045320169087195
0.1,9,"spike",21061387,"Hidden narrow spike","RBF",0.0581672056086817,0.014713456761268,0.991671624033314,0.479609820107912,0.182286213563355,0.0340492196603416,-1.06820132594876,0.0567764493534587,0.001390756255223
0.1,9,"spike",21061387,"Hidden narrow spike","Matern 0.5",0.0567764493534587,0.0135205873918425,0.992266508030934,0.472050762684311,0.185706796549673,0.0330754554363499,-1.08694879506801,0.0567764493534587,0
0.1,9,"spike",21061387,"Hidden narrow spike","Matern 1.5",0.0573842385560889,0.0142066560095273,0.991671624033314,0.478116792671808,0.183996505056514,0.0336699164930011,-1.07406722240326,0.0567764493534587,0.000607789202630202
0.1,9,"spike",21061387,"Hidden narrow spike","Matern 2.5",0.0576437175767627,0.0143970743369362,0.991671624033314,0.479167340740846,0.183699063057704,0.0338239571600278,-1.07121429318365,0.0567764493534587,0.000867268223303998
