"log_ell","log_sigma_f","log_sigma_n","source","chain","retained_draw"
-2.4113827285716,-2.95583429139393,-10.6041185038989,"spike",1,1
-2.4113827285716,-2.95583429139393,-10.6041185038989,"spike",1,2
-2.4113827285716,-2.95583429139393,-10.6041185038989,"spike",1,3
-2.16357041467048,-2.99948590661878,-10.5663441759828,"spike",1,4
-2.16357041467048,-2.99948590661878,-10.5663441759828,"spike",1,5
-2.60362585947731,-2.84881373052956,-10.9107644514971,"spike",1,6
-2.60362585947731,-2.84881373052956,-10.9107644514971,"spike",1,7
-2.60362585947731,-2.84881373052956,-10.9107644514971,"spike",1,8
-2.60362585947731,-2.84881373052956,-10.9107644514971,"spike",1,9
-2.60362585947731,-2.84881373052956,-10.9107644514971,"spike",1,10
-2.306887107827,-2.98469521653332,-11.0050077064141,"spike",1,11
-2.306887107827,-2.98469521653332,-11.0050077064141,"spike",1,12
-2.60831301843837,-3.00336943082956,-10.5605569326428,"spike",1,13
-2.60831301843837,-3.00336943082956,-10.5605569326428,"spike",1,14
-2.60831301843837,-3.00336943082956,-10.5605569326428,"spike",1,15
-2.80132570903628,-2.93491072298455,-10.5858075235955,"spike",1,16
-2.92099100860346,-2.84959789281889,-10.847800001848,"spike",1,17
-2.92099100860346,-2.84959789281889,-10.847800001848,"spike",1,18
-3.16788476980305,-2.88699873918544,-10.7662980176127,"spike",1,19
-3.16788476980305,-2.88699873918544,-10.7662980176127,"spike",1,20
-3.16788476980305,-2.88699873918544,-10.7662980176127,"spike",1,21
-3.18451800687532,-2.95325879515168,-10.9646638643356,"spike",1,22
-2.75359293337731,-2.84949493997044,-11.0405958524159,"spike",1,23
-3.07153736123288,-2.87724441344274,-10.553648761285,"spike",1,24
-2.81634685900797,-3.07773718032525,-11.0081123174221,"spike",1,25
-2.48046763249415,-2.77962399495553,-11.1843631901424,"spike",1,26
-1.83603945293393,-2.83529418050267,-10.6139920164166,"spike",1,27
-1.83603945293393,-2.83529418050267,-10.6139920164166,"spike",1,28
-2.24876514816206,-2.96133752920579,-9.86268733099022,"spike",1,29
-1.98347209598094,-2.96629761937649,-11.1001180898759,"spike",1,30
-1.98347209598094,-2.96629761937649,-11.1001180898759,"spike",1,31
-2.6704065677765,-2.77652472760361,-10.6958977606224,"spike",1,32
-1.83754314863981,-2.83023569552041,-10.2947514516865,"spike",1,33
-1.83754314863981,-2.83023569552041,-10.2947514516865,"spike",1,34
-1.83754314863981,-2.83023569552041,-10.2947514516865,"spike",1,35
-2.35692609203607,-2.86439422708615,-10.7777903940919,"spike",1,36
-2.35692609203607,-2.86439422708615,-10.7777903940919,"spike",1,37
-2.2288366491053,-2.89278460691102,-10.4299085099013,"spike",1,38
-2.59288535487046,-2.91174163962349,-10.4280000526444,"spike",1,39
-2.59288535487046,-2.91174163962349,-10.4280000526444,"spike",1,40
-2.59288535487046,-2.91174163962349,-10.4280000526444,"spike",1,41
-2.59288535487046,-2.91174163962349,-10.4280000526444,"spike",1,42
-2.59288535487046,-2.91174163962349,-10.4280000526444,"spike",1,43
-2.59288535487046,-2.91174163962349,-10.4280000526444,"spike",1,44
-2.59288535487046,-2.91174163962349,-10.4280000526444,"spike",1,45
-2.07192778012333,-2.89043372578699,-10.9228081836631,"spike",1,46
-1.89418261542461,-2.67008534491795,-10.4775184854365,"spike",1,47
-1.89418261542461,-2.67008534491795,-10.4775184854365,"spike",1,48
-1.89418261542461,-2.67008534491795,-10.4775184854365,"spike",1,49
-1.89418261542461,-2.67008534491795,-10.4775184854365,"spike",1,50
-1.23704418868465,-2.54241921592116,-10.8092265191391,"spike",1,51
-2.9129727406752,-2.7874072557843,-10.7818346805469,"spike",1,52
-2.67745853181568,-2.8728464795023,-10.7258637492538,"spike",1,53
-2.67745853181568,-2.8728464795023,-10.7258637492538,"spike",1,54
-1.90601609815995,-2.97978933476908,-10.7905627767964,"spike",1,55
-1.90601609815995,-2.97978933476908,-10.7905627767964,"spike",1,56
-1.83384989956828,-2.88636173910464,-10.4736064533834,"spike",1,57
-1.94448673337243,-2.78413105192421,-10.9020714275079,"spike",1,58
-2.19037140129442,-2.68969749933677,-10.7851630335644,"spike",1,59
-2.3827527450092,-2.95491862646915,-10.8681197698247,"spike",1,60
-2.76820443906288,-2.92632619295288,-10.3498359098665,"spike",1,61
-2.76820443906288,-2.92632619295288,-10.3498359098665,"spike",1,62
-2.76820443906288,-2.92632619295288,-10.3498359098665,"spike",1,63
-2.49118388308202,-3.06803148324054,-10.9206587885451,"spike",1,64
-2.49118388308202,-3.06803148324054,-10.9206587885451,"spike",1,65
-2.59971956873388,-3.15836801054097,-10.1646854801817,"spike",1,66
-2.01273350055056,-2.73200568283219,-10.7560747251098,"spike",1,67
-2.17835255191022,-2.7863916764643,-10.8005948530069,"spike",1,68
-2.34462444488311,-2.87807133068152,-10.8182188855467,"spike",1,69
-2.34462444488311,-2.87807133068152,-10.8182188855467,"spike",1,70
-1.83707030097336,-2.71533205261264,-10.8872089924104,"spike",1,71
-2.30102693118059,-2.8440757633336,-10.531281290977,"spike",1,72
-2.30102693118059,-2.8440757633336,-10.531281290977,"spike",1,73
-2.30102693118059,-2.8440757633336,-10.531281290977,"spike",1,74
-2.81912515363749,-2.9745565699796,-10.4911524383225,"spike",1,75
-2.97468137155573,-2.84971759837397,-10.611016496587,"spike",1,76
-2.68755897583062,-2.66353942346987,-10.9695595736061,"spike",1,77
-0.891448149017488,-2.48796150091302,-11.36864689778,"spike",1,78
-0.162963610523178,-2.0396282655646,-10.3573335523909,"spike",1,79
-0.162963610523178,-2.0396282655646,-10.3573335523909,"spike",1,80
-0.162963610523178,-2.0396282655646,-10.3573335523909,"spike",1,81
-0.732566279286018,-2.23249218180134,-11.0258270892862,"spike",1,82
-0.732566279286018,-2.23249218180134,-11.0258270892862,"spike",1,83
-0.732566279286018,-2.23249218180134,-11.0258270892862,"spike",1,84
-1.30660199646482,-2.41290434522631,-10.7970486818395,"spike",1,85
-1.30660199646482,-2.41290434522631,-10.7970486818395,"spike",1,86
-1.7707849287817,-2.93211097537349,-11.0160541648862,"spike",1,87
-1.9729028031258,-2.87960903036034,-11.2551463761649,"spike",1,88
-1.9729028031258,-2.87960903036034,-11.2551463761649,"spike",1,89
-1.9729028031258,-2.87960903036034,-11.2551463761649,"spike",1,90
-1.9729028031258,-2.87960903036034,-11.2551463761649,"spike",1,91
-2.03062445724478,-2.6357021002064,-10.9613076847047,"spike",1,92
-2.39606811049825,-2.84898693424532,-10.0872851910107,"spike",1,93
-2.39185502241883,-2.84121720165299,-10.4000361715946,"spike",1,94
-2.76213907121605,-2.86371514489655,-10.9082549500875,"spike",1,95
-2.27311706046603,-3.01195008259837,-10.7170534924069,"spike",1,96
-2.27311706046603,-3.01195008259837,-10.7170534924069,"spike",1,97
-2.27311706046603,-3.01195008259837,-10.7170534924069,"spike",1,98
-2.36218383718463,-2.87440657479845,-10.5164291976355,"spike",1,99
-2.24833406443898,-2.88771217784682,-10.6067495890699,"spike",1,100
-2.24833406443898,-2.88771217784682,-10.6067495890699,"spike",1,101
-2.00516545378691,-2.92266108576562,-11.2500460457639,"spike",1,102
-2.00516545378691,-2.92266108576562,-11.2500460457639,"spike",1,103
-2.88444300038143,-2.93342476754436,-11.3343427836699,"spike",1,104
-1.88736941089329,-2.77209721238905,-11.4896080012813,"spike",1,105
-1.88736941089329,-2.77209721238905,-11.4896080012813,"spike",1,106
-1.93444145557189,-2.89688765139931,-10.8381624850414,"spike",1,107
-2.36360900454835,-3.09607899949034,-11.1011014110441,"spike",1,108
-2.43575660509378,-3.17104129062565,-10.4141749645993,"spike",1,109
-2.87832197194653,-2.79208873124894,-10.4783260383542,"spike",1,110
-2.87832197194653,-2.79208873124894,-10.4783260383542,"spike",1,111
-2.70553436670912,-2.93795178071402,-10.5612738922517,"spike",1,112
-2.70553436670912,-2.93795178071402,-10.5612738922517,"spike",1,113
-2.70553436670912,-2.93795178071402,-10.5612738922517,"spike",1,114
-2.70553436670912,-2.93795178071402,-10.5612738922517,"spike",1,115
-2.80303234544598,-2.92930572489046,-10.7951250640625,"spike",1,116
-1.69904114988544,-2.76966716669323,-10.3801591827099,"spike",1,117
-2.12264252126174,-3.11569097369414,-10.8234770731423,"spike",1,118
-1.9669418509837,-2.94693092394861,-10.9007839368677,"spike",1,119
-2.29240256683046,-3.01527489428652,-11.3409322054613,"spike",1,120
-3.28075786921595,-2.92495274080909,-11.0960441145273,"spike",1,121
-2.97459100535885,-2.95523227077198,-10.2464328899155,"spike",1,122
-2.97459100535885,-2.95523227077198,-10.2464328899155,"spike",1,123
-2.97459100535885,-2.95523227077198,-10.2464328899155,"spike",1,124
-2.97459100535885,-2.95523227077198,-10.2464328899155,"spike",1,125
-2.83894104993273,-2.97610156789533,-11.0974708308361,"spike",1,126
-2.51971037531648,-2.97439779749657,-10.375402158305,"spike",1,127
-2.15272081854708,-3.04054558247678,-10.5725814362008,"spike",1,128
-2.15272081854708,-3.04054558247678,-10.5725814362008,"spike",1,129
-2.15272081854708,-3.04054558247678,-10.5725814362008,"spike",1,130
-2.5480910292264,-2.66748271915983,-11.3501560076395,"spike",1,131
-2.68909036251314,-3.15738301786255,-11.3881341026266,"spike",1,132
-2.0938229148691,-2.84188816767275,-10.7045045809546,"spike",1,133
-2.0938229148691,-2.84188816767275,-10.7045045809546,"spike",1,134
-2.0955882973845,-3.04018727715035,-10.5390561364206,"spike",1,135
-1.76632994304335,-2.94744747008165,-11.0200313444213,"spike",1,136
-1.8982982949689,-2.93256780883378,-11.3276598841609,"spike",1,137
-2.92768856166517,-2.87101741280027,-9.84514727051271,"spike",1,138
-2.92768856166517,-2.87101741280027,-9.84514727051271,"spike",1,139
-2.38942164645304,-2.98898841344357,-10.7259442521363,"spike",1,140
-2.46462851627627,-2.8142049075082,-10.5319971812545,"spike",1,141
-2.46462851627627,-2.8142049075082,-10.5319971812545,"spike",1,142
-2.70490569155313,-2.88395456162425,-10.7106711740051,"spike",1,143
-2.70490569155313,-2.88395456162425,-10.7106711740051,"spike",1,144
-3.04683964945394,-2.86738090386683,-10.9121309767249,"spike",1,145
-1.6988072515506,-2.66329009725146,-10.3943667257486,"spike",1,146
-1.6988072515506,-2.66329009725146,-10.3943667257486,"spike",1,147
-2.68240297908459,-2.68268993329749,-11.017923849416,"spike",1,148
-2.60694649533444,-2.95013087884702,-10.8331918643072,"spike",1,149
-3.05610825139305,-3.02996676027623,-10.8767734070419,"spike",1,150
-2.80196001655978,-3.05161170660492,-10.8517838967472,"spike",1,151
-2.31709336100316,-2.99619878077591,-11.359889065109,"spike",1,152
-2.31709336100316,-2.99619878077591,-11.359889065109,"spike",1,153
-2.15875242972594,-2.79170145800196,-10.419502277813,"spike",1,154
-1.66767129955279,-2.73210717902568,-10.6192432649514,"spike",1,155
-2.21871781456516,-2.68645065357462,-11.1540539729418,"spike",1,156
-2.21871781456516,-2.68645065357462,-11.1540539729418,"spike",1,157
-2.4411479891424,-3.00009163037794,-11.2229514403553,"spike",1,158
-2.21321096289954,-2.64470051254647,-11.3353568807666,"spike",1,159
-2.53719465120562,-2.93985620431243,-11.2577222907949,"spike",1,160
-2.53719465120562,-2.93985620431243,-11.2577222907949,"spike",1,161
-2.53719465120562,-2.93985620431243,-11.2577222907949,"spike",1,162
-2.89093253981556,-2.85476271967959,-10.3044806983173,"spike",1,163
-1.67504301508452,-2.78627946370223,-10.9978903148869,"spike",1,164
-2.57974003846532,-3.17650937535046,-10.7082464091321,"spike",1,165
-2.57974003846532,-3.17650937535046,-10.7082464091321,"spike",1,166
-2.57974003846532,-3.17650937535046,-10.7082464091321,"spike",1,167
-2.57974003846532,-3.17650937535046,-10.7082464091321,"spike",1,168
-2.57974003846532,-3.17650937535046,-10.7082464091321,"spike",1,169
-2.57974003846532,-3.17650937535046,-10.7082464091321,"spike",1,170
-2.57974003846532,-3.17650937535046,-10.7082464091321,"spike",1,171
-2.57974003846532,-3.17650937535046,-10.7082464091321,"spike",1,172
-2.55272912182312,-2.89001066837218,-10.1118009580105,"spike",1,173
-2.55272912182312,-2.89001066837218,-10.1118009580105,"spike",1,174
-3.62241829322027,-2.65710169882571,-11.3007379823363,"spike",1,175
-3.41337941108352,-2.60046589868426,-11.1198268986538,"spike",1,176
-3.41337941108352,-2.60046589868426,-11.1198268986538,"spike",1,177
-3.24158978662235,-2.60757756138106,-11.006722206879,"spike",1,178
-1.60931937698941,-2.68569856305357,-11.1764634883033,"spike",1,179
-1.45751410368286,-2.51951346698142,-10.4678696612389,"spike",1,180
-2.5340061895381,-2.77677055059957,-10.7807819337795,"spike",1,181
-2.5340061895381,-2.77677055059957,-10.7807819337795,"spike",1,182
-2.35865854492737,-2.77923919405289,-10.5622770379308,"spike",1,183
-2.56241428992339,-2.95958446617965,-11.1809012663204,"spike",1,184
-2.68396317612046,-2.84543458585697,-10.6139544924665,"spike",1,185
-2.68396317612046,-2.84543458585697,-10.6139544924665,"spike",1,186
-2.68396317612046,-2.84543458585697,-10.6139544924665,"spike",1,187
-2.68396317612046,-2.84543458585697,-10.6139544924665,"spike",1,188
-2.05448497764175,-2.87638998948314,-10.8961421824006,"spike",1,189
-2.33627152825807,-2.91731153597425,-11.4203572454959,"spike",1,190
-2.33627152825807,-2.91731153597425,-11.4203572454959,"spike",1,191
-2.7118648515818,-2.73783419840788,-10.9310149998268,"spike",1,192
-2.76988753176715,-2.69396060807363,-11.1429382300827,"spike",1,193
-1.90410516133201,-2.79511556890441,-11.4387610665019,"spike",1,194
-1.90410516133201,-2.79511556890441,-11.4387610665019,"spike",1,195
-1.90410516133201,-2.79511556890441,-11.4387610665019,"spike",1,196
-1.90410516133201,-2.79511556890441,-11.4387610665019,"spike",1,197
-3.34132286057008,-2.50933303856469,-10.4962768146167,"spike",1,198
-3.34132286057008,-2.50933303856469,-10.4962768146167,"spike",1,199
-3.05271096266191,-2.65480160557208,-10.3865576860902,"spike",1,200
-3.05271096266191,-2.65480160557208,-10.3865576860902,"spike",1,201
-1.93301257137636,-2.7356862961811,-10.88132565192,"spike",1,202
-1.93301257137636,-2.7356862961811,-10.88132565192,"spike",1,203
-2.06079085513215,-2.78568041711256,-10.3660516766563,"spike",1,204
-2.55206687989447,-2.8193435358509,-10.8521527504501,"spike",1,205
-2.55206687989447,-2.8193435358509,-10.8521527504501,"spike",1,206
-2.33524822383977,-2.84246371247289,-10.5064784794986,"spike",1,207
-2.33524822383977,-2.84246371247289,-10.5064784794986,"spike",1,208
-2.34810469174043,-2.93145726855419,-10.4334709497356,"spike",1,209
-2.34810469174043,-2.93145726855419,-10.4334709497356,"spike",1,210
-2.83646508361062,-2.67051760204791,-10.916276193491,"spike",1,211
-2.25218204340706,-2.8029982842407,-10.3965498960301,"spike",1,212
-2.25218204340706,-2.8029982842407,-10.3965498960301,"spike",1,213
-2.42084692980965,-2.66594509324678,-10.6398627822209,"spike",1,214
-2.1797248913346,-2.7160751760152,-11.0600150351062,"spike",1,215
-2.03850555229983,-2.89384229296313,-10.3982018460476,"spike",1,216
-2.03850555229983,-2.89384229296313,-10.3982018460476,"spike",1,217
-2.36083104980712,-2.78409945155503,-10.3745188907497,"spike",1,218
-2.74652553208052,-2.92491864321692,-10.8897573186876,"spike",1,219
-2.74652553208052,-2.92491864321692,-10.8897573186876,"spike",1,220
-2.74652553208052,-2.92491864321692,-10.8897573186876,"spike",1,221
-2.40675388152439,-3.08780424858066,-10.6793595930154,"spike",1,222
-2.39302643599645,-2.7732053709696,-11.5783257450117,"spike",1,223
-2.3860909628453,-2.70120970168845,-11.0707245994603,"spike",1,224
-1.84711530430242,-2.7596339054742,-10.6394837528696,"spike",1,225
-2.67886998338765,-2.87633537326991,-10.2122039625813,"spike",1,226
-2.61772695401227,-2.86528484867395,-10.863459637123,"spike",1,227
-2.61772695401227,-2.86528484867395,-10.863459637123,"spike",1,228
-2.61772695401227,-2.86528484867395,-10.863459637123,"spike",1,229
-2.61772695401227,-2.86528484867395,-10.863459637123,"spike",1,230
-2.32251912048277,-2.85788698873506,-10.6059146476404,"spike",1,231
-2.32251912048277,-2.85788698873506,-10.6059146476404,"spike",1,232
-2.32251912048277,-2.85788698873506,-10.6059146476404,"spike",1,233
-2.32251912048277,-2.85788698873506,-10.6059146476404,"spike",1,234
-2.32251912048277,-2.85788698873506,-10.6059146476404,"spike",1,235
-2.32251912048277,-2.85788698873506,-10.6059146476404,"spike",1,236
-2.66658585134865,-2.95684718218947,-10.9138195403839,"spike",1,237
-2.66658585134865,-2.95684718218947,-10.9138195403839,"spike",1,238
-2.66658585134865,-2.95684718218947,-10.9138195403839,"spike",1,239
-2.66658585134865,-2.95684718218947,-10.9138195403839,"spike",1,240
-2.53515392059005,-2.92370817855,-11.0387470275418,"spike",1,241
-2.53515392059005,-2.92370817855,-11.0387470275418,"spike",1,242
-2.53515392059005,-2.92370817855,-11.0387470275418,"spike",1,243
-2.53515392059005,-2.92370817855,-11.0387470275418,"spike",1,244
-2.53515392059005,-2.92370817855,-11.0387470275418,"spike",1,245
-2.53515392059005,-2.92370817855,-11.0387470275418,"spike",1,246
-2.55490391363935,-2.87436102596237,-10.6818435774192,"spike",1,247
-2.55490391363935,-2.87436102596237,-10.6818435774192,"spike",1,248
-2.55490391363935,-2.87436102596237,-10.6818435774192,"spike",1,249
-2.55490391363935,-2.87436102596237,-10.6818435774192,"spike",1,250
-2.32166686693245,-2.82189198078628,-11.1545593720191,"spike",1,251
-2.32166686693245,-2.82189198078628,-11.1545593720191,"spike",1,252
-2.05020825713494,-2.94267443685327,-10.462181331882,"spike",1,253
-2.21657010664786,-3.08613329900108,-10.3008984149825,"spike",1,254
-2.48965938209576,-3.06185227902056,-10.2310480855868,"spike",1,255
-2.70487576208383,-2.99048900558088,-10.6346912905646,"spike",1,256
-2.70487576208383,-2.99048900558088,-10.6346912905646,"spike",1,257
-2.96487448206301,-2.94556623200296,-10.5747677467268,"spike",1,258
-2.96487448206301,-2.94556623200296,-10.5747677467268,"spike",1,259
-2.3187522626715,-2.92673602123787,-10.1174166185215,"spike",1,260
-2.2283756516457,-2.84463766470574,-10.4070529364101,"spike",1,261
-2.36745961123663,-3.08467996491027,-10.361764958809,"spike",1,262
-2.36745961123663,-3.08467996491027,-10.361764958809,"spike",1,263
-2.36745961123663,-3.08467996491027,-10.361764958809,"spike",1,264
-2.36745961123663,-3.08467996491027,-10.361764958809,"spike",1,265
-3.33751099658976,-2.62790923880634,-10.4216090858958,"spike",1,266
-3.30705851240109,-2.63135424566737,-10.7746370337988,"spike",1,267
-3.30705851240109,-2.63135424566737,-10.7746370337988,"spike",1,268
-2.57246419970621,-3.06699076898054,-10.4201989981542,"spike",1,269
-2.16413054244752,-2.87546539691784,-10.6404656733563,"spike",1,270
-2.16413054244752,-2.87546539691784,-10.6404656733563,"spike",1,271
-1.59692598748683,-2.89766068707461,-10.410499326661,"spike",1,272
-2.20175427877854,-2.8831179909911,-10.8815223293593,"spike",1,273
-2.20175427877854,-2.8831179909911,-10.8815223293593,"spike",1,274
-2.20175427877854,-2.8831179909911,-10.8815223293593,"spike",1,275
-2.37908324542181,-3.01462968363938,-10.836005995054,"spike",1,276
-2.37908324542181,-3.01462968363938,-10.836005995054,"spike",1,277
-2.37908324542181,-3.01462968363938,-10.836005995054,"spike",1,278
-2.46651008090933,-2.79210058172824,-10.8929740136677,"spike",1,279
-2.46651008090933,-2.79210058172824,-10.8929740136677,"spike",1,280
-2.29040475502014,-2.78495672767073,-10.772875793507,"spike",1,281
-2.29040475502014,-2.78495672767073,-10.772875793507,"spike",1,282
-2.21404701082647,-2.91640722792559,-10.3963688798574,"spike",1,283
-2.11975870263006,-2.87012762645562,-10.9059785304717,"spike",1,284
-2.76237143819376,-3.05249162990043,-11.1077996061757,"spike",1,285
-2.59464960544459,-3.067526022499,-11.7546201530104,"spike",1,286
-2.59464960544459,-3.067526022499,-11.7546201530104,"spike",1,287
-2.37278669469929,-3.17667292453342,-11.314062490343,"spike",1,288
-2.37278669469929,-3.17667292453342,-11.314062490343,"spike",1,289
-2.82223841670474,-2.98179390746233,-11.5851888921821,"spike",1,290
-3.14929556064099,-2.98966513126651,-11.6246896456625,"spike",1,291
-3.14929556064099,-2.98966513126651,-11.6246896456625,"spike",1,292
-2.97245557359323,-2.89476055399022,-10.5476534104237,"spike",1,293
-2.91619422489205,-2.84315208118079,-10.6931799025619,"spike",1,294
-2.83593351596436,-2.89447435198025,-11.0257024481875,"spike",1,295
-2.74361900892468,-3.11353175981639,-10.5749958799694,"spike",1,296
-2.74361900892468,-3.11353175981639,-10.5749958799694,"spike",1,297
-2.56269096897208,-3.05979060685977,-10.2378414450666,"spike",1,298
-2.56269096897208,-3.05979060685977,-10.2378414450666,"spike",1,299
-2.56269096897208,-3.05979060685977,-10.2378414450666,"spike",1,300
-1.62490582335455,-2.86609456810323,-11.0610911278222,"spike",1,301
-1.07921840615039,-2.60935225391186,-10.5006382365518,"spike",1,302
-1.95946549436355,-2.72927386701251,-10.5404582611617,"spike",1,303
-2.40531636302031,-2.70748313807171,-10.5811961005651,"spike",1,304
-3.17708045296586,-2.85981092986004,-10.4209462895817,"spike",1,305
-1.97679508576597,-2.91132522004585,-11.2683369494597,"spike",1,306
-1.97679508576597,-2.91132522004585,-11.2683369494597,"spike",1,307
-1.97679508576597,-2.91132522004585,-11.2683369494597,"spike",1,308
-2.92011437516722,-3.13929305050931,-10.6703616512908,"spike",1,309
-2.10753505184602,-2.92080533777279,-10.2210367252698,"spike",1,310
-2.10753505184602,-2.92080533777279,-10.2210367252698,"spike",1,311
-1.82918135618214,-2.90264416668143,-10.8457056620238,"spike",1,312
-1.82918135618214,-2.90264416668143,-10.8457056620238,"spike",1,313
-2.01635372374997,-2.98626612529064,-9.92513324432068,"spike",1,314
-1.10538165983305,-2.7126435445546,-10.4510339024281,"spike",1,315
-1.10538165983305,-2.7126435445546,-10.4510339024281,"spike",1,316
-2.66160888961476,-2.95433876026099,-10.3221288925973,"spike",1,317
-2.14522143310731,-2.62580891341299,-10.6540031295581,"spike",1,318
-2.29983472127311,-2.98382509885414,-10.7751129853192,"spike",1,319
-2.25797391158447,-2.81078709135296,-11.0094083550191,"spike",1,320
-2.25797391158447,-2.81078709135296,-11.0094083550191,"spike",1,321
-2.25797391158447,-2.81078709135296,-11.0094083550191,"spike",1,322
-2.25797391158447,-2.81078709135296,-11.0094083550191,"spike",1,323
-2.25797391158447,-2.81078709135296,-11.0094083550191,"spike",1,324
-2.25797391158447,-2.81078709135296,-11.0094083550191,"spike",1,325
-2.27531732485657,-2.73242383831894,-10.3707909109848,"spike",1,326
-1.89784180752421,-2.86632665920499,-10.5428194362444,"spike",1,327
-2.72611981479503,-2.83776144368503,-9.85890855881156,"spike",1,328
-3.25410447573241,-2.47306711657409,-10.6301455708438,"spike",1,329
-2.0348079212027,-3.03320472133631,-11.0788467398551,"spike",1,330
-2.77821700158974,-3.09075766089219,-11.0473130634308,"spike",1,331
-2.77821700158974,-3.09075766089219,-11.0473130634308,"spike",1,332
-2.81210541989397,-2.98946166526317,-11.4440981396576,"spike",1,333
-2.81210541989397,-2.98946166526317,-11.4440981396576,"spike",1,334
-2.41563210879899,-2.90293836152832,-10.8574662507073,"spike",1,335
-2.41563210879899,-2.90293836152832,-10.8574662507073,"spike",1,336
-1.79990524268728,-2.86112727086523,-10.9951775364063,"spike",1,337
-2.2273140280221,-2.85718574911377,-11.1481261145915,"spike",1,338
-2.29442815020601,-2.9283739793222,-10.6523508638034,"spike",1,339
-2.26366528866533,-2.95633787012864,-10.2385154260072,"spike",1,340
-2.26366528866533,-2.95633787012864,-10.2385154260072,"spike",1,341
-2.86843096145475,-2.80275083536076,-10.0720432554538,"spike",1,342
-2.49853326905986,-2.71557043149467,-11.0543769994646,"spike",1,343
-2.49853326905986,-2.71557043149467,-11.0543769994646,"spike",1,344
-2.47268194056688,-2.95244207215019,-11.0058290307559,"spike",1,345
-2.64848764056194,-2.90689358344569,-10.9327592975835,"spike",1,346
-2.26825476579697,-2.97131437523098,-10.6773269077869,"spike",1,347
-2.69250721717954,-3.07146002931965,-10.8200343120257,"spike",1,348
-2.62431959414432,-3.03192027054581,-10.8618536713643,"spike",1,349
-2.62431959414432,-3.03192027054581,-10.8618536713643,"spike",1,350
-2.62431959414432,-3.03192027054581,-10.8618536713643,"spike",1,351
-1.90190375824178,-2.81848403434803,-11.1911767397654,"spike",1,352
-2.99368906350122,-3.00653358316376,-11.1609916034627,"spike",1,353
-2.99368906350122,-3.00653358316376,-11.1609916034627,"spike",1,354
-2.99368906350122,-3.00653358316376,-11.1609916034627,"spike",1,355
-2.99395080882027,-2.91091551791513,-10.3033329190885,"spike",1,356
-2.99395080882027,-2.91091551791513,-10.3033329190885,"spike",1,357
-2.04807700718575,-2.87648500300052,-11.187831610102,"spike",1,358
-2.04807700718575,-2.87648500300052,-11.187831610102,"spike",1,359
-2.38627085941706,-2.83565792705625,-10.2449068243523,"spike",1,360
-2.38627085941706,-2.83565792705625,-10.2449068243523,"spike",1,361
-2.4965774171279,-2.85214174166752,-11.1394036826527,"spike",1,362
-2.4965774171279,-2.85214174166752,-11.1394036826527,"spike",1,363
-2.4965774171279,-2.85214174166752,-11.1394036826527,"spike",1,364
-2.39828801469892,-2.88380410504804,-10.8605129334842,"spike",1,365
-2.39828801469892,-2.88380410504804,-10.8605129334842,"spike",1,366
-2.48211389977949,-2.99540125288437,-10.2633597254023,"spike",1,367
-2.98536066890628,-3.05348020820192,-10.5545922422936,"spike",1,368
-2.55171922757722,-2.9851418524925,-10.8859388810474,"spike",1,369
-2.55171922757722,-2.9851418524925,-10.8859388810474,"spike",1,370
-2.55171922757722,-2.9851418524925,-10.8859388810474,"spike",1,371
-2.55171922757722,-2.9851418524925,-10.8859388810474,"spike",1,372
-2.55171922757722,-2.9851418524925,-10.8859388810474,"spike",1,373
-2.55171922757722,-2.9851418524925,-10.8859388810474,"spike",1,374
-2.55171922757722,-2.9851418524925,-10.8859388810474,"spike",1,375
-2.55171922757722,-2.9851418524925,-10.8859388810474,"spike",1,376
-2.79356200295376,-2.78798671886677,-10.3516946346726,"spike",1,377
-2.79356200295376,-2.78798671886677,-10.3516946346726,"spike",1,378
-2.79356200295376,-2.78798671886677,-10.3516946346726,"spike",1,379
-2.79356200295376,-2.78798671886677,-10.3516946346726,"spike",1,380
-2.79356200295376,-2.78798671886677,-10.3516946346726,"spike",1,381
-2.79356200295376,-2.78798671886677,-10.3516946346726,"spike",1,382
-2.2078654966751,-3.01330325782437,-10.4662425463322,"spike",1,383
-2.7207968635657,-3.11857017274752,-10.4099371457954,"spike",1,384
-2.88900292011063,-2.94885576710812,-10.287622340028,"spike",1,385
-2.88900292011063,-2.94885576710812,-10.287622340028,"spike",1,386
-2.73251530308988,-2.89592307174734,-10.5927617935109,"spike",1,387
-2.72614243814107,-2.88281940162788,-10.5501717587453,"spike",1,388
-2.57017681207889,-2.75208339954795,-11.1673051929656,"spike",1,389
-3.11269999007333,-2.6166812496756,-10.8390569546348,"spike",1,390
-3.11837324374695,-2.66674745313853,-10.6377436389082,"spike",1,391
-1.22307032404886,-2.78275813811095,-10.4969692265196,"spike",1,392
-2.40343101288998,-2.89590599331575,-10.3021256328668,"spike",1,393
-3.23084125688698,-2.88562201147275,-10.4987765628052,"spike",1,394
-2.49511246206034,-2.69947127009967,-10.6705449042728,"spike",1,395
-2.49511246206034,-2.69947127009967,-10.6705449042728,"spike",1,396
-2.68370935394311,-2.83781374109366,-10.0146510427536,"spike",1,397
-2.35307068275064,-2.97190466329972,-10.8724550430416,"spike",1,398
-2.81449812573757,-2.79748457633446,-10.2808248566274,"spike",1,399
-2.60860657468751,-3.01223119393596,-9.99313618135198,"spike",1,400
-2.49867819411615,-3.1008508703042,-11.4086052090302,"spike",1,401
-2.56334715617106,-2.89021968480927,-11.6525450930136,"spike",1,402
-2.56334715617106,-2.89021968480927,-11.6525450930136,"spike",1,403
-2.64240569652873,-2.88965487782787,-10.332377447189,"spike",1,404
-2.64240569652873,-2.88965487782787,-10.332377447189,"spike",1,405
-2.59730293421285,-2.78911802294288,-10.6394060934805,"spike",1,406
-2.085285662733,-2.91478276115193,-11.0546334171131,"spike",1,407
-3.06112370372333,-2.8104247829313,-10.4169571590786,"spike",1,408
-1.74650881792401,-2.82436035444924,-10.6368183034208,"spike",1,409
-2.57720066683067,-2.79898978859263,-10.8166398139603,"spike",1,410
-2.22263307746774,-2.85184948773392,-10.55585828031,"spike",1,411
-2.68986780502297,-2.91675146075189,-10.5398541360126,"spike",1,412
-1.95298193303868,-2.92037299311006,-10.5262699114629,"spike",1,413
-2.29957492229458,-2.75492294744403,-10.3783172616481,"spike",1,414
-0.970231931784333,-2.52198885463962,-9.90660314544791,"spike",1,415
-1.3149594882185,-2.63362437772179,-10.0617240524941,"spike",1,416
-1.9622470859007,-2.65107552268436,-10.8300252740492,"spike",1,417
-1.76496695141492,-2.8465516219643,-10.5604482939874,"spike",1,418
-2.18663849338197,-2.81783291755796,-11.0879036797711,"spike",1,419
-2.18663849338197,-2.81783291755796,-11.0879036797711,"spike",1,420
-2.18663849338197,-2.81783291755796,-11.0879036797711,"spike",1,421
-2.18663849338197,-2.81783291755796,-11.0879036797711,"spike",1,422
-2.18663849338197,-2.81783291755796,-11.0879036797711,"spike",1,423
-2.12590456210281,-2.68794698368205,-11.1680528007699,"spike",1,424
-1.74234837376314,-2.85616213156867,-10.2592874120155,"spike",1,425
-2.93590802617262,-2.76336544242548,-10.6768540883813,"spike",1,426
-2.93590802617262,-2.76336544242548,-10.6768540883813,"spike",1,427
-2.93590802617262,-2.76336544242548,-10.6768540883813,"spike",1,428
-2.67751208954117,-2.89398696733041,-10.4314026992818,"spike",1,429
-2.67751208954117,-2.89398696733041,-10.4314026992818,"spike",1,430
-2.67751208954117,-2.89398696733041,-10.4314026992818,"spike",1,431
-2.67751208954117,-2.89398696733041,-10.4314026992818,"spike",1,432
-3.06103744606768,-2.89843576488752,-10.6652706159707,"spike",1,433
-3.06103744606768,-2.89843576488752,-10.6652706159707,"spike",1,434
-2.2179110227217,-2.90535410722706,-11.4068525924132,"spike",1,435
-2.679987828802,-2.91337644563307,-11.0192973643726,"spike",1,436
-2.679987828802,-2.91337644563307,-11.0192973643726,"spike",1,437
-2.679987828802,-2.91337644563307,-11.0192973643726,"spike",1,438
-2.3866549162705,-3.02533715451105,-10.887479285568,"spike",1,439
-2.3866549162705,-3.02533715451105,-10.887479285568,"spike",1,440
-2.3866549162705,-3.02533715451105,-10.887479285568,"spike",1,441
-2.3866549162705,-3.02533715451105,-10.887479285568,"spike",1,442
-2.38286395988689,-2.82378385492233,-10.3950427216793,"spike",1,443
-2.38286395988689,-2.82378385492233,-10.3950427216793,"spike",1,444
-2.38286395988689,-2.82378385492233,-10.3950427216793,"spike",1,445
-2.38286395988689,-2.82378385492233,-10.3950427216793,"spike",1,446
-2.38286395988689,-2.82378385492233,-10.3950427216793,"spike",1,447
-2.30474392098868,-2.71519736644495,-10.6759059780025,"spike",1,448
-2.23080576558212,-2.61263919204601,-10.9559188005235,"spike",1,449
-2.23080576558212,-2.61263919204601,-10.9559188005235,"spike",1,450
-0.830910821094692,-2.43119908318406,-10.615922545368,"spike",1,451
-1.59160153159476,-2.47778376439702,-11.1435794267536,"spike",1,452
-1.52497469246205,-2.73819550007698,-10.6274919265924,"spike",1,453
-2.42626775131994,-2.98584404411678,-10.8103926093941,"spike",1,454
-2.42626775131994,-2.98584404411678,-10.8103926093941,"spike",1,455
-2.42626775131994,-2.98584404411678,-10.8103926093941,"spike",1,456
-2.42626775131994,-2.98584404411678,-10.8103926093941,"spike",1,457
-2.21688065993636,-2.81370742838413,-10.9407085947218,"spike",1,458
-2.61112683042868,-2.91765316246234,-11.1140476564645,"spike",1,459
-2.86335759016133,-2.87273414947783,-10.3687321496791,"spike",1,460
-2.86335759016133,-2.87273414947783,-10.3687321496791,"spike",1,461
-2.73655041335036,-2.9103010217298,-11.175927417804,"spike",1,462
-2.73655041335036,-2.9103010217298,-11.175927417804,"spike",1,463
-2.12624902695974,-3.16394348346492,-11.4768202860144,"spike",1,464
-2.78637379708705,-3.08081175769884,-11.3521566528863,"spike",1,465
-2.78637379708705,-3.08081175769884,-11.3521566528863,"spike",1,466
-3.27307353554539,-2.93050007805335,-11.3218919623037,"spike",1,467
-3.27307353554539,-2.93050007805335,-11.3218919623037,"spike",1,468
-3.03734065548978,-2.8175401820873,-10.6083533956046,"spike",1,469
-3.03734065548978,-2.8175401820873,-10.6083533956046,"spike",1,470
-3.03734065548978,-2.8175401820873,-10.6083533956046,"spike",1,471
-2.82964687352147,-2.58278612107795,-10.4091377273223,"spike",1,472
-2.0057324122234,-2.60607783219854,-10.6037940377553,"spike",1,473
-1.74652733472093,-2.54922718400572,-10.1493767934404,"spike",1,474
-2.04276173485655,-2.68182171553434,-10.3414159024203,"spike",1,475
-1.27958512815819,-2.67403033779963,-11.0228397764646,"spike",1,476
-1.27958512815819,-2.67403033779963,-11.0228397764646,"spike",1,477
-1.97673158375508,-2.67399684974576,-10.3327968656403,"spike",1,478
-2.12308906143295,-3.05128795400369,-10.9718843650834,"spike",1,479
-2.70004799245092,-2.91756954360624,-10.2413608811157,"spike",1,480
-2.4333455249082,-2.79128183701541,-10.4249111040756,"spike",1,481
-2.81360832430907,-2.86206676038975,-10.65123955238,"spike",1,482
-2.81360832430907,-2.86206676038975,-10.65123955238,"spike",1,483
-2.81360832430907,-2.86206676038975,-10.65123955238,"spike",1,484
-2.24202437079369,-2.92648222685808,-10.2967919382725,"spike",1,485
-2.11421468061746,-2.93266169711747,-10.83492206855,"spike",1,486
-1.93477605810119,-2.91517240640378,-10.3884383460566,"spike",1,487
-2.37820765456832,-2.98274384096938,-10.939839998092,"spike",1,488
-2.37820765456832,-2.98274384096938,-10.939839998092,"spike",1,489
-2.37820765456832,-2.98274384096938,-10.939839998092,"spike",1,490
-1.84989374810664,-2.74535182527512,-10.6720424214493,"spike",1,491
-1.7581294698587,-2.78899796672145,-11.3588677059137,"spike",1,492
-1.96239620040721,-2.65285412814884,-10.6940846631113,"spike",1,493
-2.4141353249117,-2.70254918338105,-11.0226909143513,"spike",1,494
-2.20973828375963,-2.67779861510577,-10.9271980419286,"spike",1,495
-1.49395707010113,-2.75758629553727,-10.4601769407798,"spike",1,496
-2.10918110153203,-2.82734326597705,-11.2296522282485,"spike",1,497
-2.10918110153203,-2.82734326597705,-11.2296522282485,"spike",1,498
-2.96021184825879,-2.84509806665111,-10.4900329400233,"spike",1,499
-2.96021184825879,-2.84509806665111,-10.4900329400233,"spike",1,500
-2.9196982902417,-2.98061545622863,-10.1648792681276,"spike",1,501
-2.81503587915225,-3.04028646091233,-10.1941077947909,"spike",1,502
-2.09906278512816,-2.95895726507442,-9.93842334682716,"spike",1,503
-2.22032556514934,-3.09927982512797,-10.2154323716384,"spike",1,504
-2.66041298116944,-3.00900776351072,-10.3902474596719,"spike",1,505
-2.273487362646,-2.99342064531836,-10.6454263253042,"spike",1,506
-2.07136293041174,-2.82207687531204,-10.8825940855296,"spike",1,507
-2.07136293041174,-2.82207687531204,-10.8825940855296,"spike",1,508
-2.84399594344065,-2.60420600950008,-10.3171252447557,"spike",1,509
-2.08858457997413,-2.62320601007307,-10.5780795914324,"spike",1,510
-2.00741379621755,-2.66982140933316,-10.3043693770021,"spike",1,511
-2.00741379621755,-2.66982140933316,-10.3043693770021,"spike",1,512
-1.69545342876856,-2.67789529739821,-10.6448929797126,"spike",1,513
-1.69545342876856,-2.67789529739821,-10.6448929797126,"spike",1,514
-2.5510429801164,-2.95320921969771,-11.2157435100693,"spike",1,515
-2.5510429801164,-2.95320921969771,-11.2157435100693,"spike",1,516
-2.08422980803273,-3.00213493192979,-10.8461482246206,"spike",1,517
-2.08422980803273,-3.00213493192979,-10.8461482246206,"spike",1,518
-2.08422980803273,-3.00213493192979,-10.8461482246206,"spike",1,519
-2.08422980803273,-3.00213493192979,-10.8461482246206,"spike",1,520
-2.08422980803273,-3.00213493192979,-10.8461482246206,"spike",1,521
-2.02027349125729,-2.93290957399448,-10.4079718559065,"spike",1,522
-2.63806895884563,-3.01687909395382,-10.7709130329747,"spike",1,523
-2.63806895884563,-3.01687909395382,-10.7709130329747,"spike",1,524
-2.86983269907282,-2.68567022480532,-10.534857487111,"spike",1,525
-2.37205274863694,-2.65703516355093,-10.7409109797434,"spike",1,526
-2.62103087498187,-2.61286443593361,-10.3580198134751,"spike",1,527
-3.1611040222209,-2.68361737815074,-10.5889881968464,"spike",1,528
-3.1611040222209,-2.68361737815074,-10.5889881968464,"spike",1,529
-3.1611040222209,-2.68361737815074,-10.5889881968464,"spike",1,530
-2.66140008229002,-2.82445770538727,-11.0474540998927,"spike",1,531
-2.67890648245659,-2.94857600882166,-11.6359397959685,"spike",1,532
-2.67890648245659,-2.94857600882166,-11.6359397959685,"spike",1,533
-3.21542242725016,-2.58403213384018,-10.9269916834407,"spike",1,534
-3.68828679639468,-2.6641718440826,-11.1217966997181,"spike",1,535
-3.64297496989082,-2.70164085656641,-11.3443783806769,"spike",1,536
-3.64297496989082,-2.70164085656641,-11.3443783806769,"spike",1,537
-3.18398709340759,-3.00342326293637,-11.1356167706203,"spike",1,538
-3.18398709340759,-3.00342326293637,-11.1356167706203,"spike",1,539
-3.18398709340759,-3.00342326293637,-11.1356167706203,"spike",1,540
-3.18398709340759,-3.00342326293637,-11.1356167706203,"spike",1,541
-1.74177811355068,-2.99857591621731,-10.6223999508597,"spike",1,542
-3.43411752840455,-2.93118916975716,-10.939579024975,"spike",1,543
-2.67824198986955,-3.06924813841492,-10.5077425020166,"spike",1,544
-1.84984394335148,-2.86586921163001,-10.6400737191079,"spike",1,545
-1.66606054807389,-2.80531804260462,-10.6805279020461,"spike",1,546
-1.66606054807389,-2.80531804260462,-10.6805279020461,"spike",1,547
-1.66606054807389,-2.80531804260462,-10.6805279020461,"spike",1,548
-1.66606054807389,-2.80531804260462,-10.6805279020461,"spike",1,549
-2.79829487113572,-2.83453047242363,-11.0080319571537,"spike",1,550
-2.86801083910291,-2.86869688951695,-10.3557810977662,"spike",1,551
-2.86801083910291,-2.86869688951695,-10.3557810977662,"spike",1,552
-2.83890073431087,-3.01984076528479,-9.94764504919451,"spike",1,553
-2.86824729937941,-3.00369745083979,-10.5075569890512,"spike",1,554
-2.86928105173998,-2.68551117528863,-10.5062784717092,"spike",1,555
-2.54648636775986,-2.74213394942019,-10.2026542424429,"spike",1,556
-2.54648636775986,-2.74213394942019,-10.2026542424429,"spike",1,557
-2.20373294590854,-2.98933508611199,-11.2492449909798,"spike",1,558
-2.37907223683397,-2.88738609947074,-10.324783629961,"spike",1,559
-2.37907223683397,-2.88738609947074,-10.324783629961,"spike",1,560
-2.37907223683397,-2.88738609947074,-10.324783629961,"spike",1,561
-2.37907223683397,-2.88738609947074,-10.324783629961,"spike",1,562
-2.17342950458571,-3.13869458593633,-10.9465930616297,"spike",1,563
-2.02343898639305,-2.93499943835834,-11.1444072806754,"spike",1,564
-2.02343898639305,-2.93499943835834,-11.1444072806754,"spike",1,565
-2.02343898639305,-2.93499943835834,-11.1444072806754,"spike",1,566
-2.02343898639305,-2.93499943835834,-11.1444072806754,"spike",1,567
-2.17233727599625,-3.08755937131071,-10.6223319833088,"spike",1,568
-2.30124474458301,-3.04213153742595,-10.8850039971594,"spike",1,569
-2.30124474458301,-3.04213153742595,-10.8850039971594,"spike",1,570
-2.62057903671779,-2.84558740819105,-10.1135483747342,"spike",1,571
-2.36749809931184,-3.02948433654912,-9.98734858208179,"spike",1,572
-1.58603737709428,-2.65377718442806,-10.8438869614344,"spike",1,573
-1.58603737709428,-2.65377718442806,-10.8438869614344,"spike",1,574
-2.49278360476314,-2.7258963259089,-10.1986304313624,"spike",1,575
-3.08248624352977,-2.73926240697185,-11.4396268631742,"spike",1,576
-3.42436871194197,-2.8280613904069,-11.2715931645561,"spike",1,577
-3.4333912325205,-2.82656336103519,-11.0737955936097,"spike",1,578
-2.52491162965159,-2.81853093717088,-10.8232939446242,"spike",1,579
-2.52491162965159,-2.81853093717088,-10.8232939446242,"spike",1,580
-2.43990898703726,-3.00031770462736,-10.5222263007579,"spike",1,581
-2.43990898703726,-3.00031770462736,-10.5222263007579,"spike",1,582
-2.27008512140045,-3.01348417345059,-10.6998150507908,"spike",1,583
-2.53343827939181,-2.80480718615027,-10.4307127531501,"spike",1,584
-2.52724108401048,-2.82920674344317,-11.2543307975789,"spike",1,585
-2.52724108401048,-2.82920674344317,-11.2543307975789,"spike",1,586
-2.52724108401048,-2.82920674344317,-11.2543307975789,"spike",1,587
-2.87842118474621,-2.89996783622345,-10.9851838452165,"spike",1,588
-2.87842118474621,-2.89996783622345,-10.9851838452165,"spike",1,589
-2.87842118474621,-2.89996783622345,-10.9851838452165,"spike",1,590
-2.3206462783684,-2.83728903350891,-10.8355822579252,"spike",1,591
-2.3206462783684,-2.83728903350891,-10.8355822579252,"spike",1,592
-1.69865801785377,-2.89333070610297,-11.0536106775104,"spike",1,593
-1.69865801785377,-2.89333070610297,-11.0536106775104,"spike",1,594
-1.9032503953825,-2.70958104909726,-10.4779972021554,"spike",1,595
-2.67654916395388,-3.01209740642796,-10.393925679187,"spike",1,596
-1.8083692416558,-2.70395638434575,-10.3846941172978,"spike",1,597
-1.8577400780446,-2.97560175264055,-10.4488989266199,"spike",1,598
-2.20509739342195,-2.85366671688146,-10.551049850926,"spike",1,599
-2.59843368812194,-2.8796849668894,-10.4949905256045,"spike",1,600
-2.59843368812194,-2.8796849668894,-10.4949905256045,"spike",1,601
-3.08331039288583,-2.92976735126463,-10.493074776312,"spike",1,602
-3.08331039288583,-2.92976735126463,-10.493074776312,"spike",1,603
-2.64538116851185,-3.07754185412738,-10.7519673537954,"spike",1,604
-2.66957406167574,-2.89434468159453,-10.3679097121974,"spike",1,605
-1.87871716361067,-2.92069379006325,-10.7351864500704,"spike",1,606
-3.01632571070555,-2.90524745594031,-10.4674988494464,"spike",1,607
-2.5454257436719,-3.13767376441002,-10.9494725475271,"spike",1,608
-2.5454257436719,-3.13767376441002,-10.9494725475271,"spike",1,609
-2.550879838665,-2.85093844577744,-10.5179300750982,"spike",1,610
-2.550879838665,-2.85093844577744,-10.5179300750982,"spike",1,611
-2.550879838665,-2.85093844577744,-10.5179300750982,"spike",1,612
-2.550879838665,-2.85093844577744,-10.5179300750982,"spike",1,613
-2.550879838665,-2.85093844577744,-10.5179300750982,"spike",1,614
-2.550879838665,-2.85093844577744,-10.5179300750982,"spike",1,615
-2.550879838665,-2.85093844577744,-10.5179300750982,"spike",1,616
-1.70833726249399,-2.6972449856305,-10.1824357814039,"spike",1,617
-1.37889604149446,-2.70524466086074,-10.8317352567651,"spike",1,618
-1.37889604149446,-2.70524466086074,-10.8317352567651,"spike",1,619
-2.23115820317564,-2.87895971887073,-10.7526609206383,"spike",1,620
-2.23115820317564,-2.87895971887073,-10.7526609206383,"spike",1,621
-1.98276525820944,-2.99192301775729,-11.1062729747707,"spike",1,622
-2.13759370517142,-2.86404951125114,-11.3929140206409,"spike",1,623
-2.13759370517142,-2.86404951125114,-11.3929140206409,"spike",1,624
-2.13759370517142,-2.86404951125114,-11.3929140206409,"spike",1,625
-1.88257523318825,-2.79785880601147,-10.2249064497098,"spike",1,626
-1.88257523318825,-2.79785880601147,-10.2249064497098,"spike",1,627
-1.88257523318825,-2.79785880601147,-10.2249064497098,"spike",1,628
-1.13570052615899,-2.55994004801303,-10.9012236422647,"spike",1,629
-1.13570052615899,-2.55994004801303,-10.9012236422647,"spike",1,630
-2.59261546751091,-2.82300735836631,-10.5878952084647,"spike",1,631
-2.27610094255067,-2.7964087490779,-10.6306319387487,"spike",1,632
-2.36083853802596,-3.12738252454552,-10.5906805571643,"spike",1,633
-2.54413215517985,-3.14065465870006,-10.8560554576581,"spike",1,634
-2.72783156031482,-2.96288026159393,-11.4739507509694,"spike",1,635
-2.72783156031482,-2.96288026159393,-11.4739507509694,"spike",1,636
-2.72783156031482,-2.96288026159393,-11.4739507509694,"spike",1,637
-2.77227944961435,-2.93136161119889,-10.9642161262705,"spike",1,638
-2.77227944961435,-2.93136161119889,-10.9642161262705,"spike",1,639
-2.77227944961435,-2.93136161119889,-10.9642161262705,"spike",1,640
-2.77227944961435,-2.93136161119889,-10.9642161262705,"spike",1,641
-2.32661090811561,-2.88211616095585,-10.8931112629463,"spike",1,642
-2.18891373001413,-2.74320307333977,-10.6791007183877,"spike",1,643
-2.18891373001413,-2.74320307333977,-10.6791007183877,"spike",1,644
-2.18891373001413,-2.74320307333977,-10.6791007183877,"spike",1,645
-2.18891373001413,-2.74320307333977,-10.6791007183877,"spike",1,646
-2.8551751481394,-2.84785984236445,-10.9625580891997,"spike",1,647
-2.58999055281331,-2.98484502186147,-10.9048098570556,"spike",1,648
-2.58999055281331,-2.98484502186147,-10.9048098570556,"spike",1,649
-2.58999055281331,-2.98484502186147,-10.9048098570556,"spike",1,650
-2.58999055281331,-2.98484502186147,-10.9048098570556,"spike",1,651
-2.4679573254351,-2.96850715962858,-11.1802490426326,"spike",1,652
-2.30920002623103,-2.94715934449589,-10.8229091082197,"spike",1,653
-2.30920002623103,-2.94715934449589,-10.8229091082197,"spike",1,654
-2.30920002623103,-2.94715934449589,-10.8229091082197,"spike",1,655
-1.91702112269052,-2.73185222424329,-10.6997315119417,"spike",1,656
-2.32451055112518,-2.88654545218196,-11.016502081,"spike",1,657
-2.32451055112518,-2.88654545218196,-11.016502081,"spike",1,658
-2.85068909787585,-2.90512881480382,-10.6698201800628,"spike",1,659
-2.85068909787585,-2.90512881480382,-10.6698201800628,"spike",1,660
-2.85068909787585,-2.90512881480382,-10.6698201800628,"spike",1,661
-2.85068909787585,-2.90512881480382,-10.6698201800628,"spike",1,662
-2.85068909787585,-2.90512881480382,-10.6698201800628,"spike",1,663
-2.30999364698926,-2.95641499238679,-11.0283374045573,"spike",1,664
-2.30999364698926,-2.95641499238679,-11.0283374045573,"spike",1,665
-2.60154478770416,-2.8222179883849,-10.5586793591194,"spike",1,666
-2.60154478770416,-2.8222179883849,-10.5586793591194,"spike",1,667
-2.60154478770416,-2.8222179883849,-10.5586793591194,"spike",1,668
-2.34469136497538,-2.98010965545173,-10.9582894203296,"spike",1,669
-2.34469136497538,-2.98010965545173,-10.9582894203296,"spike",1,670
-2.34469136497538,-2.98010965545173,-10.9582894203296,"spike",1,671
-2.34469136497538,-2.98010965545173,-10.9582894203296,"spike",1,672
-2.34469136497538,-2.98010965545173,-10.9582894203296,"spike",1,673
-2.34469136497538,-2.98010965545173,-10.9582894203296,"spike",1,674
-2.93685032382046,-2.89228392415737,-10.682500156026,"spike",1,675
-2.93685032382046,-2.89228392415737,-10.682500156026,"spike",1,676
-2.52853156195843,-2.97532172736835,-10.6501551989337,"spike",1,677
-2.62689708481594,-2.9159316323661,-10.7060181506766,"spike",1,678
-2.51301495074583,-2.85887851494207,-10.7427743517382,"spike",1,679
-2.51301495074583,-2.85887851494207,-10.7427743517382,"spike",1,680
-2.51301495074583,-2.85887851494207,-10.7427743517382,"spike",1,681
-2.51301495074583,-2.85887851494207,-10.7427743517382,"spike",1,682
-2.37395815859939,-2.92695040863121,-10.4492273597368,"spike",1,683
-2.67512779990649,-2.85290593446538,-10.6889471198203,"spike",1,684
-2.71430049962479,-2.98784534787744,-10.7083999965206,"spike",1,685
-2.08178809668087,-2.98185087694146,-11.0380688384618,"spike",1,686
-2.47116301335006,-3.11338243726671,-11.1025159679648,"spike",1,687
-2.47116301335006,-3.11338243726671,-11.1025159679648,"spike",1,688
-2.47472363092614,-3.02200075864172,-10.3405055782868,"spike",1,689
-2.58025828087727,-2.78621214766918,-11.107910948608,"spike",1,690
-2.25351162862994,-2.87811943200059,-10.608597374621,"spike",1,691
-2.25351162862994,-2.87811943200059,-10.608597374621,"spike",1,692
-2.30918470647469,-2.96264934673236,-10.2915144365747,"spike",1,693
-2.30918470647469,-2.96264934673236,-10.2915144365747,"spike",1,694
-2.28043614654031,-2.80408694846666,-10.8414854090578,"spike",1,695
-1.08720218361218,-2.5641735029108,-10.7954861077345,"spike",1,696
-1.08720218361218,-2.5641735029108,-10.7954861077345,"spike",1,697
-1.6658375266271,-2.79667000220318,-10.7936640939633,"spike",1,698
-1.20659577445746,-2.65162898281938,-11.0813799371713,"spike",1,699
-1.20659577445746,-2.65162898281938,-11.0813799371713,"spike",1,700
-1.20659577445746,-2.65162898281938,-11.0813799371713,"spike",1,701
-0.884371032034452,-2.3964266300026,-11.5317696345937,"spike",1,702
-0.884371032034452,-2.3964266300026,-11.5317696345937,"spike",1,703
-1.37589211243113,-2.31360489678196,-10.70937104831,"spike",1,704
-1.44195182634967,-2.58562454022673,-10.1167476360788,"spike",1,705
-2.61663447575357,-2.83748105503802,-10.4830635240277,"spike",1,706
-2.27997145175465,-2.8327939336383,-10.8182459748117,"spike",1,707
-2.27997145175465,-2.8327939336383,-10.8182459748117,"spike",1,708
-2.34442846862037,-2.8799362009949,-10.9356523944827,"spike",1,709
-2.20801895333663,-3.06855494765609,-10.9136787105643,"spike",1,710
-2.20801895333663,-3.06855494765609,-10.9136787105643,"spike",1,711
-2.40127304156205,-2.90991901717384,-10.4736454231079,"spike",1,712
-2.40127304156205,-2.90991901717384,-10.4736454231079,"spike",1,713
-2.40127304156205,-2.90991901717384,-10.4736454231079,"spike",1,714
-3.00879286669226,-2.75544614102735,-10.1372189614995,"spike",1,715
-3.2368068450874,-2.68905182837079,-10.903026358773,"spike",1,716
-3.2368068450874,-2.68905182837079,-10.903026358773,"spike",1,717
-3.2368068450874,-2.68905182837079,-10.903026358773,"spike",1,718
-3.2368068450874,-2.68905182837079,-10.903026358773,"spike",1,719
-2.3143961199656,-2.77643859144129,-10.1529279297149,"spike",1,720
-2.3143961199656,-2.77643859144129,-10.1529279297149,"spike",1,721
-2.89935671719791,-2.76934063871173,-10.6302086617213,"spike",1,722
-2.73008316622216,-2.93004043904365,-10.4114653288106,"spike",1,723
-2.70112812392524,-3.01238523118912,-10.3412302166103,"spike",1,724
-2.53492784372757,-3.01238531579871,-10.4745749631421,"spike",1,725
-2.483396705412,-2.96795820473459,-10.5771455732327,"spike",1,726
-2.20659963133859,-2.889692530655,-10.9013788451452,"spike",1,727
-2.49151053121965,-2.81496944681928,-10.6318165024051,"spike",1,728
-2.72291226904041,-2.85975611328796,-10.5528029742875,"spike",1,729
-2.42956952647067,-2.88526606453628,-10.6960037274429,"spike",1,730
-2.42956952647067,-2.88526606453628,-10.6960037274429,"spike",1,731
-2.42956952647067,-2.88526606453628,-10.6960037274429,"spike",1,732
-2.42956952647067,-2.88526606453628,-10.6960037274429,"spike",1,733
-2.42956952647067,-2.88526606453628,-10.6960037274429,"spike",1,734
-2.42956952647067,-2.88526606453628,-10.6960037274429,"spike",1,735
-2.42956952647067,-2.88526606453628,-10.6960037274429,"spike",1,736
-2.2628184947563,-2.98062372447017,-10.3400844690038,"spike",1,737
-2.2628184947563,-2.98062372447017,-10.3400844690038,"spike",1,738
-2.02185584683212,-2.91277240347853,-10.8411692965818,"spike",1,739
-2.02185584683212,-2.91277240347853,-10.8411692965818,"spike",1,740
-2.08791675927412,-2.92359086928342,-10.8255273214469,"spike",1,741
-2.08791675927412,-2.92359086928342,-10.8255273214469,"spike",1,742
-2.08791675927412,-2.92359086928342,-10.8255273214469,"spike",1,743
-2.59634832129452,-3.00268061607937,-10.7066754311733,"spike",1,744
-2.77062035403959,-2.91115159718874,-10.7593114148527,"spike",1,745
-2.77062035403959,-2.91115159718874,-10.7593114148527,"spike",1,746
-2.77062035403959,-2.91115159718874,-10.7593114148527,"spike",1,747
-2.8841330913591,-2.87698019932839,-11.3560321284403,"spike",1,748
-2.8841330913591,-2.87698019932839,-11.3560321284403,"spike",1,749
-2.8841330913591,-2.87698019932839,-11.3560321284403,"spike",1,750
-2.8841330913591,-2.87698019932839,-11.3560321284403,"spike",1,751
-2.8841330913591,-2.87698019932839,-11.3560321284403,"spike",1,752
-2.33504069072128,-2.96960579893694,-10.4610129276881,"spike",1,753
-2.34824388185315,-2.97826007548159,-11.0861629035593,"spike",1,754
-2.34824388185315,-2.97826007548159,-11.0861629035593,"spike",1,755
-2.34824388185315,-2.97826007548159,-11.0861629035593,"spike",1,756
-1.09675348805214,-2.54324261599068,-10.5971415695081,"spike",1,757
-0.650017278918744,-2.37132536976857,-11.2259595021626,"spike",1,758
-0.44031052490704,-2.11066419240978,-10.6115500858718,"spike",1,759
-0.716117378262065,-2.35427595217248,-10.909957397128,"spike",1,760
-0.841846810976533,-2.4882982573439,-10.9656339628614,"spike",1,761
-1.37386202790097,-2.7422845844489,-11.3387801816847,"spike",1,762
-2.68848743547541,-2.82767320195192,-11.5981636950349,"spike",1,763
-2.54817632179403,-2.85665099661998,-10.6211314800282,"spike",1,764
-2.54817632179403,-2.85665099661998,-10.6211314800282,"spike",1,765
-2.54817632179403,-2.85665099661998,-10.6211314800282,"spike",1,766
-2.54817632179403,-2.85665099661998,-10.6211314800282,"spike",1,767
-2.54817632179403,-2.85665099661998,-10.6211314800282,"spike",1,768
-2.54817632179403,-2.85665099661998,-10.6211314800282,"spike",1,769
-2.54817632179403,-2.85665099661998,-10.6211314800282,"spike",1,770
-2.54817632179403,-2.85665099661998,-10.6211314800282,"spike",1,771
-2.54817632179403,-2.85665099661998,-10.6211314800282,"spike",1,772
-2.54817632179403,-2.85665099661998,-10.6211314800282,"spike",1,773
-2.54817632179403,-2.85665099661998,-10.6211314800282,"spike",1,774
-2.54817632179403,-2.85665099661998,-10.6211314800282,"spike",1,775
-2.60823930651372,-2.88069305450741,-9.91217680344858,"spike",1,776
-2.58973885552736,-2.77329960402125,-10.835218923866,"spike",1,777
-2.7768683688277,-2.77036111898778,-11.4369627691572,"spike",1,778
-2.64503483902043,-3.04522454613165,-10.8269365433837,"spike",1,779
-2.05903091802154,-2.83601131875425,-10.7850421207961,"spike",1,780
-2.05903091802154,-2.83601131875425,-10.7850421207961,"spike",1,781
-2.06697644961218,-2.84876456954837,-11.1553712637787,"spike",1,782
-2.88728403120676,-2.98202516056134,-10.7704608980115,"spike",1,783
-2.88728403120676,-2.98202516056134,-10.7704608980115,"spike",1,784
-2.88728403120676,-2.98202516056134,-10.7704608980115,"spike",1,785
-2.88728403120676,-2.98202516056134,-10.7704608980115,"spike",1,786
-2.88728403120676,-2.98202516056134,-10.7704608980115,"spike",1,787
-2.76623002690793,-2.89973746011472,-10.6144365090663,"spike",1,788
-2.76623002690793,-2.89973746011472,-10.6144365090663,"spike",1,789
-1.9417786975154,-2.80982174132217,-11.4095038516993,"spike",1,790
-2.04330592358758,-2.71008299742737,-11.2409138603924,"spike",1,791
-2.71759074950187,-2.82271897534892,-10.5136677900545,"spike",1,792
-2.71759074950187,-2.82271897534892,-10.5136677900545,"spike",1,793
-2.08229210163447,-2.90861927167795,-10.2947852960457,"spike",1,794
-2.08229210163447,-2.90861927167795,-10.2947852960457,"spike",1,795
-2.97126487117379,-3.0045111916884,-10.9191519512387,"spike",1,796
-2.98720440610937,-2.81886866252343,-11.3076000901068,"spike",1,797
-2.98720440610937,-2.81886866252343,-11.3076000901068,"spike",1,798
-2.59250376468018,-2.76674245404906,-10.7519428506662,"spike",1,799
-2.23879028508519,-2.80796646068888,-10.9832247862291,"spike",1,800
-2.23879028508519,-2.80796646068888,-10.9832247862291,"spike",1,801
-2.23879028508519,-2.80796646068888,-10.9832247862291,"spike",1,802
-2.23879028508519,-2.80796646068888,-10.9832247862291,"spike",1,803
-2.60482304749938,-2.91991744036762,-11.1841236777883,"spike",1,804
-2.91259759553235,-3.05262464895077,-10.6202306948515,"spike",1,805
-2.94873649686705,-2.78193959047108,-11.0639048152909,"spike",1,806
-2.94873649686705,-2.78193959047108,-11.0639048152909,"spike",1,807
-2.94873649686705,-2.78193959047108,-11.0639048152909,"spike",1,808
-1.88498975932626,-2.72768803552235,-10.8024555976545,"spike",1,809
-2.03610307405097,-2.88135391551719,-11.2036670883496,"spike",1,810
-2.7538938960217,-2.91475527093241,-11.1844663381978,"spike",1,811
-2.7538938960217,-2.91475527093241,-11.1844663381978,"spike",1,812
-2.7538938960217,-2.91475527093241,-11.1844663381978,"spike",1,813
-2.2102333271455,-2.99126455499918,-11.2112461123553,"spike",1,814
-2.2102333271455,-2.99126455499918,-11.2112461123553,"spike",1,815
-1.1412981343397,-2.41050819553041,-11.0562011392976,"spike",1,816
-0.3799691740639,-2.27586628617339,-11.0662434632676,"spike",1,817
-0.3799691740639,-2.27586628617339,-11.0662434632676,"spike",1,818
-0.658988680836843,-2.23836163295377,-10.4811605269872,"spike",1,819
-0.658988680836843,-2.23836163295377,-10.4811605269872,"spike",1,820
-0.789112099040406,-2.59772030209392,-10.7257075975866,"spike",1,821
-1.42667629411248,-2.47752392924228,-10.7236693519185,"spike",1,822
-1.03438730146375,-2.77446905635308,-10.4352939059791,"spike",1,823
-2.34891528491461,-2.98518744632388,-10.2278259247417,"spike",1,824
-2.34891528491461,-2.98518744632388,-10.2278259247417,"spike",1,825
-2.61051621053932,-2.70942930400733,-10.9280663387943,"spike",1,826
-1.57309415375832,-2.60956859450267,-10.8918326080416,"spike",1,827
-2.73723173606979,-2.98320786714593,-10.9526617093394,"spike",1,828
-2.73723173606979,-2.98320786714593,-10.9526617093394,"spike",1,829
-2.73723173606979,-2.98320786714593,-10.9526617093394,"spike",1,830
-3.20414301798517,-2.75625366107905,-11.5274909686421,"spike",1,831
-2.39553688827979,-2.80406650174248,-11.4055379010033,"spike",1,832
-1.7751853558087,-2.85128784059548,-10.5148178352723,"spike",1,833
-2.30739841959461,-2.88643838720128,-11.3050219413638,"spike",1,834
-2.73065352493249,-2.83605035767078,-11.1540356172572,"spike",1,835
-2.89722128516479,-2.88963275545009,-10.5324330716812,"spike",1,836
-2.89722128516479,-2.88963275545009,-10.5324330716812,"spike",1,837
-2.89722128516479,-2.88963275545009,-10.5324330716812,"spike",1,838
-2.7909346743985,-2.72429746037192,-10.8660257742219,"spike",1,839
-2.5687476544361,-2.65945285553708,-10.8594857991707,"spike",1,840
-1.42552249766897,-2.47253773700681,-10.9775155284642,"spike",1,841
-1.86267198985718,-3.0113655521449,-10.7314444894242,"spike",1,842
-2.29640215392675,-2.72726187269391,-10.6665657777041,"spike",1,843
-2.29640215392675,-2.72726187269391,-10.6665657777041,"spike",1,844
-0.956677705858958,-2.67522390089024,-10.3806217979375,"spike",1,845
-1.5976160610394,-2.4566839438544,-10.1922403167143,"spike",1,846
-3.30246657998579,-2.53281671940092,-10.9208072553315,"spike",1,847
-3.45152023797385,-2.78692675656793,-11.4884024262515,"spike",1,848
-2.44746507231963,-2.71694599214957,-11.5474994421992,"spike",1,849
-1.50908400048366,-2.58534261270321,-11.1929356197541,"spike",1,850
-2.25508769098606,-2.97441891568783,-10.9864902225167,"spike",1,851
-2.25508769098606,-2.97441891568783,-10.9864902225167,"spike",1,852
-2.25508769098606,-2.97441891568783,-10.9864902225167,"spike",1,853
-2.25508769098606,-2.97441891568783,-10.9864902225167,"spike",1,854
-2.56919759717201,-2.90517652973,-11.2884147630001,"spike",1,855
-2.56919759717201,-2.90517652973,-11.2884147630001,"spike",1,856
-2.56919759717201,-2.90517652973,-11.2884147630001,"spike",1,857
-2.42947741369753,-3.013885991937,-11.3573352850209,"spike",1,858
-2.42947741369753,-3.013885991937,-11.3573352850209,"spike",1,859
-2.51312912323539,-3.02313437075741,-10.3400848811154,"spike",1,860
-2.27063633519745,-3.03133497672175,-11.2517186625594,"spike",1,861
-2.27063633519745,-3.03133497672175,-11.2517186625594,"spike",1,862
-2.82153640736195,-2.99313000728489,-11.347339814566,"spike",1,863
-2.91711437659621,-3.03519648907968,-10.9847302218852,"spike",1,864
-2.75125705043275,-2.72974446036962,-10.4190847241931,"spike",1,865
-2.75125705043275,-2.72974446036962,-10.4190847241931,"spike",1,866
-1.80783006706675,-2.70709208682987,-10.7469158373155,"spike",1,867
-1.27739189104791,-2.70107122741436,-10.6357985403784,"spike",1,868
-2.27519945913382,-2.79434818730156,-11.0149283243695,"spike",1,869
-2.27519945913382,-2.79434818730156,-11.0149283243695,"spike",1,870
-2.27519945913382,-2.79434818730156,-11.0149283243695,"spike",1,871
-2.82382356850868,-3.05156749159947,-10.7768514351551,"spike",1,872
-2.82382356850868,-3.05156749159947,-10.7768514351551,"spike",1,873
-2.82382356850868,-3.05156749159947,-10.7768514351551,"spike",1,874
-2.82382356850868,-3.05156749159947,-10.7768514351551,"spike",1,875
-2.29127126634837,-2.7934780918573,-10.1830823296698,"spike",1,876
-2.26787392826098,-2.87780956571092,-10.7070608828026,"spike",1,877
-2.46302211804664,-2.91728705975173,-10.4078667913501,"spike",1,878
-2.46302211804664,-2.91728705975173,-10.4078667913501,"spike",1,879
-2.94382982245301,-2.85338550050551,-10.8129698814346,"spike",1,880
-2.39607444025932,-2.84007465555344,-10.7159474690165,"spike",1,881
-2.39607444025932,-2.84007465555344,-10.7159474690165,"spike",1,882
-2.57526849294645,-2.97117776244074,-11.0280259353147,"spike",1,883
-2.11098146199702,-2.83248395192078,-11.0873299213798,"spike",1,884
-2.11098146199702,-2.83248395192078,-11.0873299213798,"spike",1,885
-2.11098146199702,-2.83248395192078,-11.0873299213798,"spike",1,886
-2.82812782244435,-2.92892076392348,-11.1913357991577,"spike",1,887
-2.46079744146636,-2.88518923373757,-10.3863466722637,"spike",1,888
-2.46079744146636,-2.88518923373757,-10.3863466722637,"spike",1,889
-2.46079744146636,-2.88518923373757,-10.3863466722637,"spike",1,890
-2.01577851340225,-2.92253996386273,-10.4369175337325,"spike",1,891
-2.3612523096286,-2.94801149798469,-10.3989003965834,"spike",1,892
-2.39333060062057,-2.9094137293819,-10.8056135882117,"spike",1,893
-2.39333060062057,-2.9094137293819,-10.8056135882117,"spike",1,894
-2.39333060062057,-2.9094137293819,-10.8056135882117,"spike",1,895
-2.39333060062057,-2.9094137293819,-10.8056135882117,"spike",1,896
-2.39333060062057,-2.9094137293819,-10.8056135882117,"spike",1,897
-2.21848860230124,-2.82541692178703,-10.7180652885594,"spike",1,898
-1.71127761886382,-2.78132838441046,-10.6425577051899,"spike",1,899
-1.42887357999378,-2.57553367636993,-10.9986839655278,"spike",1,900
-1.42887357999378,-2.57553367636993,-10.9986839655278,"spike",1,901
-1.74898086952046,-2.6535981427069,-11.2547694489491,"spike",1,902
-1.01508217520971,-2.50719355118432,-10.8059202980283,"spike",1,903
-1.01508217520971,-2.50719355118432,-10.8059202980283,"spike",1,904
-1.34828021390632,-2.53668445180524,-10.5501324500143,"spike",1,905
-1.35794543746374,-2.48624357059108,-10.8028004223543,"spike",1,906
-1.7149978600411,-2.65506073715742,-11.2274261636493,"spike",1,907
-2.0961166261196,-2.74169451305609,-10.4731369941653,"spike",1,908
-2.56707671883787,-2.82600660426231,-10.9828200457239,"spike",1,909
-2.56707671883787,-2.82600660426231,-10.9828200457239,"spike",1,910
-1.90086436507136,-2.96594663998379,-10.9623930009821,"spike",1,911
-2.37077165770293,-2.84234767233137,-10.6310515578181,"spike",1,912
-2.37077165770293,-2.84234767233137,-10.6310515578181,"spike",1,913
-2.37077165770293,-2.84234767233137,-10.6310515578181,"spike",1,914
-2.58329375729212,-2.8209270197044,-11.1691818604558,"spike",1,915
-2.12731681165599,-2.89005799238966,-11.0559179287053,"spike",1,916
-2.95104674629392,-2.90340116546406,-10.6777193211037,"spike",1,917
-2.72907268371038,-2.99153555663068,-10.7569213288323,"spike",1,918
-2.4398023524297,-2.92648475502277,-10.9888731039766,"spike",1,919
-2.3762293841403,-2.79333023313794,-10.9274250924178,"spike",1,920
-2.3762293841403,-2.79333023313794,-10.9274250924178,"spike",1,921
-2.3762293841403,-2.79333023313794,-10.9274250924178,"spike",1,922
-2.3762293841403,-2.79333023313794,-10.9274250924178,"spike",1,923
-1.66576089906406,-2.66599325988817,-10.7825326076072,"spike",1,924
-1.79848163761833,-2.73379251394816,-10.2812284732496,"spike",1,925
-1.59194128156358,-2.63384815872059,-10.6009539270279,"spike",1,926
-1.76404479359155,-2.71635600711058,-11.1604807502291,"spike",1,927
-1.30421003137747,-2.59167819522067,-10.8462196440373,"spike",1,928
-2.53158439447843,-2.88143027751587,-11.0759569906925,"spike",1,929
-2.53158439447843,-2.88143027751587,-11.0759569906925,"spike",1,930
-2.53158439447843,-2.88143027751587,-11.0759569906925,"spike",1,931
-2.53158439447843,-2.88143027751587,-11.0759569906925,"spike",1,932
-2.53158439447843,-2.88143027751587,-11.0759569906925,"spike",1,933
-3.03713377105892,-2.96125638056585,-11.0084835808812,"spike",1,934
-2.37390703484624,-2.73418645373054,-11.0935955248952,"spike",1,935
-2.37390703484624,-2.73418645373054,-11.0935955248952,"spike",1,936
-1.44364847926618,-2.61767712632395,-10.7356260817418,"spike",1,937
-2.52249519475973,-3.02365771063332,-10.9485009668886,"spike",1,938
-2.72847931426212,-2.88948005104844,-11.3857648976119,"spike",1,939
-3.15145475994131,-2.7301148033272,-10.6642592928277,"spike",1,940
-2.7051375513556,-2.72355826859666,-10.5430458079811,"spike",1,941
-2.69857257756578,-2.82825713354047,-10.927603230761,"spike",1,942
-2.22720996962889,-2.90475547573265,-10.8471125435112,"spike",1,943
-2.22720996962889,-2.90475547573265,-10.8471125435112,"spike",1,944
-2.0982784379503,-3.02952227387001,-10.4065121086404,"spike",1,945
-2.0982784379503,-3.02952227387001,-10.4065121086404,"spike",1,946
-1.85279505791629,-2.82970592910521,-10.4010753697663,"spike",1,947
-1.85279505791629,-2.82970592910521,-10.4010753697663,"spike",1,948
-1.85279505791629,-2.82970592910521,-10.4010753697663,"spike",1,949
-2.71340003126996,-2.93002802434481,-10.9017783647869,"spike",1,950
-2.71340003126996,-2.93002802434481,-10.9017783647869,"spike",1,951
-2.71340003126996,-2.93002802434481,-10.9017783647869,"spike",1,952
-2.71340003126996,-2.93002802434481,-10.9017783647869,"spike",1,953
-2.71340003126996,-2.93002802434481,-10.9017783647869,"spike",1,954
-1.86900813607792,-2.70260016570477,-10.4504532427473,"spike",1,955
-1.75143102798664,-2.84890147728859,-10.4208604661665,"spike",1,956
-1.75143102798664,-2.84890147728859,-10.4208604661665,"spike",1,957
-2.04450410819788,-2.74734619755319,-10.2168410476041,"spike",1,958
-2.3212798803036,-2.73454675611208,-10.7530088674827,"spike",1,959
-2.17160946063875,-3.02655798523894,-10.834769966868,"spike",1,960
-2.17160946063875,-3.02655798523894,-10.834769966868,"spike",1,961
-2.68572476888547,-2.96519024237577,-10.7080824310538,"spike",1,962
-2.68572476888547,-2.96519024237577,-10.7080824310538,"spike",1,963
-2.66342156633904,-3.07496617635319,-10.472430903312,"spike",1,964
-2.13089812618977,-2.78550297363145,-10.2981633510888,"spike",1,965
-2.13089812618977,-2.78550297363145,-10.2981633510888,"spike",1,966
-1.73261772833006,-2.91003559192556,-11.0400632112739,"spike",1,967
-1.74914220740314,-2.74399718567578,-11.1923729892798,"spike",1,968
-1.74914220740314,-2.74399718567578,-11.1923729892798,"spike",1,969
-2.10783489774719,-2.81110400557335,-10.5633061807767,"spike",1,970
-2.63650518775881,-2.91703231958687,-11.259837938977,"spike",1,971
-2.78331569302759,-2.95622384494798,-11.0888623511613,"spike",1,972
-2.38691850544221,-2.81940919109062,-10.8579328297286,"spike",1,973
-2.38691850544221,-2.81940919109062,-10.8579328297286,"spike",1,974
-2.65139271941585,-2.83642399242715,-10.9430106369926,"spike",1,975
-2.14231102460158,-2.93364108954015,-10.2810219180013,"spike",1,976
-3.49393063759376,-2.73387359979219,-10.6616919631953,"spike",1,977
-2.78959171069204,-2.63994892367308,-11.1169510588883,"spike",1,978
-3.45151226362656,-2.53911023997742,-10.6998163170742,"spike",1,979
-3.27406525881545,-2.8705563391433,-10.7562983651967,"spike",1,980
-2.48900918412483,-3.02783304358758,-10.355361376019,"spike",1,981
-2.48900918412483,-3.02783304358758,-10.355361376019,"spike",1,982
-2.48900918412483,-3.02783304358758,-10.355361376019,"spike",1,983
-2.48900918412483,-3.02783304358758,-10.355361376019,"spike",1,984
-2.80089878047435,-3.03789797567052,-10.3261709721753,"spike",1,985
-2.83285468582517,-2.98696611069618,-11.3513556092217,"spike",1,986
-2.83285468582517,-2.98696611069618,-11.3513556092217,"spike",1,987
-3.14396309657303,-2.77082070209658,-10.8148765741066,"spike",1,988
-1.75163900219152,-2.76045615859705,-10.7255725512045,"spike",1,989
-1.75163900219152,-2.76045615859705,-10.7255725512045,"spike",1,990
-1.75163900219152,-2.76045615859705,-10.7255725512045,"spike",1,991
-1.75163900219152,-2.76045615859705,-10.7255725512045,"spike",1,992
-1.75163900219152,-2.76045615859705,-10.7255725512045,"spike",1,993
-3.02996024940305,-2.90390655542558,-10.8771967075253,"spike",1,994
-2.66948852260222,-2.86469797574332,-11.244041641686,"spike",1,995
-3.33193219925402,-2.86177451973677,-10.4012222661545,"spike",1,996
-3.33193219925402,-2.86177451973677,-10.4012222661545,"spike",1,997
-3.15078369327754,-2.87466953254017,-10.3685930470872,"spike",1,998
-3.15078369327754,-2.87466953254017,-10.3685930470872,"spike",1,999
-2.50604900570815,-2.76735270874915,-11.3911838532802,"spike",1,1000
-2.46549872021433,-2.93731206206064,-10.594111735459,"spike",1,1001
-2.1203882656283,-2.63989812434779,-10.6880483642787,"spike",1,1002
-2.1203882656283,-2.63989812434779,-10.6880483642787,"spike",1,1003
-2.1203882656283,-2.63989812434779,-10.6880483642787,"spike",1,1004
-2.1203882656283,-2.63989812434779,-10.6880483642787,"spike",1,1005
-1.71790565477842,-2.56626165074658,-10.5937374706556,"spike",1,1006
-3.11697755535438,-2.64752836383247,-10.123220743736,"spike",1,1007
-2.9996349408438,-2.77899011031218,-10.0446021220677,"spike",1,1008
-2.9996349408438,-2.77899011031218,-10.0446021220677,"spike",1,1009
-2.68089395663554,-2.90777424138889,-10.4149274925926,"spike",1,1010
-2.68089395663554,-2.90777424138889,-10.4149274925926,"spike",1,1011
-2.50512566587183,-2.93160806933551,-10.4585940567206,"spike",1,1012
-2.50512566587183,-2.93160806933551,-10.4585940567206,"spike",1,1013
-2.58266100407443,-2.83579001378771,-10.7051614272243,"spike",1,1014
-2.52410954307705,-2.86599601402593,-11.0392911589306,"spike",1,1015
-2.52410954307705,-2.86599601402593,-11.0392911589306,"spike",1,1016
-2.52410954307705,-2.86599601402593,-11.0392911589306,"spike",1,1017
-2.91516775724461,-2.96763395251554,-10.6762623853093,"spike",1,1018
-2.86529280819058,-2.97874823621229,-10.6673243639093,"spike",1,1019
-2.86529280819058,-2.97874823621229,-10.6673243639093,"spike",1,1020
-2.23982186362508,-2.83386253413011,-10.4195509077008,"spike",1,1021
-2.26712275986252,-2.89618803972858,-10.1540927077538,"spike",1,1022
-2.12449467095188,-2.88287538657782,-10.7712117759544,"spike",1,1023
-2.12805647380985,-2.80990815735709,-10.7101765531008,"spike",1,1024
-2.15358521997359,-3.06450682802894,-10.7103736204414,"spike",1,1025
-2.83534779944984,-2.99012603731395,-9.95907995833278,"spike",1,1026
-2.36018706506119,-2.81747896433122,-10.1706471000789,"spike",1,1027
-2.9085960933196,-2.91480503166976,-10.9685055921692,"spike",1,1028
-3.20457956273444,-2.90068519073933,-11.1141271629111,"spike",1,1029
-2.91286888502032,-3.16825782181931,-10.3660107990606,"spike",1,1030
-2.82383243815091,-3.14869645293417,-10.9937482302489,"spike",1,1031
-2.82383243815091,-3.14869645293417,-10.9937482302489,"spike",1,1032
-2.66875930517017,-2.74557128534976,-10.7275003589484,"spike",1,1033
-2.94303588153441,-2.97626474279685,-10.6806779116864,"spike",1,1034
-3.12227316325937,-2.82306797636065,-10.973719814247,"spike",1,1035
-2.9985482312256,-2.85865939447393,-11.240931201759,"spike",1,1036
-2.9985482312256,-2.85865939447393,-11.240931201759,"spike",1,1037
-2.90899647135538,-2.94317991109109,-10.7632429883072,"spike",1,1038
-2.32919517920342,-2.95800340927626,-10.4660924790716,"spike",1,1039
-2.73103557772494,-2.95598786527693,-10.0196934415045,"spike",1,1040
-2.6986845507811,-2.86129470621049,-10.3939622651311,"spike",1,1041
-2.87282846549901,-3.02492540608523,-10.6143264798346,"spike",1,1042
-2.27091283437179,-2.90681624876192,-10.2638019053983,"spike",1,1043
-2.02383405268073,-2.82401929834739,-11.5882991134907,"spike",1,1044
-2.70566565109729,-2.80609641799737,-10.60824893009,"spike",1,1045
-2.98782033131583,-2.82723917219547,-10.5087102304145,"spike",1,1046
-2.98782033131583,-2.82723917219547,-10.5087102304145,"spike",1,1047
-2.98782033131583,-2.82723917219547,-10.5087102304145,"spike",1,1048
-2.06296752910711,-2.97027620738633,-10.3804610025113,"spike",1,1049
-2.0877566281525,-2.96697833453665,-10.8923841464227,"spike",1,1050
-2.0877566281525,-2.96697833453665,-10.8923841464227,"spike",1,1051
-3.15584143756634,-2.77804444568826,-11.2737509620975,"spike",1,1052
-2.63135225230759,-2.86497877916653,-10.7618429470891,"spike",1,1053
-2.53090850077979,-2.94345054759875,-10.8081999050066,"spike",1,1054
-2.50944474004728,-2.74740171702556,-10.9197221420433,"spike",1,1055
-2.55638777055373,-2.7674072730373,-10.9390724949183,"spike",1,1056
-2.55638777055373,-2.7674072730373,-10.9390724949183,"spike",1,1057
-2.55638777055373,-2.7674072730373,-10.9390724949183,"spike",1,1058
-2.64592583085811,-2.71284974192796,-11.0369799957809,"spike",1,1059
-2.50683657479484,-2.78857816295091,-10.9138762400418,"spike",1,1060
-1.99187211884853,-2.83315519120636,-10.9056345797563,"spike",1,1061
-1.99187211884853,-2.83315519120636,-10.9056345797563,"spike",1,1062
-1.99187211884853,-2.83315519120636,-10.9056345797563,"spike",1,1063
-1.99187211884853,-2.83315519120636,-10.9056345797563,"spike",1,1064
-1.99187211884853,-2.83315519120636,-10.9056345797563,"spike",1,1065
-2.5437399514822,-3.0042923196414,-10.7514977306589,"spike",1,1066
-2.5437399514822,-3.0042923196414,-10.7514977306589,"spike",1,1067
-2.5437399514822,-3.0042923196414,-10.7514977306589,"spike",1,1068
-1.49009477985707,-2.75820196077022,-10.4314949459252,"spike",1,1069
-2.31600859251735,-3.12730485363771,-10.3566946862221,"spike",1,1070
-3.19957413643856,-2.88467324973889,-10.4317025643214,"spike",1,1071
-2.62226166493022,-2.94715861141744,-10.0313846190273,"spike",1,1072
-2.62226166493022,-2.94715861141744,-10.0313846190273,"spike",1,1073
-2.62226166493022,-2.94715861141744,-10.0313846190273,"spike",1,1074
-1.78748800906569,-2.69360004301358,-10.8657455612893,"spike",1,1075
-2.96061815563766,-3.07509752459005,-10.4161118877122,"spike",1,1076
-2.96061815563766,-3.07509752459005,-10.4161118877122,"spike",1,1077
-2.96061815563766,-3.07509752459005,-10.4161118877122,"spike",1,1078
-3.16904870534737,-2.95031448323878,-10.522233693442,"spike",1,1079
-2.23325316374675,-2.9653317851196,-11.1838817524438,"spike",1,1080
-1.9065993522864,-2.9345367827646,-10.0973677444432,"spike",1,1081
-1.85250579202808,-2.56113703027625,-10.8714735042719,"spike",1,1082
-1.03416800095106,-2.54810575619882,-11.5442902832278,"spike",1,1083
-1.66935315189407,-2.78657061047148,-11.5108154211594,"spike",1,1084
-1.66935315189407,-2.78657061047148,-11.5108154211594,"spike",1,1085
-1.35154378763105,-2.67405068586819,-11.0027308371352,"spike",1,1086
-1.35154378763105,-2.67405068586819,-11.0027308371352,"spike",1,1087
-1.35154378763105,-2.67405068586819,-11.0027308371352,"spike",1,1088
-3.07497666110074,-2.82926809931256,-10.8752907862841,"spike",1,1089
-2.40344876080082,-2.80987419588186,-10.7365045791889,"spike",1,1090
-2.40344876080082,-2.80987419588186,-10.7365045791889,"spike",1,1091
-2.40344876080082,-2.80987419588186,-10.7365045791889,"spike",1,1092
-2.40344876080082,-2.80987419588186,-10.7365045791889,"spike",1,1093
-2.5929603670588,-2.94629125065107,-10.7310329760237,"spike",1,1094
-2.57585272335423,-2.97399302680054,-10.7177706708797,"spike",1,1095
-2.57585272335423,-2.97399302680054,-10.7177706708797,"spike",1,1096
-2.57585272335423,-2.97399302680054,-10.7177706708797,"spike",1,1097
-2.35310756672495,-2.92402625707126,-10.9206170082046,"spike",1,1098
-2.35310756672495,-2.92402625707126,-10.9206170082046,"spike",1,1099
-2.35310756672495,-2.92402625707126,-10.9206170082046,"spike",1,1100
-2.35310756672495,-2.92402625707126,-10.9206170082046,"spike",1,1101
-3.37797182012151,-2.67947125065152,-10.7843806619448,"spike",1,1102
-3.37797182012151,-2.67947125065152,-10.7843806619448,"spike",1,1103
-2.86894586712654,-2.83628095999761,-10.5925906783796,"spike",1,1104
-2.86894586712654,-2.83628095999761,-10.5925906783796,"spike",1,1105
-2.86894586712654,-2.83628095999761,-10.5925906783796,"spike",1,1106
-2.86894586712654,-2.83628095999761,-10.5925906783796,"spike",1,1107
-2.86894586712654,-2.83628095999761,-10.5925906783796,"spike",1,1108
-2.86894586712654,-2.83628095999761,-10.5925906783796,"spike",1,1109
-3.07131839029165,-2.91572141496293,-10.7333830988353,"spike",1,1110
-3.07131839029165,-2.91572141496293,-10.7333830988353,"spike",1,1111
-2.78701388046521,-2.79417543823683,-10.2341704424019,"spike",1,1112
-2.78701388046521,-2.79417543823683,-10.2341704424019,"spike",1,1113
-2.82615568650703,-3.02652052259504,-10.3723741055197,"spike",1,1114
-2.32349259164249,-2.78961392971485,-10.8862344623597,"spike",1,1115
-2.2685709145989,-2.85717315945615,-10.5552269159821,"spike",1,1116
-2.17868483543848,-2.8324912327634,-10.7257745696793,"spike",1,1117
-2.17868483543848,-2.8324912327634,-10.7257745696793,"spike",1,1118
-2.11431251224285,-2.7477589191105,-10.7293184406407,"spike",1,1119
-2.11431251224285,-2.7477589191105,-10.7293184406407,"spike",1,1120
-2.11431251224285,-2.7477589191105,-10.7293184406407,"spike",1,1121
-1.70117922199693,-2.84108481134531,-10.5268298275769,"spike",1,1122
-2.77532441832608,-2.80156275123305,-10.8519724193831,"spike",1,1123
-2.77532441832608,-2.80156275123305,-10.8519724193831,"spike",1,1124
-2.40685326634766,-3.01423041287079,-10.4333988544696,"spike",1,1125
-2.13658677769149,-2.85084453722638,-10.8821185713166,"spike",1,1126
-0.899569739649262,-2.54072342386844,-10.8962131888248,"spike",1,1127
-1.79500522937793,-2.6245847393134,-10.0208562788182,"spike",1,1128
-2.05702988056765,-2.6932470866955,-10.2614303343138,"spike",1,1129
-1.67540663355062,-2.79522307682116,-10.5408254707839,"spike",1,1130
-2.30104071903375,-3.07753144763716,-10.1841340565662,"spike",1,1131
-2.30104071903375,-3.07753144763716,-10.1841340565662,"spike",1,1132
-2.30104071903375,-3.07753144763716,-10.1841340565662,"spike",1,1133
-2.30104071903375,-3.07753144763716,-10.1841340565662,"spike",1,1134
-1.49518351100859,-2.72093260101586,-10.7770855556618,"spike",1,1135
-2.38883343401078,-2.83991107760034,-10.5155417581355,"spike",1,1136
-2.54636787355436,-2.94071026961891,-10.6534295021065,"spike",1,1137
-2.54636787355436,-2.94071026961891,-10.6534295021065,"spike",1,1138
-2.50749822219229,-2.80411270121747,-10.9602784207224,"spike",1,1139
-2.24695328034907,-2.8973367307814,-10.6985174310291,"spike",1,1140
-2.46055909028862,-2.9934254657862,-11.0420540349998,"spike",1,1141
-2.46055909028862,-2.9934254657862,-11.0420540349998,"spike",1,1142
-2.46055909028862,-2.9934254657862,-11.0420540349998,"spike",1,1143
-2.77300930549753,-2.85462466931536,-11.138497274714,"spike",1,1144
-2.87520767364989,-2.9946042707906,-10.5755852383443,"spike",1,1145
-2.28267850792551,-2.98519748671911,-10.3852157405146,"spike",1,1146
-2.37547696520146,-2.84927628660277,-10.6424695300552,"spike",1,1147
-2.37547696520146,-2.84927628660277,-10.6424695300552,"spike",1,1148
-2.39207621195092,-3.02069643006981,-10.5226729942161,"spike",1,1149
-2.39207621195092,-3.02069643006981,-10.5226729942161,"spike",1,1150
-2.12838541888485,-2.97904853809668,-11.226220303767,"spike",1,1151
-1.73616038815132,-2.99964750852347,-10.5778871575303,"spike",1,1152
-1.73616038815132,-2.99964750852347,-10.5778871575303,"spike",1,1153
-2.2271539971328,-3.0197240155106,-11.2211725219074,"spike",1,1154
-2.2271539971328,-3.0197240155106,-11.2211725219074,"spike",1,1155
-2.59563944842061,-3.04380574617367,-11.0966480717963,"spike",1,1156
-2.60555103739425,-3.15542339856152,-10.3513367204282,"spike",1,1157
-1.10111799497288,-2.6550167962817,-9.90483287617769,"spike",1,1158
-1.18701806623087,-2.66077952725989,-10.8844783333276,"spike",1,1159
-1.67245643685569,-2.60231765247761,-10.726501881047,"spike",1,1160
-2.3021372374751,-2.64729992378898,-10.5679116096276,"spike",1,1161
-2.3021372374751,-2.64729992378898,-10.5679116096276,"spike",1,1162
-2.3021372374751,-2.64729992378898,-10.5679116096276,"spike",1,1163
-2.03069235117077,-2.98982628589312,-10.3828402980175,"spike",1,1164
-1.95251982916235,-2.82105291931196,-11.205082512848,"spike",1,1165
-1.95251982916235,-2.82105291931196,-11.205082512848,"spike",1,1166
-1.11677556522275,-2.51331679175817,-10.9803738715866,"spike",1,1167
-2.1331920697296,-2.56283626576612,-10.4758108306556,"spike",1,1168
-1.4212693460675,-2.86094472366307,-10.4238932112851,"spike",1,1169
-1.4212693460675,-2.86094472366307,-10.4238932112851,"spike",1,1170
-1.4212693460675,-2.86094472366307,-10.4238932112851,"spike",1,1171
-1.4212693460675,-2.86094472366307,-10.4238932112851,"spike",1,1172
-2.57136124478901,-2.89387862950215,-11.1513056213999,"spike",1,1173
-2.57136124478901,-2.89387862950215,-11.1513056213999,"spike",1,1174
-2.57136124478901,-2.89387862950215,-11.1513056213999,"spike",1,1175
-2.57136124478901,-2.89387862950215,-11.1513056213999,"spike",1,1176
-2.74739000292841,-2.81610071651005,-11.0043937221425,"spike",1,1177
-2.95826642107291,-2.79543944681175,-10.8160834900376,"spike",1,1178
-2.39236418494781,-2.81866329891882,-11.4859133318294,"spike",1,1179
-2.45382650497277,-2.81708457350735,-11.3127156590419,"spike",1,1180
-2.58481758843425,-2.83380322290936,-10.8255746899535,"spike",1,1181
-2.79838398977409,-2.92184482078426,-10.6883343600244,"spike",1,1182
-2.79838398977409,-2.92184482078426,-10.6883343600244,"spike",1,1183
-2.79838398977409,-2.92184482078426,-10.6883343600244,"spike",1,1184
-2.48519060305185,-2.88894995475056,-10.6356461874119,"spike",1,1185
-2.48333013878445,-2.91742092550801,-10.4044842985068,"spike",1,1186
-2.48333013878445,-2.91742092550801,-10.4044842985068,"spike",1,1187
-2.48333013878445,-2.91742092550801,-10.4044842985068,"spike",1,1188
-2.53670870328471,-3.11824763286784,-10.8782669978243,"spike",1,1189
-2.53670870328471,-3.11824763286784,-10.8782669978243,"spike",1,1190
-2.53670870328471,-3.11824763286784,-10.8782669978243,"spike",1,1191
-2.56490607677197,-2.7603644877519,-11.1435537899963,"spike",1,1192
-2.56490607677197,-2.7603644877519,-11.1435537899963,"spike",1,1193
-2.56490607677197,-2.7603644877519,-11.1435537899963,"spike",1,1194
-1.36004482232574,-2.50193829089963,-10.8527610332317,"spike",1,1195
-2.69413715517977,-2.97421117302501,-11.4307554506076,"spike",1,1196
-2.69413715517977,-2.97421117302501,-11.4307554506076,"spike",1,1197
-2.61141188444875,-2.64082716029879,-10.6597084734296,"spike",1,1198
-2.32540640976104,-2.68297550756545,-10.1546198878686,"spike",1,1199
-2.4133202548686,-2.87618662735847,-10.5883691516384,"spike",1,1200
-2.63254112641671,-3.02776542584536,-10.991428544424,"spike",1,1201
-2.41609327260181,-3.08753719345217,-10.4737021777601,"spike",1,1202
-2.41609327260181,-3.08753719345217,-10.4737021777601,"spike",1,1203
-2.41609327260181,-3.08753719345217,-10.4737021777601,"spike",1,1204
-2.77786466251563,-3.00014068479577,-11.1758043907118,"spike",1,1205
-2.61545048019012,-2.7246474032992,-10.9030536243147,"spike",1,1206
-2.61545048019012,-2.7246474032992,-10.9030536243147,"spike",1,1207
-2.19477676329981,-2.90677239654359,-11.0901019124218,"spike",1,1208
-2.19477676329981,-2.90677239654359,-11.0901019124218,"spike",1,1209
-2.14706261504851,-2.77909328939978,-10.7059041285532,"spike",1,1210
-2.14706261504851,-2.77909328939978,-10.7059041285532,"spike",1,1211
-1.72037886939539,-2.79752265554062,-10.4551052216865,"spike",1,1212
-1.78121803176485,-2.68011844412994,-10.4289784295092,"spike",1,1213
-2.84706602339741,-2.73932059087428,-10.5742639905449,"spike",1,1214
-2.84706602339741,-2.73932059087428,-10.5742639905449,"spike",1,1215
-2.94466959972638,-2.86688250590192,-10.5133264270638,"spike",1,1216
-2.94466959972638,-2.86688250590192,-10.5133264270638,"spike",1,1217
-2.94466959972638,-2.86688250590192,-10.5133264270638,"spike",1,1218
-2.94466959972638,-2.86688250590192,-10.5133264270638,"spike",1,1219
-2.26652350267998,-2.96950190997104,-10.6154436723761,"spike",1,1220
-2.26652350267998,-2.96950190997104,-10.6154436723761,"spike",1,1221
-2.26652350267998,-2.96950190997104,-10.6154436723761,"spike",1,1222
-2.26652350267998,-2.96950190997104,-10.6154436723761,"spike",1,1223
-2.26652350267998,-2.96950190997104,-10.6154436723761,"spike",1,1224
-2.67278420076204,-2.93327514403828,-10.3829790835093,"spike",1,1225
-2.67278420076204,-2.93327514403828,-10.3829790835093,"spike",1,1226
-2.67278420076204,-2.93327514403828,-10.3829790835093,"spike",1,1227
-2.67278420076204,-2.93327514403828,-10.3829790835093,"spike",1,1228
-2.67278420076204,-2.93327514403828,-10.3829790835093,"spike",1,1229
-2.46362033871343,-2.93989356368655,-11.1291144451306,"spike",1,1230
-2.46362033871343,-2.93989356368655,-11.1291144451306,"spike",1,1231
-2.46362033871343,-2.93989356368655,-11.1291144451306,"spike",1,1232
-2.46362033871343,-2.93989356368655,-11.1291144451306,"spike",1,1233
-2.32197831644777,-2.98806106767263,-10.7187388457248,"spike",1,1234
-2.59714199809251,-2.849149041768,-10.7855848304982,"spike",1,1235
-2.46777391159497,-2.9996095943554,-11.0699322479374,"spike",1,1236
-2.55596889538552,-2.73029656033629,-10.1116523893647,"spike",1,1237
-2.55596889538552,-2.73029656033629,-10.1116523893647,"spike",1,1238
-3.33098916894251,-2.77284853465062,-10.7951316471373,"spike",1,1239
-2.01958967263159,-2.94419327286021,-10.4388386025507,"spike",1,1240
-2.05207132750496,-2.9239961883171,-10.4937044967458,"spike",1,1241
-2.81866085269081,-2.90129742386007,-11.2021457524343,"spike",1,1242
-1.81200500948151,-2.96427553585859,-10.8816192010951,"spike",1,1243
-2.28062559944719,-2.89349786716694,-11.0740604044995,"spike",1,1244
-2.28062559944719,-2.89349786716694,-11.0740604044995,"spike",1,1245
-2.28062559944719,-2.89349786716694,-11.0740604044995,"spike",1,1246
-2.28062559944719,-2.89349786716694,-11.0740604044995,"spike",1,1247
-2.28062559944719,-2.89349786716694,-11.0740604044995,"spike",1,1248
-2.28062559944719,-2.89349786716694,-11.0740604044995,"spike",1,1249
-2.28062559944719,-2.89349786716694,-11.0740604044995,"spike",1,1250
-3.0377164659825,-2.89190604981297,-10.5747511206967,"spike",1,1251
-3.09515007279565,-2.73120438304783,-11.0626136803177,"spike",1,1252
-2.83119486199854,-2.7045066755096,-11.1554545184164,"spike",1,1253
-1.17761630283839,-2.49261615128883,-11.2995622882502,"spike",1,1254
-1.0458219057997,-2.35896263197817,-11.0737730032287,"spike",1,1255
-0.653634527896824,-2.48832228682854,-10.88827098602,"spike",1,1256
-1.90137922199207,-2.79167090799432,-10.4097760930678,"spike",1,1257
-1.68151322593168,-2.67650345053255,-10.5940452031671,"spike",1,1258
-1.50831703056568,-2.59291159858663,-11.056790649882,"spike",1,1259
-1.88008839130076,-2.52306813135538,-10.6494633480897,"spike",1,1260
-1.46448636078701,-2.68164901284551,-10.4622885171353,"spike",1,1261
-1.46448636078701,-2.68164901284551,-10.4622885171353,"spike",1,1262
-3.24423918637026,-2.74601012640447,-10.2325927448207,"spike",1,1263
-3.24423918637026,-2.74601012640447,-10.2325927448207,"spike",1,1264
-3.03447193464659,-2.80825317429928,-11.0618056843343,"spike",1,1265
-3.03447193464659,-2.80825317429928,-11.0618056843343,"spike",1,1266
-2.86559532751071,-3.06263881561536,-11.3129166526329,"spike",1,1267
-2.4226844424263,-2.89990928705597,-10.6389295773334,"spike",1,1268
-2.4226844424263,-2.89990928705597,-10.6389295773334,"spike",1,1269
-2.4226844424263,-2.89990928705597,-10.6389295773334,"spike",1,1270
-2.7619268025303,-3.0068544559403,-10.9323646221911,"spike",1,1271
-2.18675632059973,-2.99156823489727,-11.1251447370841,"spike",1,1272
-2.30728844803945,-2.81112831032525,-10.9342153614345,"spike",1,1273
-2.34419430390457,-2.8933701985242,-11.1824640992655,"spike",1,1274
-1.94632965360697,-2.78005773865623,-10.4311704490774,"spike",1,1275
-2.85292685007905,-3.01335374418598,-10.5234714924469,"spike",1,1276
-2.18218209841904,-2.7232611938213,-11.2838763785643,"spike",1,1277
-1.19019381397175,-2.45036117995172,-11.0565279523016,"spike",1,1278
-1.19019381397175,-2.45036117995172,-11.0565279523016,"spike",1,1279
-1.48920036340322,-2.69679796240423,-10.5908621249034,"spike",1,1280
-2.45984767754608,-2.65969453213462,-10.9191455740514,"spike",1,1281
-2.88438993148682,-2.90617884465863,-10.6313831537342,"spike",1,1282
-1.97216860276712,-2.92662171519914,-11.0500607762573,"spike",1,1283
-2.11286772713557,-3.05212624532336,-10.628333644581,"spike",1,1284
-2.11286772713557,-3.05212624532336,-10.628333644581,"spike",1,1285
-2.72390327626241,-3.12197962038673,-10.6180086675395,"spike",1,1286
-2.18395871874609,-2.89803017045636,-11.0804089094191,"spike",1,1287
-2.13430859009284,-2.96822813386663,-10.8245272839351,"spike",1,1288
-2.13430859009284,-2.96822813386663,-10.8245272839351,"spike",1,1289
-1.78661985045402,-2.94851547160963,-10.5818571089563,"spike",1,1290
-1.78661985045402,-2.94851547160963,-10.5818571089563,"spike",1,1291
-3.15000887482254,-2.87226581372741,-11.0174687142949,"spike",1,1292
-3.15000887482254,-2.87226581372741,-11.0174687142949,"spike",1,1293
-2.24708364294903,-2.94870646082496,-10.6761990603884,"spike",1,1294
-2.3517075096126,-2.81492293490037,-11.2009261167129,"spike",1,1295
-2.3517075096126,-2.81492293490037,-11.2009261167129,"spike",1,1296
-2.42257286353216,-3.07518789104954,-11.1205432669126,"spike",1,1297
-1.98295762356592,-2.88360400324461,-10.9196068467763,"spike",1,1298
-1.98295762356592,-2.88360400324461,-10.9196068467763,"spike",1,1299
-1.98295762356592,-2.88360400324461,-10.9196068467763,"spike",1,1300
-2.63585112916165,-3.13229356374803,-10.690033365977,"spike",1,1301
-2.63585112916165,-3.13229356374803,-10.690033365977,"spike",1,1302
-2.4249564570355,-2.94896138507706,-10.8324792185816,"spike",1,1303
-2.4249564570355,-2.94896138507706,-10.8324792185816,"spike",1,1304
-2.16184351059001,-2.99643039917497,-10.6823405343557,"spike",1,1305
-2.0327154170635,-2.9304693330874,-10.0244285679555,"spike",1,1306
-2.0327154170635,-2.9304693330874,-10.0244285679555,"spike",1,1307
-1.63032347420348,-2.67700395723184,-10.3938136800753,"spike",1,1308
-3.13564098007367,-2.90303567922972,-10.49875374048,"spike",1,1309
-3.13564098007367,-2.90303567922972,-10.49875374048,"spike",1,1310
-1.93083414693512,-2.74487547607275,-10.8434113206155,"spike",1,1311
-2.22235294803381,-2.76843559848434,-10.4743768519132,"spike",1,1312
-2.22235294803381,-2.76843559848434,-10.4743768519132,"spike",1,1313
-2.14470716796696,-2.77271916699353,-10.695142854601,"spike",1,1314
-2.28254014034053,-2.75171955804765,-11.4082236479546,"spike",1,1315
-2.48125256420851,-2.78623605005503,-11.5731906613082,"spike",1,1316
-3.24310848890828,-2.58419475774341,-10.8904297134583,"spike",1,1317
-2.89159180228372,-2.83783234951933,-10.5108178532116,"spike",1,1318
-2.89159180228372,-2.83783234951933,-10.5108178532116,"spike",1,1319
-2.89159180228372,-2.83783234951933,-10.5108178532116,"spike",1,1320
-2.36054048605812,-2.75197381416567,-10.7384527389232,"spike",1,1321
-2.67074496285865,-2.85130809360349,-10.8261390502781,"spike",1,1322
-2.77545029421796,-2.93012581721082,-10.6199537047973,"spike",1,1323
-2.77545029421796,-2.93012581721082,-10.6199537047973,"spike",1,1324
-2.77545029421796,-2.93012581721082,-10.6199537047973,"spike",1,1325
-2.77545029421796,-2.93012581721082,-10.6199537047973,"spike",1,1326
-2.77545029421796,-2.93012581721082,-10.6199537047973,"spike",1,1327
-2.77545029421796,-2.93012581721082,-10.6199537047973,"spike",1,1328
-2.36079271993667,-2.93989433615834,-10.9837154464913,"spike",1,1329
-2.36079271993667,-2.93989433615834,-10.9837154464913,"spike",1,1330
-2.36079271993667,-2.93989433615834,-10.9837154464913,"spike",1,1331
-2.36079271993667,-2.93989433615834,-10.9837154464913,"spike",1,1332
-2.36079271993667,-2.93989433615834,-10.9837154464913,"spike",1,1333
-2.73107026454824,-2.78291668480355,-10.6587970449197,"spike",1,1334
-3.1373169003754,-2.99872517087521,-10.3656506537401,"spike",1,1335
-2.57435140545667,-3.07745366736655,-10.3444123378695,"spike",1,1336
-2.7978231064118,-2.79593898332733,-10.8654894033371,"spike",1,1337
-2.7978231064118,-2.79593898332733,-10.8654894033371,"spike",1,1338
-2.7978231064118,-2.79593898332733,-10.8654894033371,"spike",1,1339
-2.7978231064118,-2.79593898332733,-10.8654894033371,"spike",1,1340
-1.80311336621971,-2.84937878204296,-11.0452255291617,"spike",1,1341
-2.15873765043891,-2.91193578978622,-10.8177353437211,"spike",1,1342
-2.15873765043891,-2.91193578978622,-10.8177353437211,"spike",1,1343
-2.15873765043891,-2.91193578978622,-10.8177353437211,"spike",1,1344
-2.55283202235463,-2.89875461874269,-10.7697303637357,"spike",1,1345
-2.55283202235463,-2.89875461874269,-10.7697303637357,"spike",1,1346
-2.46540535037721,-2.72467580639109,-10.6580165544551,"spike",1,1347
-2.46540535037721,-2.72467580639109,-10.6580165544551,"spike",1,1348
-2.66424218680421,-2.9473602207694,-11.5562059215637,"spike",1,1349
-2.90360145196655,-2.77207277219881,-10.3045747084429,"spike",1,1350
-1.58143317303494,-2.64979901814128,-10.7032286652608,"spike",1,1351
-2.43600459469587,-3.08386836894005,-11.145273393303,"spike",1,1352
-2.04137398245928,-2.88638204374155,-10.8233845417536,"spike",1,1353
-2.2796191887877,-2.76839842784251,-10.4029597919973,"spike",1,1354
-2.2796191887877,-2.76839842784251,-10.4029597919973,"spike",1,1355
-2.82557685374774,-2.9431964125636,-10.7373190410208,"spike",1,1356
-2.82557685374774,-2.9431964125636,-10.7373190410208,"spike",1,1357
-2.82557685374774,-2.9431964125636,-10.7373190410208,"spike",1,1358
-2.19594975650699,-2.93822708068051,-10.8558121577992,"spike",1,1359
-2.19594975650699,-2.93822708068051,-10.8558121577992,"spike",1,1360
-2.19594975650699,-2.93822708068051,-10.8558121577992,"spike",1,1361
-2.25053233735841,-2.97846988918325,-10.3715153513318,"spike",1,1362
-2.30565609845415,-2.94469798544568,-10.5643050784736,"spike",1,1363
-2.30565609845415,-2.94469798544568,-10.5643050784736,"spike",1,1364
-2.74051649593366,-2.87621862534419,-10.8672842139082,"spike",1,1365
-2.12086531881524,-2.97617457582505,-10.5339556179494,"spike",1,1366
-2.12086531881524,-2.97617457582505,-10.5339556179494,"spike",1,1367
-2.12086531881524,-2.97617457582505,-10.5339556179494,"spike",1,1368
-2.12086531881524,-2.97617457582505,-10.5339556179494,"spike",1,1369
-2.34110740662225,-3.1067640961753,-10.6812022656628,"spike",1,1370
-2.55377309295633,-2.82886118117794,-11.1555782274323,"spike",1,1371
-2.55377309295633,-2.82886118117794,-11.1555782274323,"spike",1,1372
-2.20128138691893,-2.76451801137517,-10.3074565717085,"spike",1,1373
-2.60153597217569,-2.96555218376851,-11.0549125321888,"spike",1,1374
-2.00631470465449,-2.65149800905548,-10.6802604422585,"spike",1,1375
-1.76481444080016,-2.82200575302734,-10.9266163404799,"spike",1,1376
-2.93714190679641,-2.87354642850492,-10.8931169219131,"spike",1,1377
-2.93714190679641,-2.87354642850492,-10.8931169219131,"spike",1,1378
-2.93714190679641,-2.87354642850492,-10.8931169219131,"spike",1,1379
-2.93714190679641,-2.87354642850492,-10.8931169219131,"spike",1,1380
-2.21570790286083,-2.87489016209733,-10.2626700958019,"spike",1,1381
-2.94634199509116,-2.7480177108606,-11.3510369644002,"spike",1,1382
-2.94634199509116,-2.7480177108606,-11.3510369644002,"spike",1,1383
-2.94634199509116,-2.7480177108606,-11.3510369644002,"spike",1,1384
-2.96590328178057,-2.85548849772335,-10.7767187873999,"spike",1,1385
-2.75199291090105,-3.07053876935345,-10.5853411822533,"spike",1,1386
-2.71483487021664,-2.69054672654267,-10.6305768252323,"spike",1,1387
-2.05112949390622,-2.73340110123854,-10.3041565282793,"spike",1,1388
-2.42082038225433,-2.88655244030918,-10.7041091750764,"spike",1,1389
-2.42082038225433,-2.88655244030918,-10.7041091750764,"spike",1,1390
-2.11310939713834,-2.88826631757477,-10.422902046247,"spike",1,1391
-2.11310939713834,-2.88826631757477,-10.422902046247,"spike",1,1392
-2.32365757656184,-2.97918975758055,-10.0974629343271,"spike",1,1393
-2.99367592450394,-3.02943186837584,-10.8274001380363,"spike",1,1394
-2.49796839443886,-3.01411519410253,-10.7279599431843,"spike",1,1395
-2.49796839443886,-3.01411519410253,-10.7279599431843,"spike",1,1396
-2.83962594000727,-2.97859033092623,-10.8072515642094,"spike",1,1397
-3.09848303855725,-2.92435804451088,-11.4930825836979,"spike",1,1398
-2.2529232064975,-3.08808172915306,-11.513936066076,"spike",1,1399
-2.2529232064975,-3.08808172915306,-11.513936066076,"spike",1,1400
-2.2529232064975,-3.08808172915306,-11.513936066076,"spike",1,1401
-2.23024517430216,-2.79641775438087,-11.2395798745405,"spike",1,1402
-2.44649375494864,-2.88716571815538,-11.1743273581437,"spike",1,1403
-2.44649375494864,-2.88716571815538,-11.1743273581437,"spike",1,1404
-2.44649375494864,-2.88716571815538,-11.1743273581437,"spike",1,1405
-2.08351693841757,-2.92532346908151,-10.8845612462803,"spike",1,1406
-1.91267586672959,-2.91934145464168,-10.9058649509195,"spike",1,1407
-1.28385438359153,-2.67053194533668,-11.0893029252673,"spike",1,1408
-2.87594656209522,-2.67744014608578,-11.0686163029929,"spike",1,1409
-3.04633380093827,-2.81172533163594,-10.5434379758047,"spike",1,1410
-3.02767831325405,-2.70812738396089,-10.7271036507748,"spike",1,1411
-1.96368178965657,-2.85385203915851,-10.2693622466126,"spike",1,1412
-1.96368178965657,-2.85385203915851,-10.2693622466126,"spike",1,1413
-1.88867025784916,-2.82525512927381,-10.051301491903,"spike",1,1414
-2.04734134912934,-2.9531811353669,-10.8666881477889,"spike",1,1415
-2.7235628118411,-2.8395470955536,-10.629530017325,"spike",1,1416
-2.3783678970577,-2.84583695355671,-10.5338546297706,"spike",1,1417
-2.3783678970577,-2.84583695355671,-10.5338546297706,"spike",1,1418
-2.69817756799236,-2.76790777666832,-10.5574959455329,"spike",1,1419
-1.98694300475939,-2.85773997818023,-10.6812470198328,"spike",1,1420
-1.98694300475939,-2.85773997818023,-10.6812470198328,"spike",1,1421
-2.34462249149619,-2.86561032744764,-10.4356703228624,"spike",1,1422
-2.21582142848168,-2.97734979248844,-10.6024840948993,"spike",1,1423
-2.452508476179,-2.97193906869109,-10.5917809244695,"spike",1,1424
-2.452508476179,-2.97193906869109,-10.5917809244695,"spike",1,1425
-2.452508476179,-2.97193906869109,-10.5917809244695,"spike",1,1426
-2.452508476179,-2.97193906869109,-10.5917809244695,"spike",1,1427
-2.24209211924525,-2.97162967797599,-10.6881875675357,"spike",1,1428
-2.24209211924525,-2.97162967797599,-10.6881875675357,"spike",1,1429
-2.24209211924525,-2.97162967797599,-10.6881875675357,"spike",1,1430
-2.24209211924525,-2.97162967797599,-10.6881875675357,"spike",1,1431
-2.24209211924525,-2.97162967797599,-10.6881875675357,"spike",1,1432
-2.7228963762461,-3.10459520707378,-10.4960475390277,"spike",1,1433
-2.7228963762461,-3.10459520707378,-10.4960475390277,"spike",1,1434
-2.60519084623485,-3.06257188833841,-10.9500596348669,"spike",1,1435
-2.04050239223903,-3.00479553076185,-10.8534520249077,"spike",1,1436
-2.04050239223903,-3.00479553076185,-10.8534520249077,"spike",1,1437
-3.05213546909446,-2.75858678767274,-10.8081431997499,"spike",1,1438
-2.86361973779057,-3.03149644416311,-10.3309893817482,"spike",1,1439
-3.12606404142075,-2.77725273168447,-10.9994505741599,"spike",1,1440
-1.76641155800269,-2.7799985407037,-10.776424014359,"spike",1,1441
-1.76641155800269,-2.7799985407037,-10.776424014359,"spike",1,1442
-2.57178071506973,-2.73907968086039,-10.802753068229,"spike",1,1443
-2.47046873914425,-2.76947994367944,-10.6846291751268,"spike",1,1444
-2.28048287389336,-2.8423146473882,-10.3649213876809,"spike",1,1445
-2.15149604031096,-2.89934342438586,-10.9135535294767,"spike",1,1446
-2.15149604031096,-2.89934342438586,-10.9135535294767,"spike",1,1447
-1.80575099634018,-2.89798371145621,-11.2064589634336,"spike",1,1448
-1.84969956646149,-2.75044736926635,-11.1330061018514,"spike",1,1449
-2.9275909137603,-2.92070464268421,-10.8796852713579,"spike",1,1450
-3.11420680220504,-2.97027718556598,-10.8618518455153,"spike",1,1451
-2.45376699247045,-3.11315590152637,-10.7264266561529,"spike",1,1452
-2.94364542935414,-3.03598764064387,-11.0929037824321,"spike",1,1453
-2.12255934839121,-2.74218708184316,-10.6363364760895,"spike",1,1454
-2.90852413349023,-2.84703309176838,-10.8557651476783,"spike",1,1455
-2.36316340608944,-2.97280145562616,-10.8213018920151,"spike",1,1456
-2.36316340608944,-2.97280145562616,-10.8213018920151,"spike",1,1457
-2.36316340608944,-2.97280145562616,-10.8213018920151,"spike",1,1458
-2.36316340608944,-2.97280145562616,-10.8213018920151,"spike",1,1459
-2.36316340608944,-2.97280145562616,-10.8213018920151,"spike",1,1460
-2.36316340608944,-2.97280145562616,-10.8213018920151,"spike",1,1461
-2.83300903054446,-2.93887654707685,-10.4940344244301,"spike",1,1462
-2.83300903054446,-2.93887654707685,-10.4940344244301,"spike",1,1463
-2.83300903054446,-2.93887654707685,-10.4940344244301,"spike",1,1464
-2.83300903054446,-2.93887654707685,-10.4940344244301,"spike",1,1465
-2.83300903054446,-2.93887654707685,-10.4940344244301,"spike",1,1466
-2.53715789720479,-2.88751934053767,-10.973910125343,"spike",1,1467
-2.0362372021685,-2.8188596557742,-10.5896305562082,"spike",1,1468
-2.0362372021685,-2.8188596557742,-10.5896305562082,"spike",1,1469
-2.54386231435232,-2.9040516055232,-10.9972329232309,"spike",1,1470
-2.48161553205987,-2.97752952291965,-10.1300679991134,"spike",1,1471
-3.16137329405193,-2.90777416632531,-11.0514971858103,"spike",1,1472
-3.16137329405193,-2.90777416632531,-11.0514971858103,"spike",1,1473
-3.16137329405193,-2.90777416632531,-11.0514971858103,"spike",1,1474
-2.90081473567336,-2.71620913177269,-11.1675377427758,"spike",1,1475
-2.06124551818005,-2.82192613751752,-10.5890695650733,"spike",1,1476
-2.72922469178075,-2.90443948420513,-11.0025821946552,"spike",1,1477
-2.72922469178075,-2.90443948420513,-11.0025821946552,"spike",1,1478
-2.72922469178075,-2.90443948420513,-11.0025821946552,"spike",1,1479
-2.72922469178075,-2.90443948420513,-11.0025821946552,"spike",1,1480
-2.7878397608736,-2.92483788979031,-10.2238627748691,"spike",1,1481
-2.81835314041827,-2.78053591388545,-10.1840850835579,"spike",1,1482
-2.52500772872582,-2.70909895079518,-10.4052876686359,"spike",1,1483
-2.52500772872582,-2.70909895079518,-10.4052876686359,"spike",1,1484
-2.52500772872582,-2.70909895079518,-10.4052876686359,"spike",1,1485
-3.33126345676006,-2.65513083796714,-10.8998283803564,"spike",1,1486
-2.72373133688835,-2.78962078606991,-10.3878370589883,"spike",1,1487
-2.30101981522621,-2.99985364770931,-10.6515424935074,"spike",1,1488
-2.30101981522621,-2.99985364770931,-10.6515424935074,"spike",1,1489
-2.35006538520391,-2.90200366184397,-10.2941402045223,"spike",1,1490
-2.22944785260207,-2.87091947722855,-10.645662936679,"spike",1,1491
-2.22944785260207,-2.87091947722855,-10.645662936679,"spike",1,1492
-2.27188940153008,-2.9046737088649,-10.3878088974144,"spike",1,1493
-2.27188940153008,-2.9046737088649,-10.3878088974144,"spike",1,1494
-2.3669634680009,-2.98160741703498,-10.489402783495,"spike",1,1495
-2.3669634680009,-2.98160741703498,-10.489402783495,"spike",1,1496
-2.5459398193274,-2.72433092050611,-10.5732382078105,"spike",1,1497
-1.99866911087054,-2.91398480413512,-10.6531544284424,"spike",1,1498
-1.99866911087054,-2.91398480413512,-10.6531544284424,"spike",1,1499
-2.2449382923869,-2.99814841924213,-11.3252754069414,"spike",1,1500
-2.2530407759056,-3.02744957671624,-10.7090327392638,"spike",2,1
-2.2530407759056,-3.02744957671624,-10.7090327392638,"spike",2,2
-2.2530407759056,-3.02744957671624,-10.7090327392638,"spike",2,3
-2.78291396783687,-3.00970873420345,-10.7877125557162,"spike",2,4
-2.78291396783687,-3.00970873420345,-10.7877125557162,"spike",2,5
-2.29997183087949,-2.94281688601308,-10.6168015278972,"spike",2,6
-2.29997183087949,-2.94281688601308,-10.6168015278972,"spike",2,7
-2.29997183087949,-2.94281688601308,-10.6168015278972,"spike",2,8
-2.43938895260712,-2.8701434727321,-10.9084761070931,"spike",2,9
-2.43938895260712,-2.8701434727321,-10.9084761070931,"spike",2,10
-2.51782778979966,-2.93204004253808,-10.4534594173701,"spike",2,11
-2.17633209895381,-2.99602223015597,-9.99297915267029,"spike",2,12
-2.63578313621155,-3.02343856368109,-10.1617275181784,"spike",2,13
-2.63578313621155,-3.02343856368109,-10.1617275181784,"spike",2,14
-2.63578313621155,-3.02343856368109,-10.1617275181784,"spike",2,15
-2.63578313621155,-3.02343856368109,-10.1617275181784,"spike",2,16
-2.63578313621155,-3.02343856368109,-10.1617275181784,"spike",2,17
-2.63578313621155,-3.02343856368109,-10.1617275181784,"spike",2,18
-1.79987351785382,-2.95920099820417,-10.0095482520884,"spike",2,19
-2.79474706428004,-2.8151835060718,-10.555219657564,"spike",2,20
-2.14747448959808,-2.80119450963768,-10.8921595951718,"spike",2,21
-2.73702152028456,-2.95400844081401,-11.0089316932204,"spike",2,22
-2.73702152028456,-2.95400844081401,-11.0089316932204,"spike",2,23
-2.73702152028456,-2.95400844081401,-11.0089316932204,"spike",2,24
-2.84781525797619,-3.08116137717104,-10.3602153249384,"spike",2,25
-2.03814426917975,-3.09161253068989,-10.5179904489797,"spike",2,26
-3.12767447115119,-2.90922663251592,-10.8230419888231,"spike",2,27
-3.12767447115119,-2.90922663251592,-10.8230419888231,"spike",2,28
-2.83143942839809,-2.97136821151177,-10.7929245918434,"spike",2,29
-1.6322973937094,-2.70866633343445,-10.6297681910126,"spike",2,30
-2.03643462801976,-2.84155208181695,-10.4961049482773,"spike",2,31
-1.68951398675054,-2.88304836221738,-10.5185716423012,"spike",2,32
-1.68951398675054,-2.88304836221738,-10.5185716423012,"spike",2,33
-1.99869712128536,-2.81876358180797,-10.6420615782386,"spike",2,34
-1.99869712128536,-2.81876358180797,-10.6420615782386,"spike",2,35
-1.99869712128536,-2.81876358180797,-10.6420615782386,"spike",2,36
-1.99869712128536,-2.81876358180797,-10.6420615782386,"spike",2,37
-1.99869712128536,-2.81876358180797,-10.6420615782386,"spike",2,38
-1.99869712128536,-2.81876358180797,-10.6420615782386,"spike",2,39
-2.70897634793876,-2.67058894119123,-10.4816044366289,"spike",2,40
-2.70897634793876,-2.67058894119123,-10.4816044366289,"spike",2,41
-2.55062992474735,-2.83753826809889,-10.6281449696992,"spike",2,42
-2.55062992474735,-2.83753826809889,-10.6281449696992,"spike",2,43
-2.69716525548255,-2.93642522925844,-10.5824935222767,"spike",2,44
-1.86873276311589,-2.89965805172493,-10.3613593108271,"spike",2,45
-1.86873276311589,-2.89965805172493,-10.3613593108271,"spike",2,46
-3.1243001778773,-2.88458643912203,-11.0226002325178,"spike",2,47
-1.9813892065527,-2.67017394939656,-10.4954598000417,"spike",2,48
-1.9813892065527,-2.67017394939656,-10.4954598000417,"spike",2,49
-0.947208409599154,-2.32496376268252,-10.6792706218157,"spike",2,50
-0.947208409599154,-2.32496376268252,-10.6792706218157,"spike",2,51
-0.947208409599154,-2.32496376268252,-10.6792706218157,"spike",2,52
-0.694288108552136,-2.36796281247851,-10.5291921664148,"spike",2,53
-0.825082774459292,-2.28788858265639,-10.8882278025224,"spike",2,54
-0.277806970128926,-2.19617269166848,-10.94625000777,"spike",2,55
-0.277806970128926,-2.19617269166848,-10.94625000777,"spike",2,56
-0.897204591424898,-2.48172884257628,-10.5284808103498,"spike",2,57
-2.60896313083966,-2.8783185685454,-10.6005832276368,"spike",2,58
-2.60896313083966,-2.8783185685454,-10.6005832276368,"spike",2,59
-2.44879258422297,-2.94657801041083,-10.9098626917839,"spike",2,60
-2.069402535147,-2.96198772896112,-10.3853494036128,"spike",2,61
-2.55018119866257,-3.10548475723565,-10.6721114701708,"spike",2,62
-2.82868907716265,-2.9543145833549,-10.1750947930938,"spike",2,63
-2.74877128506305,-2.99356261578884,-10.7240473477067,"spike",2,64
-2.19594149630591,-2.95976804055214,-11.0119219046034,"spike",2,65
-2.27744091122072,-2.78184130185064,-10.7285785982586,"spike",2,66
-2.27744091122072,-2.78184130185064,-10.7285785982586,"spike",2,67
-2.27744091122072,-2.78184130185064,-10.7285785982586,"spike",2,68
-2.23219901801621,-2.83191192626426,-10.5877033685716,"spike",2,69
-2.23219901801621,-2.83191192626426,-10.5877033685716,"spike",2,70
-2.23219901801621,-2.83191192626426,-10.5877033685716,"spike",2,71
-2.23219901801621,-2.83191192626426,-10.5877033685716,"spike",2,72
-2.46757749906019,-3.05488998907987,-10.8197052653373,"spike",2,73
-2.38674248635953,-3.038683554081,-10.5125270905575,"spike",2,74
-2.38674248635953,-3.038683554081,-10.5125270905575,"spike",2,75
-2.90766200200311,-2.91562670874101,-11.266547001796,"spike",2,76
-2.90766200200311,-2.91562670874101,-11.266547001796,"spike",2,77
-2.64458246089134,-3.00160675684932,-11.2009907102472,"spike",2,78
-2.64458246089134,-3.00160675684932,-11.2009907102472,"spike",2,79
-2.25198017758542,-2.93742328491911,-10.9040161592839,"spike",2,80
-2.93760564680198,-3.0431406624931,-10.491285753627,"spike",2,81
-3.68234974440107,-2.70915507560115,-10.6004519063226,"spike",2,82
-2.28944315807499,-2.67329139885102,-10.5554794240418,"spike",2,83
-2.27095234689772,-2.94617084658111,-11.0120362310126,"spike",2,84
-2.76433181494402,-2.79534106064141,-11.4658352799803,"spike",2,85
-0.971126389255986,-2.71135661472379,-9.94430160750455,"spike",2,86
-0.971126389255986,-2.71135661472379,-9.94430160750455,"spike",2,87
-1.01228775851084,-2.37368500461849,-10.5264992326648,"spike",2,88
-0.807303410193446,-2.44284344721175,-10.9272284547494,"spike",2,89
-0.807303410193446,-2.44284344721175,-10.9272284547494,"spike",2,90
-1.44640517842779,-2.85814451275425,-10.2941056802339,"spike",2,91
-1.44640517842779,-2.85814451275425,-10.2941056802339,"spike",2,92
-2.14748674055736,-2.94712690701489,-10.8035711043201,"spike",2,93
-2.03158827123862,-2.89939848146873,-10.2587906433191,"spike",2,94
-2.03158827123862,-2.89939848146873,-10.2587906433191,"spike",2,95
-2.03158827123862,-2.89939848146873,-10.2587906433191,"spike",2,96
-2.03158827123862,-2.89939848146873,-10.2587906433191,"spike",2,97
-2.01655834979398,-3.06390445638855,-10.5293551602517,"spike",2,98
-1.56763063227772,-2.64596666492832,-10.4875464638465,"spike",2,99
-1.4017170823629,-2.47949064620387,-10.8847379709608,"spike",2,100
-2.88344587496337,-2.76234672244594,-10.5064145472512,"spike",2,101
-2.53324355168266,-2.87927355877875,-10.4455498530687,"spike",2,102
-2.53324355168266,-2.87927355877875,-10.4455498530687,"spike",2,103
-2.53324355168266,-2.87927355877875,-10.4455498530687,"spike",2,104
-3.06608016909714,-2.63878834830526,-10.8839457036666,"spike",2,105
-3.06608016909714,-2.63878834830526,-10.8839457036666,"spike",2,106
-2.5766900746239,-3.10154450242255,-10.5019352707714,"spike",2,107
-2.76892212081221,-2.81486015847541,-10.3970700683616,"spike",2,108
-2.76892212081221,-2.81486015847541,-10.3970700683616,"spike",2,109
-2.76892212081221,-2.81486015847541,-10.3970700683616,"spike",2,110
-2.52287159315376,-2.99040972150768,-10.8635629535788,"spike",2,111
-2.52287159315376,-2.99040972150768,-10.8635629535788,"spike",2,112
-2.53946513890383,-2.80490476810258,-10.3629326668201,"spike",2,113
-2.00175867800445,-2.79133605450843,-10.5571418153405,"spike",2,114
-1.91914235815431,-2.83459710982696,-10.4534093335551,"spike",2,115
-1.91914235815431,-2.83459710982696,-10.4534093335551,"spike",2,116
-2.05892531395035,-2.77922765976738,-10.6758290561884,"spike",2,117
-2.56570317534142,-3.17138457125564,-11.0660243286347,"spike",2,118
-2.81823171236297,-2.97745465194014,-11.1653788480761,"spike",2,119
-2.18903837378763,-2.65616536839958,-10.9144337051503,"spike",2,120
-1.94777647613216,-2.78949268794574,-11.3490148554959,"spike",2,121
-1.93748221019003,-2.75581106246256,-11.3406270966352,"spike",2,122
-2.24014101507071,-2.75538570051374,-11.1013936654679,"spike",2,123
-2.22092773182577,-2.69385985388064,-10.8550325693917,"spike",2,124
-2.98208317511187,-2.67683860574166,-10.5340346154597,"spike",2,125
-1.91454874803598,-2.62186859029945,-11.1427485782512,"spike",2,126
-1.79323419748497,-2.69365960192522,-10.7507376611152,"spike",2,127
-2.21357411477873,-2.724411817628,-11.07866555701,"spike",2,128
-2.56829783043808,-2.84227998658905,-10.4504108811892,"spike",2,129
-2.51454881513771,-3.08081305005137,-10.7195358863142,"spike",2,130
-2.51454881513771,-3.08081305005137,-10.7195358863142,"spike",2,131
-2.51454881513771,-3.08081305005137,-10.7195358863142,"spike",2,132
-3.02782340725776,-2.85264969976687,-10.6962907851751,"spike",2,133
-2.69619614533493,-2.83323321526528,-10.6604636258985,"spike",2,134
-2.69619614533493,-2.83323321526528,-10.6604636258985,"spike",2,135
-2.69619614533493,-2.83323321526528,-10.6604636258985,"spike",2,136
-2.43376944947328,-2.86479630971876,-11.0656336287148,"spike",2,137
-2.43376944947328,-2.86479630971876,-11.0656336287148,"spike",2,138
-2.43376944947328,-2.86479630971876,-11.0656336287148,"spike",2,139
-2.26945931033748,-2.81622852192889,-10.8197822775459,"spike",2,140
-2.26945931033748,-2.81622852192889,-10.8197822775459,"spike",2,141
-2.1870838733982,-2.80721861252883,-10.9027304529076,"spike",2,142
-2.1870838733982,-2.80721861252883,-10.9027304529076,"spike",2,143
-2.1870838733982,-2.80721861252883,-10.9027304529076,"spike",2,144
-2.1870838733982,-2.80721861252883,-10.9027304529076,"spike",2,145
-2.1870838733982,-2.80721861252883,-10.9027304529076,"spike",2,146
-3.0143411381025,-2.88854065603084,-11.3207831005189,"spike",2,147
-3.0143411381025,-2.88854065603084,-11.3207831005189,"spike",2,148
-2.72688926538615,-3.05903398640746,-11.244526854042,"spike",2,149
-1.87739332280447,-3.07662998610358,-10.6168998266052,"spike",2,150
-1.57143985998811,-2.78222298567892,-10.6377555347976,"spike",2,151
-2.16842713577137,-3.06719874928077,-11.3111999130528,"spike",2,152
-2.16842713577137,-3.06719874928077,-11.3111999130528,"spike",2,153
-2.16842713577137,-3.06719874928077,-11.3111999130528,"spike",2,154
-2.94179409537992,-2.72307684874849,-10.8001458666679,"spike",2,155
-2.94179409537992,-2.72307684874849,-10.8001458666679,"spike",2,156
-1.60783909002517,-2.92311433665384,-10.5815500019051,"spike",2,157
-1.6356057175196,-2.67120591150752,-10.8107775851794,"spike",2,158
-1.6356057175196,-2.67120591150752,-10.8107775851794,"spike",2,159
-1.6356057175196,-2.67120591150752,-10.8107775851794,"spike",2,160
-1.6356057175196,-2.67120591150752,-10.8107775851794,"spike",2,161
-2.18970464577598,-2.68103062752169,-10.8494934014873,"spike",2,162
-2.56087797849967,-3.00192349629326,-10.4132192459937,"spike",2,163
-2.56087797849967,-3.00192349629326,-10.4132192459937,"spike",2,164
-2.56087797849967,-3.00192349629326,-10.4132192459937,"spike",2,165
-2.56087797849967,-3.00192349629326,-10.4132192459937,"spike",2,166
-2.56087797849967,-3.00192349629326,-10.4132192459937,"spike",2,167
-2.56087797849967,-3.00192349629326,-10.4132192459937,"spike",2,168
-2.56087797849967,-3.00192349629326,-10.4132192459937,"spike",2,169
-2.30180057338299,-3.0630151357105,-10.4628881215989,"spike",2,170
-2.16898019654422,-2.96386325959839,-10.3510152469248,"spike",2,171
-2.16898019654422,-2.96386325959839,-10.3510152469248,"spike",2,172
-2.16898019654422,-2.96386325959839,-10.3510152469248,"spike",2,173
-2.56611452664003,-2.90677226491936,-10.685091122607,"spike",2,174
-2.56611452664003,-2.90677226491936,-10.685091122607,"spike",2,175
-2.62061162714379,-2.95006977526224,-10.9165293783108,"spike",2,176
-2.62061162714379,-2.95006977526224,-10.9165293783108,"spike",2,177
-2.62061162714379,-2.95006977526224,-10.9165293783108,"spike",2,178
-2.26142849238551,-2.9009569903684,-10.4220444788458,"spike",2,179
-3.06741019316226,-2.86636244020252,-10.8491424443141,"spike",2,180
-3.06741019316226,-2.86636244020252,-10.8491424443141,"spike",2,181
-2.21318950375978,-2.82317134459236,-10.9819961183971,"spike",2,182
-2.62705631045342,-3.09427400530127,-11.3630044745093,"spike",2,183
-2.69342224186307,-2.90561465312596,-11.359861755857,"spike",2,184
-2.69342224186307,-2.90561465312596,-11.359861755857,"spike",2,185
-2.69342224186307,-2.90561465312596,-11.359861755857,"spike",2,186
-0.841054579894906,-2.40400991436029,-10.5928689205492,"spike",2,187
-0.948920587917847,-2.56416906586524,-10.3553209519775,"spike",2,188
-0.733209491525772,-2.64991611301529,-10.4551105183137,"spike",2,189
-0.995280817584618,-2.52568838159557,-10.1878784028564,"spike",2,190
-1.79788555465195,-2.78205272220131,-10.8544518598665,"spike",2,191
-1.57549515231348,-2.57483910323528,-11.0714109800034,"spike",2,192
-1.08524299780597,-2.46850449641223,-10.9994075030656,"spike",2,193
-1.08524299780597,-2.46850449641223,-10.9994075030656,"spike",2,194
-1.08524299780597,-2.46850449641223,-10.9994075030656,"spike",2,195
-1.08524299780597,-2.46850449641223,-10.9994075030656,"spike",2,196
-1.53674725628252,-2.59261743485525,-10.6021657735115,"spike",2,197
-2.25819618803402,-2.92373771053508,-10.8097541063127,"spike",2,198
-2.2823130171556,-2.93990766908476,-10.5816639500004,"spike",2,199
-2.2823130171556,-2.93990766908476,-10.5816639500004,"spike",2,200
-2.74143818930989,-2.80812031414529,-10.5705670814961,"spike",2,201
-2.74143818930989,-2.80812031414529,-10.5705670814961,"spike",2,202
-2.74143818930989,-2.80812031414529,-10.5705670814961,"spike",2,203
-2.74143818930989,-2.80812031414529,-10.5705670814961,"spike",2,204
-2.74143818930989,-2.80812031414529,-10.5705670814961,"spike",2,205
-2.74143818930989,-2.80812031414529,-10.5705670814961,"spike",2,206
-2.74143818930989,-2.80812031414529,-10.5705670814961,"spike",2,207
-2.44545916968599,-2.81404170068587,-10.7126953177762,"spike",2,208
-2.44545916968599,-2.81404170068587,-10.7126953177762,"spike",2,209
-2.89840277266941,-2.7125298031548,-10.6934159063209,"spike",2,210
-2.67853040346925,-2.71880060129769,-11.0325371860103,"spike",2,211
-3.27588537360324,-2.68117961345982,-10.5117857758499,"spike",2,212
-2.57229079905051,-2.81707259940172,-10.5223456140807,"spike",2,213
-2.57229079905051,-2.81707259940172,-10.5223456140807,"spike",2,214
-2.57229079905051,-2.81707259940172,-10.5223456140807,"spike",2,215
-2.23515952693091,-2.98719001267425,-11.0697626309627,"spike",2,216
-2.3857894854711,-2.95831469551058,-10.4947628654176,"spike",2,217
-2.3857894854711,-2.95831469551058,-10.4947628654176,"spike",2,218
-2.3857894854711,-2.95831469551058,-10.4947628654176,"spike",2,219
-2.3857894854711,-2.95831469551058,-10.4947628654176,"spike",2,220
-2.08788765877107,-2.94656479936848,-10.5580706936747,"spike",2,221
-2.08788765877107,-2.94656479936848,-10.5580706936747,"spike",2,222
-2.9297723743614,-2.86164900204008,-10.9148890811886,"spike",2,223
-2.9297723743614,-2.86164900204008,-10.9148890811886,"spike",2,224
-1.77882867801684,-2.89906470898458,-10.8185774373213,"spike",2,225
-2.39479807019475,-2.86739311194484,-10.4594569531183,"spike",2,226
-2.83415601587944,-2.68348509247128,-10.8443302974313,"spike",2,227
-2.83415601587944,-2.68348509247128,-10.8443302974313,"spike",2,228
-2.83415601587944,-2.68348509247128,-10.8443302974313,"spike",2,229
-2.29795427898311,-2.84764619649198,-10.7034223820482,"spike",2,230
-2.29795427898311,-2.84764619649198,-10.7034223820482,"spike",2,231
-2.05590891593692,-2.90081392880039,-9.95445410268166,"spike",2,232
-2.05590891593692,-2.90081392880039,-9.95445410268166,"spike",2,233
-1.88688901593949,-2.96370216727584,-10.2749046434399,"spike",2,234
-2.24641224038797,-2.82511064003288,-10.5177691163231,"spike",2,235
-2.3747156723288,-2.84903722016737,-10.336715462478,"spike",2,236
-2.41887931565678,-2.96874456928045,-10.7414147342063,"spike",2,237
-2.41887931565678,-2.96874456928045,-10.7414147342063,"spike",2,238
-1.95578014136747,-2.72230215470725,-11.5077681927356,"spike",2,239
-1.62600019369355,-2.66067366294884,-11.0973620496625,"spike",2,240
-1.75250863668618,-2.83302203624664,-10.8775160044528,"spike",2,241
-2.66605164034507,-3.07399486816637,-10.8876711201091,"spike",2,242
-2.66605164034507,-3.07399486816637,-10.8876711201091,"spike",2,243
-2.66605164034507,-3.07399486816637,-10.8876711201091,"spike",2,244
-2.40254117362294,-2.93447075275788,-10.9016489143615,"spike",2,245
-2.27261305211912,-2.8517552955014,-11.1228589272006,"spike",2,246
-2.27261305211912,-2.8517552955014,-11.1228589272006,"spike",2,247
-2.77787458138247,-2.69954860291277,-10.8126960098174,"spike",2,248
-2.78600801570527,-2.93303112170957,-10.7883240426595,"spike",2,249
-2.96348834295648,-2.82858070069266,-11.1454769184259,"spike",2,250
-2.96348834295648,-2.82858070069266,-11.1454769184259,"spike",2,251
-2.81318142748073,-2.71971865254241,-10.55027233425,"spike",2,252
-2.81318142748073,-2.71971865254241,-10.55027233425,"spike",2,253
-2.34030832370971,-2.70060379860401,-11.1040344640975,"spike",2,254
-3.02402730677486,-2.7700911404264,-11.076517881384,"spike",2,255
-3.02402730677486,-2.7700911404264,-11.076517881384,"spike",2,256
-3.02402730677486,-2.7700911404264,-11.076517881384,"spike",2,257
-1.99970687477991,-2.78407386072197,-11.2112007238293,"spike",2,258
-1.67087894648362,-2.54551582003024,-10.5527794694436,"spike",2,259
-2.32110655782702,-2.73834738321449,-10.3730972799389,"spike",2,260
-2.32110655782702,-2.73834738321449,-10.3730972799389,"spike",2,261
-2.72132598242153,-2.94564341384985,-10.7704396023505,"spike",2,262
-2.72132598242153,-2.94564341384985,-10.7704396023505,"spike",2,263
-2.13243227433248,-2.76101148532585,-11.2556857448342,"spike",2,264
-2.13243227433248,-2.76101148532585,-11.2556857448342,"spike",2,265
-2.3256142427789,-2.88014614096461,-9.92792049469726,"spike",2,266
-3.10540346749706,-2.89599517515204,-10.1196418349485,"spike",2,267
-3.09571054910965,-2.87494327881071,-10.3495700097256,"spike",2,268
-2.94886533974662,-3.14186460954981,-10.4866170509783,"spike",2,269
-2.26755417937629,-3.21678727411952,-10.5487865553915,"spike",2,270
-2.09928370574429,-3.04078912885264,-10.0631763223376,"spike",2,271
-2.09928370574429,-3.04078912885264,-10.0631763223376,"spike",2,272
-2.03916591087387,-3.05129963833225,-10.4782871124716,"spike",2,273
-2.85235475633077,-3.01657985007042,-10.0480659207815,"spike",2,274
-2.85235475633077,-3.01657985007042,-10.0480659207815,"spike",2,275
-2.85235475633077,-3.01657985007042,-10.0480659207815,"spike",2,276
-1.9708186738974,-2.71377089374391,-10.5807883691618,"spike",2,277
-1.67372582165145,-2.78816044643933,-10.4935585021005,"spike",2,278
-1.7593020898635,-2.89080311865512,-10.2084525526069,"spike",2,279
-2.72030583911391,-2.86300877516486,-11.1079557252211,"spike",2,280
-2.8544741913782,-2.97670344456659,-10.6866745707753,"spike",2,281
-2.45431423814,-2.94177895007089,-10.4299092396272,"spike",2,282
-2.45431423814,-2.94177895007089,-10.4299092396272,"spike",2,283
-1.89271752882113,-2.90743240753739,-11.0509305867724,"spike",2,284
-3.07341905955111,-2.70569666600137,-10.8374862527948,"spike",2,285
-3.07341905955111,-2.70569666600137,-10.8374862527948,"spike",2,286
-2.40734799606906,-2.92216493037838,-10.3487366923047,"spike",2,287
-2.40734799606906,-2.92216493037838,-10.3487366923047,"spike",2,288
-2.67874791503016,-3.25202236536246,-10.8442137871956,"spike",2,289
-2.67874791503016,-3.25202236536246,-10.8442137871956,"spike",2,290
-2.67006775680227,-3.10034109262171,-10.4750764968788,"spike",2,291
-2.25427671822881,-2.79080579588584,-11.115902963111,"spike",2,292
-2.49909891987105,-3.01692161806631,-11.2085363948151,"spike",2,293
-3.07693625985577,-2.78689400590039,-10.6014709153172,"spike",2,294
-3.25731214290652,-2.65845704939831,-11.096320008124,"spike",2,295
-2.18024454966497,-2.91986454105723,-11.1257496833622,"spike",2,296
-2.18024454966497,-2.91986454105723,-11.1257496833622,"spike",2,297
-1.94608835658754,-2.81858048425418,-10.8759708504257,"spike",2,298
-2.05298748502069,-3.10927990484458,-10.3598202125075,"spike",2,299
-2.12023327415831,-2.67325747802374,-11.3326242518738,"spike",2,300
-2.14878345721061,-3.09161521971229,-10.7007236858921,"spike",2,301
-2.65835192208674,-3.07635367765931,-10.694031629972,"spike",2,302
-1.87187530821049,-2.90853241599445,-10.7272413626947,"spike",2,303
-2.47314960197342,-2.83261121648102,-11.3315474493136,"spike",2,304
-2.381181398884,-3.10262741393344,-10.1927858322912,"spike",2,305
-2.59619696706535,-2.99495258942132,-11.0976749363627,"spike",2,306
-2.3666712522205,-2.8776159312513,-10.9810281912961,"spike",2,307
-2.3666712522205,-2.8776159312513,-10.9810281912961,"spike",2,308
-1.8112046499234,-2.69437418618484,-10.4781177121511,"spike",2,309
-2.76471419544787,-2.88128473476417,-11.0903379214309,"spike",2,310
-2.4272585401996,-2.95615432549551,-11.0798209398856,"spike",2,311
-2.85041570850582,-2.82425828365631,-10.9577082665521,"spike",2,312
-2.8607155951715,-2.8509539368714,-10.5336663518074,"spike",2,313
-2.60754414057011,-2.9588272077891,-10.6031473285742,"spike",2,314
-2.60754414057011,-2.9588272077891,-10.6031473285742,"spike",2,315
-2.60754414057011,-2.9588272077891,-10.6031473285742,"spike",2,316
-2.60754414057011,-2.9588272077891,-10.6031473285742,"spike",2,317
-2.60754414057011,-2.9588272077891,-10.6031473285742,"spike",2,318
-2.60754414057011,-2.9588272077891,-10.6031473285742,"spike",2,319
-2.52709511033556,-2.73429153454078,-10.7400695583943,"spike",2,320
-2.52709511033556,-2.73429153454078,-10.7400695583943,"spike",2,321
-2.84886643770974,-2.67481285263034,-10.5874981433695,"spike",2,322
-2.84886643770974,-2.67481285263034,-10.5874981433695,"spike",2,323
-2.72764663258874,-2.95428324498445,-10.3929389522126,"spike",2,324
-2.72764663258874,-2.95428324498445,-10.3929389522126,"spike",2,325
-2.72764663258874,-2.95428324498445,-10.3929389522126,"spike",2,326
-2.72764663258874,-2.95428324498445,-10.3929389522126,"spike",2,327
-2.72764663258874,-2.95428324498445,-10.3929389522126,"spike",2,328
-2.72764663258874,-2.95428324498445,-10.3929389522126,"spike",2,329
-2.45494284894793,-3.13353327861776,-10.3145042443033,"spike",2,330
-1.9241315446766,-2.79658676587111,-10.3470594561653,"spike",2,331
-2.42887412763223,-2.81635075731127,-11.0739898902949,"spike",2,332
-2.13790547517478,-3.05341952295188,-11.1196963832402,"spike",2,333
-2.13790547517478,-3.05341952295188,-11.1196963832402,"spike",2,334
-2.18710305561955,-2.95145386119293,-10.9325755739591,"spike",2,335
-2.65787202222926,-2.84647413911709,-10.9385316610745,"spike",2,336
-3.33899780751245,-2.70178711839901,-10.2940064712014,"spike",2,337
-3.58397584893508,-2.60610664367868,-10.711343565805,"spike",2,338
-3.35429074457916,-2.90357141554544,-10.5907598110073,"spike",2,339
-3.1740793836972,-2.84527701556537,-10.6821387958684,"spike",2,340
-2.28567982546965,-3.07466346795407,-10.6927085404596,"spike",2,341
-2.69776244846386,-2.85552446038355,-10.4984692875845,"spike",2,342
-2.06238107275118,-2.80563063030955,-10.7139940073454,"spike",2,343
-2.06238107275118,-2.80563063030955,-10.7139940073454,"spike",2,344
-2.84303516811801,-2.77672296476205,-10.5416947468493,"spike",2,345
-2.84303516811801,-2.77672296476205,-10.5416947468493,"spike",2,346
-2.02583002957157,-2.96749111038874,-11.0497076054822,"spike",2,347
-2.42116173503077,-2.88854015701599,-10.6516286578851,"spike",2,348
-2.42116173503077,-2.88854015701599,-10.6516286578851,"spike",2,349
-2.42116173503077,-2.88854015701599,-10.6516286578851,"spike",2,350
-2.50985760994719,-2.89765477566059,-10.7115048190815,"spike",2,351
-2.50985760994719,-2.89765477566059,-10.7115048190815,"spike",2,352
-2.50985760994719,-2.89765477566059,-10.7115048190815,"spike",2,353
-2.50985760994719,-2.89765477566059,-10.7115048190815,"spike",2,354
-2.50985760994719,-2.89765477566059,-10.7115048190815,"spike",2,355
-2.25327986492366,-3.01670364047336,-10.5778362111042,"spike",2,356
-2.48822960807526,-2.94224063856185,-11.0359144377316,"spike",2,357
-2.48822960807526,-2.94224063856185,-11.0359144377316,"spike",2,358
-2.23612805578076,-2.87847266688329,-10.6741265881881,"spike",2,359
-2.23612805578076,-2.87847266688329,-10.6741265881881,"spike",2,360
-2.5515352851348,-2.85865581460842,-10.9819089315995,"spike",2,361
-2.5515352851348,-2.85865581460842,-10.9819089315995,"spike",2,362
-2.41162612234972,-3.05411693065944,-10.7428627362053,"spike",2,363
-2.52352119765799,-2.71784644595151,-10.9313764280596,"spike",2,364
-1.7420491705411,-2.88812758457176,-10.5213029516022,"spike",2,365
-1.7420491705411,-2.88812758457176,-10.5213029516022,"spike",2,366
-2.18138396493435,-2.78208292312085,-10.4520717685901,"spike",2,367
-2.18138396493435,-2.78208292312085,-10.4520717685901,"spike",2,368
-3.06023101001782,-2.75487963521168,-10.6783765299431,"spike",2,369
-3.06023101001782,-2.75487963521168,-10.6783765299431,"spike",2,370
-3.06023101001782,-2.75487963521168,-10.6783765299431,"spike",2,371
-2.6998690058594,-2.83160073212718,-10.216509192224,"spike",2,372
-3.13473037811498,-2.97568317209832,-10.3586439521479,"spike",2,373
-3.13473037811498,-2.97568317209832,-10.3586439521479,"spike",2,374
-3.13473037811498,-2.97568317209832,-10.3586439521479,"spike",2,375
-3.58667940719886,-2.71469367498548,-11.3038265274689,"spike",2,376
-3.03816742102774,-2.47895620935107,-10.6583024810499,"spike",2,377
-2.4091631942819,-2.54392496303067,-11.6751001188214,"spike",2,378
-1.16828481266608,-2.69501288563671,-10.7509421916698,"spike",2,379
-1.5906759073924,-2.68955090585855,-10.217688087069,"spike",2,380
-1.55215056484572,-2.86220508652212,-10.7389417375207,"spike",2,381
-1.55215056484572,-2.86220508652212,-10.7389417375207,"spike",2,382
-2.11175191009059,-2.66796317810885,-11.252809219829,"spike",2,383
-2.93626800434802,-2.99179577612964,-11.2129062776879,"spike",2,384
-3.23239487336412,-2.84013839644626,-10.4957416315357,"spike",2,385
-3.23239487336412,-2.84013839644626,-10.4957416315357,"spike",2,386
-3.02804123655262,-2.77310146192575,-10.2616395842265,"spike",2,387
-2.00515467722995,-2.93284910044826,-10.7036869250694,"spike",2,388
-2.34601468332512,-2.92957665356116,-10.5974416573801,"spike",2,389
-2.92713208814621,-2.68178351786102,-10.6765903963688,"spike",2,390
-2.97608521881705,-2.72809679712249,-11.0691930551445,"spike",2,391
-3.42585464983633,-2.65820386407085,-10.7543143966526,"spike",2,392
-2.03471965776858,-2.78664808302995,-10.2081550514583,"spike",2,393
-1.41706999520575,-2.59198462051431,-10.741356563159,"spike",2,394
-1.18509178838816,-2.81850964277326,-10.3185014670247,"spike",2,395
-2.12219807433318,-2.80721891576399,-10.3316654578837,"spike",2,396
-3.07032441005082,-2.84246090504662,-10.4311396392621,"spike",2,397
-2.75371435591581,-2.68558416968009,-10.6081625636118,"spike",2,398
-2.75371435591581,-2.68558416968009,-10.6081625636118,"spike",2,399
-3.11791390020581,-2.8668339968178,-10.8626402849433,"spike",2,400
-3.13384988036361,-2.7710972094293,-10.5518958508945,"spike",2,401
-2.45160738766012,-2.92227840083822,-11.0294592899901,"spike",2,402
-2.32774273342817,-2.84809172999811,-11.1070932356477,"spike",2,403
-2.32774273342817,-2.84809172999811,-11.1070932356477,"spike",2,404
-2.32774273342817,-2.84809172999811,-11.1070932356477,"spike",2,405
-2.21848512256614,-2.9742503041197,-10.7894203778398,"spike",2,406
-2.40642271493349,-2.94468619653524,-11.4176838238352,"spike",2,407
-2.7112469492119,-3.0423715397422,-11.5388551459392,"spike",2,408
-1.28828762610352,-2.81430665165542,-10.9756014470174,"spike",2,409
-1.22367880483623,-2.65171188084073,-10.5595713424386,"spike",2,410
-1.9867727338337,-2.85293665889292,-10.7397908036036,"spike",2,411
-1.9867727338337,-2.85293665889292,-10.7397908036036,"spike",2,412
-1.9867727338337,-2.85293665889292,-10.7397908036036,"spike",2,413
-1.9867727338337,-2.85293665889292,-10.7397908036036,"spike",2,414
-1.9867727338337,-2.85293665889292,-10.7397908036036,"spike",2,415
-1.9867727338337,-2.85293665889292,-10.7397908036036,"spike",2,416
-2.84261546843477,-2.99454462534694,-10.564503052426,"spike",2,417
-2.84261546843477,-2.99454462534694,-10.564503052426,"spike",2,418
-2.84261546843477,-2.99454462534694,-10.564503052426,"spike",2,419
-2.84261546843477,-2.99454462534694,-10.564503052426,"spike",2,420
-2.84261546843477,-2.99454462534694,-10.564503052426,"spike",2,421
-2.52507005115054,-3.04004984185761,-10.6021191647751,"spike",2,422
-2.55661261209437,-2.93449069263274,-10.626174249036,"spike",2,423
-2.55661261209437,-2.93449069263274,-10.626174249036,"spike",2,424
-2.55661261209437,-2.93449069263274,-10.626174249036,"spike",2,425
-2.55661261209437,-2.93449069263274,-10.626174249036,"spike",2,426
-2.55661261209437,-2.93449069263274,-10.626174249036,"spike",2,427
-2.55661261209437,-2.93449069263274,-10.626174249036,"spike",2,428
-2.55661261209437,-2.93449069263274,-10.626174249036,"spike",2,429
-2.55661261209437,-2.93449069263274,-10.626174249036,"spike",2,430
-2.55661261209437,-2.93449069263274,-10.626174249036,"spike",2,431
-2.46890448943219,-2.92973971818195,-11.2622943974124,"spike",2,432
-2.21245816066116,-2.9169082130671,-11.1167021378231,"spike",2,433
-2.21245816066116,-2.9169082130671,-11.1167021378231,"spike",2,434
-1.74314320752901,-2.62577322610366,-11.2736371643875,"spike",2,435
-2.6351076043988,-2.77645153799743,-11.4269240149238,"spike",2,436
-2.73115974390323,-2.97208823145798,-11.8897503096368,"spike",2,437
-2.12297593151482,-2.95440769365376,-12.1434922381615,"spike",2,438
-2.45974074105983,-2.84805256444421,-12.1800890946857,"spike",2,439
-1.8123425898121,-3.10473528526367,-11.6045352206444,"spike",2,440
-1.8123425898121,-3.10473528526367,-11.6045352206444,"spike",2,441
-2.51778760760373,-2.90107145192471,-11.994021046241,"spike",2,442
-3.38038121200172,-2.87906052152404,-11.9044410299644,"spike",2,443
-1.93894232280392,-2.66919317911931,-10.8362707066813,"spike",2,444
-2.92629909082206,-2.63229157613373,-10.0141565884088,"spike",2,445
-2.53745111146394,-2.65184922389714,-10.3808501611369,"spike",2,446
-1.90121881934273,-2.87125392753488,-10.0445107146505,"spike",2,447
-1.60791489487413,-2.70077237479515,-10.5180342832591,"spike",2,448
-1.60791489487413,-2.70077237479515,-10.5180342832591,"spike",2,449
-3.11125129239575,-2.55231017968011,-10.9058679208645,"spike",2,450
-3.11125129239575,-2.55231017968011,-10.9058679208645,"spike",2,451
-3.11125129239575,-2.55231017968011,-10.9058679208645,"spike",2,452
-2.79486713183352,-2.56126616946648,-10.4883949339939,"spike",2,453
-2.46720927030345,-2.56886319673681,-11.2551979125667,"spike",2,454
-2.8080855072564,-2.68358561922477,-11.0185672352114,"spike",2,455
-2.38625496524029,-2.69450677664797,-10.9401531301239,"spike",2,456
-1.90358458855313,-2.66647730579483,-10.7572339617234,"spike",2,457
-1.73259936911835,-2.77801448677606,-10.5549796206114,"spike",2,458
-2.970311589854,-2.74118262633906,-10.7345383860298,"spike",2,459
-2.970311589854,-2.74118262633906,-10.7345383860298,"spike",2,460
-3.18739595096616,-2.91786431185546,-10.8140764316603,"spike",2,461
-3.08031028643968,-2.80266542642082,-10.4682817874011,"spike",2,462
-2.86982056645068,-2.74155491607644,-10.9086852027501,"spike",2,463
-2.86982056645068,-2.74155491607644,-10.9086852027501,"spike",2,464
-2.81300419348678,-2.78760518207627,-10.5627699844075,"spike",2,465
-2.7695638006057,-2.76624803451727,-10.9497179955083,"spike",2,466
-2.7695638006057,-2.76624803451727,-10.9497179955083,"spike",2,467
-2.68106034761281,-3.08575996479531,-10.8529210519098,"spike",2,468
-2.88386063528686,-2.84618872280599,-10.5659984462647,"spike",2,469
-2.88386063528686,-2.84618872280599,-10.5659984462647,"spike",2,470
-2.88386063528686,-2.84618872280599,-10.5659984462647,"spike",2,471
-2.42229966504576,-2.78019130409082,-10.2745348002329,"spike",2,472
-2.42229966504576,-2.78019130409082,-10.2745348002329,"spike",2,473
-3.10579290036446,-2.74781019074856,-10.863717410548,"spike",2,474
-3.10373380835292,-2.91165582036257,-11.1909102089095,"spike",2,475
-2.6712009242528,-3.0110123845771,-10.1966147475524,"spike",2,476
-2.6712009242528,-3.0110123845771,-10.1966147475524,"spike",2,477
-2.6712009242528,-3.0110123845771,-10.1966147475524,"spike",2,478
-2.4016138182794,-2.83561216942329,-10.9606104705099,"spike",2,479
-1.66298466143123,-2.73276196927161,-10.6091650331478,"spike",2,480
-1.39391551637479,-2.62533865159093,-10.5820772549109,"spike",2,481
-1.62542721951432,-2.78743411038035,-11.1856305253515,"spike",2,482
-2.06505395955553,-2.59220737729574,-11.0468699015375,"spike",2,483
-2.42290010445626,-2.90238897897877,-11.5674116641129,"spike",2,484
-2.36084608764468,-2.69665898151789,-11.0430781290808,"spike",2,485
-1.89278811038526,-2.63126951753993,-10.95122104656,"spike",2,486
-2.44010737353436,-2.84245301914086,-11.2994402705699,"spike",2,487
-1.99328847450079,-2.84628940980186,-10.7779697336154,"spike",2,488
-1.99328847450079,-2.84628940980186,-10.7779697336154,"spike",2,489
-2.22540620684449,-3.09589069046793,-11.1248200940767,"spike",2,490
-2.22540620684449,-3.09589069046793,-11.1248200940767,"spike",2,491
-2.83692642414387,-2.96640607621997,-11.5359967068742,"spike",2,492
-2.8854941104961,-2.84464723288597,-11.6325639250778,"spike",2,493
-2.8854941104961,-2.84464723288597,-11.6325639250778,"spike",2,494
-1.64842460304494,-3.02876559405281,-10.2772439430003,"spike",2,495
-2.17003574823496,-2.8477379764623,-10.8216911446084,"spike",2,496
-2.17003574823496,-2.8477379764623,-10.8216911446084,"spike",2,497
-2.17003574823496,-2.8477379764623,-10.8216911446084,"spike",2,498
-2.58866501578229,-2.91867682496028,-10.4369104457503,"spike",2,499
-2.58866501578229,-2.91867682496028,-10.4369104457503,"spike",2,500
-2.58866501578229,-2.91867682496028,-10.4369104457503,"spike",2,501
-2.30118371762385,-2.82547058120321,-10.9871319495807,"spike",2,502
-1.97237656859921,-2.92894391034778,-11.0673952972584,"spike",2,503
-1.97237656859921,-2.92894391034778,-11.0673952972584,"spike",2,504
-1.81790036182697,-2.79281313493467,-10.7102168365029,"spike",2,505
-1.41625633854578,-2.56042583233585,-10.760855072667,"spike",2,506
-1.18828426430839,-2.6743112287205,-10.5927745158713,"spike",2,507
-1.34057617857922,-2.55880903671011,-10.2906565356525,"spike",2,508
-1.36749151918296,-2.43390202704188,-10.3029145601772,"spike",2,509
-1.8616768994193,-3.00105627629475,-9.99901039954621,"spike",2,510
-2.1174246744972,-3.02343112289543,-10.7622624884335,"spike",2,511
-2.73831133537668,-3.02949620917838,-10.9535410029859,"spike",2,512
-2.24219655197427,-2.89860304270738,-10.6648669596651,"spike",2,513
-2.73270188993066,-2.86568912271482,-10.2655266352805,"spike",2,514
-2.73270188993066,-2.86568912271482,-10.2655266352805,"spike",2,515
-2.73270188993066,-2.86568912271482,-10.2655266352805,"spike",2,516
-2.17709659896633,-2.83649314749654,-10.996267101596,"spike",2,517
-2.86027655704308,-2.76152622755297,-10.8819478347878,"spike",2,518
-2.73451326097087,-2.7470435884082,-10.1890711195338,"spike",2,519
-2.73451326097087,-2.7470435884082,-10.1890711195338,"spike",2,520
-0.948566337955644,-2.3126727642955,-10.2664108598723,"spike",2,521
-0.384676711267915,-2.1730213478074,-10.2727526884931,"spike",2,522
-0.384676711267915,-2.1730213478074,-10.2727526884931,"spike",2,523
-0.384676711267915,-2.1730213478074,-10.2727526884931,"spike",2,524
-0.384676711267915,-2.1730213478074,-10.2727526884931,"spike",2,525
-0.624875359770618,-2.58896388703257,-10.5379503802024,"spike",2,526
-1.94916983669494,-2.9275495361657,-10.2693691849941,"spike",2,527
-2.20407121805197,-2.99109853371562,-10.7638466595118,"spike",2,528
-2.20407121805197,-2.99109853371562,-10.7638466595118,"spike",2,529
-2.20407121805197,-2.99109853371562,-10.7638466595118,"spike",2,530
-2.20407121805197,-2.99109853371562,-10.7638466595118,"spike",2,531
-2.20407121805197,-2.99109853371562,-10.7638466595118,"spike",2,532
-2.20407121805197,-2.99109853371562,-10.7638466595118,"spike",2,533
-1.79499201577417,-2.88993044685854,-10.7471660883239,"spike",2,534
-1.89974178725037,-2.78431116912792,-10.2629132556379,"spike",2,535
-2.12353433214931,-2.97593487954253,-11.0749075917507,"spike",2,536
-2.17518985905763,-2.99693808008414,-10.5904720602739,"spike",2,537
-2.17518985905763,-2.99693808008414,-10.5904720602739,"spike",2,538
-2.80758057910488,-2.73395241291636,-10.7342700301078,"spike",2,539
-2.69049037632311,-2.60255386969692,-10.6700445902814,"spike",2,540
-2.69049037632311,-2.60255386969692,-10.6700445902814,"spike",2,541
-2.23981858435688,-2.71957846856499,-11.530849425283,"spike",2,542
-1.21429575167103,-2.62393037899714,-10.6511786823099,"spike",2,543
-1.21429575167103,-2.62393037899714,-10.6511786823099,"spike",2,544
-1.21429575167103,-2.62393037899714,-10.6511786823099,"spike",2,545
-2.09544977487676,-2.84170912435625,-10.9494997274449,"spike",2,546
-2.09544977487676,-2.84170912435625,-10.9494997274449,"spike",2,547
-2.09544977487676,-2.84170912435625,-10.9494997274449,"spike",2,548
-2.09544977487676,-2.84170912435625,-10.9494997274449,"spike",2,549
-1.63135031237973,-2.78538143108131,-10.6899883537862,"spike",2,550
-2.71974356825938,-2.96536882157233,-10.5160749583231,"spike",2,551
-2.71974356825938,-2.96536882157233,-10.5160749583231,"spike",2,552
-2.71974356825938,-2.96536882157233,-10.5160749583231,"spike",2,553
-2.71974356825938,-2.96536882157233,-10.5160749583231,"spike",2,554
-2.28366245963301,-2.99169613140458,-10.7348688525558,"spike",2,555
-2.28366245963301,-2.99169613140458,-10.7348688525558,"spike",2,556
-2.28366245963301,-2.99169613140458,-10.7348688525558,"spike",2,557
-2.28366245963301,-2.99169613140458,-10.7348688525558,"spike",2,558
-2.28366245963301,-2.99169613140458,-10.7348688525558,"spike",2,559
-2.71773009795816,-2.96881918391832,-10.6232233017029,"spike",2,560
-2.71773009795816,-2.96881918391832,-10.6232233017029,"spike",2,561
-2.71773009795816,-2.96881918391832,-10.6232233017029,"spike",2,562
-2.71773009795816,-2.96881918391832,-10.6232233017029,"spike",2,563
-3.3117448906906,-2.92857998869322,-10.8033908166925,"spike",2,564
-2.77329627371308,-2.84870585307494,-10.3779639949922,"spike",2,565
-2.56332885224236,-2.97994517125688,-10.9494289634132,"spike",2,566
-3.10244603996299,-2.80350209913493,-10.7156204443827,"spike",2,567
-3.10244603996299,-2.80350209913493,-10.7156204443827,"spike",2,568
-3.15016092760481,-2.64187835737475,-10.6388743443013,"spike",2,569
-3.15016092760481,-2.64187835737475,-10.6388743443013,"spike",2,570
-2.74105722307375,-2.59132990286835,-10.5943122899798,"spike",2,571
-2.68437557179196,-2.76565931339346,-10.0984174256671,"spike",2,572
-2.02419993624566,-2.87286657415819,-9.8134044515693,"spike",2,573
-1.94438528446099,-3.07036428259346,-9.92921060840706,"spike",2,574
-2.48531714559724,-3.03765471197937,-9.7786863710176,"spike",2,575
-2.03013414693483,-3.02198216538494,-10.8470915383527,"spike",2,576
-1.71855507509525,-2.66514932632609,-11.0654266038678,"spike",2,577
-1.71855507509525,-2.66514932632609,-11.0654266038678,"spike",2,578
-1.91003953924637,-2.89359231209065,-11.1011643121346,"spike",2,579
-2.18200883796582,-3.03430092389726,-11.1534831107651,"spike",2,580
-2.72766211344405,-3.02303524654451,-11.2065257606577,"spike",2,581
-2.72766211344405,-3.02303524654451,-11.2065257606577,"spike",2,582
-2.498186669409,-3.01286211166771,-10.6418057137297,"spike",2,583
-2.498186669409,-3.01286211166771,-10.6418057137297,"spike",2,584
-2.47068658806126,-2.94700061670109,-9.98579775199446,"spike",2,585
-2.47068658806126,-2.94700061670109,-9.98579775199446,"spike",2,586
-2.16635871223337,-2.96516673350759,-10.7559965415835,"spike",2,587
-2.33442548950454,-2.86089071294163,-10.281829409806,"spike",2,588
-2.33442548950454,-2.86089071294163,-10.281829409806,"spike",2,589
-2.46723180435438,-3.08179510463207,-10.3669222110249,"spike",2,590
-2.46723180435438,-3.08179510463207,-10.3669222110249,"spike",2,591
-2.69079828815399,-3.08975983196148,-10.5635308149723,"spike",2,592
-2.52802018693169,-2.86763838851728,-11.4213188323612,"spike",2,593
-2.68021449551521,-3.05612404004677,-11.0218433625404,"spike",2,594
-2.68021449551521,-3.05612404004677,-11.0218433625404,"spike",2,595
-2.68021449551521,-3.05612404004677,-11.0218433625404,"spike",2,596
-1.50273809055588,-2.8557310460326,-10.6566278512578,"spike",2,597
-2.01200691006971,-2.9050018458925,-10.8042982328417,"spike",2,598
-2.01200691006971,-2.9050018458925,-10.8042982328417,"spike",2,599
-2.60621936855518,-3.02001573586436,-11.257192034044,"spike",2,600
-3.19139801523793,-2.85977436664352,-10.4318679418896,"spike",2,601
-2.68860766288714,-2.76545954736884,-10.1601137461232,"spike",2,602
-3.25642008043031,-2.81653649485366,-10.6845994320051,"spike",2,603
-3.25642008043031,-2.81653649485366,-10.6845994320051,"spike",2,604
-1.63149430662639,-2.72932978342951,-10.4137917228177,"spike",2,605
-2.10471784552864,-2.79266463699853,-10.7698536274241,"spike",2,606
-2.16431632579667,-3.01100785921403,-10.5009117854921,"spike",2,607
-2.83431692659567,-2.87910652540994,-10.5504789552242,"spike",2,608
-2.55110840599155,-2.89744937709277,-10.7381392680456,"spike",2,609
-2.55110840599155,-2.89744937709277,-10.7381392680456,"spike",2,610
-2.44255297057589,-2.5733999793022,-10.5252668624211,"spike",2,611
-1.77995452963661,-2.7762461489838,-10.9414188773152,"spike",2,612
-1.77995452963661,-2.7762461489838,-10.9414188773152,"spike",2,613
-2.86323226407029,-2.95196699253223,-11.0951159630725,"spike",2,614
-1.85251058049263,-2.77168919191646,-11.0499410538197,"spike",2,615
-1.85682984890251,-2.75170715522699,-10.5963355577207,"spike",2,616
-1.85682984890251,-2.75170715522699,-10.5963355577207,"spike",2,617
-2.32435033308848,-2.94812627490313,-10.6580235270414,"spike",2,618
-2.32435033308848,-2.94812627490313,-10.6580235270414,"spike",2,619
-2.32435033308848,-2.94812627490313,-10.6580235270414,"spike",2,620
-2.32435033308848,-2.94812627490313,-10.6580235270414,"spike",2,621
-2.32435033308848,-2.94812627490313,-10.6580235270414,"spike",2,622
-2.48960077505094,-2.9545710331245,-10.692080456293,"spike",2,623
-2.48960077505094,-2.9545710331245,-10.692080456293,"spike",2,624
-2.48960077505094,-2.9545710331245,-10.692080456293,"spike",2,625
-1.78376193559556,-2.73638573339195,-10.6946357248597,"spike",2,626
-1.61044507628623,-2.46530027333622,-10.9851350210375,"spike",2,627
-1.89202978730135,-2.64615437329874,-10.6256342613017,"spike",2,628
-2.09194342149077,-2.82354835184983,-11.2604497732712,"spike",2,629
-2.45237816996535,-3.04596545936322,-10.8939420827406,"spike",2,630
-2.36267193045164,-2.84657894477162,-10.6322351991535,"spike",2,631
-2.86855279126577,-2.77538925072447,-10.7853441511044,"spike",2,632
-2.86855279126577,-2.77538925072447,-10.7853441511044,"spike",2,633
-2.82090683504233,-2.96618286319486,-11.0643594691806,"spike",2,634
-2.82090683504233,-2.96618286319486,-11.0643594691806,"spike",2,635
-2.82090683504233,-2.96618286319486,-11.0643594691806,"spike",2,636
-2.82090683504233,-2.96618286319486,-11.0643594691806,"spike",2,637
-2.00042139364784,-2.84009715470061,-11.2177605314762,"spike",2,638
-2.3501193878494,-2.85005238382263,-10.9867841783635,"spike",2,639
-2.3501193878494,-2.85005238382263,-10.9867841783635,"spike",2,640
-2.76960076994066,-3.05624150878474,-10.8481457156874,"spike",2,641
-2.25157423732189,-2.87758937299495,-10.6577337706312,"spike",2,642
-2.27032628153165,-2.8834110825766,-10.371559480812,"spike",2,643
-2.20371922957584,-2.96998468550706,-10.1841683702387,"spike",2,644
-2.20371922957584,-2.96998468550706,-10.1841683702387,"spike",2,645
-2.12465883567456,-3.11301220184584,-10.8904643486477,"spike",2,646
-2.67228430109873,-2.98250510945874,-10.2751119495774,"spike",2,647
-1.99724356021883,-2.82956440370176,-10.8250627284543,"spike",2,648
-2.45114163002919,-2.83842461645345,-11.123245023733,"spike",2,649
-2.59605296613846,-3.15201460859779,-11.342455773724,"spike",2,650
-2.59605296613846,-3.15201460859779,-11.342455773724,"spike",2,651
-2.05924469686826,-2.93831800340009,-10.8961156012349,"spike",2,652
-2.05924469686826,-2.93831800340009,-10.8961156012349,"spike",2,653
-2.47832020420497,-3.03982585334048,-11.0417556922925,"spike",2,654
-2.47629126707741,-2.93868919477293,-11.1612112295903,"spike",2,655
-2.47629126707741,-2.93868919477293,-11.1612112295903,"spike",2,656
-2.47629126707741,-2.93868919477293,-11.1612112295903,"spike",2,657
-2.19636175876323,-2.91223646690003,-11.4787572964651,"spike",2,658
-2.19636175876323,-2.91223646690003,-11.4787572964651,"spike",2,659
-2.66251085604436,-2.93048600897784,-10.5031222071346,"spike",2,660
-2.66251085604436,-2.93048600897784,-10.5031222071346,"spike",2,661
-2.44778583900883,-3.09678236502688,-10.509619815307,"spike",2,662
-2.44778583900883,-3.09678236502688,-10.509619815307,"spike",2,663
-2.35630466483284,-3.0311197874346,-10.8426876928569,"spike",2,664
-1.91476508979489,-2.92969070585848,-10.5675830134256,"spike",2,665
-1.91476508979489,-2.92969070585848,-10.5675830134256,"spike",2,666
-2.08661599877032,-2.7294358912415,-10.6674105430836,"spike",2,667
-3.05910869401764,-2.84689672216906,-11.1604380941189,"spike",2,668
-2.20526301758043,-2.86376581684719,-10.7878634867296,"spike",2,669
-2.20526301758043,-2.86376581684719,-10.7878634867296,"spike",2,670
-2.20526301758043,-2.86376581684719,-10.7878634867296,"spike",2,671
-2.20526301758043,-2.86376581684719,-10.7878634867296,"spike",2,672
-2.46814175281675,-2.70692061971777,-11.1439197490406,"spike",2,673
-2.31001711094296,-2.92124333366359,-10.8410426681382,"spike",2,674
-2.31001711094296,-2.92124333366359,-10.8410426681382,"spike",2,675
-2.31001711094296,-2.92124333366359,-10.8410426681382,"spike",2,676
-2.31001711094296,-2.92124333366359,-10.8410426681382,"spike",2,677
-2.31001711094296,-2.92124333366359,-10.8410426681382,"spike",2,678
-2.31001711094296,-2.92124333366359,-10.8410426681382,"spike",2,679
-2.31001711094296,-2.92124333366359,-10.8410426681382,"spike",2,680
-2.31001711094296,-2.92124333366359,-10.8410426681382,"spike",2,681
-2.42620625164642,-2.91903251920839,-11.1051338684898,"spike",2,682
-2.2573786462132,-2.74315724126473,-10.6917312083742,"spike",2,683
-2.11138971954829,-2.74350772449191,-10.5522456063941,"spike",2,684
-2.11138971954829,-2.74350772449191,-10.5522456063941,"spike",2,685
-2.86012943265264,-2.82154413700003,-10.8888125581422,"spike",2,686
-2.86012943265264,-2.82154413700003,-10.8888125581422,"spike",2,687
-2.86012943265264,-2.82154413700003,-10.8888125581422,"spike",2,688
-2.0951748490684,-2.97087755650199,-11.4478664859234,"spike",2,689
-2.29523044949425,-3.04283351156111,-10.8630377424259,"spike",2,690
-2.16140544908355,-2.95006004095565,-10.8172785249955,"spike",2,691
-2.72175770018406,-2.91197450564847,-10.660575581342,"spike",2,692
-2.73561585884147,-3.1345370996757,-10.7891445011258,"spike",2,693
-2.73561585884147,-3.1345370996757,-10.7891445011258,"spike",2,694
-3.44935674735435,-2.83709785567886,-10.966584801413,"spike",2,695
-3.2648764942586,-2.69833178106224,-10.1747365914544,"spike",2,696
-2.84662339068476,-2.91171016280056,-10.9241759600888,"spike",2,697
-2.84662339068476,-2.91171016280056,-10.9241759600888,"spike",2,698
-2.84662339068476,-2.91171016280056,-10.9241759600888,"spike",2,699
-1.88224134017769,-2.81598861906231,-10.4236407161021,"spike",2,700
-1.88224134017769,-2.81598861906231,-10.4236407161021,"spike",2,701
-0.948716652892681,-2.4987537590856,-10.4566667235467,"spike",2,702
-0.948716652892681,-2.4987537590856,-10.4566667235467,"spike",2,703
-0.948716652892681,-2.4987537590856,-10.4566667235467,"spike",2,704
-2.07062469217042,-2.77187438439386,-10.9955779787954,"spike",2,705
-2.41666689447172,-2.9272935645224,-10.2038439557881,"spike",2,706
-2.41666689447172,-2.9272935645224,-10.2038439557881,"spike",2,707
-2.41666689447172,-2.9272935645224,-10.2038439557881,"spike",2,708
-2.7755938121388,-2.91492032022265,-11.0334093366426,"spike",2,709
-1.8773809292199,-2.84389241750676,-10.9863343091262,"spike",2,710
-2.47385479844141,-2.83998915079408,-10.9756152275521,"spike",2,711
-2.47385479844141,-2.83998915079408,-10.9756152275521,"spike",2,712
-2.47385479844141,-2.83998915079408,-10.9756152275521,"spike",2,713
-2.3547577652298,-2.99839452491482,-10.553567930964,"spike",2,714
-2.3547577652298,-2.99839452491482,-10.553567930964,"spike",2,715
-2.3547577652298,-2.99839452491482,-10.553567930964,"spike",2,716
-2.3547577652298,-2.99839452491482,-10.553567930964,"spike",2,717
-3.04448547604666,-2.88436738853177,-9.80376147348617,"spike",2,718
-1.73432261500787,-2.92266913836241,-10.6442086042786,"spike",2,719
-2.94731111571015,-2.67974928326981,-11.4114198843435,"spike",2,720
-2.71883210686526,-2.89551790537907,-10.6461169802563,"spike",2,721
-2.35925296206688,-2.93184464778494,-10.4108735486294,"spike",2,722
-2.35925296206688,-2.93184464778494,-10.4108735486294,"spike",2,723
-2.49566423386372,-2.72871794080779,-10.1791236034665,"spike",2,724
-0.85623761908901,-2.36808504652555,-10.6544200723075,"spike",2,725
-0.85623761908901,-2.36808504652555,-10.6544200723075,"spike",2,726
-0.589653379292458,-2.42411026162006,-10.1359561335976,"spike",2,727
-1.97477789955516,-3.138803617571,-10.5668821513995,"spike",2,728
-2.11120645796664,-2.87788049811032,-11.0083705980492,"spike",2,729
-2.03622517376379,-2.77683453168093,-10.2762821750317,"spike",2,730
-2.07765512947821,-2.85105998529826,-11.0632055855518,"spike",2,731
-2.76019720248023,-2.99742249545618,-11.2135689453767,"spike",2,732
-2.76019720248023,-2.99742249545618,-11.2135689453767,"spike",2,733
-2.76019720248023,-2.99742249545618,-11.2135689453767,"spike",2,734
-2.76019720248023,-2.99742249545618,-11.2135689453767,"spike",2,735
-1.7510333195113,-2.69989293326887,-10.89158588174,"spike",2,736
-2.90786187315193,-2.8077052404825,-10.9542103845647,"spike",2,737
-2.66070802336395,-2.86673659783049,-10.7487676897117,"spike",2,738
-2.66070802336395,-2.86673659783049,-10.7487676897117,"spike",2,739
-2.66070802336395,-2.86673659783049,-10.7487676897117,"spike",2,740
-1.29349246756256,-2.70370327537789,-10.3121105206604,"spike",2,741
-1.52156564752669,-2.61327732261887,-10.2645363937042,"spike",2,742
-2.67249816505576,-2.91947450446772,-11.2402703589795,"spike",2,743
-2.67249816505576,-2.91947450446772,-11.2402703589795,"spike",2,744
-3.00283065927513,-2.9519491367685,-10.5730093952388,"spike",2,745
-3.11924469557095,-2.80904157890662,-10.8695613969272,"spike",2,746
-3.10368056156689,-2.86407010548377,-11.1464791103706,"spike",2,747
-2.57608285931595,-3.00628725143715,-10.3707981092404,"spike",2,748
-2.57608285931595,-3.00628725143715,-10.3707981092404,"spike",2,749
-2.26541292780966,-2.99741155340291,-10.4680350771735,"spike",2,750
-2.26541292780966,-2.99741155340291,-10.4680350771735,"spike",2,751
-2.38243432511109,-2.78522900385561,-10.761247449558,"spike",2,752
-2.16559067706484,-2.81349605781384,-11.5232289186012,"spike",2,753
-1.46423096042734,-2.75057890977137,-10.6642727806997,"spike",2,754
-2.20981276917784,-2.85774767403716,-11.14096173013,"spike",2,755
-2.743402215724,-2.84816386896122,-11.0098608276603,"spike",2,756
-2.743402215724,-2.84816386896122,-11.0098608276603,"spike",2,757
-2.55349795749284,-3.01558917111587,-10.8210213975387,"spike",2,758
-2.7270456090315,-2.96717429493173,-10.3337962886142,"spike",2,759
-1.86883906741447,-2.83277598820984,-10.5018560911642,"spike",2,760
-1.86883906741447,-2.83277598820984,-10.5018560911642,"spike",2,761
-2.46638161672516,-3.0407939775524,-10.6015007165778,"spike",2,762
-2.46638161672516,-3.0407939775524,-10.6015007165778,"spike",2,763
-3.09052692826626,-2.93710365693792,-10.7888122830058,"spike",2,764
-2.76665722966524,-2.8377254846227,-11.20864189826,"spike",2,765
-2.85612828113715,-2.79554286356315,-11.4507260860989,"spike",2,766
-1.50050211491531,-2.59165265093497,-11.0529024845514,"spike",2,767
-1.52944530703569,-2.5760554860039,-10.6123441101278,"spike",2,768
-1.52944530703569,-2.5760554860039,-10.6123441101278,"spike",2,769
-2.47178330926576,-3.15873705551547,-10.6836943249887,"spike",2,770
-2.47178330926576,-3.15873705551547,-10.6836943249887,"spike",2,771
-1.35655542572037,-2.61458902111652,-10.5796576610062,"spike",2,772
-2.90280288813969,-2.97731973962744,-10.8012387468555,"spike",2,773
-2.67897598063681,-2.90620933331347,-10.9728990892306,"spike",2,774
-2.37291402377778,-2.76187643152009,-11.0521930469286,"spike",2,775
-2.37291402377778,-2.76187643152009,-11.0521930469286,"spike",2,776
-2.37291402377778,-2.76187643152009,-11.0521930469286,"spike",2,777
-3.14555746957866,-2.72580074964575,-10.4124366969323,"spike",2,778
-2.9896129344233,-2.75242219792149,-10.6427760118875,"spike",2,779
-2.9896129344233,-2.75242219792149,-10.6427760118875,"spike",2,780
-2.9896129344233,-2.75242219792149,-10.6427760118875,"spike",2,781
-2.9896129344233,-2.75242219792149,-10.6427760118875,"spike",2,782
-2.41834660952781,-2.88132750692015,-11.195668387866,"spike",2,783
-2.41834660952781,-2.88132750692015,-11.195668387866,"spike",2,784
-2.2299267343686,-3.003880373459,-10.9445143880228,"spike",2,785
-2.2299267343686,-3.003880373459,-10.9445143880228,"spike",2,786
-2.2299267343686,-3.003880373459,-10.9445143880228,"spike",2,787
-2.2299267343686,-3.003880373459,-10.9445143880228,"spike",2,788
-2.14419092644396,-3.06537145086227,-10.119762896399,"spike",2,789
-2.1489273812488,-2.99353252599339,-10.4511233289588,"spike",2,790
-1.6382901890487,-2.75244928442775,-11.0524839150007,"spike",2,791
-2.66555592556835,-2.89724875585541,-10.7722198383736,"spike",2,792
-2.66555592556835,-2.89724875585541,-10.7722198383736,"spike",2,793
-2.66555592556835,-2.89724875585541,-10.7722198383736,"spike",2,794
-2.44411882527189,-2.94002559175204,-10.5416584082473,"spike",2,795
-2.44411882527189,-2.94002559175204,-10.5416584082473,"spike",2,796
-2.09916783301292,-2.85509593659146,-11.0209813566681,"spike",2,797
-2.98567991334996,-2.82759307681372,-10.8504853156088,"spike",2,798
-2.87544846602425,-2.77657153672309,-10.4709088293126,"spike",2,799
-2.87544846602425,-2.77657153672309,-10.4709088293126,"spike",2,800
-3.03013749237697,-2.88742188335331,-11.2459497980808,"spike",2,801
-2.73593011744561,-2.99328238554286,-11.2783204566115,"spike",2,802
-2.4090875905667,-2.83758245915393,-10.9688278961551,"spike",2,803
-2.76431836532701,-2.89326500756161,-10.9630703404836,"spike",2,804
-2.76431836532701,-2.89326500756161,-10.9630703404836,"spike",2,805
-2.70911184239842,-2.82491054743242,-10.690367478467,"spike",2,806
-2.78729506701172,-2.87596333022495,-10.5211257297539,"spike",2,807
-2.50895024901175,-2.72563769771176,-10.8563637633084,"spike",2,808
-2.39395615648227,-2.78158279066106,-10.3356031096405,"spike",2,809
-2.95347911649401,-2.92801364647833,-10.3449136359235,"spike",2,810
-1.91049598674207,-2.82399374121748,-10.6277738409781,"spike",2,811
-1.91049598674207,-2.82399374121748,-10.6277738409781,"spike",2,812
-2.29186812180034,-2.9360833429413,-10.6461002066638,"spike",2,813
-2.07738377709101,-2.9575113707485,-11.28154549304,"spike",2,814
-2.07738377709101,-2.9575113707485,-11.28154549304,"spike",2,815
-2.83426795691942,-3.11521992540649,-10.8235240639845,"spike",2,816
-3.30119145570797,-2.8208165865497,-10.9919576515519,"spike",2,817
-3.27373039661691,-3.01061551684037,-10.9963170504859,"spike",2,818
-2.37158955847464,-2.75087085987158,-10.9749549925419,"spike",2,819
-1.42379652662115,-2.35956399558886,-10.61852416294,"spike",2,820
-0.581264515734589,-2.3647616572098,-10.7679390615201,"spike",2,821
-0.781828328592145,-2.40416944672826,-10.8608150508636,"spike",2,822
-2.45063347353512,-2.59830393616805,-10.7590143586749,"spike",2,823
-2.4967931268352,-2.73332813435361,-11.1962570802732,"spike",2,824
-2.4967931268352,-2.73332813435361,-11.1962570802732,"spike",2,825
-2.71855697062726,-3.01937909728644,-11.1303088458909,"spike",2,826
-2.71855697062726,-3.01937909728644,-11.1303088458909,"spike",2,827
-2.887813955395,-2.75978003821854,-11.4392109266751,"spike",2,828
-2.887813955395,-2.75978003821854,-11.4392109266751,"spike",2,829
-1.72332476488508,-2.78753775920874,-11.1702424763659,"spike",2,830
-2.05411019744975,-2.64653604735668,-10.9921074204584,"spike",2,831
-2.18318871791844,-2.83738949821789,-11.0914291686387,"spike",2,832
-2.49809432401759,-3.05968481845227,-10.989691003804,"spike",2,833
-2.49809432401759,-3.05968481845227,-10.989691003804,"spike",2,834
-2.69219278086831,-3.09221060025056,-10.3569295642626,"spike",2,835
-2.69219278086831,-3.09221060025056,-10.3569295642626,"spike",2,836
-2.69219278086831,-3.09221060025056,-10.3569295642626,"spike",2,837
-3.11367565186333,-2.84333918555508,-10.6518598834605,"spike",2,838
-2.60351506892245,-2.97890815247935,-11.0867969783151,"spike",2,839
-2.60351506892245,-2.97890815247935,-11.0867969783151,"spike",2,840
-2.60351506892245,-2.97890815247935,-11.0867969783151,"spike",2,841
-2.60351506892245,-2.97890815247935,-11.0867969783151,"spike",2,842
-2.75325050510311,-2.9623308143093,-10.5344297271988,"spike",2,843
-2.75325050510311,-2.9623308143093,-10.5344297271988,"spike",2,844
-2.75325050510311,-2.9623308143093,-10.5344297271988,"spike",2,845
-2.75325050510311,-2.9623308143093,-10.5344297271988,"spike",2,846
-1.51291245894239,-2.47846694708581,-10.2906233270677,"spike",2,847
-1.34054766885902,-2.67863025689426,-11.0917476914855,"spike",2,848
-1.1920330272553,-2.36351046934864,-11.0934591461407,"spike",2,849
-1.85962547657441,-2.62393418102868,-11.3981608209354,"spike",2,850
-2.46253514046681,-2.53721814451398,-10.7437345837855,"spike",2,851
-3.09457390720562,-2.90304944841687,-11.4237690915953,"spike",2,852
-3.09457390720562,-2.90304944841687,-11.4237690915953,"spike",2,853
-1.80672659279998,-2.58479886759506,-10.8960024572458,"spike",2,854
-2.87828571244218,-2.75333239564491,-10.8624052675952,"spike",2,855
-2.92769276135852,-2.94316125531,-10.9004174782624,"spike",2,856
-2.51310464726117,-3.10116507136476,-10.9885236995866,"spike",2,857
-2.32618974548937,-3.09634875981299,-10.7844447340173,"spike",2,858
-2.54089481649202,-2.82278968191351,-10.6924943117665,"spike",2,859
-1.96467230469083,-2.99190956586452,-10.8720681257273,"spike",2,860
-2.38059883042689,-2.82670790597547,-10.2643650868549,"spike",2,861
-3.0146536687838,-2.66239265611705,-10.6113450881867,"spike",2,862
-2.91611229639139,-2.78703397309527,-10.8155232129836,"spike",2,863
-2.91611229639139,-2.78703397309527,-10.8155232129836,"spike",2,864
-2.68385507405187,-3.15205928759847,-10.9671770647248,"spike",2,865
-2.68385507405187,-3.15205928759847,-10.9671770647248,"spike",2,866
-2.52957594961289,-2.92537146303616,-9.89097851240249,"spike",2,867
-2.52957594961289,-2.92537146303616,-9.89097851240249,"spike",2,868
-3.18639324048853,-2.49142879879391,-10.2586006399524,"spike",2,869
-3.18639324048853,-2.49142879879391,-10.2586006399524,"spike",2,870
-3.18639324048853,-2.49142879879391,-10.2586006399524,"spike",2,871
-3.0562335072428,-2.74335347844077,-10.3355519916318,"spike",2,872
-3.0562335072428,-2.74335347844077,-10.3355519916318,"spike",2,873
-3.16859000550247,-2.67164082128429,-10.8858287325283,"spike",2,874
-3.16859000550247,-2.67164082128429,-10.8858287325283,"spike",2,875
-3.16859000550247,-2.67164082128429,-10.8858287325283,"spike",2,876
-3.16859000550247,-2.67164082128429,-10.8858287325283,"spike",2,877
-2.52051498162766,-2.71460399748956,-10.8504423142514,"spike",2,878
-2.84453913777314,-2.67410916594032,-11.2584580732863,"spike",2,879
-2.84453913777314,-2.67410916594032,-11.2584580732863,"spike",2,880
-2.67324314496542,-2.54297769365171,-10.3100869995336,"spike",2,881
-2.55165265632385,-2.98750917660436,-11.3131182755612,"spike",2,882
-2.06681638942823,-2.83821653046656,-11.3711580211839,"spike",2,883
-2.9722466847043,-2.8099187539809,-11.3188202281411,"spike",2,884
-2.78272343780042,-2.93126390837507,-10.152599434766,"spike",2,885
-2.04410841930211,-2.75707731099723,-10.5232144094149,"spike",2,886
-2.9471275936354,-2.78057442540403,-10.4437489415257,"spike",2,887
-2.14235926946426,-2.94842579103415,-10.610603391695,"spike",2,888
-2.14235926946426,-2.94842579103415,-10.610603391695,"spike",2,889
-2.14235926946426,-2.94842579103415,-10.610603391695,"spike",2,890
-2.14235926946426,-2.94842579103415,-10.610603391695,"spike",2,891
-2.71387068088764,-2.93329145752956,-10.4980756771116,"spike",2,892
-2.80227108803322,-2.83659078546405,-10.5667273348925,"spike",2,893
-2.80227108803322,-2.83659078546405,-10.5667273348925,"spike",2,894
-2.80227108803322,-2.83659078546405,-10.5667273348925,"spike",2,895
-2.80227108803322,-2.83659078546405,-10.5667273348925,"spike",2,896
-2.80227108803322,-2.83659078546405,-10.5667273348925,"spike",2,897
-2.70461257085781,-2.86032648801642,-10.9643428244474,"spike",2,898
-2.70461257085781,-2.86032648801642,-10.9643428244474,"spike",2,899
-2.70461257085781,-2.86032648801642,-10.9643428244474,"spike",2,900
-2.70461257085781,-2.86032648801642,-10.9643428244474,"spike",2,901
-2.70461257085781,-2.86032648801642,-10.9643428244474,"spike",2,902
-2.70461257085781,-2.86032648801642,-10.9643428244474,"spike",2,903
-2.70461257085781,-2.86032648801642,-10.9643428244474,"spike",2,904
-2.4825712548048,-2.98725786585384,-10.9236519643385,"spike",2,905
-2.4825712548048,-2.98725786585384,-10.9236519643385,"spike",2,906
-2.33470051709184,-2.88417645744229,-10.6116504557751,"spike",2,907
-2.33470051709184,-2.88417645744229,-10.6116504557751,"spike",2,908
-1.09723242963739,-2.42207026040415,-11.1533408854133,"spike",2,909
-1.0790258849758,-2.38325060447064,-11.2339565269205,"spike",2,910
-1.0790258849758,-2.38325060447064,-11.2339565269205,"spike",2,911
-1.0790258849758,-2.38325060447064,-11.2339565269205,"spike",2,912
-1.0790258849758,-2.38325060447064,-11.2339565269205,"spike",2,913
-2.79563587701875,-2.93457716365737,-11.7797168562019,"spike",2,914
-2.3551680587294,-2.84754294761392,-11.087876581716,"spike",2,915
-2.39291797330495,-2.86026952124169,-10.452045595249,"spike",2,916
-2.39291797330495,-2.86026952124169,-10.452045595249,"spike",2,917
-2.39291797330495,-2.86026952124169,-10.452045595249,"spike",2,918
-2.34107819403325,-2.80841415347128,-10.7139031992103,"spike",2,919
-3.5074173683735,-2.81501945703113,-10.9903688782653,"spike",2,920
-3.5074173683735,-2.81501945703113,-10.9903688782653,"spike",2,921
-3.5074173683735,-2.81501945703113,-10.9903688782653,"spike",2,922
-2.74317208540901,-3.09516883966108,-10.1984705408813,"spike",2,923
-2.74317208540901,-3.09516883966108,-10.1984705408813,"spike",2,924
-2.74317208540901,-3.09516883966108,-10.1984705408813,"spike",2,925
-2.81004951621525,-2.90569381180217,-10.5974651476979,"spike",2,926
-2.81004951621525,-2.90569381180217,-10.5974651476979,"spike",2,927
-2.81004951621525,-2.90569381180217,-10.5974651476979,"spike",2,928
-2.81004951621525,-2.90569381180217,-10.5974651476979,"spike",2,929
-2.81004951621525,-2.90569381180217,-10.5974651476979,"spike",2,930
-2.6178085376874,-3.10955621964894,-10.6298930191598,"spike",2,931
-2.6178085376874,-3.10955621964894,-10.6298930191598,"spike",2,932
-2.6178085376874,-3.10955621964894,-10.6298930191598,"spike",2,933
-2.8347845855987,-3.04520165576879,-10.5507403028634,"spike",2,934
-2.8347845855987,-3.04520165576879,-10.5507403028634,"spike",2,935
-2.66960195663673,-3.10199834239034,-10.7320188843397,"spike",2,936
-2.4487432915683,-3.23392496145442,-10.3609643285007,"spike",2,937
-1.56347672892758,-2.83825061476153,-10.6983532969524,"spike",2,938
-2.12070150017527,-2.7851611734232,-11.0444209345995,"spike",2,939
-2.12070150017527,-2.7851611734232,-11.0444209345995,"spike",2,940
-2.45654594019386,-2.85148317844133,-10.8565450045268,"spike",2,941
-2.45654594019386,-2.85148317844133,-10.8565450045268,"spike",2,942
-2.45654594019386,-2.85148317844133,-10.8565450045268,"spike",2,943
-2.85269487893004,-2.83694424279466,-10.6957227911482,"spike",2,944
-2.85269487893004,-2.83694424279466,-10.6957227911482,"spike",2,945
-2.26596946436273,-2.7889654712821,-10.8725540300729,"spike",2,946
-2.69993279901601,-2.79539302435247,-10.7722556106586,"spike",2,947
-2.87559573467297,-2.97895813345213,-10.7066769162921,"spike",2,948
-2.87559573467297,-2.97895813345213,-10.7066769162921,"spike",2,949
-2.87559573467297,-2.97895813345213,-10.7066769162921,"spike",2,950
-2.70615229607771,-2.92813846253611,-10.7829405042674,"spike",2,951
-2.70615229607771,-2.92813846253611,-10.7829405042674,"spike",2,952
-2.70615229607771,-2.92813846253611,-10.7829405042674,"spike",2,953
-2.70615229607771,-2.92813846253611,-10.7829405042674,"spike",2,954
-2.91304053755307,-2.87906908313549,-10.6008189574845,"spike",2,955
-2.91304053755307,-2.87906908313549,-10.6008189574845,"spike",2,956
-2.91304053755307,-2.87906908313549,-10.6008189574845,"spike",2,957
-2.91304053755307,-2.87906908313549,-10.6008189574845,"spike",2,958
-2.91304053755307,-2.87906908313549,-10.6008189574845,"spike",2,959
-2.91304053755307,-2.87906908313549,-10.6008189574845,"spike",2,960
-2.91304053755307,-2.87906908313549,-10.6008189574845,"spike",2,961
-2.91304053755307,-2.87906908313549,-10.6008189574845,"spike",2,962
-1.55402244905789,-2.79034008121434,-10.4009174343172,"spike",2,963
-1.55402244905789,-2.79034008121434,-10.4009174343172,"spike",2,964
-2.24394752780175,-2.63508785804217,-10.6051607513857,"spike",2,965
-2.16447773820517,-2.91805786377881,-11.5752581482289,"spike",2,966
-2.16447773820517,-2.91805786377881,-11.5752581482289,"spike",2,967
-2.16447773820517,-2.91805786377881,-11.5752581482289,"spike",2,968
-2.16447773820517,-2.91805786377881,-11.5752581482289,"spike",2,969
-2.45265855168464,-3.01736494147566,-11.1738707313494,"spike",2,970
-2.45265855168464,-3.01736494147566,-11.1738707313494,"spike",2,971
-2.30085980025855,-2.66732460733434,-10.921849070274,"spike",2,972
-2.95757686161019,-2.68483101998049,-10.8373311796052,"spike",2,973
-2.95757686161019,-2.68483101998049,-10.8373311796052,"spike",2,974
-3.0462476110345,-2.98881505983323,-10.57736955541,"spike",2,975
-2.26203290641929,-2.78346355742495,-10.3398878644142,"spike",2,976
-2.43399252190012,-2.96320768143214,-10.1056672759664,"spike",2,977
-3.00648429865907,-2.85148070723592,-10.2622096690127,"spike",2,978
-3.00648429865907,-2.85148070723592,-10.2622096690127,"spike",2,979
-3.00648429865907,-2.85148070723592,-10.2622096690127,"spike",2,980
-2.42847871252566,-2.73512385452105,-10.3109727063458,"spike",2,981
-2.42847871252566,-2.73512385452105,-10.3109727063458,"spike",2,982
-2.16040824458624,-2.76025215419769,-11.1143946218987,"spike",2,983
-1.51758207553973,-2.74664955742813,-10.8338562544304,"spike",2,984
-1.77417229472802,-2.79708571640886,-11.3791766300418,"spike",2,985
-1.75054241426968,-2.75717779668417,-10.5716583667801,"spike",2,986
-1.71277381543433,-2.86064234383959,-10.7974820273035,"spike",2,987
-2.66651955257577,-2.99337316122162,-11.4897621072464,"spike",2,988
-2.66651955257577,-2.99337316122162,-11.4897621072464,"spike",2,989
-2.66651955257577,-2.99337316122162,-11.4897621072464,"spike",2,990
-2.25902214059395,-2.89544374411731,-11.3915198540895,"spike",2,991
-2.2934153528323,-2.79869970705543,-11.5682674195653,"spike",2,992
-2.2934153528323,-2.79869970705543,-11.5682674195653,"spike",2,993
-2.5350663042853,-2.84382251572403,-11.3632975725447,"spike",2,994
-2.70129482525539,-2.94820876935964,-11.0152534726777,"spike",2,995
-2.70129482525539,-2.94820876935964,-11.0152534726777,"spike",2,996
-2.56661924589833,-2.88272299486238,-10.8374442018855,"spike",2,997
-1.69122891790233,-3.01039370280494,-10.5558232779956,"spike",2,998
-2.22802898847216,-2.9517540976278,-11.59671751647,"spike",2,999
-2.69000200986674,-2.79426947303633,-11.5467828571188,"spike",2,1000
-3.29417243590064,-2.89869126182191,-10.8170322825258,"spike",2,1001
-2.15707546078682,-2.77590064146573,-10.4077764154401,"spike",2,1002
-2.42053709847017,-2.88493031073247,-10.3312996792395,"spike",2,1003
-2.89512965629829,-2.82687298831539,-10.6165419606189,"spike",2,1004
-2.89512965629829,-2.82687298831539,-10.6165419606189,"spike",2,1005
-3.13847217334914,-2.95791241720538,-10.7410023002822,"spike",2,1006
-3.67429165017887,-2.57105437250231,-10.7896273523171,"spike",2,1007
-3.67429165017887,-2.57105437250231,-10.7896273523171,"spike",2,1008
-3.0121544539814,-2.71518364963851,-11.6494431364267,"spike",2,1009
-3.0121544539814,-2.71518364963851,-11.6494431364267,"spike",2,1010
-2.31714856221442,-2.86938239157136,-11.413618665506,"spike",2,1011
-2.31714856221442,-2.86938239157136,-11.413618665506,"spike",2,1012
-2.31714856221442,-2.86938239157136,-11.413618665506,"spike",2,1013
-2.52295300146169,-2.85520838946218,-10.3477018314509,"spike",2,1014
-2.52295300146169,-2.85520838946218,-10.3477018314509,"spike",2,1015
-2.52295300146169,-2.85520838946218,-10.3477018314509,"spike",2,1016
-2.24877941054547,-3.08467110721776,-10.5975673755803,"spike",2,1017
-1.83639235569082,-2.76975295768405,-10.6614122717753,"spike",2,1018
-2.37293759793624,-2.80029281432875,-11.2639042691289,"spike",2,1019
-3.02035871267428,-2.69783650753206,-10.8863735434414,"spike",2,1020
-3.08310522075692,-2.79009386720234,-10.5492063284994,"spike",2,1021
-2.94400881053168,-2.76278197932963,-10.7577859326018,"spike",2,1022
-2.94400881053168,-2.76278197932963,-10.7577859326018,"spike",2,1023
-2.94113943960282,-2.88911912340141,-11.1999197083074,"spike",2,1024
-2.38176301731602,-3.04689875553504,-11.4373711891498,"spike",2,1025
-2.40016612608652,-2.77054581304182,-10.4416193993233,"spike",2,1026
-2.47828943891847,-2.8020343577836,-10.7981443929855,"spike",2,1027
-2.47828943891847,-2.8020343577836,-10.7981443929855,"spike",2,1028
-2.47828943891847,-2.8020343577836,-10.7981443929855,"spike",2,1029
-2.54739910832401,-2.74832123883757,-10.8297811858715,"spike",2,1030
-2.88478372103302,-2.77441444258549,-10.7838278288674,"spike",2,1031
-3.09056406914615,-2.87261723399683,-10.4718821088939,"spike",2,1032
-2.2250500009436,-2.97094439719653,-10.590853829111,"spike",2,1033
-2.2250500009436,-2.97094439719653,-10.590853829111,"spike",2,1034
-2.2250500009436,-2.97094439719653,-10.590853829111,"spike",2,1035
-2.2250500009436,-2.97094439719653,-10.590853829111,"spike",2,1036
-2.2250500009436,-2.97094439719653,-10.590853829111,"spike",2,1037
-2.30060235525939,-3.06190162771214,-10.8955639897562,"spike",2,1038
-1.91735020036297,-2.82525365340006,-10.1277252754,"spike",2,1039
-0.844691733326922,-2.5327957563579,-10.3176317979784,"spike",2,1040
-1.77501346755236,-2.70322797274792,-10.8146161589114,"spike",2,1041
-2.27511102974897,-3.01165204502501,-10.6906938860389,"spike",2,1042
-2.29838005622763,-2.84884687847542,-10.7779740105605,"spike",2,1043
-2.90645026239021,-2.93439628777093,-10.4491508730966,"spike",2,1044
-3.02884442061491,-2.99702888365386,-10.6448972070867,"spike",2,1045
-1.94733736485674,-2.64080759850492,-10.6979988750846,"spike",2,1046
-1.94733736485674,-2.64080759850492,-10.6979988750846,"spike",2,1047
-1.0942068063708,-2.33894459965286,-10.7948490278335,"spike",2,1048
-1.0942068063708,-2.33894459965286,-10.7948490278335,"spike",2,1049
-1.50918274078078,-2.58546509420882,-10.9028895783221,"spike",2,1050
-2.61243935245584,-2.9159855638141,-11.5652735817819,"spike",2,1051
-2.56318000072267,-2.9092800786052,-11.1978667146604,"spike",2,1052
-2.56318000072267,-2.9092800786052,-11.1978667146604,"spike",2,1053
-2.56318000072267,-2.9092800786052,-11.1978667146604,"spike",2,1054
-2.56318000072267,-2.9092800786052,-11.1978667146604,"spike",2,1055
-2.56318000072267,-2.9092800786052,-11.1978667146604,"spike",2,1056
-2.56318000072267,-2.9092800786052,-11.1978667146604,"spike",2,1057
-1.90295843796684,-2.72675451348621,-10.6607689560421,"spike",2,1058
-1.90295843796684,-2.72675451348621,-10.6607689560421,"spike",2,1059
-1.88582613879175,-2.90682752910068,-10.3168487829632,"spike",2,1060
-1.88582613879175,-2.90682752910068,-10.3168487829632,"spike",2,1061
-1.88582613879175,-2.90682752910068,-10.3168487829632,"spike",2,1062
-2.64443583927619,-3.02658623712812,-10.4945879254855,"spike",2,1063
-2.64443583927619,-3.02658623712812,-10.4945879254855,"spike",2,1064
-2.97746292399985,-2.89455043784308,-10.952056062899,"spike",2,1065
-3.45547195893106,-2.63214456122831,-11.3017637853191,"spike",2,1066
-3.45547195893106,-2.63214456122831,-11.3017637853191,"spike",2,1067
-1.89670708522424,-2.60586379464682,-10.710632826147,"spike",2,1068
-1.89670708522424,-2.60586379464682,-10.710632826147,"spike",2,1069
-1.89670708522424,-2.60586379464682,-10.710632826147,"spike",2,1070
-1.79620420796804,-2.65026432138474,-10.8951833430281,"spike",2,1071
-3.16661532263966,-2.76468178654206,-10.2415312416977,"spike",2,1072
-3.16661532263966,-2.76468178654206,-10.2415312416977,"spike",2,1073
-3.16661532263966,-2.76468178654206,-10.2415312416977,"spike",2,1074
-3.40121623299993,-2.67415099389637,-10.4549769640863,"spike",2,1075
-3.78300934623981,-2.69909603284117,-10.6414044716565,"spike",2,1076
-3.78300934623981,-2.69909603284117,-10.6414044716565,"spike",2,1077
-3.08064688091055,-2.70633425223903,-10.2772421843857,"spike",2,1078
-3.08064688091055,-2.70633425223903,-10.2772421843857,"spike",2,1079
-3.20455531228822,-2.77673909194451,-10.4166835650414,"spike",2,1080
-3.20455531228822,-2.77673909194451,-10.4166835650414,"spike",2,1081
-3.20455531228822,-2.77673909194451,-10.4166835650414,"spike",2,1082
-2.24195610343343,-2.78109795670604,-10.5914652858969,"spike",2,1083
-2.24195610343343,-2.78109795670604,-10.5914652858969,"spike",2,1084
-2.24195610343343,-2.78109795670604,-10.5914652858969,"spike",2,1085
-2.82637049143251,-2.97795557066087,-10.6736162216568,"spike",2,1086
-2.82637049143251,-2.97795557066087,-10.6736162216568,"spike",2,1087
-2.1776642460485,-2.94626555310447,-10.7974772222928,"spike",2,1088
-2.1776642460485,-2.94626555310447,-10.7974772222928,"spike",2,1089
-2.1776642460485,-2.94626555310447,-10.7974772222928,"spike",2,1090
-2.1314608757121,-2.85377701616925,-10.9619660401102,"spike",2,1091
-2.30382754263342,-3.01256125086986,-10.92164917728,"spike",2,1092
-2.30382754263342,-3.01256125086986,-10.92164917728,"spike",2,1093
-2.30382754263342,-3.01256125086986,-10.92164917728,"spike",2,1094
-2.30382754263342,-3.01256125086986,-10.92164917728,"spike",2,1095
-2.30382754263342,-3.01256125086986,-10.92164917728,"spike",2,1096
-2.30382754263342,-3.01256125086986,-10.92164917728,"spike",2,1097
-2.30382754263342,-3.01256125086986,-10.92164917728,"spike",2,1098
-2.86373170436521,-2.70699989859531,-10.6703686403386,"spike",2,1099
-2.96774375224296,-2.86169725119693,-10.2918814778645,"spike",2,1100
-2.90781581431076,-2.78301689789172,-10.4960562955864,"spike",2,1101
-2.90781581431076,-2.78301689789172,-10.4960562955864,"spike",2,1102
-2.90781581431076,-2.78301689789172,-10.4960562955864,"spike",2,1103
-2.90781581431076,-2.78301689789172,-10.4960562955864,"spike",2,1104
-2.90781581431076,-2.78301689789172,-10.4960562955864,"spike",2,1105
-2.90781581431076,-2.78301689789172,-10.4960562955864,"spike",2,1106
-2.90781581431076,-2.78301689789172,-10.4960562955864,"spike",2,1107
-2.90781581431076,-2.78301689789172,-10.4960562955864,"spike",2,1108
-3.18229626710041,-2.78225973425192,-10.5591715037867,"spike",2,1109
-2.26773698937434,-2.88668589074657,-10.5912402823893,"spike",2,1110
-2.26773698937434,-2.88668589074657,-10.5912402823893,"spike",2,1111
-2.26773698937434,-2.88668589074657,-10.5912402823893,"spike",2,1112
-2.26773698937434,-2.88668589074657,-10.5912402823893,"spike",2,1113
-2.26773698937434,-2.88668589074657,-10.5912402823893,"spike",2,1114
-2.26773698937434,-2.88668589074657,-10.5912402823893,"spike",2,1115
-2.26773698937434,-2.88668589074657,-10.5912402823893,"spike",2,1116
-2.26773698937434,-2.88668589074657,-10.5912402823893,"spike",2,1117
-2.25205752922996,-2.8754947636417,-10.2701449539282,"spike",2,1118
-0.551312940300241,-2.29326351080641,-10.7049655278776,"spike",2,1119
-0.551312940300241,-2.29326351080641,-10.7049655278776,"spike",2,1120
-0.692387312947507,-2.41863206399866,-10.8742023011716,"spike",2,1121
-0.692387312947507,-2.41863206399866,-10.8742023011716,"spike",2,1122
-1.50940635286603,-2.54935163978215,-11.2300683606694,"spike",2,1123
-1.86291466041651,-2.69310802335809,-10.7774444986167,"spike",2,1124
-2.50737956896218,-2.80174566944856,-11.0314930546606,"spike",2,1125
-2.50737956896218,-2.80174566944856,-11.0314930546606,"spike",2,1126
-2.21174676344948,-2.85481658837984,-10.9045141286784,"spike",2,1127
-2.2190834433966,-2.80880826531816,-10.2165854612822,"spike",2,1128
-2.62205562087565,-2.78169194155532,-10.8111597611458,"spike",2,1129
-2.49817264528686,-2.94575135476046,-11.1309722995398,"spike",2,1130
-2.55498296035608,-2.99684449581217,-10.7006798679551,"spike",2,1131
-2.55498296035608,-2.99684449581217,-10.7006798679551,"spike",2,1132
-2.8427828012855,-2.86243932048313,-10.9939756931753,"spike",2,1133
-1.8762988271741,-2.78184520894959,-10.6763883428791,"spike",2,1134
-2.19651764164104,-2.96992408491346,-10.5677207003484,"spike",2,1135
-2.70982371215797,-2.81645220692903,-11.2141707659232,"spike",2,1136
-1.72145805154634,-2.94369486835651,-10.7158399583052,"spike",2,1137
-2.52517321884295,-2.90723111109513,-10.2465155676758,"spike",2,1138
-2.37949495488153,-2.94591068206401,-11.2426132900851,"spike",2,1139
-2.37949495488153,-2.94591068206401,-11.2426132900851,"spike",2,1140
-2.30326279618972,-2.93151457216225,-10.618725930839,"spike",2,1141
-2.30326279618972,-2.93151457216225,-10.618725930839,"spike",2,1142
-2.56139055643507,-2.87373539826855,-10.9871840796195,"spike",2,1143
-2.56139055643507,-2.87373539826855,-10.9871840796195,"spike",2,1144
-2.56139055643507,-2.87373539826855,-10.9871840796195,"spike",2,1145
-2.56139055643507,-2.87373539826855,-10.9871840796195,"spike",2,1146
-2.56139055643507,-2.87373539826855,-10.9871840796195,"spike",2,1147
-1.36578974424069,-2.6352630519861,-10.5188919485477,"spike",2,1148
-0.970092413303065,-2.49141647676746,-10.7810474571048,"spike",2,1149
-1.75295204228846,-2.82062339172098,-10.451665671542,"spike",2,1150
-2.99087281360106,-2.70888199488103,-11.0978831885733,"spike",2,1151
-3.26472640757719,-2.68087139627547,-10.8428757350376,"spike",2,1152
-3.26472640757719,-2.68087139627547,-10.8428757350376,"spike",2,1153
-2.7017749207243,-2.82943997524569,-10.8367145713093,"spike",2,1154
-2.88448988476848,-2.80790039737858,-10.8000390845526,"spike",2,1155
-2.8605719737507,-2.98863405725356,-10.9291140477811,"spike",2,1156
-2.8605719737507,-2.98863405725356,-10.9291140477811,"spike",2,1157
-2.15813667490657,-2.93040486358577,-10.6957019957465,"spike",2,1158
-2.15813667490657,-2.93040486358577,-10.6957019957465,"spike",2,1159
-2.73482415946502,-3.00773297851413,-11.1506611794215,"spike",2,1160
-2.73482415946502,-3.00773297851413,-11.1506611794215,"spike",2,1161
-1.86218755068677,-2.60449924318085,-10.5708619203761,"spike",2,1162
-2.66752573154596,-3.17468040734795,-10.5573158198763,"spike",2,1163
-2.66752573154596,-3.17468040734795,-10.5573158198763,"spike",2,1164
-2.18396186404764,-3.17477958448295,-10.0936016829241,"spike",2,1165
-2.18396186404764,-3.17477958448295,-10.0936016829241,"spike",2,1166
-1.62270304308848,-2.87170275574104,-10.8343713797255,"spike",2,1167
-2.4567164782876,-2.83887408078065,-10.2201015227823,"spike",2,1168
-2.4567164782876,-2.83887408078065,-10.2201015227823,"spike",2,1169
-2.17266406487775,-2.69598242279358,-10.900033106664,"spike",2,1170
-2.27839708115902,-2.7789753804878,-10.9438115471755,"spike",2,1171
-2.26229410978072,-2.92262861053353,-10.601873288162,"spike",2,1172
-2.26229410978072,-2.92262861053353,-10.601873288162,"spike",2,1173
-1.89854577319244,-2.82557308182176,-10.8860549415834,"spike",2,1174
-1.89854577319244,-2.82557308182176,-10.8860549415834,"spike",2,1175
-1.89854577319244,-2.82557308182176,-10.8860549415834,"spike",2,1176
-1.60232135102061,-2.65724554636928,-11.0409425120877,"spike",2,1177
-2.64213986555766,-2.97259068981469,-10.7168307293023,"spike",2,1178
-2.1798411039348,-2.7711312190805,-11.2099675335539,"spike",2,1179
-2.06303377324209,-2.851991549184,-10.183720417314,"spike",2,1180
-0.973455901262418,-2.54166217322089,-10.7427397194449,"spike",2,1181
-1.2097351436366,-2.60269017284934,-10.1850166812956,"spike",2,1182
-2.44907731283791,-2.89798883364931,-9.95948464369199,"spike",2,1183
-2.07782092668528,-2.81816910020899,-10.2557584688251,"spike",2,1184
-2.83562093817637,-2.8834007328387,-10.4488767116595,"spike",2,1185
-2.01893717137518,-2.84496644477003,-10.4671765224344,"spike",2,1186
-2.01893717137518,-2.84496644477003,-10.4671765224344,"spike",2,1187
-2.01893717137518,-2.84496644477003,-10.4671765224344,"spike",2,1188
-1.99778799065027,-2.89200240819347,-10.4785465201662,"spike",2,1189
-1.99054785592625,-2.81399570266344,-10.9426963373679,"spike",2,1190
-1.99054785592625,-2.81399570266344,-10.9426963373679,"spike",2,1191
-2.25502946534328,-2.92944575770372,-10.4572095272287,"spike",2,1192
-2.24662765026609,-3.02682707245319,-10.5967879995306,"spike",2,1193
-2.24662765026609,-3.02682707245319,-10.5967879995306,"spike",2,1194
-2.24662765026609,-3.02682707245319,-10.5967879995306,"spike",2,1195
-2.89983358698214,-2.83960632838635,-10.4576959687134,"spike",2,1196
-3.29481600862949,-2.79881875886758,-10.3007692649355,"spike",2,1197
-2.9607773370146,-2.74394625178058,-10.3948807270155,"spike",2,1198
-2.9607773370146,-2.74394625178058,-10.3948807270155,"spike",2,1199
-2.9607773370146,-2.74394625178058,-10.3948807270155,"spike",2,1200
-2.9607773370146,-2.74394625178058,-10.3948807270155,"spike",2,1201
-2.89842833143465,-2.91918124358883,-10.8381452054787,"spike",2,1202
-2.63520138334402,-2.97854951327853,-10.1758208977987,"spike",2,1203
-2.63520138334402,-2.97854951327853,-10.1758208977987,"spike",2,1204
-2.96769096395402,-3.01123653318997,-10.8883449987843,"spike",2,1205
-2.48313663667793,-2.74006952706939,-11.0809792159109,"spike",2,1206
-2.48313663667793,-2.74006952706939,-11.0809792159109,"spike",2,1207
-2.41138592972703,-2.9482342820468,-11.0172485996519,"spike",2,1208
-2.41138592972703,-2.9482342820468,-11.0172485996519,"spike",2,1209
-2.49381464001981,-3.01313912041028,-11.0243622162524,"spike",2,1210
-2.45620467923915,-2.86513791879454,-10.0021482810947,"spike",2,1211
-2.78166263943086,-2.95788252726148,-10.8463006109795,"spike",2,1212
-2.78166263943086,-2.95788252726148,-10.8463006109795,"spike",2,1213
-3.0814484662392,-2.96672495291876,-11.0272589569526,"spike",2,1214
-3.0814484662392,-2.96672495291876,-11.0272589569526,"spike",2,1215
-3.0814484662392,-2.96672495291876,-11.0272589569526,"spike",2,1216
-2.02046600774509,-3.00753406441773,-10.8209488033531,"spike",2,1217
-2.02046600774509,-3.00753406441773,-10.8209488033531,"spike",2,1218
-2.02046600774509,-3.00753406441773,-10.8209488033531,"spike",2,1219
-2.02046600774509,-3.00753406441773,-10.8209488033531,"spike",2,1220
-2.1450929294868,-2.78334934700664,-10.1474591092886,"spike",2,1221
-2.51325392851525,-2.93454664128527,-10.1988338073417,"spike",2,1222
-2.51325392851525,-2.93454664128527,-10.1988338073417,"spike",2,1223
-2.51325392851525,-2.93454664128527,-10.1988338073417,"spike",2,1224
-2.51325392851525,-2.93454664128527,-10.1988338073417,"spike",2,1225
-2.51325392851525,-2.93454664128527,-10.1988338073417,"spike",2,1226
-2.51325392851525,-2.93454664128527,-10.1988338073417,"spike",2,1227
-3.26814921576601,-2.75315062402814,-10.3470077075472,"spike",2,1228
-2.62624152735284,-2.75767609613901,-10.5107429490949,"spike",2,1229
-2.62624152735284,-2.75767609613901,-10.5107429490949,"spike",2,1230
-3.01759893867002,-2.93500664355132,-10.4400611834128,"spike",2,1231
-3.20714197168975,-2.9056513429821,-10.9035152031834,"spike",2,1232
-3.20714197168975,-2.9056513429821,-10.9035152031834,"spike",2,1233
-2.66578175974504,-3.0107655487035,-11.1805091894088,"spike",2,1234
-2.66578175974504,-3.0107655487035,-11.1805091894088,"spike",2,1235
-2.51703846003279,-2.92159587345287,-11.2710906358787,"spike",2,1236
-2.51703846003279,-2.92159587345287,-11.2710906358787,"spike",2,1237
-2.51703846003279,-2.92159587345287,-11.2710906358787,"spike",2,1238
-2.43976427899769,-2.89892977711654,-10.7176649862158,"spike",2,1239
-2.43976427899769,-2.89892977711654,-10.7176649862158,"spike",2,1240
-2.59596844475189,-2.70876938385085,-10.921690624877,"spike",2,1241
-2.68778691590965,-2.93029751647889,-10.926319451302,"spike",2,1242
-2.76074556810979,-2.89849387869879,-10.6924505905325,"spike",2,1243
-2.76074556810979,-2.89849387869879,-10.6924505905325,"spike",2,1244
-2.76074556810979,-2.89849387869879,-10.6924505905325,"spike",2,1245
-2.76074556810979,-2.89849387869879,-10.6924505905325,"spike",2,1246
-2.76074556810979,-2.89849387869879,-10.6924505905325,"spike",2,1247
-2.76074556810979,-2.89849387869879,-10.6924505905325,"spike",2,1248
-2.72474147699424,-2.91121168074081,-10.8948674246336,"spike",2,1249
-2.72474147699424,-2.91121168074081,-10.8948674246336,"spike",2,1250
-2.72474147699424,-2.91121168074081,-10.8948674246336,"spike",2,1251
-2.72474147699424,-2.91121168074081,-10.8948674246336,"spike",2,1252
-2.48083363089581,-2.98500063677822,-10.7618743697811,"spike",2,1253
-2.48083363089581,-2.98500063677822,-10.7618743697811,"spike",2,1254
-2.47504239732832,-2.94077580428325,-11.0456914929249,"spike",2,1255
-2.47504239732832,-2.94077580428325,-11.0456914929249,"spike",2,1256
-2.47504239732832,-2.94077580428325,-11.0456914929249,"spike",2,1257
-2.47504239732832,-2.94077580428325,-11.0456914929249,"spike",2,1258
-1.69984023659647,-2.83346848147172,-10.5610978466448,"spike",2,1259
-3.09695289054484,-2.90020227226321,-10.890940693665,"spike",2,1260
-2.30309339574437,-2.77165067905136,-10.9090928612613,"spike",2,1261
-2.98889899477733,-2.92784417096723,-10.5690947225228,"spike",2,1262
-2.22341818499515,-2.88126748774069,-10.2927537724077,"spike",2,1263
-1.86848279905523,-2.652147038147,-11.2537633950625,"spike",2,1264
-1.86848279905523,-2.652147038147,-11.2537633950625,"spike",2,1265
-2.11157190695058,-2.91721914263023,-10.5368247751874,"spike",2,1266
-2.11157190695058,-2.91721914263023,-10.5368247751874,"spike",2,1267
-2.67531110567,-3.0646244298257,-10.8026876029938,"spike",2,1268
-2.08152273223892,-2.722983345112,-11.3608305110435,"spike",2,1269
-2.86492368636184,-2.83541992794137,-10.9386854974554,"spike",2,1270
-2.74610686137567,-2.96112630416253,-10.6274890941323,"spike",2,1271
-2.30313860820424,-2.73194086123448,-10.8495105683883,"spike",2,1272
-2.81805777423169,-2.80648440718045,-10.7522851137322,"spike",2,1273
-2.28317617459134,-2.85461415798279,-10.8872598364583,"spike",2,1274
-2.28317617459134,-2.85461415798279,-10.8872598364583,"spike",2,1275
-2.28317617459134,-2.85461415798279,-10.8872598364583,"spike",2,1276
-2.28317617459134,-2.85461415798279,-10.8872598364583,"spike",2,1277
-2.7086948968265,-3.06466447802718,-10.5383234276672,"spike",2,1278
-2.28682162284379,-3.02077455659343,-10.1267258789663,"spike",2,1279
-2.28682162284379,-3.02077455659343,-10.1267258789663,"spike",2,1280
-2.88389495353114,-2.94553836280161,-10.1729961460976,"spike",2,1281
-3.15886251053585,-2.88786552877998,-10.5228537315309,"spike",2,1282
-2.09488173028862,-2.92670313466942,-11.1752530768636,"spike",2,1283
-2.92015990318646,-3.03393365450643,-10.7164837786432,"spike",2,1284
-2.92015990318646,-3.03393365450643,-10.7164837786432,"spike",2,1285
-2.76440545842705,-3.02443677166645,-10.5618050147588,"spike",2,1286
-2.76440545842705,-3.02443677166645,-10.5618050147588,"spike",2,1287
-2.47782114229309,-2.97930380000645,-10.6847424927551,"spike",2,1288
-2.47782114229309,-2.97930380000645,-10.6847424927551,"spike",2,1289
-2.47782114229309,-2.97930380000645,-10.6847424927551,"spike",2,1290
-2.47782114229309,-2.97930380000645,-10.6847424927551,"spike",2,1291
-2.47782114229309,-2.97930380000645,-10.6847424927551,"spike",2,1292
-2.47782114229309,-2.97930380000645,-10.6847424927551,"spike",2,1293
-2.47782114229309,-2.97930380000645,-10.6847424927551,"spike",2,1294
-2.00820445703493,-2.92423674826744,-10.6114086535461,"spike",2,1295
-2.42304076814906,-2.80540819247081,-10.3490115487693,"spike",2,1296
-2.42304076814906,-2.80540819247081,-10.3490115487693,"spike",2,1297
-2.80273094909533,-2.69894442397379,-10.7499669154501,"spike",2,1298
-2.90041569226384,-3.04306828548777,-10.7224531939065,"spike",2,1299
-3.1132555128278,-2.82490893313769,-10.4498361973158,"spike",2,1300
-2.93374249851002,-2.77979148766525,-11.0401812331934,"spike",2,1301
-2.40135565680117,-2.8161284561854,-10.8747317164918,"spike",2,1302
-2.57550005468705,-3.05921865904568,-10.5722191204518,"spike",2,1303
-2.57550005468705,-3.05921865904568,-10.5722191204518,"spike",2,1304
-2.82429113772681,-2.88464030759916,-10.9201640321345,"spike",2,1305
-2.79036874317879,-2.96432678102364,-11.2335637777249,"spike",2,1306
-2.25937945534709,-2.82296890749915,-11.0333667597092,"spike",2,1307
-2.25937945534709,-2.82296890749915,-11.0333667597092,"spike",2,1308
-2.82871977179713,-2.83736757797668,-10.6929468926231,"spike",2,1309
-2.82871977179713,-2.83736757797668,-10.6929468926231,"spike",2,1310
-2.82871977179713,-2.83736757797668,-10.6929468926231,"spike",2,1311
-2.82871977179713,-2.83736757797668,-10.6929468926231,"spike",2,1312
-2.22679246468181,-3.11743506121145,-10.31914329601,"spike",2,1313
-2.28494195809435,-2.88753306252642,-10.3303962396573,"spike",2,1314
-3.02455467515368,-2.83281661429311,-10.1573632611598,"spike",2,1315
-2.86929203005942,-2.76944404926135,-10.4529746038579,"spike",2,1316
-3.19380480763797,-2.77875832829678,-10.5052856506938,"spike",2,1317
-3.19380480763797,-2.77875832829678,-10.5052856506938,"spike",2,1318
-2.83164984986638,-2.78163850817741,-10.833218942579,"spike",2,1319
-2.89321315376028,-2.82048662565829,-10.6941269807282,"spike",2,1320
-2.52871683570202,-2.87631480947427,-11.2385508829022,"spike",2,1321
-2.86361149885403,-2.90892688092691,-10.5475486022713,"spike",2,1322
-2.19296039091507,-3.0092252993883,-10.4281685289813,"spike",2,1323
-2.77240224242862,-2.91765403237939,-10.9241702968639,"spike",2,1324
-2.00053347844065,-2.85245071148442,-10.3130739353047,"spike",2,1325
-2.56600913570685,-2.70984816269127,-10.9119905337511,"spike",2,1326
-2.56600913570685,-2.70984816269127,-10.9119905337511,"spike",2,1327
-2.70771944952113,-2.9299443348962,-10.190774396666,"spike",2,1328
-2.70771944952113,-2.9299443348962,-10.190774396666,"spike",2,1329
-2.28562783495598,-2.79395689811978,-11.0345760432329,"spike",2,1330
-2.68677631824504,-2.76396498271832,-10.451720166943,"spike",2,1331
-2.85448015754655,-2.79362886177777,-10.978273937193,"spike",2,1332
-2.38450873167731,-2.67347669560373,-10.8169955075037,"spike",2,1333
-2.82655708864732,-2.75082850047847,-10.8344419268068,"spike",2,1334
-2.58031248358706,-2.76750829917281,-10.3628167666698,"spike",2,1335
-2.58031248358706,-2.76750829917281,-10.3628167666698,"spike",2,1336
-2.80711699130241,-2.75875604122374,-10.4009217659334,"spike",2,1337
-2.87306134255008,-2.8415034914309,-10.6245412912747,"spike",2,1338
-3.1035803381048,-2.61943757109579,-11.174590778485,"spike",2,1339
-2.75179539478606,-2.8772329578618,-10.7089231368293,"spike",2,1340
-2.6709997766782,-2.88682764470354,-10.7591059413158,"spike",2,1341
-3.40160015622165,-2.76441306432029,-10.8710471088872,"spike",2,1342
-2.10868854560607,-2.75062761530632,-10.4818134530668,"spike",2,1343
-2.10868854560607,-2.75062761530632,-10.4818134530668,"spike",2,1344
-2.73684182015767,-3.09506350778925,-10.6040833102162,"spike",2,1345
-1.93840125534403,-2.76181039824251,-10.6200080520001,"spike",2,1346
-2.39658763755848,-2.79967038935857,-10.64006360801,"spike",2,1347
-2.39658763755848,-2.79967038935857,-10.64006360801,"spike",2,1348
-1.58957548474975,-2.70244694056717,-10.8517201424248,"spike",2,1349
-1.42138945384984,-2.76074078818472,-10.6364361981461,"spike",2,1350
-2.45543490565483,-2.9647836203813,-11.2753430185268,"spike",2,1351
-2.6678491039224,-2.86925330968274,-11.1044540881632,"spike",2,1352
-2.6678491039224,-2.86925330968274,-11.1044540881632,"spike",2,1353
-2.51008889388798,-2.89623773095793,-10.9940670307791,"spike",2,1354
-1.7669222882368,-2.69695408978217,-11.3371738999121,"spike",2,1355
-1.7669222882368,-2.69695408978217,-11.3371738999121,"spike",2,1356
-1.7669222882368,-2.69695408978217,-11.3371738999121,"spike",2,1357
-1.9214495861187,-2.93864843170399,-11.437337505523,"spike",2,1358
-1.9214495861187,-2.93864843170399,-11.437337505523,"spike",2,1359
-2.56500334091718,-3.00260184605218,-11.7533687152314,"spike",2,1360
-2.46411976844016,-2.77625334274461,-11.7494720380038,"spike",2,1361
-1.92746639306134,-2.6492637286347,-11.1168675445815,"spike",2,1362
-1.0855932138137,-2.48789429898472,-11.0607411649744,"spike",2,1363
-2.73780371388153,-3.05811360402217,-11.4672029975112,"spike",2,1364
-1.89387364965557,-2.86331358993333,-10.9477095288029,"spike",2,1365
-3.18721382953435,-2.5550265856589,-10.9674877091885,"spike",2,1366
-2.90366242032262,-2.83621774664569,-11.0773850833212,"spike",2,1367
-2.92840981816009,-2.54978041792375,-11.179126941171,"spike",2,1368
-1.70882349515196,-2.9025813889285,-11.4492731446477,"spike",2,1369
-1.32004280646987,-2.58056907944443,-10.6804168462499,"spike",2,1370
-1.32004280646987,-2.58056907944443,-10.6804168462499,"spike",2,1371
-1.32004280646987,-2.58056907944443,-10.6804168462499,"spike",2,1372
-1.48028030863189,-2.7062633798319,-10.9977748372521,"spike",2,1373
-2.2168442356226,-2.94555723090932,-10.5723561800006,"spike",2,1374
-2.2168442356226,-2.94555723090932,-10.5723561800006,"spike",2,1375
-2.2168442356226,-2.94555723090932,-10.5723561800006,"spike",2,1376
-1.97247802305052,-2.79465693903979,-10.9652247082997,"spike",2,1377
-1.97247802305052,-2.79465693903979,-10.9652247082997,"spike",2,1378
-1.97247802305052,-2.79465693903979,-10.9652247082997,"spike",2,1379
-1.97247802305052,-2.79465693903979,-10.9652247082997,"spike",2,1380
-1.97247802305052,-2.79465693903979,-10.9652247082997,"spike",2,1381
-2.88628558377553,-2.7361240810739,-10.4260902995035,"spike",2,1382
-2.37749406230702,-2.8871263641668,-10.79008899904,"spike",2,1383
-2.34876308797129,-3.01716039373381,-10.876949731001,"spike",2,1384
-1.75148307090274,-2.76556383828248,-10.7956212105974,"spike",2,1385
-2.31259438511059,-2.8887490742839,-11.186027242119,"spike",2,1386
-2.31259438511059,-2.8887490742839,-11.186027242119,"spike",2,1387
-2.31259438511059,-2.8887490742839,-11.186027242119,"spike",2,1388
-2.31259438511059,-2.8887490742839,-11.186027242119,"spike",2,1389
-2.66884059093628,-2.82383507920924,-10.8026054384063,"spike",2,1390
-2.66884059093628,-2.82383507920924,-10.8026054384063,"spike",2,1391
-3.04926478333115,-2.86484042555455,-10.7520222024521,"spike",2,1392
-2.74142337048205,-2.73737034784957,-10.4742192714322,"spike",2,1393
-2.3240002589013,-2.92231793553581,-10.8976053822039,"spike",2,1394
-2.3240002589013,-2.92231793553581,-10.8976053822039,"spike",2,1395
-2.3240002589013,-2.92231793553581,-10.8976053822039,"spike",2,1396
-2.3240002589013,-2.92231793553581,-10.8976053822039,"spike",2,1397
-2.3240002589013,-2.92231793553581,-10.8976053822039,"spike",2,1398
-2.3240002589013,-2.92231793553581,-10.8976053822039,"spike",2,1399
-2.3240002589013,-2.92231793553581,-10.8976053822039,"spike",2,1400
-2.7173819092938,-3.00538106612345,-10.726116112282,"spike",2,1401
-2.68211080474004,-3.01040703176994,-10.769649676743,"spike",2,1402
-2.84292210146854,-2.89845250578152,-10.5979394546425,"spike",2,1403
-2.91497063670136,-2.88714757375959,-11.1362449802262,"spike",2,1404
-2.91497063670136,-2.88714757375959,-11.1362449802262,"spike",2,1405
-2.91497063670136,-2.88714757375959,-11.1362449802262,"spike",2,1406
-2.91302133212802,-2.8232748515541,-10.2798032452079,"spike",2,1407
-2.91302133212802,-2.8232748515541,-10.2798032452079,"spike",2,1408
-2.86016218193861,-3.08805706586978,-10.9651357893457,"spike",2,1409
-1.93267890953219,-2.83179490740861,-10.9418315078711,"spike",2,1410
-2.70041398824414,-2.76238181098192,-10.3201964328477,"spike",2,1411
-2.18351064043356,-2.89445227442804,-10.9512720998482,"spike",2,1412
-2.18351064043356,-2.89445227442804,-10.9512720998482,"spike",2,1413
-2.34705645285124,-2.76735739094424,-10.9612031876825,"spike",2,1414
-2.24842487243266,-2.81410624970163,-11.1680111330239,"spike",2,1415
-2.24842487243266,-2.81410624970163,-11.1680111330239,"spike",2,1416
-3.1571198873737,-2.86903308836284,-11.2280701121059,"spike",2,1417
-2.23985662585243,-2.93633317432042,-10.3447814446091,"spike",2,1418
-3.16716126646911,-2.62095288502313,-10.1631552319228,"spike",2,1419
-3.38545057736448,-2.59598348211649,-10.1547088900922,"spike",2,1420
-3.38545057736448,-2.59598348211649,-10.1547088900922,"spike",2,1421
-3.38545057736448,-2.59598348211649,-10.1547088900922,"spike",2,1422
-3.23455147716213,-2.71305217634517,-9.89544699428894,"spike",2,1423
-3.35744163003625,-2.87646148268146,-9.85587771454522,"spike",2,1424
-3.25851287619252,-2.86761790410239,-10.487475588295,"spike",2,1425
-3.25851287619252,-2.86761790410239,-10.487475588295,"spike",2,1426
-3.25851287619252,-2.86761790410239,-10.487475588295,"spike",2,1427
-2.68422701805951,-2.7611608897734,-10.0353252683026,"spike",2,1428
-3.05329786808977,-2.9055994208122,-10.1410450802005,"spike",2,1429
-2.92674519602559,-2.85545795991025,-10.0798769990625,"spike",2,1430
-2.22394328768604,-2.75775618050835,-10.0552924265382,"spike",2,1431
-1.84894554507431,-2.98415106367654,-10.1108454424204,"spike",2,1432
-1.5435664634304,-2.89380130155431,-10.3949617928237,"spike",2,1433
-1.42191332195065,-2.65255791619778,-10.0023991557762,"spike",2,1434
-2.77390273006552,-2.76616379436629,-9.97252607992191,"spike",2,1435
-3.25387308011254,-2.9277279540937,-10.4599194738601,"spike",2,1436
-1.28329728618879,-2.6907405778318,-10.3881072840436,"spike",2,1437
-0.656454586754321,-2.51162914706728,-10.4530857440071,"spike",2,1438
-0.77493501149461,-2.63464574104049,-10.4856463589271,"spike",2,1439
-1.64692410062958,-2.59531457113699,-11.2388373117453,"spike",2,1440
-2.25765860016182,-2.62468068911311,-10.5151177101469,"spike",2,1441
-1.77282064499698,-2.55773109741506,-10.5050090594339,"spike",2,1442
-1.40226221110932,-2.74383386654572,-10.2364290443991,"spike",2,1443
-2.61209844112295,-2.97404980016167,-10.2908414516222,"spike",2,1444
-2.6723805374864,-2.8597012319897,-10.7370160332065,"spike",2,1445
-2.353290470015,-2.87836641215692,-10.6312319551998,"spike",2,1446
-2.353290470015,-2.87836641215692,-10.6312319551998,"spike",2,1447
-2.353290470015,-2.87836641215692,-10.6312319551998,"spike",2,1448
-2.28327718022942,-2.84897341313358,-10.7760416194748,"spike",2,1449
-2.60714483602272,-3.05958356260215,-10.3858015896427,"spike",2,1450
-2.33833884271254,-2.82057116941092,-11.0744255907176,"spike",2,1451
-2.17009094540233,-2.92985584049424,-11.449535912979,"spike",2,1452
-1.87873084592428,-2.94316116939818,-10.8646013081445,"spike",2,1453
-1.87873084592428,-2.94316116939818,-10.8646013081445,"spike",2,1454
-1.87873084592428,-2.94316116939818,-10.8646013081445,"spike",2,1455
-2.46579330745162,-2.84482436419125,-11.1305492033023,"spike",2,1456
-2.79949072983156,-2.82693006057335,-11.2706440541462,"spike",2,1457
-3.08719999906374,-2.79339469017576,-11.2030343267175,"spike",2,1458
-2.15814999845908,-2.84085639181457,-10.6979813953983,"spike",2,1459
-2.15814999845908,-2.84085639181457,-10.6979813953983,"spike",2,1460
-1.70555553677112,-2.90092892467946,-11.1207200447241,"spike",2,1461
-2.2405443052774,-2.796645260807,-10.7818161721472,"spike",2,1462
-1.33735002394834,-2.60657739589709,-10.3786808120149,"spike",2,1463
-2.57033226865661,-3.05298767042574,-10.8803085177556,"spike",2,1464
-1.7305950395447,-2.87965802666867,-10.7521136052462,"spike",2,1465
-2.36147172304201,-3.06233886583769,-10.6301698808393,"spike",2,1466
-2.36147172304201,-3.06233886583769,-10.6301698808393,"spike",2,1467
-2.36147172304201,-3.06233886583769,-10.6301698808393,"spike",2,1468
-1.96573370788291,-2.86028014943258,-10.4383971416421,"spike",2,1469
-2.38804583862043,-2.85678404830487,-10.8964758903782,"spike",2,1470
-2.38804583862043,-2.85678404830487,-10.8964758903782,"spike",2,1471
-2.11849889821565,-2.98921842330722,-10.4491331471044,"spike",2,1472
-1.94115141453197,-2.94578811896356,-10.4092423457587,"spike",2,1473
-1.86745604485876,-2.95466870372443,-10.6564318418353,"spike",2,1474
-1.86745604485876,-2.95466870372443,-10.6564318418353,"spike",2,1475
-1.66488841165392,-2.66003009448171,-10.8145463615977,"spike",2,1476
-2.51653791300416,-3.02349685407489,-10.8853246165124,"spike",2,1477
-2.68808001465404,-3.06050141942066,-10.6527573965546,"spike",2,1478
-2.56729144838524,-2.91366565907681,-10.523864844974,"spike",2,1479
-2.61418244865538,-2.89545470554593,-10.9648658995004,"spike",2,1480
-2.41169940845495,-2.93555076800952,-11.0688517373572,"spike",2,1481
-2.41169940845495,-2.93555076800952,-11.0688517373572,"spike",2,1482
-2.41169940845495,-2.93555076800952,-11.0688517373572,"spike",2,1483
-2.41169940845495,-2.93555076800952,-11.0688517373572,"spike",2,1484
-2.41169940845495,-2.93555076800952,-11.0688517373572,"spike",2,1485
-2.00419828554967,-3.01348655973417,-10.391590596345,"spike",2,1486
-2.27546697620087,-2.71407790750023,-11.1094398369284,"spike",2,1487
-2.94475164915256,-2.97415497885495,-11.2477307919191,"spike",2,1488
-2.49082134904062,-2.70178984124878,-10.718775747746,"spike",2,1489
-1.68081738273913,-2.88959553123673,-11.0986066913807,"spike",2,1490
-1.27378971495828,-2.77593742287864,-10.7880949883646,"spike",2,1491
-1.37130531627528,-2.60002323485717,-10.5945876927369,"spike",2,1492
-1.65902022147249,-2.80822354460539,-10.7505259156302,"spike",2,1493
-2.08379654023366,-2.89020909002557,-10.8517248449059,"spike",2,1494
-2.57512519772174,-2.87529092072481,-10.8388380803929,"spike",2,1495
-2.57512519772174,-2.87529092072481,-10.8388380803929,"spike",2,1496
-2.57512519772174,-2.87529092072481,-10.8388380803929,"spike",2,1497
-2.57512519772174,-2.87529092072481,-10.8388380803929,"spike",2,1498
-2.57512519772174,-2.87529092072481,-10.8388380803929,"spike",2,1499
-2.09378119893688,-2.89234781206956,-10.885837829783,"spike",2,1500
-2.42468918476581,-2.9245860891597,-10.6305546932301,"spike",3,1
-2.21274390511255,-2.84627967597236,-10.6829750565437,"spike",3,2
-2.7477808172206,-2.74313751874296,-10.3802204159223,"spike",3,3
-3.05499864781492,-2.8105231559101,-10.1434649132044,"spike",3,4
-3.05499864781492,-2.8105231559101,-10.1434649132044,"spike",3,5
-3.05499864781492,-2.8105231559101,-10.1434649132044,"spike",3,6
-3.05499864781492,-2.8105231559101,-10.1434649132044,"spike",3,7
-2.28267930942094,-2.73511135095054,-10.0522197926428,"spike",3,8
-2.9778841440225,-2.88409287933138,-10.2661355695897,"spike",3,9
-2.9778841440225,-2.88409287933138,-10.2661355695897,"spike",3,10
-2.1260575025703,-2.63240074566869,-10.7860213777102,"spike",3,11
-1.39735502799501,-2.39751476698982,-10.4054937773085,"spike",3,12
-1.55520797368634,-2.4107422507137,-10.3969023113989,"spike",3,13
-0.625864119847321,-2.30077862109118,-10.5745843276656,"spike",3,14
-0.625864119847321,-2.30077862109118,-10.5745843276656,"spike",3,15
-0.625864119847321,-2.30077862109118,-10.5745843276656,"spike",3,16
-0.984460992001081,-2.46282835171686,-10.4632056043228,"spike",3,17
-0.984460992001081,-2.46282835171686,-10.4632056043228,"spike",3,18
-0.984460992001081,-2.46282835171686,-10.4632056043228,"spike",3,19
-1.59098115713158,-2.61265028005336,-10.585322525908,"spike",3,20
-1.64088821226455,-2.73109513647742,-10.7023328211202,"spike",3,21
-2.03107977777349,-2.89836043553695,-11.083961265892,"spike",3,22
-1.76177870073934,-2.89542130757581,-10.5932925485337,"spike",3,23
-2.46440806566856,-2.91388326110062,-10.7756856902399,"spike",3,24
-2.46440806566856,-2.91388326110062,-10.7756856902399,"spike",3,25
-2.31647809803515,-2.88000519781528,-10.9469375862564,"spike",3,26
-2.31647809803515,-2.88000519781528,-10.9469375862564,"spike",3,27
-2.31647809803515,-2.88000519781528,-10.9469375862564,"spike",3,28
-2.31647809803515,-2.88000519781528,-10.9469375862564,"spike",3,29
-2.37922135638382,-2.84625693514328,-10.9447662542,"spike",3,30
-2.45871220899127,-2.96071937379787,-10.9011222929608,"spike",3,31
-2.38395615644826,-2.79657156571934,-10.7243108153781,"spike",3,32
-2.55142550641868,-2.83337675661383,-10.6022256034315,"spike",3,33
-2.31380981310463,-2.68446333822682,-10.6658767993367,"spike",3,34
-2.62993917615688,-2.92395825246562,-10.9105183641178,"spike",3,35
-2.62993917615688,-2.92395825246562,-10.9105183641178,"spike",3,36
-2.23689297118424,-3.06081699070993,-10.8835563002839,"spike",3,37
-2.23647939816964,-2.9168781718969,-10.1811098692901,"spike",3,38
-2.36135473684133,-2.97022993005121,-10.2326772001247,"spike",3,39
-2.95337665097148,-2.73937873388514,-11.0222507556806,"spike",3,40
-2.0763281820379,-2.96410838358372,-10.8296533108201,"spike",3,41
-2.47883731762014,-2.82582243880776,-10.3788846304024,"spike",3,42
-2.9772551096156,-2.87456262616582,-10.3453544849925,"spike",3,43
-2.84291989012753,-2.9549543658497,-10.3823512470107,"spike",3,44
-2.20493509519891,-2.85539252281924,-10.8203384299043,"spike",3,45
-2.20493509519891,-2.85539252281924,-10.8203384299043,"spike",3,46
-2.40236176690621,-3.04755244732717,-10.6018055203353,"spike",3,47
-2.40236176690621,-3.04755244732717,-10.6018055203353,"spike",3,48
-2.40236176690621,-3.04755244732717,-10.6018055203353,"spike",3,49
-2.40236176690621,-3.04755244732717,-10.6018055203353,"spike",3,50
-2.07575674510496,-2.94109936751466,-10.8031081117718,"spike",3,51
-2.77326912437857,-2.87577605245082,-10.511716719142,"spike",3,52
-2.77326912437857,-2.87577605245082,-10.511716719142,"spike",3,53
-2.77326912437857,-2.87577605245082,-10.511716719142,"spike",3,54
-2.91977085240799,-2.99824515710542,-10.5060409962705,"spike",3,55
-3.14543967295739,-2.78379979828013,-10.3945477951909,"spike",3,56
-2.49184420022431,-2.92090255394372,-10.332557376616,"spike",3,57
-2.49184420022431,-2.92090255394372,-10.332557376616,"spike",3,58
-2.49184420022431,-2.92090255394372,-10.332557376616,"spike",3,59
-2.38921588988367,-2.8301009545809,-10.4203720704637,"spike",3,60
-2.17225347110689,-3.04872289983896,-10.6564203636327,"spike",3,61
-2.30463705200826,-2.88893340209564,-10.5742840183267,"spike",3,62
-2.30463705200826,-2.88893340209564,-10.5742840183267,"spike",3,63
-3.03267281221883,-2.90995708516395,-10.2811224678364,"spike",3,64
-2.97328063382626,-2.65840829438699,-10.7347789410198,"spike",3,65
-2.61917609717826,-2.71308445467633,-10.4891811387389,"spike",3,66
-2.66025036085022,-2.75313537732477,-11.0322696241311,"spike",3,67
-2.66025036085022,-2.75313537732477,-11.0322696241311,"spike",3,68
-2.66025036085022,-2.75313537732477,-11.0322696241311,"spike",3,69
-3.28874300565953,-2.65503280622628,-11.1695626711123,"spike",3,70
-1.17599191897572,-2.5457840568143,-10.3505127606961,"spike",3,71
-1.95167715262302,-2.65236097125323,-10.3695605442877,"spike",3,72
-1.3333798282592,-2.50648526387911,-10.4787031390049,"spike",3,73
-1.3333798282592,-2.50648526387911,-10.4787031390049,"spike",3,74
-1.61942853488722,-2.56168691493833,-10.6869065918217,"spike",3,75
-2.03941332134298,-3.01345373641904,-11.3370790503882,"spike",3,76
-2.73500299295961,-2.76350771915878,-11.145664151223,"spike",3,77
-2.73500299295961,-2.76350771915878,-11.145664151223,"spike",3,78
-2.73500299295961,-2.76350771915878,-11.145664151223,"spike",3,79
-1.75605474407195,-2.86563239664435,-10.949841234964,"spike",3,80
-1.75605474407195,-2.86563239664435,-10.949841234964,"spike",3,81
-1.81031960615895,-3.00788437004198,-10.936515232227,"spike",3,82
-2.06859805277908,-2.86026179974357,-10.8038376961918,"spike",3,83
-2.06859805277908,-2.86026179974357,-10.8038376961918,"spike",3,84
-2.09038093562137,-2.95240298907648,-10.6969233406429,"spike",3,85
-1.91612538942135,-2.8206615192244,-10.8338499248498,"spike",3,86
-1.91612538942135,-2.8206615192244,-10.8338499248498,"spike",3,87
-1.91612538942135,-2.8206615192244,-10.8338499248498,"spike",3,88
-1.87628182944436,-2.88583060146898,-11.1533923625584,"spike",3,89
-2.44995090332892,-2.82451885150106,-11.4092331317648,"spike",3,90
-2.30866102442035,-3.00939370177826,-10.7940625321769,"spike",3,91
-2.30866102442035,-3.00939370177826,-10.7940625321769,"spike",3,92
-2.02783189168114,-2.76345276922741,-10.8215040965486,"spike",3,93
-2.02783189168114,-2.76345276922741,-10.8215040965486,"spike",3,94
-3.63322046449825,-2.68702488137281,-11.0643637874168,"spike",3,95
-3.09902923529521,-2.76408038248628,-11.1865579548146,"spike",3,96
-2.75292847418874,-2.89784833202684,-11.0007998290075,"spike",3,97
-2.87507605197727,-2.88980005944589,-10.4637502508345,"spike",3,98
-2.87507605197727,-2.88980005944589,-10.4637502508345,"spike",3,99
-2.52908618016572,-2.86144400885998,-10.7622667512326,"spike",3,100
-2.93056024118366,-2.76856184042794,-10.7329216240044,"spike",3,101
-2.18953488797647,-2.92716798919257,-10.9751265678696,"spike",3,102
-2.18953488797647,-2.92716798919257,-10.9751265678696,"spike",3,103
-3.14427499743424,-2.81079747008708,-11.097745611792,"spike",3,104
-3.14427499743424,-2.81079747008708,-11.097745611792,"spike",3,105
-3.0208293737648,-2.94104257561735,-10.6445537963963,"spike",3,106
-2.92653571164802,-2.82757628914972,-10.4571131390453,"spike",3,107
-2.63456716383297,-2.76502676199603,-10.6442351429156,"spike",3,108
-2.63456716383297,-2.76502676199603,-10.6442351429156,"spike",3,109
-2.17266333217273,-3.01986769357593,-10.6621967572172,"spike",3,110
-2.17266333217273,-3.01986769357593,-10.6621967572172,"spike",3,111
-1.99569633638473,-2.84602454042501,-10.4961937680563,"spike",3,112
-1.99569633638473,-2.84602454042501,-10.4961937680563,"spike",3,113
-2.57626439750504,-2.89697530867511,-10.2057177460927,"spike",3,114
-2.91719607445012,-2.90787657098188,-10.1011677547356,"spike",3,115
-2.91719607445012,-2.90787657098188,-10.1011677547356,"spike",3,116
-2.7848184588091,-3.15340573485945,-11.1314752687455,"spike",3,117
-2.13622357494688,-3.06445819133729,-11.2833580680137,"spike",3,118
-2.13622357494688,-3.06445819133729,-11.2833580680137,"spike",3,119
-2.44984740244698,-3.04622892644415,-10.8000294920967,"spike",3,120
-2.44984740244698,-3.04622892644415,-10.8000294920967,"spike",3,121
-1.90737934313222,-2.97827104171374,-10.2584290637455,"spike",3,122
-1.74337296150645,-2.72832346361386,-10.1534506754736,"spike",3,123
-2.72525194196166,-2.84292392075679,-10.7706114179078,"spike",3,124
-2.41106462956824,-2.86550895385435,-10.5508308504146,"spike",3,125
-2.33216205493062,-2.89828934836082,-10.6476373481369,"spike",3,126
-2.33216205493062,-2.89828934836082,-10.6476373481369,"spike",3,127
-2.49122433774337,-2.85630279659617,-10.6339956699968,"spike",3,128
-2.49122433774337,-2.85630279659617,-10.6339956699968,"spike",3,129
-2.50848512792453,-2.55582976995922,-10.9580178571437,"spike",3,130
-2.38790745130122,-2.68621688517016,-10.5110549340978,"spike",3,131
-3.12757550171563,-2.87645051286458,-10.83733529635,"spike",3,132
-2.34298005345506,-2.85698443309636,-10.9081720954373,"spike",3,133
-2.35695366509637,-2.85684425942528,-11.0579682964564,"spike",3,134
-2.35695366509637,-2.85684425942528,-11.0579682964564,"spike",3,135
-2.75004300275745,-2.96435945686431,-10.900450509789,"spike",3,136
-2.75004300275745,-2.96435945686431,-10.900450509789,"spike",3,137
-2.75004300275745,-2.96435945686431,-10.900450509789,"spike",3,138
-1.84170974367633,-2.86445845618567,-10.8394118257799,"spike",3,139
-1.84170974367633,-2.86445845618567,-10.8394118257799,"spike",3,140
-2.73556537755344,-2.79049470750498,-11.0033808330189,"spike",3,141
-2.73556537755344,-2.79049470750498,-11.0033808330189,"spike",3,142
-2.15916342166527,-2.92848234296054,-10.7512446804302,"spike",3,143
-2.15916342166527,-2.92848234296054,-10.7512446804302,"spike",3,144
-2.79703103760868,-2.92532021049925,-10.407005759805,"spike",3,145
-2.11829531068567,-2.95805736683432,-10.4765912097249,"spike",3,146
-1.61648218239363,-2.51223500052965,-10.8420451590501,"spike",3,147
-2.19217698796114,-2.72247952643709,-10.2513990028569,"spike",3,148
-2.50560398879206,-2.88300925262408,-10.1865258631068,"spike",3,149
-1.95759071216635,-2.80917805836845,-10.06275871538,"spike",3,150
-1.56894775930266,-2.76331179720478,-10.8686429834546,"spike",3,151
-2.52091929224083,-2.8469862702597,-10.80945129321,"spike",3,152
-2.52091929224083,-2.8469862702597,-10.80945129321,"spike",3,153
-2.44745514916669,-2.78212395297222,-10.8031363709484,"spike",3,154
-2.53183125846976,-3.02810992652086,-10.7936949738505,"spike",3,155
-2.05196924235226,-2.98396680175985,-10.2951713742529,"spike",3,156
-2.25354257291235,-2.9681290853987,-10.4414483839457,"spike",3,157
-2.25354257291235,-2.9681290853987,-10.4414483839457,"spike",3,158
-2.16234479193377,-3.10440454250671,-10.6610538386252,"spike",3,159
-2.04198710652158,-2.84839242817521,-11.0661350847383,"spike",3,160
-1.76265165681265,-2.72320783134044,-10.6996436674746,"spike",3,161
-2.73557650183082,-2.84161771882053,-10.4976364262427,"spike",3,162
-2.76263787387581,-2.6863872110157,-10.4084698167713,"spike",3,163
-2.94200680036626,-2.73354389156144,-10.6422881144352,"spike",3,164
-2.94200680036626,-2.73354389156144,-10.6422881144352,"spike",3,165
-2.29239179255686,-2.88966672789298,-10.7449851622866,"spike",3,166
-2.29239179255686,-2.88966672789298,-10.7449851622866,"spike",3,167
-2.59740417230655,-2.89647066268049,-11.3885030630799,"spike",3,168
-2.69180993247549,-2.93288190080808,-10.963793846696,"spike",3,169
-2.86045761800998,-2.78541642080529,-10.7104771959842,"spike",3,170
-2.88223642093744,-2.72063439863479,-10.9263635092039,"spike",3,171
-2.88223642093744,-2.72063439863479,-10.9263635092039,"spike",3,172
-2.56525520791616,-2.89662153941846,-11.1405159679112,"spike",3,173
-2.56525520791616,-2.89662153941846,-11.1405159679112,"spike",3,174
-2.56525520791616,-2.89662153941846,-11.1405159679112,"spike",3,175
-2.56525520791616,-2.89662153941846,-11.1405159679112,"spike",3,176
-2.38491165477084,-2.68384137107701,-10.7308694740734,"spike",3,177
-2.44664810692427,-2.75244631663355,-10.8618605223765,"spike",3,178
-2.44664810692427,-2.75244631663355,-10.8618605223765,"spike",3,179
-2.44822032649473,-2.73664572070095,-11.0259798143073,"spike",3,180
-3.1260809063096,-2.71117512216405,-10.7934777290446,"spike",3,181
-3.1260809063096,-2.71117512216405,-10.7934777290446,"spike",3,182
-2.66685080996255,-2.7952712728375,-10.8253091284076,"spike",3,183
-2.66685080996255,-2.7952712728375,-10.8253091284076,"spike",3,184
-2.66685080996255,-2.7952712728375,-10.8253091284076,"spike",3,185
-1.96827030781125,-2.7433710740343,-10.5066893932886,"spike",3,186
-1.96827030781125,-2.7433710740343,-10.5066893932886,"spike",3,187
-1.96827030781125,-2.7433710740343,-10.5066893932886,"spike",3,188
-2.93278795339804,-2.78504734347688,-10.8456219798769,"spike",3,189
-2.93278795339804,-2.78504734347688,-10.8456219798769,"spike",3,190
-1.89527629648989,-2.67432037154366,-11.1455182841006,"spike",3,191
-1.89527629648989,-2.67432037154366,-11.1455182841006,"spike",3,192
-1.98810290590849,-2.72753692625367,-10.4796630183829,"spike",3,193
-2.40962538045436,-2.95288244430038,-10.7553583545789,"spike",3,194
-2.40962538045436,-2.95288244430038,-10.7553583545789,"spike",3,195
-2.40962538045436,-2.95288244430038,-10.7553583545789,"spike",3,196
-2.40962538045436,-2.95288244430038,-10.7553583545789,"spike",3,197
-2.40962538045436,-2.95288244430038,-10.7553583545789,"spike",3,198
-2.53788969715882,-2.83581145513238,-11.3684085860598,"spike",3,199
-2.53788969715882,-2.83581145513238,-11.3684085860598,"spike",3,200
-2.82274686894923,-2.89871452213372,-11.0818444234365,"spike",3,201
-2.85478861644559,-2.98220656120031,-10.4920264491566,"spike",3,202
-2.85478861644559,-2.98220656120031,-10.4920264491566,"spike",3,203
-2.85478861644559,-2.98220656120031,-10.4920264491566,"spike",3,204
-2.66561117894289,-2.75863894743034,-10.4838637516666,"spike",3,205
-2.10220956844615,-2.95562516032364,-10.5941683004951,"spike",3,206
-2.03419333533897,-2.81579757208899,-10.7653891575783,"spike",3,207
-1.35128560697915,-2.68622096968723,-10.6353804081392,"spike",3,208
-2.98775180990816,-2.97169933623778,-10.2071335456044,"spike",3,209
-2.46214370778051,-3.21263671440659,-9.94412135843189,"spike",3,210
-2.43119093398733,-3.23943697173062,-10.2795098277868,"spike",3,211
-1.22349065745476,-2.72515568738174,-10.7334643880307,"spike",3,212
-0.945174970338258,-2.43604593192746,-11.0430550500451,"spike",3,213
-1.04097151851188,-2.67713287275919,-10.9474558087632,"spike",3,214
-1.38653103846991,-2.40718504824931,-10.7444578771936,"spike",3,215
-0.924424001936705,-2.3396366490431,-10.5598083583661,"spike",3,216
-0.788187766246085,-2.28939993535407,-11.0585856295041,"spike",3,217
-0.982302820981234,-2.50698239056922,-11.085235782299,"spike",3,218
-1.87014654896299,-2.63685826258035,-11.632482455584,"spike",3,219
-1.87014654896299,-2.63685826258035,-11.632482455584,"spike",3,220
-2.19748561141559,-2.75770648580056,-11.1275905865684,"spike",3,221
-2.13174051704146,-2.73450990628083,-11.2588260927709,"spike",3,222
-1.67045695125428,-2.74358437179453,-10.8594433454307,"spike",3,223
-2.17463223926956,-2.81516124387754,-10.8906338124033,"spike",3,224
-2.17463223926956,-2.81516124387754,-10.8906338124033,"spike",3,225
-2.77389456405216,-2.85962765945844,-10.7103542980607,"spike",3,226
-2.90005343632041,-2.90029248888203,-11.0906332924359,"spike",3,227
-2.90005343632041,-2.90029248888203,-11.0906332924359,"spike",3,228
-2.90005343632041,-2.90029248888203,-11.0906332924359,"spike",3,229
-2.90005343632041,-2.90029248888203,-11.0906332924359,"spike",3,230
-2.72437728110938,-2.92083052195405,-10.9647165367513,"spike",3,231
-2.72437728110938,-2.92083052195405,-10.9647165367513,"spike",3,232
-2.61809848324486,-2.85119481828116,-10.5612848206057,"spike",3,233
-2.61809848324486,-2.85119481828116,-10.5612848206057,"spike",3,234
-3.02143549120378,-2.75078350749826,-10.4453522550398,"spike",3,235
-3.02143549120378,-2.75078350749826,-10.4453522550398,"spike",3,236
-1.98943412600108,-2.83539702310989,-11.3306763237561,"spike",3,237
-1.89882270977474,-2.94007959058438,-10.9431285215255,"spike",3,238
-2.49374291956169,-2.86204975368526,-11.3701551080946,"spike",3,239
-2.51050484716408,-2.88684364123478,-10.6345191208102,"spike",3,240
-2.51050484716408,-2.88684364123478,-10.6345191208102,"spike",3,241
-2.51050484716408,-2.88684364123478,-10.6345191208102,"spike",3,242
-2.43558757700553,-2.82960412699877,-11.2121513652093,"spike",3,243
-2.74285760740025,-2.88649884710281,-10.6404605990072,"spike",3,244
-2.74285760740025,-2.88649884710281,-10.6404605990072,"spike",3,245
-2.3354699157498,-2.88660850132953,-10.4814071057722,"spike",3,246
-2.41207509583006,-2.83803461783034,-10.7133239640252,"spike",3,247
-2.88926882104024,-2.91760602479943,-10.9162508120762,"spike",3,248
-3.02612263539972,-3.10853365675349,-10.4721102974869,"spike",3,249
-3.02612263539972,-3.10853365675349,-10.4721102974869,"spike",3,250
-2.66088462933935,-2.82825054726181,-10.5286574210866,"spike",3,251
-2.66088462933935,-2.82825054726181,-10.5286574210866,"spike",3,252
-2.66088462933935,-2.82825054726181,-10.5286574210866,"spike",3,253
-2.66088462933935,-2.82825054726181,-10.5286574210866,"spike",3,254
-2.66088462933935,-2.82825054726181,-10.5286574210866,"spike",3,255
-2.14479950975509,-2.81310814355359,-10.5273585105076,"spike",3,256
-2.14479950975509,-2.81310814355359,-10.5273585105076,"spike",3,257
-2.14479950975509,-2.81310814355359,-10.5273585105076,"spike",3,258
-2.85455336361985,-2.76573381445258,-10.4390612141603,"spike",3,259
-2.7463446860501,-2.92885527600024,-10.658506023358,"spike",3,260
-2.7463446860501,-2.92885527600024,-10.658506023358,"spike",3,261
-2.7463446860501,-2.92885527600024,-10.658506023358,"spike",3,262
-2.7463446860501,-2.92885527600024,-10.658506023358,"spike",3,263
-3.005735970277,-2.93368143922105,-11.0111573334296,"spike",3,264
-3.005735970277,-2.93368143922105,-11.0111573334296,"spike",3,265
-2.71431664044986,-2.79879920410478,-11.1894134739295,"spike",3,266
-2.88880791973965,-2.82426937321936,-11.3639943379861,"spike",3,267
-2.56066281455077,-3.15423659446637,-11.1095745863929,"spike",3,268
-2.4968453777821,-3.03772132888452,-11.2179541675848,"spike",3,269
-2.13363998163988,-2.93586617112484,-11.1341983875329,"spike",3,270
-2.09543607856336,-2.67926941566599,-10.388317173648,"spike",3,271
-2.68767076825942,-2.85221461584006,-11.164932451349,"spike",3,272
-2.68767076825942,-2.85221461584006,-11.164932451349,"spike",3,273
-2.46009515864247,-2.92525632838027,-10.9339057899846,"spike",3,274
-2.94016272085935,-2.88872909019724,-11.194051473651,"spike",3,275
-2.2730578930477,-3.03630648220759,-10.3971524428935,"spike",3,276
-2.97568898446233,-2.94667015689932,-10.5217539414287,"spike",3,277
-2.97568898446233,-2.94667015689932,-10.5217539414287,"spike",3,278
-2.97568898446233,-2.94667015689932,-10.5217539414287,"spike",3,279
-2.53105706501086,-2.83470103005735,-10.7924336500595,"spike",3,280
-2.53105706501086,-2.83470103005735,-10.7924336500595,"spike",3,281
-2.53105706501086,-2.83470103005735,-10.7924336500595,"spike",3,282
-2.53105706501086,-2.83470103005735,-10.7924336500595,"spike",3,283
-2.92061748874978,-2.74577215673012,-11.1278353053431,"spike",3,284
-2.92061748874978,-2.74577215673012,-11.1278353053431,"spike",3,285
-3.24956869744515,-2.73336790652642,-11.0195118563447,"spike",3,286
-2.30355162677992,-2.89994427056935,-11.404721152983,"spike",3,287
-2.30355162677992,-2.89994427056935,-11.404721152983,"spike",3,288
-2.50980713778021,-2.81663106517232,-11.1183182556356,"spike",3,289
-1.90998795081691,-2.73521074848974,-10.5084532820983,"spike",3,290
-2.31277916353366,-2.86824983713131,-10.1025490006112,"spike",3,291
-2.47660465330081,-2.71772258558483,-10.1891745243366,"spike",3,292
-1.70768194198475,-2.53687658464645,-10.6637912324677,"spike",3,293
-2.25956865829682,-2.72076109800851,-11.0520025604596,"spike",3,294
-1.77806854393425,-2.77356572749086,-10.3423982874698,"spike",3,295
-1.86304327604518,-2.69393891061531,-11.1846769475148,"spike",3,296
-2.10570310658678,-2.84203006960393,-10.6703788652167,"spike",3,297
-2.45327988590248,-2.99789933466857,-10.8268073782194,"spike",3,298
-2.45327988590248,-2.99789933466857,-10.8268073782194,"spike",3,299
-2.45327988590248,-2.99789933466857,-10.8268073782194,"spike",3,300
-2.45327988590248,-2.99789933466857,-10.8268073782194,"spike",3,301
-2.45327988590248,-2.99789933466857,-10.8268073782194,"spike",3,302
-2.45327988590248,-2.99789933466857,-10.8268073782194,"spike",3,303
-2.68782539905288,-2.80467278288964,-10.7663871500796,"spike",3,304
-2.97939684114492,-2.82575107818332,-10.8791014915609,"spike",3,305
-2.7319381543971,-3.00980928128312,-10.7354450041716,"spike",3,306
-2.76369864565842,-2.82524222973609,-10.7415096969479,"spike",3,307
-2.9198304373195,-2.87567994846709,-10.8551235417035,"spike",3,308
-2.36045189217084,-2.93133307068585,-11.3578332110049,"spike",3,309
-2.36045189217084,-2.93133307068585,-11.3578332110049,"spike",3,310
-1.9953292822277,-2.91829865933629,-11.0898500328131,"spike",3,311
-2.52056647199196,-2.93191262225122,-11.2444811655516,"spike",3,312
-2.66792419576061,-2.94304991868844,-10.9967068858076,"spike",3,313
-2.48482103726436,-2.94373202570949,-11.0224492352468,"spike",3,314
-2.48482103726436,-2.94373202570949,-11.0224492352468,"spike",3,315
-2.55738917451293,-2.95207775392757,-10.8223282860774,"spike",3,316
-2.55738917451293,-2.95207775392757,-10.8223282860774,"spike",3,317
-2.36411850719003,-2.95023959457461,-10.8578954332107,"spike",3,318
-2.36411850719003,-2.95023959457461,-10.8578954332107,"spike",3,319
-1.8313019917837,-2.71658816160542,-11.1817162370633,"spike",3,320
-1.8313019917837,-2.71658816160542,-11.1817162370633,"spike",3,321
-2.45555171140109,-2.9246254574399,-10.8509605915696,"spike",3,322
-2.45555171140109,-2.9246254574399,-10.8509605915696,"spike",3,323
-2.45555171140109,-2.9246254574399,-10.8509605915696,"spike",3,324
-1.97842349872946,-2.94249682642274,-10.7437891545448,"spike",3,325
-2.18540354210893,-2.6285380984762,-10.2722858176135,"spike",3,326
-2.00064291962641,-2.60720617107997,-10.6970202508046,"spike",3,327
-2.00064291962641,-2.60720617107997,-10.6970202508046,"spike",3,328
-2.5355857937076,-2.93191487425217,-10.4888527020422,"spike",3,329
-2.5355857937076,-2.93191487425217,-10.4888527020422,"spike",3,330
-2.5355857937076,-2.93191487425217,-10.4888527020422,"spike",3,331
-2.5355857937076,-2.93191487425217,-10.4888527020422,"spike",3,332
-2.67810842946027,-2.93097763787301,-10.7959461383499,"spike",3,333
-2.67810842946027,-2.93097763787301,-10.7959461383499,"spike",3,334
-2.67810842946027,-2.93097763787301,-10.7959461383499,"spike",3,335
-2.88210841418432,-2.90354547368027,-10.9209441210965,"spike",3,336
-2.0369250785182,-2.73632873315423,-10.5332107311047,"spike",3,337
-2.90260009086686,-2.85602949731444,-10.5916576093379,"spike",3,338
-2.87794021328644,-2.78531066175127,-10.9408947421118,"spike",3,339
-2.57500442792308,-3.00208544262739,-10.4635929649073,"spike",3,340
-2.57500442792308,-3.00208544262739,-10.4635929649073,"spike",3,341
-2.57500442792308,-3.00208544262739,-10.4635929649073,"spike",3,342
-2.54623244035641,-2.92990595377987,-11.3775991339111,"spike",3,343
-2.54623244035641,-2.92990595377987,-11.3775991339111,"spike",3,344
-2.54623244035641,-2.92990595377987,-11.3775991339111,"spike",3,345
-2.82995879114528,-3.04479122520416,-11.1025135463643,"spike",3,346
-1.45870496905274,-2.68273397812118,-11.0309834359143,"spike",3,347
-2.13166930002903,-2.7599796166648,-10.6652345027051,"spike",3,348
-2.13166930002903,-2.7599796166648,-10.6652345027051,"spike",3,349
-2.25674258853299,-3.0130891464813,-10.7248008873338,"spike",3,350
-2.34538800282722,-2.94069239293904,-10.3382491902555,"spike",3,351
-2.34538800282722,-2.94069239293904,-10.3382491902555,"spike",3,352
-2.73424657377408,-2.96572847367205,-11.1068054474711,"spike",3,353
-2.73424657377408,-2.96572847367205,-11.1068054474711,"spike",3,354
-3.23479283174393,-2.52942507148854,-11.3585471607962,"spike",3,355
-2.96096720129437,-2.61544797886247,-11.5584256525962,"spike",3,356
-2.96096720129437,-2.61544797886247,-11.5584256525962,"spike",3,357
-3.17997115152238,-2.74574370331628,-11.5620027290991,"spike",3,358
-2.27290078126102,-2.94905411329261,-11.3070286002571,"spike",3,359
-2.8210898932114,-3.07117697186885,-11.4286138646916,"spike",3,360
-2.42533820810218,-2.93431412652237,-10.6628065671312,"spike",3,361
-2.16939150579809,-2.85806708635108,-10.6709174102098,"spike",3,362
-1.9538858159116,-2.77018187609208,-9.83771397015036,"spike",3,363
-2.1485608893017,-3.12163944804467,-10.0134100173179,"spike",3,364
-1.23137683920147,-2.60287993021747,-10.5000074810253,"spike",3,365
-1.23137683920147,-2.60287993021747,-10.5000074810253,"spike",3,366
-1.57727399452566,-2.45535563788289,-10.3782146294354,"spike",3,367
-1.8887162062069,-2.701644784721,-10.6583705165108,"spike",3,368
-1.8887162062069,-2.701644784721,-10.6583705165108,"spike",3,369
-1.46556266879078,-2.70681822145079,-10.5324759594408,"spike",3,370
-2.51531735878571,-2.69144729768227,-10.345386764147,"spike",3,371
-2.47337196716724,-2.82547204031229,-10.609661701246,"spike",3,372
-2.46636939980927,-3.0595245773606,-10.7242731406208,"spike",3,373
-2.46636939980927,-3.0595245773606,-10.7242731406208,"spike",3,374
-2.46636939980927,-3.0595245773606,-10.7242731406208,"spike",3,375
-2.46636939980927,-3.0595245773606,-10.7242731406208,"spike",3,376
-1.98307036558768,-2.89389322333387,-11.3459053336352,"spike",3,377
-2.45631976261037,-3.09915567099507,-10.6534749974454,"spike",3,378
-2.89487476089819,-2.7653122729096,-11.1017587433461,"spike",3,379
-2.77094650431671,-2.9322398120449,-10.8779207416713,"spike",3,380
-2.77094650431671,-2.9322398120449,-10.8779207416713,"spike",3,381
-2.77094650431671,-2.9322398120449,-10.8779207416713,"spike",3,382
-2.95335166720017,-2.83998826767913,-10.5549831741778,"spike",3,383
-2.95335166720017,-2.83998826767913,-10.5549831741778,"spike",3,384
-2.95335166720017,-2.83998826767913,-10.5549831741778,"spike",3,385
-2.30673210804652,-2.82262373306988,-11.1784210752672,"spike",3,386
-2.48937596712831,-2.82078737411415,-11.1923679915256,"spike",3,387
-2.2500432480622,-2.83492567173324,-10.8303368449551,"spike",3,388
-2.45940956023681,-2.97363202882309,-10.8161211412475,"spike",3,389
-2.4123941214606,-2.77718358145778,-10.3161594057842,"spike",3,390
-2.68155140295595,-2.80973526376053,-11.1165389702232,"spike",3,391
-2.68155140295595,-2.80973526376053,-11.1165389702232,"spike",3,392
-2.68155140295595,-2.80973526376053,-11.1165389702232,"spike",3,393
-3.12000338535677,-2.78457234340151,-10.777712074782,"spike",3,394
-2.49287516054879,-2.95308457198012,-10.7539004688624,"spike",3,395
-2.49287516054879,-2.95308457198012,-10.7539004688624,"spike",3,396
-2.49287516054879,-2.95308457198012,-10.7539004688624,"spike",3,397
-2.58045266822768,-2.7820632365488,-10.3548098315969,"spike",3,398
-2.58045266822768,-2.7820632365488,-10.3548098315969,"spike",3,399
-2.44169684143447,-2.73935004971586,-10.4621661519479,"spike",3,400
-2.98814622164288,-2.99543759425403,-10.483922085959,"spike",3,401
-2.98814622164288,-2.99543759425403,-10.483922085959,"spike",3,402
-2.93773755754702,-2.93601703595319,-11.4880662607373,"spike",3,403
-2.58075769269502,-3.11787597794327,-10.8582857289934,"spike",3,404
-1.67303482376002,-2.7866426457725,-10.826381992298,"spike",3,405
-2.59378529561389,-2.73368564584424,-11.2355726393345,"spike",3,406
-3.23812215163801,-2.67038427378137,-10.3748908950154,"spike",3,407
-3.23812215163801,-2.67038427378137,-10.3748908950154,"spike",3,408
-3.16458110455918,-2.68979158912415,-11.0116932430568,"spike",3,409
-1.86061463149498,-3.01390311400751,-11.0657439714358,"spike",3,410
-2.73581739045954,-2.62066097393529,-10.2985339944219,"spike",3,411
-2.13644477430195,-2.73949913332349,-10.2959462007973,"spike",3,412
-2.19572307888528,-2.68935833408617,-10.4539105506574,"spike",3,413
-2.35199018602615,-3.00056302206917,-11.1421820579385,"spike",3,414
-2.35199018602615,-3.00056302206917,-11.1421820579385,"spike",3,415
-2.35199018602615,-3.00056302206917,-11.1421820579385,"spike",3,416
-2.35199018602615,-3.00056302206917,-11.1421820579385,"spike",3,417
-2.4406933054885,-3.10220925053023,-10.7397253809994,"spike",3,418
-2.4406933054885,-3.10220925053023,-10.7397253809994,"spike",3,419
-2.4406933054885,-3.10220925053023,-10.7397253809994,"spike",3,420
-2.4406933054885,-3.10220925053023,-10.7397253809994,"spike",3,421
-3.01574097307276,-3.01897636011029,-10.8283834967698,"spike",3,422
-3.39131167887377,-2.74278455017434,-10.7493683788231,"spike",3,423
-2.19381130831224,-2.63933593027629,-10.617152934132,"spike",3,424
-0.736377774432135,-2.52040842166651,-10.6438865918475,"spike",3,425
-2.48144335162592,-2.9158300413701,-9.96644307194764,"spike",3,426
-1.66429897997521,-2.88779372446058,-10.6036688546055,"spike",3,427
-1.66429897997521,-2.88779372446058,-10.6036688546055,"spike",3,428
-2.20788646293593,-2.97130396247287,-11.3880944400437,"spike",3,429
-1.47970179208065,-2.81543437089923,-11.1762661406507,"spike",3,430
-1.47970179208065,-2.81543437089923,-11.1762661406507,"spike",3,431
-1.80747016930016,-2.72981505257761,-10.8090324159058,"spike",3,432
-2.62588540203118,-2.91126360293887,-10.7028984032926,"spike",3,433
-1.49337870437904,-2.49233653686246,-10.6399172305034,"spike",3,434
-2.0663462059408,-2.79897654258484,-10.4550566183718,"spike",3,435
-2.0663462059408,-2.79897654258484,-10.4550566183718,"spike",3,436
-2.11975937873829,-2.87571400693731,-10.9039434097653,"spike",3,437
-2.11975937873829,-2.87571400693731,-10.9039434097653,"spike",3,438
-2.11975937873829,-2.87571400693731,-10.9039434097653,"spike",3,439
-2.11975937873829,-2.87571400693731,-10.9039434097653,"spike",3,440
-2.88258431061854,-2.87920024888938,-10.5657944874952,"spike",3,441
-2.8065976046069,-2.77977785601386,-10.663983796287,"spike",3,442
-2.8065976046069,-2.77977785601386,-10.663983796287,"spike",3,443
-2.8065976046069,-2.77977785601386,-10.663983796287,"spike",3,444
-2.8065976046069,-2.77977785601386,-10.663983796287,"spike",3,445
-1.6219827344717,-2.69687297097892,-11.1677058364499,"spike",3,446
-2.81167661812761,-2.76093085987778,-10.9695121358951,"spike",3,447
-2.54622156208518,-2.84912604119389,-10.8925230432063,"spike",3,448
-2.54622156208518,-2.84912604119389,-10.8925230432063,"spike",3,449
-2.54622156208518,-2.84912604119389,-10.8925230432063,"spike",3,450
-2.28728732641596,-2.8693040938436,-10.6561771275041,"spike",3,451
-2.28728732641596,-2.8693040938436,-10.6561771275041,"spike",3,452
-2.77469944257409,-2.72526182807644,-10.722998748589,"spike",3,453
-2.77469944257409,-2.72526182807644,-10.722998748589,"spike",3,454
-2.31764989305074,-2.92396354757895,-10.6854124917449,"spike",3,455
-2.31764989305074,-2.92396354757895,-10.6854124917449,"spike",3,456
-2.89815603688404,-2.93266934848918,-10.6566130973121,"spike",3,457
-2.97597690392936,-3.01862498594963,-10.5574089571498,"spike",3,458
-3.13894991466357,-2.74823294535451,-10.3789302163088,"spike",3,459
-2.69410885013367,-2.9128970455002,-10.5993605482518,"spike",3,460
-2.69149914811392,-2.8132754628144,-10.6685565012376,"spike",3,461
-2.69940392083257,-2.82914591176057,-10.459900722145,"spike",3,462
-2.69940392083257,-2.82914591176057,-10.459900722145,"spike",3,463
-2.51644961334995,-2.87469298692224,-10.2793913327668,"spike",3,464
-2.85649736691512,-3.0122517788849,-10.858934676259,"spike",3,465
-2.19226710351529,-2.78026730198203,-10.9077206384147,"spike",3,466
-2.19226710351529,-2.78026730198203,-10.9077206384147,"spike",3,467
-2.96206216747102,-2.90401798221417,-10.4703483843201,"spike",3,468
-2.86559536835429,-2.93332082430196,-10.9810067569068,"spike",3,469
-3.17504385469173,-2.70442806109246,-11.1431166558303,"spike",3,470
-3.1149576201139,-2.65473827410835,-10.8703423213538,"spike",3,471
-2.66315660406003,-2.89431125221315,-11.0500029916092,"spike",3,472
-2.66315660406003,-2.89431125221315,-11.0500029916092,"spike",3,473
-2.04543200526001,-2.82386570044232,-11.1723356455682,"spike",3,474
-2.67735297217446,-2.84925816475344,-11.189330394687,"spike",3,475
-2.67735297217446,-2.84925816475344,-11.189330394687,"spike",3,476
-2.8239612512382,-2.65144148180134,-10.6855476620109,"spike",3,477
-2.8239612512382,-2.65144148180134,-10.6855476620109,"spike",3,478
-2.8239612512382,-2.65144148180134,-10.6855476620109,"spike",3,479
-2.93208327159044,-2.71313267815048,-10.3425623476082,"spike",3,480
-3.34280936522658,-2.76149150699254,-10.9212689542602,"spike",3,481
-2.41716579683696,-2.69048369911488,-11.2682211578507,"spike",3,482
-2.44326506573839,-2.81662596972842,-10.7496709350143,"spike",3,483
-2.44326506573839,-2.81662596972842,-10.7496709350143,"spike",3,484
-2.44326506573839,-2.81662596972842,-10.7496709350143,"spike",3,485
-2.30584187408468,-2.92836269864456,-10.850411283059,"spike",3,486
-1.9498070992295,-2.84647583837828,-10.5816319258656,"spike",3,487
-1.9498070992295,-2.84647583837828,-10.5816319258656,"spike",3,488
-2.45490067450664,-3.07649308968013,-10.500814611183,"spike",3,489
-2.71624885046164,-2.79813660118654,-10.6114644583273,"spike",3,490
-2.71624885046164,-2.79813660118654,-10.6114644583273,"spike",3,491
-2.71624885046164,-2.79813660118654,-10.6114644583273,"spike",3,492
-3.09939238830847,-2.89533405178137,-10.7790525341188,"spike",3,493
-2.36106089542285,-2.83967448304166,-10.9483346941982,"spike",3,494
-2.11817111962166,-2.74960293448563,-10.4192765548536,"spike",3,495
-2.01028475448985,-2.67847136186616,-11.0278458841789,"spike",3,496
-2.00666147685109,-2.81493069355905,-10.7710331117077,"spike",3,497
-2.00666147685109,-2.81493069355905,-10.7710331117077,"spike",3,498
-2.57306596115774,-3.09554533895674,-11.0652948762685,"spike",3,499
-2.57306596115774,-3.09554533895674,-11.0652948762685,"spike",3,500
-2.34988134225004,-2.88118969673232,-10.8034857153107,"spike",3,501
-2.69312774393567,-2.90719802236678,-10.5091770919873,"spike",3,502
-2.69312774393567,-2.90719802236678,-10.5091770919873,"spike",3,503
-2.69312774393567,-2.90719802236678,-10.5091770919873,"spike",3,504
-2.32436008917049,-2.99453873408025,-10.5137851534573,"spike",3,505
-2.32436008917049,-2.99453873408025,-10.5137851534573,"spike",3,506
-2.48351368284166,-3.05683033585929,-10.8863457284945,"spike",3,507
-2.48351368284166,-3.05683033585929,-10.8863457284945,"spike",3,508
-2.60360456640998,-2.96610958778288,-10.6039741988429,"spike",3,509
-2.60360456640998,-2.96610958778288,-10.6039741988429,"spike",3,510
-2.33412743843913,-2.88280083359505,-10.7020927522178,"spike",3,511
-2.04428076878583,-2.78120696139755,-10.2625427552304,"spike",3,512
-1.74286820010816,-2.70494723366392,-10.4797260774055,"spike",3,513
-1.74286820010816,-2.70494723366392,-10.4797260774055,"spike",3,514
-1.74286820010816,-2.70494723366392,-10.4797260774055,"spike",3,515
-1.39816124034774,-2.8009144753098,-10.9257178852295,"spike",3,516
-1.39816124034774,-2.8009144753098,-10.9257178852295,"spike",3,517
-0.922784902248833,-2.51443220509014,-10.3615010327981,"spike",3,518
-0.908210625411734,-2.47713799081065,-10.2748625601876,"spike",3,519
-0.908210625411734,-2.47713799081065,-10.2748625601876,"spike",3,520
-0.872931444946844,-2.45859929827905,-9.68353208423883,"spike",3,521
-1.6092045899801,-2.63547724655336,-10.1090010213605,"spike",3,522
-3.24927146442387,-2.5700478543956,-10.1523885682196,"spike",3,523
-3.57336382412868,-2.47460945525129,-10.5337861087517,"spike",3,524
-3.57336382412868,-2.47460945525129,-10.5337861087517,"spike",3,525
-3.73254553241017,-2.51736829741162,-10.9845575259407,"spike",3,526
-3.46579149689156,-2.74779330602391,-11.3823701746015,"spike",3,527
-2.78377176262672,-2.72977132032245,-11.6088387984687,"spike",3,528
-2.37467751221304,-2.38034021396081,-10.871049235272,"spike",3,529
-1.55975171655419,-2.47837619972437,-11.2849672975696,"spike",3,530
-1.63738024505355,-2.79290977111148,-10.3539030365466,"spike",3,531
-2.25701563854803,-2.7958911446243,-10.5736790486853,"spike",3,532
-2.25701563854803,-2.7958911446243,-10.5736790486853,"spike",3,533
-2.25701563854803,-2.7958911446243,-10.5736790486853,"spike",3,534
-2.25701563854803,-2.7958911446243,-10.5736790486853,"spike",3,535
-2.25701563854803,-2.7958911446243,-10.5736790486853,"spike",3,536
-2.13119014186,-2.94533356108442,-10.8501094952845,"spike",3,537
-2.13119014186,-2.94533356108442,-10.8501094952845,"spike",3,538
-2.67385543663366,-3.02217919759828,-10.2193037073942,"spike",3,539
-2.67385543663366,-3.02217919759828,-10.2193037073942,"spike",3,540
-2.47174548217178,-2.97991132559378,-10.9452853928645,"spike",3,541
-2.47174548217178,-2.97991132559378,-10.9452853928645,"spike",3,542
-2.47174548217178,-2.97991132559378,-10.9452853928645,"spike",3,543
-2.47174548217178,-2.97991132559378,-10.9452853928645,"spike",3,544
-2.77442565803039,-3.07322893950757,-11.5481337938021,"spike",3,545
-2.77442565803039,-3.07322893950757,-11.5481337938021,"spike",3,546
-2.77442565803039,-3.07322893950757,-11.5481337938021,"spike",3,547
-2.34123714589123,-2.77250029440095,-11.4820100734386,"spike",3,548
-2.45910307279016,-2.84524911946047,-10.9460975852874,"spike",3,549
-2.45910307279016,-2.84524911946047,-10.9460975852874,"spike",3,550
-2.53394882161726,-2.99164687816764,-10.7365581432043,"spike",3,551
-2.62782832822879,-3.117296679424,-10.9111464138414,"spike",3,552
-2.62782832822879,-3.117296679424,-10.9111464138414,"spike",3,553
-2.62782832822879,-3.117296679424,-10.9111464138414,"spike",3,554
-2.44610665527956,-3.12676373368237,-10.7026812213047,"spike",3,555
-1.93530936658772,-3.08237166938796,-11.1969038961181,"spike",3,556
-1.99000469695605,-2.94616442162356,-11.4103372630955,"spike",3,557
-1.47730232549519,-2.7305649381733,-10.4865789973598,"spike",3,558
-3.20481222721617,-2.80406411277706,-10.6117513952619,"spike",3,559
-3.20481222721617,-2.80406411277706,-10.6117513952619,"spike",3,560
-3.20481222721617,-2.80406411277706,-10.6117513952619,"spike",3,561
-2.91935448738699,-2.97226205242896,-10.6413538551434,"spike",3,562
-1.99975966557126,-2.98302047438577,-11.0779518667345,"spike",3,563
-2.2519823195213,-2.89832868485058,-10.4469818268116,"spike",3,564
-2.2519823195213,-2.89832868485058,-10.4469818268116,"spike",3,565
-2.2519823195213,-2.89832868485058,-10.4469818268116,"spike",3,566
-2.2519823195213,-2.89832868485058,-10.4469818268116,"spike",3,567
-2.65852953396839,-2.7832237399536,-10.5567238261077,"spike",3,568
-2.68311916722835,-2.97612940198791,-11.174891770737,"spike",3,569
-2.68311916722835,-2.97612940198791,-11.174891770737,"spike",3,570
-2.30795377128774,-2.78080659498639,-10.5843239833336,"spike",3,571
-2.30795377128774,-2.78080659498639,-10.5843239833336,"spike",3,572
-2.30471213963323,-2.80729157084945,-11.1010153460703,"spike",3,573
-2.0434234916372,-2.99423682316512,-10.755335050387,"spike",3,574
-2.0434234916372,-2.99423682316512,-10.755335050387,"spike",3,575
-2.89434456208723,-2.91315624031983,-11.0002062142336,"spike",3,576
-2.89434456208723,-2.91315624031983,-11.0002062142336,"spike",3,577
-2.85535518034949,-3.00821739410062,-11.1355173951318,"spike",3,578
-2.85535518034949,-3.00821739410062,-11.1355173951318,"spike",3,579
-2.85535518034949,-3.00821739410062,-11.1355173951318,"spike",3,580
-2.85535518034949,-3.00821739410062,-11.1355173951318,"spike",3,581
-2.39431267010669,-2.66077613831633,-10.907428524591,"spike",3,582
-1.41723476165779,-2.60363606374123,-10.8294738479551,"spike",3,583
-2.63126401112163,-3.00595041058518,-10.7395080038067,"spike",3,584
-2.50726844030652,-2.79510603690061,-10.7827532338382,"spike",3,585
-2.39840809366166,-3.02230799505698,-10.8281735882927,"spike",3,586
-2.61905427762523,-2.82374473738439,-10.7369624664957,"spike",3,587
-2.61905427762523,-2.82374473738439,-10.7369624664957,"spike",3,588
-2.86066500217984,-3.0538948356928,-10.8476251012364,"spike",3,589
-2.5294351756617,-2.93889716095917,-10.7854963728473,"spike",3,590
-3.10552760292753,-2.82974730034782,-10.8297461877835,"spike",3,591
-2.94219920270299,-2.78241897482831,-10.4551107008447,"spike",3,592
-2.94219920270299,-2.78241897482831,-10.4551107008447,"spike",3,593
-2.85596084196473,-2.88290790048536,-10.8550540504838,"spike",3,594
-2.85596084196473,-2.88290790048536,-10.8550540504838,"spike",3,595
-2.95449760791015,-2.98288252944089,-10.551641788246,"spike",3,596
-2.78907150621967,-2.87512101955067,-10.7247876671074,"spike",3,597
-2.78907150621967,-2.87512101955067,-10.7247876671074,"spike",3,598
-2.78907150621967,-2.87512101955067,-10.7247876671074,"spike",3,599
-2.6130292731257,-2.83201336669347,-11.1319944243977,"spike",3,600
-2.6130292731257,-2.83201336669347,-11.1319944243977,"spike",3,601
-2.6130292731257,-2.83201336669347,-11.1319944243977,"spike",3,602
-2.32541761253707,-2.90461532309798,-10.9455889432954,"spike",3,603
-2.32541761253707,-2.90461532309798,-10.9455889432954,"spike",3,604
-2.32541761253707,-2.90461532309798,-10.9455889432954,"spike",3,605
-2.32541761253707,-2.90461532309798,-10.9455889432954,"spike",3,606
-2.30425523376267,-2.75827365581115,-10.43585844257,"spike",3,607
-2.39461224035629,-3.07250527169006,-10.298134461373,"spike",3,608
-2.39461224035629,-3.07250527169006,-10.298134461373,"spike",3,609
-2.39461224035629,-3.07250527169006,-10.298134461373,"spike",3,610
-2.0530891864169,-2.77887836606713,-10.3671134184924,"spike",3,611
-2.0530891864169,-2.77887836606713,-10.3671134184924,"spike",3,612
-2.4053809285344,-2.7297145650223,-10.5790889642981,"spike",3,613
-2.44233351962259,-2.86542650232547,-10.9920940988581,"spike",3,614
-2.44233351962259,-2.86542650232547,-10.9920940988581,"spike",3,615
-2.44233351962259,-2.86542650232547,-10.9920940988581,"spike",3,616
-2.44233351962259,-2.86542650232547,-10.9920940988581,"spike",3,617
-2.8942232560148,-2.83646388498285,-10.8268612459601,"spike",3,618
-1.73609595710476,-2.91557224055382,-11.0898247502521,"spike",3,619
-2.25239794691551,-2.98806153514851,-11.073890138786,"spike",3,620
-2.86743436953921,-2.95301265355355,-11.014323587398,"spike",3,621
-2.86743436953921,-2.95301265355355,-11.014323587398,"spike",3,622
-1.65072181158287,-2.69116586886066,-10.2996285567508,"spike",3,623
-1.37228580412078,-2.56586868469935,-10.4067960360457,"spike",3,624
-2.22761523446318,-3.02192134602213,-10.6263198876128,"spike",3,625
-2.90972884078685,-2.88651817384492,-10.539400424196,"spike",3,626
-2.38233055734852,-2.77341504860741,-10.428718281211,"spike",3,627
-2.38233055734852,-2.77341504860741,-10.428718281211,"spike",3,628
-2.49783925624097,-3.09713813507002,-10.6671850712344,"spike",3,629
-3.0680693809727,-2.88689900814949,-10.4279944092185,"spike",3,630
-3.1946782108775,-2.87417951559606,-10.7105370931538,"spike",3,631
-3.1946782108775,-2.87417951559606,-10.7105370931538,"spike",3,632
-2.94837619113299,-3.08025831079838,-11.0379766812445,"spike",3,633
-3.10695408680949,-2.80167197504972,-10.5176914852256,"spike",3,634
-3.10695408680949,-2.80167197504972,-10.5176914852256,"spike",3,635
-0.575703255392982,-2.54111584449807,-10.3237171865134,"spike",3,636
-1.50286744243365,-2.43320963471672,-10.8701773904548,"spike",3,637
-0.286116785371865,-2.05981893473998,-10.5238556709948,"spike",3,638
-0.286116785371865,-2.05981893473998,-10.5238556709948,"spike",3,639
-0.401321333433359,-1.9863042499707,-10.5267801569682,"spike",3,640
-2.76900559489704,-2.98329231588083,-10.3178662017549,"spike",3,641
-3.04799403323345,-2.99461174085586,-10.5151235139871,"spike",3,642
-1.89982638797691,-2.87561632829452,-11.0921007683596,"spike",3,643
-2.26640281555271,-3.05467105496501,-10.7404072443548,"spike",3,644
-2.57283275798426,-2.82197707155807,-11.040379503128,"spike",3,645
-2.35438162570215,-2.91334790645108,-11.1991703727901,"spike",3,646
-2.89532326001644,-2.97201382069219,-10.7675802765075,"spike",3,647
-2.70045511210708,-2.91860362484853,-10.1792599280437,"spike",3,648
-2.70045511210708,-2.91860362484853,-10.1792599280437,"spike",3,649
-3.05076993531733,-2.92253989551021,-10.5909291105741,"spike",3,650
-3.05076993531733,-2.92253989551021,-10.5909291105741,"spike",3,651
-2.6461814355187,-2.8925529783597,-10.4912782073959,"spike",3,652
-2.6461814355187,-2.8925529783597,-10.4912782073959,"spike",3,653
-2.6461814355187,-2.8925529783597,-10.4912782073959,"spike",3,654
-2.6461814355187,-2.8925529783597,-10.4912782073959,"spike",3,655
-2.39160785114601,-2.94553788202958,-11.2012941863416,"spike",3,656
-2.31681480565736,-2.93297412128995,-10.7785416428963,"spike",3,657
-2.31681480565736,-2.93297412128995,-10.7785416428963,"spike",3,658
-2.03617308288318,-2.93768999798049,-10.5243009851642,"spike",3,659
-2.03617308288318,-2.93768999798049,-10.5243009851642,"spike",3,660
-2.33490550486074,-2.83336673231306,-10.5771481815768,"spike",3,661
-2.58452444217196,-2.98755170771689,-11.0087906740304,"spike",3,662
-2.58452444217196,-2.98755170771689,-11.0087906740304,"spike",3,663
-2.86286378382465,-2.78051101570793,-11.2309953540486,"spike",3,664
-2.86286378382465,-2.78051101570793,-11.2309953540486,"spike",3,665
-2.30698501252265,-3.01948593859819,-10.6057563148184,"spike",3,666
-2.30698501252265,-3.01948593859819,-10.6057563148184,"spike",3,667
-2.30698501252265,-3.01948593859819,-10.6057563148184,"spike",3,668
-2.73861220086941,-2.80987843071658,-10.4057967652791,"spike",3,669
-2.73861220086941,-2.80987843071658,-10.4057967652791,"spike",3,670
-2.73861220086941,-2.80987843071658,-10.4057967652791,"spike",3,671
-2.40222667065609,-2.74939403678806,-10.4835553752929,"spike",3,672
-2.86450904190777,-2.98997546429163,-10.8309101467251,"spike",3,673
-2.86450904190777,-2.98997546429163,-10.8309101467251,"spike",3,674
-2.86450904190777,-2.98997546429163,-10.8309101467251,"spike",3,675
-2.86450904190777,-2.98997546429163,-10.8309101467251,"spike",3,676
-3.21219037495739,-2.67553394416634,-10.9133150113704,"spike",3,677
-3.21219037495739,-2.67553394416634,-10.9133150113704,"spike",3,678
-2.41389533481513,-2.95942221295821,-10.3018478990291,"spike",3,679
-2.91351896902371,-2.9327556821034,-10.9529646861945,"spike",3,680
-2.91351896902371,-2.9327556821034,-10.9529646861945,"spike",3,681
-2.53746743293527,-3.02999771934402,-10.6211162141982,"spike",3,682
-2.53746743293527,-3.02999771934402,-10.6211162141982,"spike",3,683
-1.80179054269001,-2.8313071129623,-10.1671054986359,"spike",3,684
-1.80179054269001,-2.8313071129623,-10.1671054986359,"spike",3,685
-1.80179054269001,-2.8313071129623,-10.1671054986359,"spike",3,686
-1.62989577380847,-2.69182914822164,-11.0969759534182,"spike",3,687
-1.62989577380847,-2.69182914822164,-11.0969759534182,"spike",3,688
-1.62989577380847,-2.69182914822164,-11.0969759534182,"spike",3,689
-1.62989577380847,-2.69182914822164,-11.0969759534182,"spike",3,690
-2.54114448228667,-2.95992290923677,-11.0408343111813,"spike",3,691
-2.73038509401347,-2.95025774138917,-10.7801222795679,"spike",3,692
-2.73038509401347,-2.95025774138917,-10.7801222795679,"spike",3,693
-3.03821914186798,-2.96711958512472,-11.3147856889952,"spike",3,694
-3.03821914186798,-2.96711958512472,-11.3147856889952,"spike",3,695
-3.03821914186798,-2.96711958512472,-11.3147856889952,"spike",3,696
-3.01010416154304,-2.94998879797897,-10.8439961605502,"spike",3,697
-2.42145135023836,-3.03297761283082,-11.0791179014593,"spike",3,698
-2.42145135023836,-3.03297761283082,-11.0791179014593,"spike",3,699
-2.7578641484664,-2.93105863843532,-10.1701849333463,"spike",3,700
-2.7578641484664,-2.93105863843532,-10.1701849333463,"spike",3,701
-2.73436507891486,-2.87975208518488,-10.2969647676159,"spike",3,702
-2.76315799005227,-3.01410005110124,-10.4479216337529,"spike",3,703
-2.76315799005227,-3.01410005110124,-10.4479216337529,"spike",3,704
-2.76315799005227,-3.01410005110124,-10.4479216337529,"spike",3,705
-2.84789123867451,-2.84943541933043,-10.6889858864281,"spike",3,706
-2.84789123867451,-2.84943541933043,-10.6889858864281,"spike",3,707
-2.84789123867451,-2.84943541933043,-10.6889858864281,"spike",3,708
-2.42711230091416,-3.01906564885592,-10.1001156086661,"spike",3,709
-2.18985272704075,-2.70281711392892,-11.2770458392022,"spike",3,710
-2.48444449337581,-3.0249108180554,-10.4251175684658,"spike",3,711
-2.48444449337581,-3.0249108180554,-10.4251175684658,"spike",3,712
-2.83199793876762,-2.94264584986766,-11.5575361169909,"spike",3,713
-2.83199793876762,-2.94264584986766,-11.5575361169909,"spike",3,714
-2.18393086342039,-2.94104674159198,-10.382988949297,"spike",3,715
-1.99391303812951,-3.00241720285904,-11.0274671955709,"spike",3,716
-2.9295739102435,-2.90236077015815,-10.4186302567101,"spike",3,717
-2.44982314853836,-2.85830687046191,-10.434078570096,"spike",3,718
-2.75896486413145,-2.88047770410561,-10.9956407178976,"spike",3,719
-2.75896486413145,-2.88047770410561,-10.9956407178976,"spike",3,720
-2.80162444406471,-2.96854682543652,-11.093381376965,"spike",3,721
-2.80162444406471,-2.96854682543652,-11.093381376965,"spike",3,722
-2.20113540652443,-2.69378947925839,-10.8369250193126,"spike",3,723
-3.10047696637119,-2.77677441367158,-11.3294033099159,"spike",3,724
-2.42699798240777,-2.92900293906826,-10.8345388033893,"spike",3,725
-2.5944990659865,-3.00697704079269,-10.8009676059167,"spike",3,726
-2.5944990659865,-3.00697704079269,-10.8009676059167,"spike",3,727
-2.5944990659865,-3.00697704079269,-10.8009676059167,"spike",3,728
-2.5944990659865,-3.00697704079269,-10.8009676059167,"spike",3,729
-2.5944990659865,-3.00697704079269,-10.8009676059167,"spike",3,730
-2.28866402567909,-2.96337609526952,-10.7233885128487,"spike",3,731
-2.27804987343956,-2.9671589242231,-10.5090109666137,"spike",3,732
-2.27804987343956,-2.9671589242231,-10.5090109666137,"spike",3,733
-2.27804987343956,-2.9671589242231,-10.5090109666137,"spike",3,734
-2.6524724391842,-2.82837538552465,-10.5658579987826,"spike",3,735
-2.6524724391842,-2.82837538552465,-10.5658579987826,"spike",3,736
-2.6524724391842,-2.82837538552465,-10.5658579987826,"spike",3,737
-2.6524724391842,-2.82837538552465,-10.5658579987826,"spike",3,738
-2.98031404144877,-2.93762642972006,-10.8507645455088,"spike",3,739
-3.06861568447487,-2.76166623387146,-10.4912182360027,"spike",3,740
-2.95791000133198,-2.75752008139147,-11.4415109386125,"spike",3,741
-2.95791000133198,-2.75752008139147,-11.4415109386125,"spike",3,742
-2.50554493071842,-2.97004606706055,-10.5136264268994,"spike",3,743
-2.50554493071842,-2.97004606706055,-10.5136264268994,"spike",3,744
-2.28346076222994,-2.82113920056128,-11.1830525815315,"spike",3,745
-2.28346076222994,-2.82113920056128,-11.1830525815315,"spike",3,746
-2.1538828071322,-2.94318133117028,-10.8903589580612,"spike",3,747
-2.1538828071322,-2.94318133117028,-10.8903589580612,"spike",3,748
-1.7760009144963,-2.72802214390059,-10.5784030030386,"spike",3,749
-1.84782651968892,-2.85491058049097,-10.4844290369049,"spike",3,750
-2.28636959899253,-2.83861751896538,-11.1193694457095,"spike",3,751
-3.2766592374197,-2.78009323867711,-11.2892330095411,"spike",3,752
-3.07929987200882,-2.52012637257857,-10.2453105875187,"spike",3,753
-2.74166606881222,-2.57229405921662,-10.6263472871925,"spike",3,754
-1.53047842255352,-2.79974074982879,-10.4883591259645,"spike",3,755
-2.55792017035282,-3.0676709987168,-10.3893280882345,"spike",3,756
-2.3790597389886,-3.20592656570464,-10.5480757789173,"spike",3,757
-2.3790597389886,-3.20592656570464,-10.5480757789173,"spike",3,758
-2.3790597389886,-3.20592656570464,-10.5480757789173,"spike",3,759
-2.3790597389886,-3.20592656570464,-10.5480757789173,"spike",3,760
-2.3790597389886,-3.20592656570464,-10.5480757789173,"spike",3,761
-2.3790597389886,-3.20592656570464,-10.5480757789173,"spike",3,762
-2.37314735593469,-3.13487049068575,-10.5464489672719,"spike",3,763
-2.50481930119045,-2.92635950750412,-11.4319863204529,"spike",3,764
-2.0365598617424,-2.89129514475195,-11.1958201477045,"spike",3,765
-2.34454604958335,-3.0429263054704,-10.465163183849,"spike",3,766
-2.76987240632523,-3.01500652675579,-10.9792907784742,"spike",3,767
-2.39451633385921,-2.76269340961001,-11.1050904674081,"spike",3,768
-2.3870897323937,-2.82373425689676,-10.9096508810831,"spike",3,769
-2.54966676763008,-2.85515818167689,-11.2311759713583,"spike",3,770
-2.54966676763008,-2.85515818167689,-11.2311759713583,"spike",3,771
-2.54966676763008,-2.85515818167689,-11.2311759713583,"spike",3,772
-2.80294695971816,-2.88342968085901,-11.2308374811139,"spike",3,773
-1.72895868810681,-2.84014223042357,-10.4977137529248,"spike",3,774
-1.57797709099803,-2.75216066551004,-10.571057203997,"spike",3,775
-1.57797709099803,-2.75216066551004,-10.571057203997,"spike",3,776
-1.33670871785797,-2.72891197504175,-10.7863794581189,"spike",3,777
-1.83296427397371,-2.79236879571009,-10.2949273024649,"spike",3,778
-2.99884211255967,-2.84030650341783,-11.1607273215876,"spike",3,779
-2.3367230333903,-2.92440513251622,-10.6241647348893,"spike",3,780
-1.8979737870696,-2.95973570062825,-10.5396492490763,"spike",3,781
-2.03730309513707,-2.8620216814362,-11.0281317964824,"spike",3,782
-2.27955041184096,-2.88080468477923,-10.9201287499973,"spike",3,783
-2.36264920527623,-2.86919124732578,-10.7964387854134,"spike",3,784
-2.36264920527623,-2.86919124732578,-10.7964387854134,"spike",3,785
-2.18350507660747,-2.79334794144823,-11.1115443953694,"spike",3,786
-2.53656236106695,-3.00710976482012,-10.0842769104026,"spike",3,787
-2.8827020709617,-2.8862477686478,-10.164799254785,"spike",3,788
-3.04228750099493,-2.99854420420057,-10.5501769003777,"spike",3,789
-3.03666971269799,-2.79873158148747,-10.2825517150168,"spike",3,790
-1.83622640562988,-2.79294520656693,-11.007181625823,"spike",3,791
-1.60328334294995,-2.75178800942183,-10.7234168887081,"spike",3,792
-2.3692974255099,-2.7094479697558,-10.8265345110329,"spike",3,793
-2.62451899438198,-2.97171407526264,-10.4019138708083,"spike",3,794
-2.30968712218568,-2.83660180504956,-10.4879485925882,"spike",3,795
-3.29242662104856,-2.9077976777359,-10.5544634257995,"spike",3,796
-2.25024559863396,-2.97512985636625,-10.7398163637592,"spike",3,797
-2.25024559863396,-2.97512985636625,-10.7398163637592,"spike",3,798
-2.25024559863396,-2.97512985636625,-10.7398163637592,"spike",3,799
-2.25024559863396,-2.97512985636625,-10.7398163637592,"spike",3,800
-1.97288315400743,-2.88970516395947,-11.0290781068723,"spike",3,801
-2.88397060529815,-2.55980128792974,-10.4199576498761,"spike",3,802
-3.23272158200206,-2.64862849970981,-10.5103225825741,"spike",3,803
-2.50694621305561,-2.61612343115133,-10.6878959094356,"spike",3,804
-2.55110857757178,-2.96418572302092,-11.3260791296877,"spike",3,805
-2.55110857757178,-2.96418572302092,-11.3260791296877,"spike",3,806
-1.90881844754967,-2.92496840264858,-10.5630543222056,"spike",3,807
-1.67104605234256,-2.68698898752791,-11.0682103618453,"spike",3,808
-1.67104605234256,-2.68698898752791,-11.0682103618453,"spike",3,809
-2.39491850155397,-2.97536346562656,-11.392672996264,"spike",3,810
-2.8289890772227,-2.9059130872512,-10.9986480315096,"spike",3,811
-1.59894916283041,-2.84208996103575,-10.5308531488493,"spike",3,812
-1.47639279170389,-2.67467024551289,-11.0154753616703,"spike",3,813
-2.52308318528776,-3.06015964717137,-10.9103600968504,"spike",3,814
-2.24152818061423,-2.8785722710728,-11.0799039471646,"spike",3,815
-2.64121523091557,-2.94980847716468,-11.3921865932668,"spike",3,816
-2.47561269333949,-2.9222110882087,-11.5474712525796,"spike",3,817
-2.47561269333949,-2.9222110882087,-11.5474712525796,"spike",3,818
-2.83635196583004,-2.80668328631908,-11.5476674242654,"spike",3,819
-2.45569158654973,-2.94684719375464,-10.9082894369389,"spike",3,820
-2.45569158654973,-2.94684719375464,-10.9082894369389,"spike",3,821
-3.0441071918598,-2.8769632865251,-10.5067034190387,"spike",3,822
-2.35735820890793,-2.88249238704874,-10.3982996545898,"spike",3,823
-2.64327380669686,-2.685582260841,-10.548332073541,"spike",3,824
-2.63872322774606,-2.9330747473022,-10.7195191510193,"spike",3,825
-2.3428823862979,-2.93311931891652,-10.6871659578725,"spike",3,826
-2.3428823862979,-2.93311931891652,-10.6871659578725,"spike",3,827
-2.25764318779654,-2.82238916719185,-10.4070019528615,"spike",3,828
-2.25764318779654,-2.82238916719185,-10.4070019528615,"spike",3,829
-2.25764318779654,-2.82238916719185,-10.4070019528615,"spike",3,830
-2.25764318779654,-2.82238916719185,-10.4070019528615,"spike",3,831
-2.55631325392024,-2.86421402993312,-10.5638106381338,"spike",3,832
-2.68447129933734,-2.9292654362308,-10.565401303205,"spike",3,833
-2.68447129933734,-2.9292654362308,-10.565401303205,"spike",3,834
-2.68447129933734,-2.9292654362308,-10.565401303205,"spike",3,835
-2.68447129933734,-2.9292654362308,-10.565401303205,"spike",3,836
-2.45241244964095,-2.88064930940124,-10.4597551479326,"spike",3,837
-2.15343834528638,-2.9123271183302,-11.0960515980631,"spike",3,838
-2.93620631723331,-2.9837396364948,-10.6610251751104,"spike",3,839
-2.73113036730612,-2.94488845126405,-11.227690631711,"spike",3,840
-2.73113036730612,-2.94488845126405,-11.227690631711,"spike",3,841
-2.34118971189862,-2.72970636085149,-10.5242406532705,"spike",3,842
-2.51410469995382,-2.66264071838795,-10.5849566666439,"spike",3,843
-2.56241759634672,-3.01573695822094,-10.9614808264127,"spike",3,844
-2.25955760432087,-2.94930000061957,-10.2552825313038,"spike",3,845
-2.85013657587631,-2.8592098221625,-10.8750708879625,"spike",3,846
-2.2886766039174,-2.81060065268733,-10.8734408544658,"spike",3,847
-3.09797589731691,-2.93758398125717,-10.558297580721,"spike",3,848
-2.47696592025685,-3.11559526508166,-10.6612331859635,"spike",3,849
-2.1540291507053,-2.96286931662904,-11.4108037134607,"spike",3,850
-1.79530059552978,-2.72805174252294,-11.3135156027704,"spike",3,851
-2.08333071674841,-2.8357271085707,-10.1157202842517,"spike",3,852
-2.08333071674841,-2.8357271085707,-10.1157202842517,"spike",3,853
-2.08333071674841,-2.8357271085707,-10.1157202842517,"spike",3,854
-0.951237880511293,-2.52021186845776,-10.8772325583063,"spike",3,855
-0.594078760127435,-2.26830679696521,-10.6432027273642,"spike",3,856
-0.594078760127435,-2.26830679696521,-10.6432027273642,"spike",3,857
-0.804326901573122,-2.42221543531079,-10.696077819935,"spike",3,858
-0.804326901573122,-2.42221543531079,-10.696077819935,"spike",3,859
-1.38903093624646,-2.62705948321063,-11.150535899824,"spike",3,860
-0.440703360321355,-2.33556100604177,-10.4818926824834,"spike",3,861
-1.57808342131197,-2.57903020884914,-10.3163604540396,"spike",3,862
-2.54003962411419,-2.81343012628723,-10.6991428747923,"spike",3,863
-2.54003962411419,-2.81343012628723,-10.6991428747923,"spike",3,864
-2.54003962411419,-2.81343012628723,-10.6991428747923,"spike",3,865
-2.54003962411419,-2.81343012628723,-10.6991428747923,"spike",3,866
-2.54003962411419,-2.81343012628723,-10.6991428747923,"spike",3,867
-2.68216819587824,-2.80335037837749,-10.8853921023309,"spike",3,868
-2.55497545506511,-2.85366660386518,-11.0070329866794,"spike",3,869
-2.2877607925645,-2.89866572784419,-11.1923601151597,"spike",3,870
-2.2877607925645,-2.89866572784419,-11.1923601151597,"spike",3,871
-1.67783297095325,-2.7033455112737,-11.0088486002595,"spike",3,872
-1.80459447128281,-2.63276889946545,-11.0567360312153,"spike",3,873
-1.80459447128281,-2.63276889946545,-11.0567360312153,"spike",3,874
-2.89541848945888,-2.97297484738501,-11.3174790452693,"spike",3,875
-2.89541848945888,-2.97297484738501,-11.3174790452693,"spike",3,876
-2.25433145000781,-2.72867108845648,-11.5018268876978,"spike",3,877
-2.6473474739297,-2.72009993968965,-10.5391521653127,"spike",3,878
-2.48449730605869,-2.91583200085847,-10.0284535501087,"spike",3,879
-2.42609745891637,-2.91810055935217,-10.5303764576733,"spike",3,880
-2.42609745891637,-2.91810055935217,-10.5303764576733,"spike",3,881
-1.93746498636413,-2.90936196111992,-10.4485478774414,"spike",3,882
-2.58443732358785,-2.9518824797654,-10.2674100218638,"spike",3,883
-2.58443732358785,-2.9518824797654,-10.2674100218638,"spike",3,884
-2.58443732358785,-2.9518824797654,-10.2674100218638,"spike",3,885
-2.58443732358785,-2.9518824797654,-10.2674100218638,"spike",3,886
-2.58443732358785,-2.9518824797654,-10.2674100218638,"spike",3,887
-2.58443732358785,-2.9518824797654,-10.2674100218638,"spike",3,888
-2.58443732358785,-2.9518824797654,-10.2674100218638,"spike",3,889
-2.95841092501923,-2.84823260784949,-10.6377316900897,"spike",3,890
-2.95841092501923,-2.84823260784949,-10.6377316900897,"spike",3,891
-2.96564362927753,-2.84236221869737,-10.5468112226691,"spike",3,892
-2.96564362927753,-2.84236221869737,-10.5468112226691,"spike",3,893
-2.72494362189819,-2.78863878946553,-10.4545714348088,"spike",3,894
-2.37896181465764,-2.93399755843516,-11.1004694757875,"spike",3,895
-2.19321012053804,-2.83300170153188,-10.8241923355895,"spike",3,896
-1.59131278568829,-2.65137089655486,-11.1829998759713,"spike",3,897
-1.59131278568829,-2.65137089655486,-11.1829998759713,"spike",3,898
-2.33974708485911,-2.77725237216848,-10.9153795103015,"spike",3,899
-2.61785732275051,-2.94318010489443,-11.0615998090385,"spike",3,900
-2.61785732275051,-2.94318010489443,-11.0615998090385,"spike",3,901
-2.61785732275051,-2.94318010489443,-11.0615998090385,"spike",3,902
-2.61785732275051,-2.94318010489443,-11.0615998090385,"spike",3,903
-2.4484983487238,-2.86528353100171,-10.7511052054031,"spike",3,904
-2.26843749305774,-2.76434760416533,-11.0854837639407,"spike",3,905
-2.26843749305774,-2.76434760416533,-11.0854837639407,"spike",3,906
-2.1911017608063,-2.86436426283957,-11.1997937187411,"spike",3,907
-2.1911017608063,-2.86436426283957,-11.1997937187411,"spike",3,908
-2.1911017608063,-2.86436426283957,-11.1997937187411,"spike",3,909
-2.73584675671595,-2.84158610931541,-10.9196910496946,"spike",3,910
-2.73584675671595,-2.84158610931541,-10.9196910496946,"spike",3,911
-2.73584675671595,-2.84158610931541,-10.9196910496946,"spike",3,912
-2.42427761597916,-2.86372996659121,-10.8825991930388,"spike",3,913
-1.77616512551573,-2.72099785006819,-11.1928401771203,"spike",3,914
-2.57667621495178,-2.71378887520952,-11.2477966922513,"spike",3,915
-2.1572861400215,-2.6651292846873,-10.9725463971564,"spike",3,916
-2.73888815021152,-3.01400334422904,-10.7984956078434,"spike",3,917
-1.96605238615869,-2.865250075485,-10.8966039261037,"spike",3,918
-1.96605238615869,-2.865250075485,-10.8966039261037,"spike",3,919
-2.71427518709329,-3.01417571929958,-10.3723192030363,"spike",3,920
-2.7247068705094,-2.97642405099015,-10.8692216086621,"spike",3,921
-2.54950135800946,-2.88756519000529,-10.2234649127995,"spike",3,922
-2.54950135800946,-2.88756519000529,-10.2234649127995,"spike",3,923
-2.99486482857151,-2.79731564824257,-10.856496322316,"spike",3,924
-2.99486482857151,-2.79731564824257,-10.856496322316,"spike",3,925
-2.99486482857151,-2.79731564824257,-10.856496322316,"spike",3,926
-2.99486482857151,-2.79731564824257,-10.856496322316,"spike",3,927
-2.96835102243603,-2.82182448585871,-10.8566821268163,"spike",3,928
-2.79489199966726,-2.99753025858314,-11.3971387771113,"spike",3,929
-2.79489199966726,-2.99753025858314,-11.3971387771113,"spike",3,930
-2.89289847307769,-3.04308774476633,-11.6617876524866,"spike",3,931
-2.67648762544076,-3.10052945603543,-11.5447411990671,"spike",3,932
-2.78833154603539,-3.08501937701927,-11.161021968808,"spike",3,933
-2.7310934414583,-2.88969336155238,-11.1673247555604,"spike",3,934
-2.87088105857401,-2.95492944576174,-11.0126889356436,"spike",3,935
-2.87088105857401,-2.95492944576174,-11.0126889356436,"spike",3,936
-2.87088105857401,-2.95492944576174,-11.0126889356436,"spike",3,937
-2.62167092188338,-2.94724469496746,-11.1419975765033,"spike",3,938
-2.61236465470051,-2.91653192098198,-10.8993168820574,"spike",3,939
-2.82308759791316,-2.8533890777455,-10.5364648914293,"spike",3,940
-2.56540369840636,-2.80551425787592,-10.3058660490628,"spike",3,941
-2.66832994299936,-3.10597904091175,-10.5860506149106,"spike",3,942
-1.73101495981033,-2.87370537295919,-10.8649497197531,"spike",3,943
-2.22186125318168,-2.93011731087444,-10.6785359672963,"spike",3,944
-2.22186125318168,-2.93011731087444,-10.6785359672963,"spike",3,945
-2.22186125318168,-2.93011731087444,-10.6785359672963,"spike",3,946
-2.73884667941824,-2.66749490156522,-11.060120174755,"spike",3,947
-2.70825131239255,-2.9938951797136,-10.0829999272005,"spike",3,948
-2.60415608473859,-3.01923487487497,-10.5386210132475,"spike",3,949
-2.60415608473859,-3.01923487487497,-10.5386210132475,"spike",3,950
-2.60415608473859,-3.01923487487497,-10.5386210132475,"spike",3,951
-2.25307331411667,-2.84890212854374,-10.7729304602076,"spike",3,952
-2.60864250646592,-3.0330426684936,-10.6521233805052,"spike",3,953
-2.60864250646592,-3.0330426684936,-10.6521233805052,"spike",3,954
-2.60864250646592,-3.0330426684936,-10.6521233805052,"spike",3,955
-2.60864250646592,-3.0330426684936,-10.6521233805052,"spike",3,956
-2.85850998810413,-2.84980931904656,-10.4747587762149,"spike",3,957
-2.85850998810413,-2.84980931904656,-10.4747587762149,"spike",3,958
-1.78720748823895,-2.85804778170006,-10.4230423449845,"spike",3,959
-1.55206326137773,-2.74287757372772,-11.0609655092227,"spike",3,960
-1.55206326137773,-2.74287757372772,-11.0609655092227,"spike",3,961
-2.62049333307244,-2.73500161073468,-10.6096370107065,"spike",3,962
-2.62049333307244,-2.73500161073468,-10.6096370107065,"spike",3,963
-3.05066358051269,-2.95505160811376,-10.9483626789308,"spike",3,964
-2.82805826672519,-2.91678983186578,-10.807162253922,"spike",3,965
-2.82805826672519,-2.91678983186578,-10.807162253922,"spike",3,966
-2.82805826672519,-2.91678983186578,-10.807162253922,"spike",3,967
-2.82805826672519,-2.91678983186578,-10.807162253922,"spike",3,968
-2.82805826672519,-2.91678983186578,-10.807162253922,"spike",3,969
-2.32745569033081,-3.02786152705631,-10.4468188505133,"spike",3,970
-2.32745569033081,-3.02786152705631,-10.4468188505133,"spike",3,971
-2.32745569033081,-3.02786152705631,-10.4468188505133,"spike",3,972
-2.32745569033081,-3.02786152705631,-10.4468188505133,"spike",3,973
-2.32745569033081,-3.02786152705631,-10.4468188505133,"spike",3,974
-2.28066527211994,-2.88693429258182,-10.2806271428415,"spike",3,975
-1.6406797011671,-2.9191692652511,-10.3388113471791,"spike",3,976
-2.36075942618008,-2.85256418829043,-10.277200585221,"spike",3,977
-2.36075942618008,-2.85256418829043,-10.277200585221,"spike",3,978
-2.38959312296171,-2.74305436090783,-10.281515219841,"spike",3,979
-2.44299296777199,-2.88981525598293,-10.3197550253033,"spike",3,980
-1.9194582779933,-2.87526656371023,-10.0074109980478,"spike",3,981
-1.9194582779933,-2.87526656371023,-10.0074109980478,"spike",3,982
-2.23964861319264,-2.91831799903723,-9.99800322030277,"spike",3,983
-2.48057831825785,-2.93636333335671,-10.0258669785543,"spike",3,984
-2.36403257381724,-2.98285604169079,-10.2385862237779,"spike",3,985
-3.23488621834296,-2.74702916718944,-10.727097121084,"spike",3,986
-3.07455090774347,-2.85791142522861,-10.3238630496905,"spike",3,987
-3.07455090774347,-2.85791142522861,-10.3238630496905,"spike",3,988
-2.39123097366973,-2.92639732950393,-10.5289413162322,"spike",3,989
-2.39123097366973,-2.92639732950393,-10.5289413162322,"spike",3,990
-2.39123097366973,-2.92639732950393,-10.5289413162322,"spike",3,991
-2.39123097366973,-2.92639732950393,-10.5289413162322,"spike",3,992
-2.39123097366973,-2.92639732950393,-10.5289413162322,"spike",3,993
-2.68206938459546,-2.67789642121961,-10.6432046600962,"spike",3,994
-2.31948326279548,-2.80784974844393,-11.0793944521756,"spike",3,995
-2.31948326279548,-2.80784974844393,-11.0793944521756,"spike",3,996
-2.14144197976233,-2.78687652571991,-10.3562885248812,"spike",3,997
-2.9310087406954,-2.88029452526354,-10.7026176919524,"spike",3,998
-1.89561705923383,-3.02850382990358,-10.65984075269,"spike",3,999
-0.617633401654361,-2.25338089009996,-10.9550456615121,"spike",3,1000
-0.53077708125534,-2.11778327751661,-11.1015590225288,"spike",3,1001
-0.53077708125534,-2.11778327751661,-11.1015590225288,"spike",3,1002
-0.980433641667401,-2.58226862256713,-10.9483296100369,"spike",3,1003
-1.7442737268984,-2.64845636381335,-10.5736082186254,"spike",3,1004
-1.17664609494166,-2.35730134596967,-10.5792226943719,"spike",3,1005
-1.58157906979202,-2.66181238602016,-11.1929539296182,"spike",3,1006
-2.60499338143117,-2.8852917154726,-11.3133812769715,"spike",3,1007
-2.60499338143117,-2.8852917154726,-11.3133812769715,"spike",3,1008
-2.80669477092067,-2.64391367960088,-11.0868973015739,"spike",3,1009
-3.09763927294722,-3.01992778575811,-11.1674508364299,"spike",3,1010
-2.80559624979247,-3.08121375694337,-10.6160797427062,"spike",3,1011
-2.36095150263028,-2.8771403705709,-10.5858099829372,"spike",3,1012
-2.36095150263028,-2.8771403705709,-10.5858099829372,"spike",3,1013
-2.36095150263028,-2.8771403705709,-10.5858099829372,"spike",3,1014
-2.36095150263028,-2.8771403705709,-10.5858099829372,"spike",3,1015
-2.36095150263028,-2.8771403705709,-10.5858099829372,"spike",3,1016
-2.36095150263028,-2.8771403705709,-10.5858099829372,"spike",3,1017
-2.36095150263028,-2.8771403705709,-10.5858099829372,"spike",3,1018
-2.11470477613108,-2.83238756665389,-10.590390005659,"spike",3,1019
-1.73167584867828,-2.89856645623733,-10.3494364137779,"spike",3,1020
-1.99392512125433,-2.79888779081563,-10.5465098811946,"spike",3,1021
-1.99392512125433,-2.79888779081563,-10.5465098811946,"spike",3,1022
-1.99392512125433,-2.79888779081563,-10.5465098811946,"spike",3,1023
-1.99392512125433,-2.79888779081563,-10.5465098811946,"spike",3,1024
-1.89342468135578,-2.78452011180519,-10.666770919624,"spike",3,1025
-1.89342468135578,-2.78452011180519,-10.666770919624,"spike",3,1026
-1.89342468135578,-2.78452011180519,-10.666770919624,"spike",3,1027
-2.24176750922051,-2.81157176918572,-10.8910497031085,"spike",3,1028
-2.24176750922051,-2.81157176918572,-10.8910497031085,"spike",3,1029
-2.24176750922051,-2.81157176918572,-10.8910497031085,"spike",3,1030
-2.46099397282231,-2.9506557236139,-10.4570016962825,"spike",3,1031
-2.46099397282231,-2.9506557236139,-10.4570016962825,"spike",3,1032
-2.33116206945958,-2.84214853996325,-10.6767190573593,"spike",3,1033
-2.4677182963653,-3.04256420728827,-10.8833547226604,"spike",3,1034
-2.88096131047393,-2.93304548971768,-10.4409703138981,"spike",3,1035
-2.68021712076115,-2.88652537486954,-10.7092502620846,"spike",3,1036
-2.98170297352461,-2.72102242280251,-10.6986699826464,"spike",3,1037
-3.07421519213378,-2.72175662067082,-11.2072736084759,"spike",3,1038
-3.07421519213378,-2.72175662067082,-11.2072736084759,"spike",3,1039
-1.7992900220382,-2.66026017066615,-10.2582357808315,"spike",3,1040
-2.57927678406755,-3.0358702005127,-9.70511893924227,"spike",3,1041
-2.72678154002349,-3.19411493563693,-10.356472474451,"spike",3,1042
-2.72678154002349,-3.19411493563693,-10.356472474451,"spike",3,1043
-2.20409934821597,-3.06706449778024,-10.1648525693699,"spike",3,1044
-2.3768559336617,-2.99875327638754,-10.2193751549273,"spike",3,1045
-3.0533813333115,-2.71018109947182,-10.4210283474044,"spike",3,1046
-2.74962650294746,-2.99470731196186,-11.0381361489634,"spike",3,1047
-2.70128230268421,-2.84728986892388,-11.0814861148578,"spike",3,1048
-2.6429389445268,-2.86140977949396,-11.1074148895418,"spike",3,1049
-2.08943327410698,-2.89746606365212,-10.5054720762718,"spike",3,1050
-2.70167230853569,-2.95746819743608,-10.8607360367588,"spike",3,1051
-2.70167230853569,-2.95746819743608,-10.8607360367588,"spike",3,1052
-2.70167230853569,-2.95746819743608,-10.8607360367588,"spike",3,1053
-2.70167230853569,-2.95746819743608,-10.8607360367588,"spike",3,1054
-2.70167230853569,-2.95746819743608,-10.8607360367588,"spike",3,1055
-2.65570511546316,-2.85438797183649,-10.8224285984533,"spike",3,1056
-2.65570511546316,-2.85438797183649,-10.8224285984533,"spike",3,1057
-2.7420958255357,-2.91475711121741,-10.640292858514,"spike",3,1058
-2.20933446207724,-2.93260398241289,-11.0279307822627,"spike",3,1059
-2.46175026572503,-2.93625163388362,-10.1471932219342,"spike",3,1060
-2.46175026572503,-2.93625163388362,-10.1471932219342,"spike",3,1061
-3.06595274477653,-2.66049119435899,-10.4933330435118,"spike",3,1062
-1.99899317044881,-2.82739708141682,-11.2189121005564,"spike",3,1063
-2.01571247172674,-2.82351403746068,-10.6173546461297,"spike",3,1064
-2.07216931222185,-2.66976395124805,-10.7015068495585,"spike",3,1065
-3.16737195903222,-2.84645133224989,-10.6057738706715,"spike",3,1066
-2.66486858758596,-2.93677585512534,-10.6407456615394,"spike",3,1067
-2.80083046722001,-2.88834239061946,-11.0081999594019,"spike",3,1068
-2.4595946667296,-2.80485512375331,-11.0321682231616,"spike",3,1069
-1.82494061315399,-2.8589750102672,-11.2033758791047,"spike",3,1070
-1.82494061315399,-2.8589750102672,-11.2033758791047,"spike",3,1071
-2.45640362435741,-2.8630777482304,-11.0436689718015,"spike",3,1072
-2.45640362435741,-2.8630777482304,-11.0436689718015,"spike",3,1073
-2.43854955475873,-2.98172115111427,-10.587067999568,"spike",3,1074
-2.43854955475873,-2.98172115111427,-10.587067999568,"spike",3,1075
-3.08873452584915,-2.84264583946794,-10.7024985921141,"spike",3,1076
-2.27771163532019,-2.66664112108513,-10.6571398302895,"spike",3,1077
-2.04478068466193,-2.91952633249939,-10.7223260101293,"spike",3,1078
-2.64896805364812,-2.76408546494962,-10.8389522118013,"spike",3,1079
-3.09525463036813,-2.81891196152378,-11.0468119860014,"spike",3,1080
-3.09525463036813,-2.81891196152378,-11.0468119860014,"spike",3,1081
-2.11247500653858,-2.91638598603393,-10.3220270691423,"spike",3,1082
-2.11247500653858,-2.91638598603393,-10.3220270691423,"spike",3,1083
-2.01557712626239,-2.9979056929064,-10.4204011540407,"spike",3,1084
-2.39727238766639,-2.94541406109439,-10.7497791877214,"spike",3,1085
-2.39727238766639,-2.94541406109439,-10.7497791877214,"spike",3,1086
-2.42205060400302,-2.95006867924854,-11.4341983717507,"spike",3,1087
-2.21022793681684,-2.96782870107706,-11.0726052416126,"spike",3,1088
-2.21022793681684,-2.96782870107706,-11.0726052416126,"spike",3,1089
-3.06153873983106,-2.90116129085669,-10.9639397298174,"spike",3,1090
-2.0456535185186,-2.87583374903346,-10.7732113172799,"spike",3,1091
-2.7539006851144,-2.74874130257254,-10.6118681851876,"spike",3,1092
-1.99956895584993,-2.79330207156315,-10.4159678868093,"spike",3,1093
-2.57083028663604,-2.79447101208295,-9.95412780406568,"spike",3,1094
-2.31239074177042,-2.692249686331,-9.90678891689942,"spike",3,1095
-2.86063252165261,-2.68128849052206,-10.4162984888372,"spike",3,1096
-2.42636481224665,-2.93397763066664,-10.6833074536369,"spike",3,1097
-2.789021664289,-3.01232784870512,-10.9969704104531,"spike",3,1098
-2.789021664289,-3.01232784870512,-10.9969704104531,"spike",3,1099
-2.4507043228345,-2.95066605802894,-10.3803919660448,"spike",3,1100
-2.31715949321701,-3.0058675088204,-10.5556114095856,"spike",3,1101
-2.31715949321701,-3.0058675088204,-10.5556114095856,"spike",3,1102
-2.31715949321701,-3.0058675088204,-10.5556114095856,"spike",3,1103
-2.43097253441243,-2.97968309481549,-10.7398632074485,"spike",3,1104
-2.02701608232591,-2.9428681183708,-10.5227542055806,"spike",3,1105
-2.17911743444238,-3.01175126819191,-11.1700019040318,"spike",3,1106
-2.12703783669172,-2.99629407877895,-10.9550920984218,"spike",3,1107
-2.11807930625923,-2.83984644307405,-10.4150110149155,"spike",3,1108
-1.52577508461985,-2.57766370055338,-10.2796012389786,"spike",3,1109
-2.74226570248919,-2.87843506920133,-11.0504702730782,"spike",3,1110
-2.74226570248919,-2.87843506920133,-11.0504702730782,"spike",3,1111
-2.51830053123694,-2.86824187369557,-11.0710836754121,"spike",3,1112
-2.51830053123694,-2.86824187369557,-11.0710836754121,"spike",3,1113
-2.37498997949761,-2.91526649571353,-11.0937778702437,"spike",3,1114
-2.37498997949761,-2.91526649571353,-11.0937778702437,"spike",3,1115
-2.37498997949761,-2.91526649571353,-11.0937778702437,"spike",3,1116
-2.37498997949761,-2.91526649571353,-11.0937778702437,"spike",3,1117
-2.15760879449561,-2.85640105286326,-11.0626899747572,"spike",3,1118
-3.07734541694301,-2.93369382429082,-10.8708551895752,"spike",3,1119
-2.6877296215043,-2.8322042858174,-10.7649037685295,"spike",3,1120
-2.6877296215043,-2.8322042858174,-10.7649037685295,"spike",3,1121
-2.83496456030772,-2.89713139277767,-10.9814147963224,"spike",3,1122
-2.83496456030772,-2.89713139277767,-10.9814147963224,"spike",3,1123
-2.83496456030772,-2.89713139277767,-10.9814147963224,"spike",3,1124
-2.12413443492376,-2.87218377965356,-10.5366447667496,"spike",3,1125
-2.12413443492376,-2.87218377965356,-10.5366447667496,"spike",3,1126
-3.44721600786528,-2.50794821834036,-10.3908975516838,"spike",3,1127
-3.28161829201743,-2.69956820058172,-10.2613457279087,"spike",3,1128
-2.06123925798563,-2.80798792190614,-10.2471849514197,"spike",3,1129
-2.56445982213549,-2.80444196933424,-11.0407910879362,"spike",3,1130
-2.36842501515746,-2.97118273186737,-10.4359148456309,"spike",3,1131
-2.36842501515746,-2.97118273186737,-10.4359148456309,"spike",3,1132
-1.29737115658928,-2.60146749629571,-11.1647331453629,"spike",3,1133
-1.84207763736149,-2.56419261564975,-10.9938016143398,"spike",3,1134
-1.84207763736149,-2.56419261564975,-10.9938016143398,"spike",3,1135
-2.4383407604551,-2.77828937207656,-11.1985805242368,"spike",3,1136
-2.4383407604551,-2.77828937207656,-11.1985805242368,"spike",3,1137
-2.4383407604551,-2.77828937207656,-11.1985805242368,"spike",3,1138
-2.2440899775381,-2.90088550572377,-10.7150419742959,"spike",3,1139
-2.2440899775381,-2.90088550572377,-10.7150419742959,"spike",3,1140
-2.46920352162914,-2.97654371096819,-11.3240772610329,"spike",3,1141
-2.46920352162914,-2.97654371096819,-11.3240772610329,"spike",3,1142
-2.11569779762695,-2.9248115088226,-10.8261235338894,"spike",3,1143
-2.60831173228086,-2.98695108682402,-10.371032140671,"spike",3,1144
-2.60831173228086,-2.98695108682402,-10.371032140671,"spike",3,1145
-2.60831173228086,-2.98695108682402,-10.371032140671,"spike",3,1146
-1.75943335829866,-2.71148310258377,-10.3363805785215,"spike",3,1147
-2.61751362892156,-2.86879925585815,-10.5836775589666,"spike",3,1148
-2.61751362892156,-2.86879925585815,-10.5836775589666,"spike",3,1149
-2.61751362892156,-2.86879925585815,-10.5836775589666,"spike",3,1150
-2.85127543314672,-2.8138927617991,-11.2031129276593,"spike",3,1151
-2.85595252712038,-2.69673256970893,-10.9517654695925,"spike",3,1152
-3.10398062337771,-2.74244901893057,-10.8668188929628,"spike",3,1153
-2.40363667058145,-2.98256395828467,-10.9856131054617,"spike",3,1154
-2.40363667058145,-2.98256395828467,-10.9856131054617,"spike",3,1155
-2.40363667058145,-2.98256395828467,-10.9856131054617,"spike",3,1156
-2.40363667058145,-2.98256395828467,-10.9856131054617,"spike",3,1157
-2.40363667058145,-2.98256395828467,-10.9856131054617,"spike",3,1158
-2.63259222547746,-2.9917378467255,-10.7851196844348,"spike",3,1159
-2.63259222547746,-2.9917378467255,-10.7851196844348,"spike",3,1160
-2.83316244552709,-2.97787466723645,-10.8833171212122,"spike",3,1161
-2.83316244552709,-2.97787466723645,-10.8833171212122,"spike",3,1162
-2.83316244552709,-2.97787466723645,-10.8833171212122,"spike",3,1163
-2.83316244552709,-2.97787466723645,-10.8833171212122,"spike",3,1164
-2.83316244552709,-2.97787466723645,-10.8833171212122,"spike",3,1165
-2.25588705840029,-2.90512230272256,-10.6465937786699,"spike",3,1166
-2.32521753729577,-2.81238833563965,-11.12803847931,"spike",3,1167
-2.32521753729577,-2.81238833563965,-11.12803847931,"spike",3,1168
-2.32521753729577,-2.81238833563965,-11.12803847931,"spike",3,1169
-2.2945113344941,-2.78042389126579,-10.7216539975745,"spike",3,1170
-2.2945113344941,-2.78042389126579,-10.7216539975745,"spike",3,1171
-2.2945113344941,-2.78042389126579,-10.7216539975745,"spike",3,1172
-2.60589968100486,-3.02107227589434,-10.8042525025701,"spike",3,1173
-2.60589968100486,-3.02107227589434,-10.8042525025701,"spike",3,1174
-2.9763749046925,-2.85893796888761,-10.3170325117681,"spike",3,1175
-3.11807449669942,-2.8454674627252,-10.7357101369416,"spike",3,1176
-3.03738544470125,-2.88065518703142,-10.4526690566885,"spike",3,1177
-2.69918387483145,-3.14196196205046,-10.5966071267762,"spike",3,1178
-2.60188228587501,-2.9327292240853,-10.6318744495175,"spike",3,1179
-2.8369382756477,-2.99379960958004,-10.3803590591913,"spike",3,1180
-2.8369382756477,-2.99379960958004,-10.3803590591913,"spike",3,1181
-2.44107215284521,-2.97761058089033,-10.2701502932016,"spike",3,1182
-2.13005320301796,-2.93410790835902,-10.6584031943014,"spike",3,1183
-2.42187017977241,-3.04882675468149,-10.5171103997882,"spike",3,1184
-2.42187017977241,-3.04882675468149,-10.5171103997882,"spike",3,1185
-2.05622137508013,-2.87625747902569,-10.5027111026378,"spike",3,1186
-2.05021190428238,-2.82962141548516,-10.9281813789114,"spike",3,1187
-2.05021190428238,-2.82962141548516,-10.9281813789114,"spike",3,1188
-2.05021190428238,-2.82962141548516,-10.9281813789114,"spike",3,1189
-2.53449978297812,-2.76032956712131,-10.8056256891846,"spike",3,1190
-2.92734985925578,-2.88987269594709,-11.5573186539064,"spike",3,1191
-1.87500543684242,-2.78037384305321,-11.0874704531783,"spike",3,1192
-1.95067841937654,-2.84845312814842,-10.7917727937076,"spike",3,1193
-1.95067841937654,-2.84845312814842,-10.7917727937076,"spike",3,1194
-1.95067841937654,-2.84845312814842,-10.7917727937076,"spike",3,1195
-2.27544868094375,-2.98541584150513,-10.2760939710536,"spike",3,1196
-2.01572908829807,-2.95736802811258,-10.3402919621935,"spike",3,1197
-2.01572908829807,-2.95736802811258,-10.3402919621935,"spike",3,1198
-2.60839094426556,-3.03637406587195,-10.4573371229011,"spike",3,1199
-2.35889217462731,-3.03786396391099,-10.8319919231186,"spike",3,1200
-2.35889217462731,-3.03786396391099,-10.8319919231186,"spike",3,1201
-2.35889217462731,-3.03786396391099,-10.8319919231186,"spike",3,1202
-2.35889217462731,-3.03786396391099,-10.8319919231186,"spike",3,1203
-2.85045019896157,-2.89361755210709,-10.8556268386511,"spike",3,1204
-2.85045019896157,-2.89361755210709,-10.8556268386511,"spike",3,1205
-2.71118332654835,-2.94226327963461,-10.4555949904199,"spike",3,1206
-2.43631936332332,-2.87285568542976,-10.3136769879409,"spike",3,1207
-2.43631936332332,-2.87285568542976,-10.3136769879409,"spike",3,1208
-2.43631936332332,-2.87285568542976,-10.3136769879409,"spike",3,1209
-2.60405284703647,-2.65449093099619,-10.8190989694442,"spike",3,1210
-2.45594386747664,-2.94459333815652,-10.0720065480682,"spike",3,1211
-2.66639366881713,-3.08027979630183,-10.7935092142981,"spike",3,1212
-2.66639366881713,-3.08027979630183,-10.7935092142981,"spike",3,1213
-2.81382460706865,-2.88370805824864,-10.3363380349757,"spike",3,1214
-3.10819001175013,-2.92498275152697,-10.6825951537976,"spike",3,1215
-2.0253449154328,-2.94980723851958,-10.6777701088367,"spike",3,1216
-2.68448500998452,-2.83307699941094,-10.4114894421084,"spike",3,1217
-2.25000377322713,-3.08334146455694,-10.0742482864359,"spike",3,1218
-2.44772514853697,-3.09359147516798,-10.3169407274682,"spike",3,1219
-1.80003047095625,-2.64929909297967,-10.2683563450378,"spike",3,1220
-1.47377318095424,-2.80860697955713,-10.644206642227,"spike",3,1221
-2.77099244971908,-2.78235557670952,-10.9628797028532,"spike",3,1222
-2.67403152223447,-2.94189390904183,-11.5006219004053,"spike",3,1223
-2.67403152223447,-2.94189390904183,-11.5006219004053,"spike",3,1224
-2.98217546934815,-3.03479355694832,-10.3488298828938,"spike",3,1225
-2.80305417163808,-2.88726414147949,-10.0718957551509,"spike",3,1226
-2.74828998631208,-2.88983658773044,-10.9519310126717,"spike",3,1227
-2.74828998631208,-2.88983658773044,-10.9519310126717,"spike",3,1228
-2.48063426070384,-2.92164712834421,-11.1174103302165,"spike",3,1229
-2.48063426070384,-2.92164712834421,-11.1174103302165,"spike",3,1230
-2.69440882745383,-3.04427444731426,-10.6787566663498,"spike",3,1231
-2.55588143279659,-3.13720891222551,-10.5587709097419,"spike",3,1232
-2.38190327630368,-3.11929199333329,-11.3848445130522,"spike",3,1233
-2.3075539271314,-2.98877970483384,-10.7954992848125,"spike",3,1234
-2.3075539271314,-2.98877970483384,-10.7954992848125,"spike",3,1235
-2.84120921016003,-3.00468123433561,-10.6601191524782,"spike",3,1236
-2.94417041632787,-2.91345550203033,-11.0961797097031,"spike",3,1237
-2.94417041632787,-2.91345550203033,-11.0961797097031,"spike",3,1238
-2.72467427182397,-2.91573405528323,-11.330147789016,"spike",3,1239
-2.18070082878367,-3.0987889697808,-10.7648585126135,"spike",3,1240
-2.49765554357514,-2.96111436867544,-10.5433185219271,"spike",3,1241
-2.49765554357514,-2.96111436867544,-10.5433185219271,"spike",3,1242
-2.49765554357514,-2.96111436867544,-10.5433185219271,"spike",3,1243
-1.70860498209432,-2.70943519613424,-11.1609029979999,"spike",3,1244
-2.77872094472764,-2.8176097953223,-10.9752488216635,"spike",3,1245
-2.77872094472764,-2.8176097953223,-10.9752488216635,"spike",3,1246
-2.77872094472764,-2.8176097953223,-10.9752488216635,"spike",3,1247
-2.21049098823124,-3.06005132868418,-10.1400584167192,"spike",3,1248
-2.21049098823124,-3.06005132868418,-10.1400584167192,"spike",3,1249
-2.21049098823124,-3.06005132868418,-10.1400584167192,"spike",3,1250
-2.21049098823124,-3.06005132868418,-10.1400584167192,"spike",3,1251
-2.21049098823124,-3.06005132868418,-10.1400584167192,"spike",3,1252
-2.61809715426074,-2.70630005827317,-10.109809963168,"spike",3,1253
-3.31974112865279,-2.66824681210918,-10.3033745134712,"spike",3,1254
-2.58235637301767,-3.09091343405417,-11.0001027070433,"spike",3,1255
-2.58235637301767,-3.09091343405417,-11.0001027070433,"spike",3,1256
-2.58235637301767,-3.09091343405417,-11.0001027070433,"spike",3,1257
-2.03608643360664,-2.93876360525819,-10.3379983950847,"spike",3,1258
-1.19998334054995,-2.5716274135127,-10.4009645236593,"spike",3,1259
-1.8218620804642,-2.62219514747673,-10.6756731720136,"spike",3,1260
-1.46224372000434,-2.71900653825812,-10.8184066977398,"spike",3,1261
-1.46224372000434,-2.71900653825812,-10.8184066977398,"spike",3,1262
-2.02843236557771,-2.80243679569577,-10.9465580379183,"spike",3,1263
-2.54739697479199,-3.17396025387985,-10.8173128320732,"spike",3,1264
-3.03190716756408,-2.75878253242054,-10.3362662424489,"spike",3,1265
-3.03190716756408,-2.75878253242054,-10.3362662424489,"spike",3,1266
-3.03190716756408,-2.75878253242054,-10.3362662424489,"spike",3,1267
-3.03190716756408,-2.75878253242054,-10.3362662424489,"spike",3,1268
-2.72877792273473,-3.02384472967327,-11.2761721016303,"spike",3,1269
-2.99712387862305,-2.85217990799315,-11.3767582918857,"spike",3,1270
-2.46963827548511,-2.9389898373409,-10.3058246978422,"spike",3,1271
-2.82114715292432,-2.79717750995097,-10.2930095506515,"spike",3,1272
-1.61900888735049,-2.96990445143857,-10.3658626780457,"spike",3,1273
-1.01478355583162,-2.61225463345458,-10.3919044395675,"spike",3,1274
-1.70911157497569,-2.75204816305319,-10.7577221894599,"spike",3,1275
-2.4691288996257,-2.95211485576183,-10.1964457347853,"spike",3,1276
-2.4691288996257,-2.95211485576183,-10.1964457347853,"spike",3,1277
-2.4691288996257,-2.95211485576183,-10.1964457347853,"spike",3,1278
-2.83401307840759,-2.86025284161946,-10.2981230824454,"spike",3,1279
-2.23457689892582,-2.91773975448591,-10.627821708485,"spike",3,1280
-2.76074337461152,-2.86625512548072,-10.7553061549543,"spike",3,1281
-2.21895006146641,-2.84485290747451,-10.9613589764913,"spike",3,1282
-2.21673908592294,-2.81758033946803,-10.5426489613557,"spike",3,1283
-2.21673908592294,-2.81758033946803,-10.5426489613557,"spike",3,1284
-2.4244794842002,-2.79915643451871,-11.0759609511857,"spike",3,1285
-2.5227153142175,-2.84179239248547,-10.6613560308061,"spike",3,1286
-2.52093162357313,-3.0966301578002,-10.4682750425346,"spike",3,1287
-1.7780434450904,-2.85891897299031,-10.537385491916,"spike",3,1288
-1.92427714167636,-2.94349309808855,-10.5804892740841,"spike",3,1289
-1.92427714167636,-2.94349309808855,-10.5804892740841,"spike",3,1290
-1.96316983405595,-2.8662950267779,-11.0739121804838,"spike",3,1291
-2.37939091989728,-2.98566251457278,-11.1261356048548,"spike",3,1292
-2.37939091989728,-2.98566251457278,-11.1261356048548,"spike",3,1293
-2.37939091989728,-2.98566251457278,-11.1261356048548,"spike",3,1294
-2.37939091989728,-2.98566251457278,-11.1261356048548,"spike",3,1295
-2.37939091989728,-2.98566251457278,-11.1261356048548,"spike",3,1296
-2.37939091989728,-2.98566251457278,-11.1261356048548,"spike",3,1297
-2.37939091989728,-2.98566251457278,-11.1261356048548,"spike",3,1298
-2.37939091989728,-2.98566251457278,-11.1261356048548,"spike",3,1299
-2.37939091989728,-2.98566251457278,-11.1261356048548,"spike",3,1300
-2.37939091989728,-2.98566251457278,-11.1261356048548,"spike",3,1301
-2.37939091989728,-2.98566251457278,-11.1261356048548,"spike",3,1302
-1.93349896851899,-2.93446735764092,-11.1959766603852,"spike",3,1303
-2.63530585484786,-3.01675784004809,-11.2654203260915,"spike",3,1304
-2.78372168727666,-3.0763317378094,-10.2010441750256,"spike",3,1305
-2.82917703830359,-3.11264314833261,-10.5647239817711,"spike",3,1306
-3.22539123763572,-2.85145523389227,-10.8142386055098,"spike",3,1307
-2.71635921777949,-2.80597276001839,-11.4452179572741,"spike",3,1308
-2.40918312646657,-2.93044421272918,-11.4875366247675,"spike",3,1309
-2.40918312646657,-2.93044421272918,-11.4875366247675,"spike",3,1310
-2.69153951454539,-2.68108181043021,-10.9676775232644,"spike",3,1311
-2.52605829386495,-2.95623742581883,-9.79444400865664,"spike",3,1312
-2.52605829386495,-2.95623742581883,-9.79444400865664,"spike",3,1313
-1.22960634441235,-2.75675316319394,-10.8370898336321,"spike",3,1314
-2.28483023226482,-2.81212319316796,-10.682893974403,"spike",3,1315
-2.80497261396678,-3.08915214733546,-11.2230400956965,"spike",3,1316
-2.56342723097726,-3.01614879108228,-11.602724688767,"spike",3,1317
-1.95251840055675,-2.74665607795073,-10.5879749714488,"spike",3,1318
-2.25522611548316,-2.80163390321208,-10.3365988316674,"spike",3,1319
-2.25522611548316,-2.80163390321208,-10.3365988316674,"spike",3,1320
-2.09426296110735,-2.97539861994316,-10.1561646804184,"spike",3,1321
-2.09426296110735,-2.97539861994316,-10.1561646804184,"spike",3,1322
-1.22979722387161,-2.53835277162147,-10.6772833057728,"spike",3,1323
-1.39448753879708,-2.49218226646821,-10.4423118631221,"spike",3,1324
-1.39448753879708,-2.49218226646821,-10.4423118631221,"spike",3,1325
-1.71295867770564,-2.87036954197177,-10.3326141430878,"spike",3,1326
-1.85776288850259,-2.95262356003504,-10.2419916644399,"spike",3,1327
-2.53522720792126,-2.98861522540957,-11.1470910652804,"spike",3,1328
-2.53522720792126,-2.98861522540957,-11.1470910652804,"spike",3,1329
-2.80787433297136,-2.95041077740478,-10.4879368284593,"spike",3,1330
-2.83293253796648,-2.90916830294643,-10.7535131582897,"spike",3,1331
-2.3446236789707,-3.08501402833706,-10.4482665483197,"spike",3,1332
-2.84789479622576,-2.96533556097324,-10.2565565913621,"spike",3,1333
-2.15028107890135,-2.87672249544393,-9.85024601904899,"spike",3,1334
-2.15028107890135,-2.87672249544393,-9.85024601904899,"spike",3,1335
-2.34159668560858,-3.05954435886239,-10.0815674229839,"spike",3,1336
-2.56610429504427,-2.85300636296205,-11.170651911051,"spike",3,1337
-2.56610429504427,-2.85300636296205,-11.170651911051,"spike",3,1338
-1.33536847914575,-2.66569321473504,-11.1167229979653,"spike",3,1339
-2.37807909547007,-2.8773645828765,-10.9883667822477,"spike",3,1340
-3.08611896369311,-2.83109239506703,-10.4105975478632,"spike",3,1341
-3.08611896369311,-2.83109239506703,-10.4105975478632,"spike",3,1342
-1.56555130456894,-2.61315386306307,-10.8106765535645,"spike",3,1343
-2.21695288496754,-3.01954385291818,-10.1538213241048,"spike",3,1344
-2.47109970303309,-3.05085434438553,-10.4125550896697,"spike",3,1345
-1.90385572162507,-2.71591230668584,-10.8968708646987,"spike",3,1346
-2.53655671490039,-2.86219805113123,-11.7835412274478,"spike",3,1347
-1.93499290296633,-2.62788783121739,-11.2873637615688,"spike",3,1348
-1.2706946557157,-2.62772103369393,-11.2782121016315,"spike",3,1349
-1.54127993839514,-2.5452628520023,-11.3345147489561,"spike",3,1350
-1.74214305968163,-2.74962054406034,-11.2296404742633,"spike",3,1351
-1.24155952778701,-2.61062539292014,-11.3610812466814,"spike",3,1352
-1.24155952778701,-2.61062539292014,-11.3610812466814,"spike",3,1353
-2.33555770218281,-2.92573735148191,-11.5251054814414,"spike",3,1354
-1.38609644320675,-2.83143538043031,-10.6608529138271,"spike",3,1355
-1.38609644320675,-2.83143538043031,-10.6608529138271,"spike",3,1356
-1.67870576249742,-2.6477154729702,-11.084547249381,"spike",3,1357
-3.11497723092663,-2.78864021825226,-10.1687136085989,"spike",3,1358
-3.11497723092663,-2.78864021825226,-10.1687136085989,"spike",3,1359
-2.25716751200546,-3.26569650615003,-10.7718339800301,"spike",3,1360
-2.25716751200546,-3.26569650615003,-10.7718339800301,"spike",3,1361
-2.25716751200546,-3.26569650615003,-10.7718339800301,"spike",3,1362
-2.2693290007041,-3.05883456145217,-10.8780526166461,"spike",3,1363
-2.2693290007041,-3.05883456145217,-10.8780526166461,"spike",3,1364
-1.74624521292092,-2.74190462529487,-11.2684232852963,"spike",3,1365
-1.52723925657393,-2.64525907588402,-11.7470980479716,"spike",3,1366
-1.65973026671615,-2.67943516825642,-11.9634919641918,"spike",3,1367
-1.6068436780808,-2.546430076713,-10.6237638632366,"spike",3,1368
-1.46273537690861,-2.54015915476683,-10.4852550440542,"spike",3,1369
-3.25329547431529,-2.58418566870526,-10.6640657624426,"spike",3,1370
-3.25329547431529,-2.58418566870526,-10.6640657624426,"spike",3,1371
-3.34006666511843,-2.62727220509076,-10.9274703051875,"spike",3,1372
-2.98348419410802,-3.01109033851261,-10.9958459725049,"spike",3,1373
-2.98348419410802,-3.01109033851261,-10.9958459725049,"spike",3,1374
-2.98348419410802,-3.01109033851261,-10.9958459725049,"spike",3,1375
-2.98348419410802,-3.01109033851261,-10.9958459725049,"spike",3,1376
-2.95827180268295,-3.03381905609568,-10.8746314633033,"spike",3,1377
-2.91167865242777,-2.93744200415879,-10.5863781461047,"spike",3,1378
-2.05897083591638,-2.90133137000433,-10.959717737036,"spike",3,1379
-2.05897083591638,-2.90133137000433,-10.959717737036,"spike",3,1380
-2.10182206036018,-2.9535786216883,-11.1398586285057,"spike",3,1381
-2.10182206036018,-2.9535786216883,-11.1398586285057,"spike",3,1382
-2.67809772885518,-2.73977683340039,-10.7713396907844,"spike",3,1383
-2.67809772885518,-2.73977683340039,-10.7713396907844,"spike",3,1384
-2.67809772885518,-2.73977683340039,-10.7713396907844,"spike",3,1385
-2.0779468771943,-2.51263268628522,-10.3169239473865,"spike",3,1386
-2.45941648895837,-2.83688496319869,-10.2298414019181,"spike",3,1387
-2.45941648895837,-2.83688496319869,-10.2298414019181,"spike",3,1388
-2.45941648895837,-2.83688496319869,-10.2298414019181,"spike",3,1389
-2.6164863942954,-2.82857809624275,-10.6593829286622,"spike",3,1390
-2.6164863942954,-2.82857809624275,-10.6593829286622,"spike",3,1391
-2.6164863942954,-2.82857809624275,-10.6593829286622,"spike",3,1392
-2.40330496339081,-3.01654200984987,-10.9519268939185,"spike",3,1393
-2.53838441930203,-2.6578663393925,-11.273535719175,"spike",3,1394
-1.85808628877911,-2.89945814068061,-10.2231223295337,"spike",3,1395
-2.74784360613254,-3.0321005734969,-9.88886018658375,"spike",3,1396
-1.98730482037817,-2.88380073084126,-10.0374209555312,"spike",3,1397
-1.88860073989375,-2.87566887701096,-10.2512224554468,"spike",3,1398
-2.06465333062105,-2.92982736392876,-10.4258491482054,"spike",3,1399
-2.06465333062105,-2.92982736392876,-10.4258491482054,"spike",3,1400
-1.99281358647978,-2.93400077409454,-10.7059664944195,"spike",3,1401
-2.64121460462543,-3.03681330677025,-10.9941041491511,"spike",3,1402
-2.64121460462543,-3.03681330677025,-10.9941041491511,"spike",3,1403
-2.64121460462543,-3.03681330677025,-10.9941041491511,"spike",3,1404
-2.64121460462543,-3.03681330677025,-10.9941041491511,"spike",3,1405
-2.64121460462543,-3.03681330677025,-10.9941041491511,"spike",3,1406
-2.54133111696213,-2.81713557094751,-11.2569095248877,"spike",3,1407
-2.54133111696213,-2.81713557094751,-11.2569095248877,"spike",3,1408
-2.60651014895047,-2.80186688031561,-11.0778683560502,"spike",3,1409
-1.98776328098188,-2.83586244711886,-11.1970152354909,"spike",3,1410
-1.64198743415321,-2.75875044179883,-10.8925817208018,"spike",3,1411
-2.21393690313063,-2.90567520798098,-10.7441453122829,"spike",3,1412
-2.49536997673912,-2.91142863274146,-10.5649214045172,"spike",3,1413
-2.49536997673912,-2.91142863274146,-10.5649214045172,"spike",3,1414
-1.94330688654016,-2.83704228584407,-10.88944682758,"spike",3,1415
-2.76790115390168,-2.89054426210542,-10.6983575014474,"spike",3,1416
-2.74786569648773,-3.05545355900366,-10.4944004341748,"spike",3,1417
-2.50856202494059,-3.09367253940241,-10.9432418719185,"spike",3,1418
-1.66825586864599,-2.96587476323191,-10.3636360931042,"spike",3,1419
-0.824331928595869,-2.44236671810015,-10.2697020772679,"spike",3,1420
-1.65042402102433,-2.68230985405345,-10.0336013766337,"spike",3,1421
-2.84694631721572,-2.8157779782713,-10.5188708176415,"spike",3,1422
-1.21121582238753,-2.68560366735743,-11.2218813539371,"spike",3,1423
-1.62589996722085,-2.64697562677346,-10.2439836933594,"spike",3,1424
-2.24784034279462,-2.69152374833646,-11.1344698271193,"spike",3,1425
-1.95992733794569,-2.84117581234565,-10.824409734904,"spike",3,1426
-2.61873313881354,-2.88765500148594,-11.0958161638661,"spike",3,1427
-2.61873313881354,-2.88765500148594,-11.0958161638661,"spike",3,1428
-3.56584045936416,-2.72865858100401,-10.5957765461241,"spike",3,1429
-3.62755452924841,-2.62207406218873,-10.2667575264773,"spike",3,1430
-3.62755452924841,-2.62207406218873,-10.2667575264773,"spike",3,1431
-1.25929699852509,-2.76320853008786,-11.0230932739751,"spike",3,1432
-1.19459573939575,-2.49383472904995,-11.0426717171032,"spike",3,1433
-1.60376958176783,-2.87441196498887,-10.9580168986697,"spike",3,1434
-1.81450927796354,-2.63767165115698,-11.1015805392664,"spike",3,1435
-2.12606037342134,-2.80078503734429,-10.4023060476095,"spike",3,1436
-2.12606037342134,-2.80078503734429,-10.4023060476095,"spike",3,1437
-1.94655896017758,-2.78803698668744,-10.5297081024233,"spike",3,1438
-1.94655896017758,-2.78803698668744,-10.5297081024233,"spike",3,1439
-1.94655896017758,-2.78803698668744,-10.5297081024233,"spike",3,1440
-1.94655896017758,-2.78803698668744,-10.5297081024233,"spike",3,1441
-1.94655896017758,-2.78803698668744,-10.5297081024233,"spike",3,1442
-1.94655896017758,-2.78803698668744,-10.5297081024233,"spike",3,1443
-1.94655896017758,-2.78803698668744,-10.5297081024233,"spike",3,1444
-2.68946221315132,-2.92536868058802,-10.9195356671935,"spike",3,1445
-2.68946221315132,-2.92536868058802,-10.9195356671935,"spike",3,1446
-2.68946221315132,-2.92536868058802,-10.9195356671935,"spike",3,1447
-2.76229655442245,-2.87358315280179,-10.6621420263638,"spike",3,1448
-2.65526924227294,-2.82397279807162,-9.89589475891161,"spike",3,1449
-2.11066722800762,-2.95594980763042,-9.98147144543586,"spike",3,1450
-2.12537884454382,-2.94195999538509,-11.014379934193,"spike",3,1451
-2.54484580230483,-2.63003920047929,-10.3794768212415,"spike",3,1452
-1.87625901749677,-2.79711027536218,-10.7547244039506,"spike",3,1453
-1.87625901749677,-2.79711027536218,-10.7547244039506,"spike",3,1454
-1.87625901749677,-2.79711027536218,-10.7547244039506,"spike",3,1455
-1.87625901749677,-2.79711027536218,-10.7547244039506,"spike",3,1456
-1.99708720175714,-2.8219188230278,-10.2574535219374,"spike",3,1457
-2.23395537270746,-2.82941324181276,-10.3043106736483,"spike",3,1458
-2.23395537270746,-2.82941324181276,-10.3043106736483,"spike",3,1459
-2.71557525895296,-2.93742654107529,-10.1117039581764,"spike",3,1460
-2.22063656620034,-3.04386398068073,-10.8390414662495,"spike",3,1461
-2.65000894251859,-2.82239117293759,-10.4365967172885,"spike",3,1462
-2.87302459843859,-2.99677878458295,-10.432594474204,"spike",3,1463
-2.87302459843859,-2.99677878458295,-10.432594474204,"spike",3,1464
-2.99728111109535,-2.96769132720759,-10.5954261112572,"spike",3,1465
-2.99728111109535,-2.96769132720759,-10.5954261112572,"spike",3,1466
-2.40017222838975,-3.03746148151927,-10.6791325868758,"spike",3,1467
-2.55417680872159,-3.02185135061074,-10.6433323590982,"spike",3,1468
-2.55417680872159,-3.02185135061074,-10.6433323590982,"spike",3,1469
-2.55417680872159,-3.02185135061074,-10.6433323590982,"spike",3,1470
-2.17696832419495,-2.82584666903485,-10.6645010508401,"spike",3,1471
-2.33573600726211,-2.84050740036037,-11.0328243384732,"spike",3,1472
-2.26600164512483,-2.91991484545117,-10.3951722573509,"spike",3,1473
-2.26600164512483,-2.91991484545117,-10.3951722573509,"spike",3,1474
-2.26600164512483,-2.91991484545117,-10.3951722573509,"spike",3,1475
-2.94464308109614,-2.97384784204521,-10.7537911224401,"spike",3,1476
-2.75028589030721,-2.92373923980553,-11.3965528421196,"spike",3,1477
-2.82374528421838,-3.0401236069517,-10.9842509402831,"spike",3,1478
-2.82374528421838,-3.0401236069517,-10.9842509402831,"spike",3,1479
-1.91445811924455,-2.87923130030422,-11.0811111906149,"spike",3,1480
-1.61055676944645,-2.84993383947273,-11.0170357102261,"spike",3,1481
-2.248403470952,-3.06001574951017,-10.9868230724698,"spike",3,1482
-2.80527566501128,-2.88729271477741,-10.6063781941928,"spike",3,1483
-2.80527566501128,-2.88729271477741,-10.6063781941928,"spike",3,1484
-2.80527566501128,-2.88729271477741,-10.6063781941928,"spike",3,1485
-2.80527566501128,-2.88729271477741,-10.6063781941928,"spike",3,1486
-2.64207010091987,-3.03097421455227,-10.0269807257299,"spike",3,1487
-2.64207010091987,-3.03097421455227,-10.0269807257299,"spike",3,1488
-2.27876325820188,-2.90414016490657,-10.5427773295232,"spike",3,1489
-2.27876325820188,-2.90414016490657,-10.5427773295232,"spike",3,1490
-2.27876325820188,-2.90414016490657,-10.5427773295232,"spike",3,1491
-2.27876325820188,-2.90414016490657,-10.5427773295232,"spike",3,1492
-2.14303414463425,-2.94109940139814,-10.6305435705867,"spike",3,1493
-2.14303414463425,-2.94109940139814,-10.6305435705867,"spike",3,1494
-2.14303414463425,-2.94109940139814,-10.6305435705867,"spike",3,1495
-2.14303414463425,-2.94109940139814,-10.6305435705867,"spike",3,1496
-2.31446247801505,-2.95765238021286,-10.8799047287794,"spike",3,1497
-2.68561016512544,-2.80065048817488,-10.6069454804007,"spike",3,1498
-2.68561016512544,-2.80065048817488,-10.6069454804007,"spike",3,1499
-2.75967888120666,-2.83832087078231,-10.9317739267608,"spike",3,1500
-2.40095183784377,-2.92693686208857,-11.1244145696098,"spike",4,1
-2.40095183784377,-2.92693686208857,-11.1244145696098,"spike",4,2
-1.94212862299159,-2.78471724177362,-10.9223427345056,"spike",4,3
-2.52034027876727,-2.73351531672308,-10.6395987808566,"spike",4,4
-2.10900690473812,-2.68874652825273,-10.6698686962943,"spike",4,5
-3.0552785979207,-2.78210987211664,-10.976700284292,"spike",4,6
-2.89063415595192,-2.60808328412263,-10.5917274333653,"spike",4,7
-3.18226352519222,-2.69695010182115,-11.0973080238111,"spike",4,8
-3.03138994297924,-2.96245940387891,-11.0273545092667,"spike",4,9
-2.63535146229874,-3.04909510737166,-10.7877670959239,"spike",4,10
-2.63535146229874,-3.04909510737166,-10.7877670959239,"spike",4,11
-2.63535146229874,-3.04909510737166,-10.7877670959239,"spike",4,12
-2.63535146229874,-3.04909510737166,-10.7877670959239,"spike",4,13
-2.60005991922837,-2.89721917494726,-11.3144616567012,"spike",4,14
-2.60005991922837,-2.89721917494726,-11.3144616567012,"spike",4,15
-2.60005991922837,-2.89721917494726,-11.3144616567012,"spike",4,16
-2.60005991922837,-2.89721917494726,-11.3144616567012,"spike",4,17
-2.52610101867027,-3.03005884339822,-11.1214129113621,"spike",4,18
-2.6272511482555,-3.01530376833109,-11.2261880035748,"spike",4,19
-2.0687489309449,-2.62694121516756,-10.890872681313,"spike",4,20
-2.37358208370008,-3.03674195105233,-9.91965409594535,"spike",4,21
-2.09216411349678,-3.0692272372715,-10.6839538813112,"spike",4,22
-2.09216411349678,-3.0692272372715,-10.6839538813112,"spike",4,23
-1.84154651027758,-2.94160157171842,-10.4386156039915,"spike",4,24
-3.10344771579611,-3.05955219487045,-10.2759043229058,"spike",4,25
-2.11210896445871,-2.99680327720931,-11.1455135687952,"spike",4,26
-2.8565301234994,-2.93977802908436,-11.3338153033065,"spike",4,27
-2.98852495498207,-2.81602850597291,-10.9285429822195,"spike",4,28
-2.98852495498207,-2.81602850597291,-10.9285429822195,"spike",4,29
-2.35867915691712,-2.87033753321081,-10.8893743793329,"spike",4,30
-2.12289461081648,-2.85630102130211,-10.7107652332209,"spike",4,31
-2.37026752582394,-3.04095587515049,-10.7290895870983,"spike",4,32
-2.37026752582394,-3.04095587515049,-10.7290895870983,"spike",4,33
-2.37026752582394,-3.04095587515049,-10.7290895870983,"spike",4,34
-2.37026752582394,-3.04095587515049,-10.7290895870983,"spike",4,35
-2.14076227218973,-2.9272527801036,-10.3594968186427,"spike",4,36
-2.2751011322122,-2.80280370869644,-10.1223371291804,"spike",4,37
-1.86570721386992,-2.97193342134875,-10.3827729868757,"spike",4,38
-1.84868046847457,-3.01540890815816,-10.3279196923775,"spike",4,39
-1.84868046847457,-3.01540890815816,-10.3279196923775,"spike",4,40
-2.63167062515038,-2.91245909330279,-10.8591970644219,"spike",4,41
-2.63167062515038,-2.91245909330279,-10.8591970644219,"spike",4,42
-2.63167062515038,-2.91245909330279,-10.8591970644219,"spike",4,43
-2.63167062515038,-2.91245909330279,-10.8591970644219,"spike",4,44
-2.63167062515038,-2.91245909330279,-10.8591970644219,"spike",4,45
-3.30381264982722,-2.70732256671513,-10.4594662796453,"spike",4,46
-3.11275626938882,-2.6927304218493,-10.4228711811178,"spike",4,47
-3.46277867030881,-2.80537190532181,-10.5134529890765,"spike",4,48
-1.92299703158819,-2.81989849995197,-10.1578837131853,"spike",4,49
-2.53098787177284,-2.64825847386743,-10.6318876413324,"spike",4,50
-2.70310096548633,-2.64610698507366,-10.9492727125933,"spike",4,51
-1.64788502382554,-2.55892239069645,-10.7636582623454,"spike",4,52
-2.76638972262278,-2.85270701245487,-10.0215008800864,"spike",4,53
-2.18317237225649,-2.83713786408179,-10.5244490153682,"spike",4,54
-2.18317237225649,-2.83713786408179,-10.5244490153682,"spike",4,55
-2.18317237225649,-2.83713786408179,-10.5244490153682,"spike",4,56
-2.18317237225649,-2.83713786408179,-10.5244490153682,"spike",4,57
-2.18317237225649,-2.83713786408179,-10.5244490153682,"spike",4,58
-2.71229334885083,-2.87121832207321,-10.72485422571,"spike",4,59
-2.71229334885083,-2.87121832207321,-10.72485422571,"spike",4,60
-2.50199236373634,-2.80335539165426,-11.2251258127484,"spike",4,61
-2.50199236373634,-2.80335539165426,-11.2251258127484,"spike",4,62
-2.50199236373634,-2.80335539165426,-11.2251258127484,"spike",4,63
-2.50791186315518,-2.77876541098241,-11.2924269432452,"spike",4,64
-2.10196337625928,-2.8762565697831,-10.8277966139188,"spike",4,65
-2.53715203097729,-2.78581312408557,-10.4490533277097,"spike",4,66
-2.18746348875181,-2.79533005941784,-10.9476901546339,"spike",4,67
-2.76867974380978,-3.03872436561266,-11.0147120245602,"spike",4,68
-2.77930540435384,-3.01895004040589,-10.9310022171969,"spike",4,69
-2.5786450188139,-2.89848591101204,-10.1896526883439,"spike",4,70
-2.9049563034339,-2.83993423234575,-10.3060520678756,"spike",4,71
-2.9049563034339,-2.83993423234575,-10.3060520678756,"spike",4,72
-2.9049563034339,-2.83993423234575,-10.3060520678756,"spike",4,73
-2.9049563034339,-2.83993423234575,-10.3060520678756,"spike",4,74
-3.13874833531924,-2.63901067280043,-11.0631767946804,"spike",4,75
-2.08085600836535,-2.74726700076165,-11.0887672451942,"spike",4,76
-2.08085600836535,-2.74726700076165,-11.0887672451942,"spike",4,77
-2.08085600836535,-2.74726700076165,-11.0887672451942,"spike",4,78
-2.41607666569848,-2.70081771780191,-10.6882611452273,"spike",4,79
-2.83489402747757,-3.02835602454585,-11.0285387748754,"spike",4,80
-2.83489402747757,-3.02835602454585,-11.0285387748754,"spike",4,81
-2.61350859429695,-3.09722384968621,-10.7642801175983,"spike",4,82
-1.97931774178806,-2.79028832725822,-10.9550493300081,"spike",4,83
-1.97931774178806,-2.79028832725822,-10.9550493300081,"spike",4,84
-1.97931774178806,-2.79028832725822,-10.9550493300081,"spike",4,85
-1.96433238383508,-2.68191161993467,-10.609381077963,"spike",4,86
-2.5803624734735,-2.76256462819818,-10.6224489839709,"spike",4,87
-2.17580767187414,-2.92820778734681,-10.3659805577423,"spike",4,88
-2.58751874316199,-2.78233052951313,-10.3959991610433,"spike",4,89
-2.58751874316199,-2.78233052951313,-10.3959991610433,"spike",4,90
-2.58751874316199,-2.78233052951313,-10.3959991610433,"spike",4,91
-3.04931271222149,-2.83315875772559,-11.124624753473,"spike",4,92
-3.04931271222149,-2.83315875772559,-11.124624753473,"spike",4,93
-3.04931271222149,-2.83315875772559,-11.124624753473,"spike",4,94
-3.04931271222149,-2.83315875772559,-11.124624753473,"spike",4,95
-3.04931271222149,-2.83315875772559,-11.124624753473,"spike",4,96
-2.45677097037445,-2.87481332517992,-11.2192060006695,"spike",4,97
-2.33779318379182,-2.98290954723723,-10.549132191552,"spike",4,98
-2.33779318379182,-2.98290954723723,-10.549132191552,"spike",4,99
-2.33779318379182,-2.98290954723723,-10.549132191552,"spike",4,100
-2.24921730508205,-2.89941291993958,-10.3831223255489,"spike",4,101
-2.24921730508205,-2.89941291993958,-10.3831223255489,"spike",4,102
-2.40297392768693,-3.00974066294904,-10.8318997415843,"spike",4,103
-2.40297392768693,-3.00974066294904,-10.8318997415843,"spike",4,104
-2.66284939279428,-2.98728580581578,-10.558468824227,"spike",4,105
-2.30683631470332,-2.98819856881693,-10.1215638727884,"spike",4,106
-2.30683631470332,-2.98819856881693,-10.1215638727884,"spike",4,107
-2.30683631470332,-2.98819856881693,-10.1215638727884,"spike",4,108
-2.4765374450774,-3.11197470843586,-10.4441705477433,"spike",4,109
-2.4765374450774,-3.11197470843586,-10.4441705477433,"spike",4,110
-2.55773973321985,-2.81423568515734,-10.2029389252622,"spike",4,111
-2.55773973321985,-2.81423568515734,-10.2029389252622,"spike",4,112
-2.04763324301208,-2.96489400392033,-10.6534433789898,"spike",4,113
-2.63191929883399,-2.7857534691007,-10.3323012686035,"spike",4,114
-2.63191929883399,-2.7857534691007,-10.3323012686035,"spike",4,115
-2.63191929883399,-2.7857534691007,-10.3323012686035,"spike",4,116
-2.69670187581705,-2.98019333106611,-10.6778618016018,"spike",4,117
-2.56263812268648,-2.82937493065372,-10.3325642518001,"spike",4,118
-2.6091252154362,-2.78119644940638,-10.2186310631363,"spike",4,119
-2.6091252154362,-2.78119644940638,-10.2186310631363,"spike",4,120
-1.85616933703202,-2.80992104888013,-11.0875987435806,"spike",4,121
-1.85616933703202,-2.80992104888013,-11.0875987435806,"spike",4,122
-2.02500142978494,-2.97212325562327,-10.9873414274773,"spike",4,123
-2.02500142978494,-2.97212325562327,-10.9873414274773,"spike",4,124
-2.86545314834922,-2.98436459879262,-11.1348304458222,"spike",4,125
-2.59943047076864,-2.78072712684289,-10.927174968849,"spike",4,126
-2.59943047076864,-2.78072712684289,-10.927174968849,"spike",4,127
-2.59943047076864,-2.78072712684289,-10.927174968849,"spike",4,128
-2.59943047076864,-2.78072712684289,-10.927174968849,"spike",4,129
-3.23849772459871,-2.84117704970174,-10.7391327861779,"spike",4,130
-3.19445836774602,-2.87005872353579,-10.2538010032317,"spike",4,131
-3.19445836774602,-2.87005872353579,-10.2538010032317,"spike",4,132
-2.4792716144435,-2.65393034197853,-10.4799154066828,"spike",4,133
-2.05912119207786,-2.73606854561577,-11.0524302089198,"spike",4,134
-2.31909816254119,-2.81844045654663,-10.5054167229926,"spike",4,135
-2.31909816254119,-2.81844045654663,-10.5054167229926,"spike",4,136
-2.6030997391938,-2.68970391237358,-10.8995821678574,"spike",4,137
-2.42764032244994,-2.63644732905071,-10.6103198999892,"spike",4,138
-2.42764032244994,-2.63644732905071,-10.6103198999892,"spike",4,139
-3.00132473038441,-2.88958803606579,-10.8291177859555,"spike",4,140
-3.00132473038441,-2.88958803606579,-10.8291177859555,"spike",4,141
-3.00132473038441,-2.88958803606579,-10.8291177859555,"spike",4,142
-3.00975765676805,-2.72338368179289,-10.4417266593951,"spike",4,143
-3.00975765676805,-2.72338368179289,-10.4417266593951,"spike",4,144
-2.18345250025502,-2.71790588636754,-10.6884716046937,"spike",4,145
-2.12654956145172,-3.09218841353776,-10.9017077431583,"spike",4,146
-2.27816178112327,-2.96621571975837,-11.4150609036163,"spike",4,147
-2.21570272271277,-2.6995349684777,-10.920588090618,"spike",4,148
-2.10391993005483,-2.92712000653004,-10.8067537268924,"spike",4,149
-2.10391993005483,-2.92712000653004,-10.8067537268924,"spike",4,150
-2.10391993005483,-2.92712000653004,-10.8067537268924,"spike",4,151
-2.59995868092532,-2.83077686833073,-10.7532143674136,"spike",4,152
-2.59995868092532,-2.83077686833073,-10.7532143674136,"spike",4,153
-1.79448773888311,-2.70955263998404,-10.750872754312,"spike",4,154
-1.76378789645411,-2.71783931212162,-10.8098664181358,"spike",4,155
-2.75247125632684,-2.83925292840941,-10.5865692933378,"spike",4,156
-2.75247125632684,-2.83925292840941,-10.5865692933378,"spike",4,157
-2.75247125632684,-2.83925292840941,-10.5865692933378,"spike",4,158
-2.75247125632684,-2.83925292840941,-10.5865692933378,"spike",4,159
-2.75247125632684,-2.83925292840941,-10.5865692933378,"spike",4,160
-2.75247125632684,-2.83925292840941,-10.5865692933378,"spike",4,161
-2.15618235971414,-2.9689133509264,-10.4779862346406,"spike",4,162
-2.15618235971414,-2.9689133509264,-10.4779862346406,"spike",4,163
-1.49173489140834,-2.61511802499655,-10.9062859688618,"spike",4,164
-2.71170876387141,-2.78211062871222,-10.7502011930434,"spike",4,165
-2.71170876387141,-2.78211062871222,-10.7502011930434,"spike",4,166
-2.71170876387141,-2.78211062871222,-10.7502011930434,"spike",4,167
-2.62205447843593,-2.79662110399446,-10.215017832307,"spike",4,168
-2.62205447843593,-2.79662110399446,-10.215017832307,"spike",4,169
-2.62205447843593,-2.79662110399446,-10.215017832307,"spike",4,170
-1.39892984804119,-2.68699979869095,-10.6222503246264,"spike",4,171
-1.65591494081791,-2.76474044324136,-10.4345042821828,"spike",4,172
-2.4860600976441,-2.78794865079993,-10.7026659344112,"spike",4,173
-2.35209321609256,-2.96468124954021,-10.7491236892636,"spike",4,174
-2.35209321609256,-2.96468124954021,-10.7491236892636,"spike",4,175
-2.38532755881449,-2.83714702647409,-10.2803956939984,"spike",4,176
-2.38532755881449,-2.83714702647409,-10.2803956939984,"spike",4,177
-2.81555982535236,-2.86922657844673,-10.2835552023777,"spike",4,178
-2.2174103529594,-2.85404016604995,-9.8974580569841,"spike",4,179
-2.2174103529594,-2.85404016604995,-9.8974580569841,"spike",4,180
-2.2174103529594,-2.85404016604995,-9.8974580569841,"spike",4,181
-2.2174103529594,-2.85404016604995,-9.8974580569841,"spike",4,182
-2.40894251747478,-2.94305118192385,-10.4364662815663,"spike",4,183
-2.25425749372448,-2.97449451057797,-11.2108230501959,"spike",4,184
-3.00486795625002,-2.93951445722689,-10.9941272713296,"spike",4,185
-2.80687345446707,-2.8890171619636,-11.037339251623,"spike",4,186
-2.54541293356801,-2.91239769368678,-10.5619094631853,"spike",4,187
-3.0169943749687,-2.94707989448524,-10.6358734428588,"spike",4,188
-2.98303074798256,-3.05320885848813,-10.4645264805005,"spike",4,189
-2.22490765666273,-2.98125772867135,-9.98458480989072,"spike",4,190
-2.2648862452198,-2.82929631491835,-10.0693463692391,"spike",4,191
-2.52940407371257,-2.81341205783208,-9.94882483158523,"spike",4,192
-3.68023895101567,-2.75163425598934,-10.919370460244,"spike",4,193
-2.8937335077217,-2.83345700400563,-10.9000976606298,"spike",4,194
-2.8937335077217,-2.83345700400563,-10.9000976606298,"spike",4,195
-2.8937335077217,-2.83345700400563,-10.9000976606298,"spike",4,196
-2.8937335077217,-2.83345700400563,-10.9000976606298,"spike",4,197
-2.8937335077217,-2.83345700400563,-10.9000976606298,"spike",4,198
-2.69858601649416,-2.99110711416666,-10.705238736042,"spike",4,199
-2.26416786590257,-2.82576309351023,-10.8811924022908,"spike",4,200
-2.59790631041331,-3.03406658041658,-10.7665227089289,"spike",4,201
-2.59790631041331,-3.03406658041658,-10.7665227089289,"spike",4,202
-2.59790631041331,-3.03406658041658,-10.7665227089289,"spike",4,203
-2.79619240504148,-2.66816372044596,-10.6468989392003,"spike",4,204
-2.94683344342888,-2.88618922767333,-10.6517349385662,"spike",4,205
-2.55546100013781,-3.0359055488971,-10.9023409266132,"spike",4,206
-2.54438514814528,-2.97959652272756,-10.6488514169213,"spike",4,207
-2.54438514814528,-2.97959652272756,-10.6488514169213,"spike",4,208
-2.54438514814528,-2.97959652272756,-10.6488514169213,"spike",4,209
-2.53309567839757,-2.9454345302211,-10.6921995455392,"spike",4,210
-2.53309567839757,-2.9454345302211,-10.6921995455392,"spike",4,211
-2.83453621066968,-2.92461686489293,-10.8789281146997,"spike",4,212
-2.78312597181634,-2.96098062574372,-10.6959133328306,"spike",4,213
-2.78312597181634,-2.96098062574372,-10.6959133328306,"spike",4,214
-2.78312597181634,-2.96098062574372,-10.6959133328306,"spike",4,215
-2.78312597181634,-2.96098062574372,-10.6959133328306,"spike",4,216
-3.4335455113119,-2.76508410132861,-10.4980355974487,"spike",4,217
-3.45604371311919,-2.77067736178634,-10.5621039860743,"spike",4,218
-2.90513581211772,-2.99521549120058,-10.9263491651028,"spike",4,219
-3.24592664114782,-2.90609705907854,-11.0106089266566,"spike",4,220
-2.68714304064597,-3.14319547632534,-10.6314590862614,"spike",4,221
-2.68714304064597,-3.14319547632534,-10.6314590862614,"spike",4,222
-2.94187640782844,-3.11651239261036,-10.4660054473533,"spike",4,223
-2.94187640782844,-3.11651239261036,-10.4660054473533,"spike",4,224
-2.87994027475003,-3.01099720925255,-10.5641180973885,"spike",4,225
-3.14763345829076,-2.73158372837178,-10.6793224504174,"spike",4,226
-3.14763345829076,-2.73158372837178,-10.6793224504174,"spike",4,227
-3.14763345829076,-2.73158372837178,-10.6793224504174,"spike",4,228
-3.14763345829076,-2.73158372837178,-10.6793224504174,"spike",4,229
-2.2301968695086,-2.74101706820961,-10.9808932013009,"spike",4,230
-2.2301968695086,-2.74101706820961,-10.9808932013009,"spike",4,231
-2.44389252156501,-2.78038125418166,-11.1268058134684,"spike",4,232
-2.4128698925269,-2.71823048748613,-11.2634154232595,"spike",4,233
-2.4128698925269,-2.71823048748613,-11.2634154232595,"spike",4,234
-2.81572462598291,-2.84868028854492,-11.0528292992478,"spike",4,235
-2.81572462598291,-2.84868028854492,-11.0528292992478,"spike",4,236
-2.81572462598291,-2.84868028854492,-11.0528292992478,"spike",4,237
-2.81572462598291,-2.84868028854492,-11.0528292992478,"spike",4,238
-2.26012730289476,-2.96762336542185,-11.1269280723551,"spike",4,239
-2.03135649685065,-2.86445808696023,-10.8640319800856,"spike",4,240
-3.22413118657962,-2.65107789988529,-11.1081164482627,"spike",4,241
-2.5399608071032,-2.75847398435179,-10.5541377655339,"spike",4,242
-2.5399608071032,-2.75847398435179,-10.5541377655339,"spike",4,243
-2.00215381196968,-2.87327432707577,-10.9829849594051,"spike",4,244
-2.68466128982173,-2.95127393390926,-10.790382304225,"spike",4,245
-2.68466128982173,-2.95127393390926,-10.790382304225,"spike",4,246
-2.68466128982173,-2.95127393390926,-10.790382304225,"spike",4,247
-2.68466128982173,-2.95127393390926,-10.790382304225,"spike",4,248
-2.68463828087944,-2.89802438189543,-10.606231934062,"spike",4,249
-2.68463828087944,-2.89802438189543,-10.606231934062,"spike",4,250
-2.94769859610433,-2.88467026434358,-10.8690741337855,"spike",4,251
-2.94769859610433,-2.88467026434358,-10.8690741337855,"spike",4,252
-2.94769859610433,-2.88467026434358,-10.8690741337855,"spike",4,253
-2.94769859610433,-2.88467026434358,-10.8690741337855,"spike",4,254
-2.94769859610433,-2.88467026434358,-10.8690741337855,"spike",4,255
-2.94769859610433,-2.88467026434358,-10.8690741337855,"spike",4,256
-2.34520521449595,-2.91470673409828,-11.1375682489157,"spike",4,257
-2.34520521449595,-2.91470673409828,-11.1375682489157,"spike",4,258
-2.76318685713468,-2.99040971928213,-11.005683282445,"spike",4,259
-2.74928736346597,-2.84027467559407,-10.9387445432483,"spike",4,260
-2.74928736346597,-2.84027467559407,-10.9387445432483,"spike",4,261
-2.54994492988177,-2.95815354446248,-10.6854101422831,"spike",4,262
-2.20347302038102,-2.9771334858849,-10.5370362955953,"spike",4,263
-2.14993738083106,-2.85937212287537,-10.1478521712837,"spike",4,264
-2.42052088905609,-2.95842014567261,-10.7941312325407,"spike",4,265
-2.42052088905609,-2.95842014567261,-10.7941312325407,"spike",4,266
-2.23762035309256,-3.04638633927861,-10.6143307168079,"spike",4,267
-2.15214542251079,-2.74486560279215,-10.7789588505283,"spike",4,268
-2.50700835602974,-2.94049833882692,-10.6098609130205,"spike",4,269
-2.72285399903564,-2.90689113615933,-10.4130009904777,"spike",4,270
-2.33018391502506,-3.03273746221863,-10.6166164643759,"spike",4,271
-2.33018391502506,-3.03273746221863,-10.6166164643759,"spike",4,272
-2.06399212055692,-2.90227829917619,-10.9353811570347,"spike",4,273
-1.87007424876675,-3.00107689959836,-10.533705348428,"spike",4,274
-1.49771223521585,-2.78880539381141,-10.4909719708567,"spike",4,275
-2.52544546191016,-2.85523658495984,-10.9157596355391,"spike",4,276
-3.07129077667267,-2.81044104275791,-10.5495359630672,"spike",4,277
-3.07129077667267,-2.81044104275791,-10.5495359630672,"spike",4,278
-2.92288214894043,-3.00655630625505,-10.6283417281472,"spike",4,279
-2.92288214894043,-3.00655630625505,-10.6283417281472,"spike",4,280
-2.37196232460444,-2.89021583700353,-11.002875726622,"spike",4,281
-3.04343476515885,-2.85746561832374,-10.6905064212401,"spike",4,282
-3.04343476515885,-2.85746561832374,-10.6905064212401,"spike",4,283
-3.04343476515885,-2.85746561832374,-10.6905064212401,"spike",4,284
-2.99019252371676,-2.9035123867016,-11.0333384488868,"spike",4,285
-2.99019252371676,-2.9035123867016,-11.0333384488868,"spike",4,286
-2.33430480790006,-2.87390829113503,-11.3840602224066,"spike",4,287
-2.33430480790006,-2.87390829113503,-11.3840602224066,"spike",4,288
-2.33430480790006,-2.87390829113503,-11.3840602224066,"spike",4,289
-2.79950799247882,-3.05718423920066,-10.9054347604844,"spike",4,290
-2.54477482789062,-2.97054217087799,-10.7981735353628,"spike",4,291
-1.76333375869684,-2.8366518302413,-10.8940860208387,"spike",4,292
-2.54194155818479,-2.94328119764224,-10.8157123527545,"spike",4,293
-2.73215976138313,-2.97819427776728,-10.7411492801523,"spike",4,294
-2.73215976138313,-2.97819427776728,-10.7411492801523,"spike",4,295
-2.73215976138313,-2.97819427776728,-10.7411492801523,"spike",4,296
-2.45753175526443,-2.84830811773425,-10.9144372114774,"spike",4,297
-2.45753175526443,-2.84830811773425,-10.9144372114774,"spike",4,298
-2.22405604575861,-3.04415955423859,-10.5712398331588,"spike",4,299
-2.22405604575861,-3.04415955423859,-10.5712398331588,"spike",4,300
-2.22405604575861,-3.04415955423859,-10.5712398331588,"spike",4,301
-2.22405604575861,-3.04415955423859,-10.5712398331588,"spike",4,302
-2.22405604575861,-3.04415955423859,-10.5712398331588,"spike",4,303
-2.22405604575861,-3.04415955423859,-10.5712398331588,"spike",4,304
-2.22405604575861,-3.04415955423859,-10.5712398331588,"spike",4,305
-2.22405604575861,-3.04415955423859,-10.5712398331588,"spike",4,306
-2.22405604575861,-3.04415955423859,-10.5712398331588,"spike",4,307
-2.53070262145487,-2.96235250635986,-9.91374847041933,"spike",4,308
-1.98356674507248,-2.82093607692163,-10.2936201839801,"spike",4,309
-2.89250782983397,-2.86360895637372,-10.7938955419857,"spike",4,310
-2.73370253598302,-2.8162285143893,-11.007408811204,"spike",4,311
-2.73370253598302,-2.8162285143893,-11.007408811204,"spike",4,312
-2.383056839321,-2.85921447260889,-10.9644519821585,"spike",4,313
-2.383056839321,-2.85921447260889,-10.9644519821585,"spike",4,314
-2.383056839321,-2.85921447260889,-10.9644519821585,"spike",4,315
-2.383056839321,-2.85921447260889,-10.9644519821585,"spike",4,316
-2.383056839321,-2.85921447260889,-10.9644519821585,"spike",4,317
-2.383056839321,-2.85921447260889,-10.9644519821585,"spike",4,318
-2.383056839321,-2.85921447260889,-10.9644519821585,"spike",4,319
-2.383056839321,-2.85921447260889,-10.9644519821585,"spike",4,320
-2.4766126965382,-2.92359643672231,-10.1985149754964,"spike",4,321
-2.26589896126199,-2.95745561141716,-11.2290452574073,"spike",4,322
-2.23066303054299,-2.79527290331397,-11.0739135639266,"spike",4,323
-3.08601835041893,-2.70261535388968,-11.748117566253,"spike",4,324
-3.80119692151935,-2.48496752738107,-10.7327890738745,"spike",4,325
-2.32795727847592,-2.82941833414743,-10.6366372424528,"spike",4,326
-2.32795727847592,-2.82941833414743,-10.6366372424528,"spike",4,327
-2.32795727847592,-2.82941833414743,-10.6366372424528,"spike",4,328
-2.32795727847592,-2.82941833414743,-10.6366372424528,"spike",4,329
-2.32795727847592,-2.82941833414743,-10.6366372424528,"spike",4,330
-2.66288577804861,-3.0122079137884,-10.4630714659473,"spike",4,331
-2.66288577804861,-3.0122079137884,-10.4630714659473,"spike",4,332
-2.69714767692526,-2.89794630438188,-11.1248072080777,"spike",4,333
-2.69714767692526,-2.89794630438188,-11.1248072080777,"spike",4,334
-2.69714767692526,-2.89794630438188,-11.1248072080777,"spike",4,335
-2.69714767692526,-2.89794630438188,-11.1248072080777,"spike",4,336
-2.69714767692526,-2.89794630438188,-11.1248072080777,"spike",4,337
-2.08076585027874,-2.81911249890152,-11.0347652231646,"spike",4,338
-2.13882353939355,-2.745882372032,-11.0016724367535,"spike",4,339
-2.40707302939569,-2.78169323955759,-10.6571949630156,"spike",4,340
-2.40707302939569,-2.78169323955759,-10.6571949630156,"spike",4,341
-2.40707302939569,-2.78169323955759,-10.6571949630156,"spike",4,342
-3.1241665500015,-2.69855276333171,-10.2643390707967,"spike",4,343
-3.1241665500015,-2.69855276333171,-10.2643390707967,"spike",4,344
-1.99824823013138,-3.00230542642464,-10.2711993709748,"spike",4,345
-2.08501206426398,-2.82994298342946,-10.4746681822916,"spike",4,346
-2.08501206426398,-2.82994298342946,-10.4746681822916,"spike",4,347
-1.95944413378828,-2.93312735192136,-10.8540546236797,"spike",4,348
-2.87432579961524,-2.66900842135092,-10.9829126353409,"spike",4,349
-3.10527300756976,-2.96242659583523,-10.7734446941825,"spike",4,350
-2.10381483512123,-2.94425292542921,-10.9392549467164,"spike",4,351
-2.10381483512123,-2.94425292542921,-10.9392549467164,"spike",4,352
-2.10381483512123,-2.94425292542921,-10.9392549467164,"spike",4,353
-2.10381483512123,-2.94425292542921,-10.9392549467164,"spike",4,354
-2.10381483512123,-2.94425292542921,-10.9392549467164,"spike",4,355
-2.17163400965864,-3.07389475649385,-10.9895971739896,"spike",4,356
-1.47453023101646,-2.5885929110304,-11.1435355196208,"spike",4,357
-0.696766130382374,-2.35356381539097,-10.7813227622646,"spike",4,358
-1.99623154182168,-2.64907074166817,-10.6839499429029,"spike",4,359
-2.03645849128093,-2.78459543490576,-10.3538989214843,"spike",4,360
-2.03645849128093,-2.78459543490576,-10.3538989214843,"spike",4,361
-2.17157810988901,-2.93443849530103,-10.7666609837049,"spike",4,362
-2.83132287743677,-2.88726392181437,-11.0267551260087,"spike",4,363
-2.83132287743677,-2.88726392181437,-11.0267551260087,"spike",4,364
-2.91079591984316,-2.94095766234567,-10.5780837118441,"spike",4,365
-2.91079591984316,-2.94095766234567,-10.5780837118441,"spike",4,366
-2.49185899180595,-2.73201333221227,-10.1949770335309,"spike",4,367
-3.07884084312863,-2.75311203699897,-10.6628185839916,"spike",4,368
-3.07884084312863,-2.75311203699897,-10.6628185839916,"spike",4,369
-3.07884084312863,-2.75311203699897,-10.6628185839916,"spike",4,370
-3.07884084312863,-2.75311203699897,-10.6628185839916,"spike",4,371
-3.07884084312863,-2.75311203699897,-10.6628185839916,"spike",4,372
-2.12584137314942,-2.81225403874439,-10.4403906742695,"spike",4,373
-2.12584137314942,-2.81225403874439,-10.4403906742695,"spike",4,374
-2.9612607511047,-2.88039913484846,-10.6786375558374,"spike",4,375
-2.9612607511047,-2.88039913484846,-10.6786375558374,"spike",4,376
-2.82838935400301,-2.80593993364245,-10.495138663067,"spike",4,377
-2.82838935400301,-2.80593993364245,-10.495138663067,"spike",4,378
-2.82838935400301,-2.80593993364245,-10.495138663067,"spike",4,379
-2.28576267128285,-2.88301434816717,-10.9206261802699,"spike",4,380
-2.61707156988966,-2.83645213948711,-10.8307634734841,"spike",4,381
-2.61707156988966,-2.83645213948711,-10.8307634734841,"spike",4,382
-2.61707156988966,-2.83645213948711,-10.8307634734841,"spike",4,383
-2.93817545928081,-2.85946166754677,-10.6433735627942,"spike",4,384
-2.96364023173191,-2.89352879328408,-11.4990020925661,"spike",4,385
-2.61790638216262,-3.08056741109838,-11.132912328665,"spike",4,386
-3.18333127441314,-3.07233572052235,-10.3158874788319,"spike",4,387
-3.18333127441314,-3.07233572052235,-10.3158874788319,"spike",4,388
-1.58981096424001,-2.70503207092385,-10.7601306947173,"spike",4,389
-1.58981096424001,-2.70503207092385,-10.7601306947173,"spike",4,390
-1.43673624760418,-2.66462843787486,-10.9122256866309,"spike",4,391
-1.43673624760418,-2.66462843787486,-10.9122256866309,"spike",4,392
-2.36369966395766,-2.7727893312564,-10.5708116570917,"spike",4,393
-2.79020253648819,-2.9646655907377,-10.7394710771406,"spike",4,394
-2.57094623846854,-2.99462976220518,-11.3117050536814,"spike",4,395
-2.57094623846854,-2.99462976220518,-11.3117050536814,"spike",4,396
-2.11230286431077,-2.95121371749083,-10.8844855557869,"spike",4,397
-1.82559539938005,-2.74286944786296,-10.8653381079388,"spike",4,398
-1.82559539938005,-2.74286944786296,-10.8653381079388,"spike",4,399
-1.82559539938005,-2.74286944786296,-10.8653381079388,"spike",4,400
-2.21189913373086,-2.90777715189194,-10.8923253752107,"spike",4,401
-2.85700674387628,-2.77410090491199,-10.5336520610667,"spike",4,402
-3.04923293699473,-2.86967357585615,-10.9114355666898,"spike",4,403
-1.44884974960514,-2.58455263974573,-11.1413504910623,"spike",4,404
-2.66730423177288,-2.82607894311046,-11.1514661931303,"spike",4,405
-2.57983692383652,-3.12619340327566,-10.5878680884321,"spike",4,406
-2.57983692383652,-3.12619340327566,-10.5878680884321,"spike",4,407
-2.87940907411157,-3.07452117138309,-10.6150138835479,"spike",4,408
-2.80328734198359,-3.00238174711805,-10.3715956532714,"spike",4,409
-2.57464130611769,-3.05047559787206,-10.1836846122575,"spike",4,410
-1.34001024780216,-2.70055754942403,-10.8803669224732,"spike",4,411
-2.10869559918071,-2.81988834828592,-10.2137913414324,"spike",4,412
-1.94018388202822,-2.99150582829091,-10.5752134758628,"spike",4,413
-2.61710706943519,-2.90277586434968,-11.1248574575513,"spike",4,414
-2.61710706943519,-2.90277586434968,-11.1248574575513,"spike",4,415
-3.28218854732548,-2.5270421598885,-10.6040055361473,"spike",4,416
-3.28218854732548,-2.5270421598885,-10.6040055361473,"spike",4,417
-3.28218854732548,-2.5270421598885,-10.6040055361473,"spike",4,418
-3.28218854732548,-2.5270421598885,-10.6040055361473,"spike",4,419
-3.40709145892275,-2.6153040992963,-11.2552487512613,"spike",4,420
-3.40709145892275,-2.6153040992963,-11.2552487512613,"spike",4,421
-3.35583852959821,-2.63030908946435,-11.4907529309704,"spike",4,422
-3.82806695467299,-2.59137483631314,-10.8635618812604,"spike",4,423
-3.84183423045279,-2.57413431764057,-10.4236100927373,"spike",4,424
-3.84183423045279,-2.57413431764057,-10.4236100927373,"spike",4,425
-2.88211977247519,-2.87634262336698,-10.156192360353,"spike",4,426
-2.88211977247519,-2.87634262336698,-10.156192360353,"spike",4,427
-2.66834507512603,-2.82482811961713,-10.7756898196148,"spike",4,428
-2.50772000682153,-2.88565753426956,-10.9406909811332,"spike",4,429
-2.50772000682153,-2.88565753426956,-10.9406909811332,"spike",4,430
-1.94473679636246,-2.78034946270518,-10.6539137036053,"spike",4,431
-1.36499229779894,-2.6646664051068,-10.6209670718183,"spike",4,432
-2.4035048850197,-2.56496086146763,-11.3840253960562,"spike",4,433
-2.80490003114087,-2.87994347640935,-10.8703548500161,"spike",4,434
-2.80490003114087,-2.87994347640935,-10.8703548500161,"spike",4,435
-2.51385645354571,-2.69464737730134,-10.5780358236147,"spike",4,436
-2.51385645354571,-2.69464737730134,-10.5780358236147,"spike",4,437
-2.88082382820296,-2.83404192476156,-11.0673518466284,"spike",4,438
-2.54134090377217,-2.77581094222278,-10.2369449621958,"spike",4,439
-2.04482795923712,-3.09165996918954,-10.0225903429014,"spike",4,440
-2.04482795923712,-3.09165996918954,-10.0225903429014,"spike",4,441
-2.93426980730762,-2.9632648137624,-11.2691916858056,"spike",4,442
-2.6507190546271,-3.00149609334095,-10.5780657540014,"spike",4,443
-2.6507190546271,-3.00149609334095,-10.5780657540014,"spike",4,444
-2.72791741257174,-2.93771766591397,-10.7013340711095,"spike",4,445
-3.02579177554871,-2.81366456610231,-10.6142832639418,"spike",4,446
-3.02579177554871,-2.81366456610231,-10.6142832639418,"spike",4,447
-3.02579177554871,-2.81366456610231,-10.6142832639418,"spike",4,448
-2.22185748836612,-2.95143772996697,-10.635468201796,"spike",4,449
-2.32723314124078,-2.89568980336007,-11.1288687428527,"spike",4,450
-2.05064969816309,-2.88811314129061,-10.5590919492757,"spike",4,451
-2.05064969816309,-2.88811314129061,-10.5590919492757,"spike",4,452
-2.05064969816309,-2.88811314129061,-10.5590919492757,"spike",4,453
-1.67403340940748,-2.8403426758632,-11.2199728510129,"spike",4,454
-2.04720018472441,-2.73955490204474,-11.30924885385,"spike",4,455
-2.92520694760248,-2.94633527788151,-11.3478930389887,"spike",4,456
-2.92520694760248,-2.94633527788151,-11.3478930389887,"spike",4,457
-2.92520694760248,-2.94633527788151,-11.3478930389887,"spike",4,458
-2.92520694760248,-2.94633527788151,-11.3478930389887,"spike",4,459
-3.05091814667181,-2.83467210108155,-11.3507558939061,"spike",4,460
-3.05091814667181,-2.83467210108155,-11.3507558939061,"spike",4,461
-3.252344236812,-2.63533468232218,-10.9745799900938,"spike",4,462
-3.252344236812,-2.63533468232218,-10.9745799900938,"spike",4,463
-1.46446339380162,-2.53622548717741,-10.5856059104784,"spike",4,464
-1.32526088041166,-2.47223691311162,-10.9162025218946,"spike",4,465
-1.06364973715714,-2.40784821750085,-11.5085501261307,"spike",4,466
-1.06364973715714,-2.40784821750085,-11.5085501261307,"spike",4,467
-2.13487181847306,-2.65390075670167,-11.2950050559064,"spike",4,468
-3.09872552496602,-2.78421820366754,-10.3156929865773,"spike",4,469
-2.26161521637144,-3.05158949715368,-10.8654533841786,"spike",4,470
-2.26161521637144,-3.05158949715368,-10.8654533841786,"spike",4,471
-2.26161521637144,-3.05158949715368,-10.8654533841786,"spike",4,472
-2.25291590930377,-2.96533457064083,-10.6672623436186,"spike",4,473
-2.25291590930377,-2.96533457064083,-10.6672623436186,"spike",4,474
-2.25291590930377,-2.96533457064083,-10.6672623436186,"spike",4,475
-2.69964481323627,-2.97937522334922,-10.770417408987,"spike",4,476
-2.69964481323627,-2.97937522334922,-10.770417408987,"spike",4,477
-2.69964481323627,-2.97937522334922,-10.770417408987,"spike",4,478
-2.69964481323627,-2.97937522334922,-10.770417408987,"spike",4,479
-2.69964481323627,-2.97937522334922,-10.770417408987,"spike",4,480
-1.91723029747182,-2.9026580900468,-10.6158429527316,"spike",4,481
-2.748857866391,-2.88285575186762,-10.6473874746357,"spike",4,482
-1.96356781590404,-2.83396256495,-10.5510240086178,"spike",4,483
-3.13831256732734,-2.88976075397305,-10.2633528077462,"spike",4,484
-2.86442508047762,-2.87624524278392,-11.1647021630952,"spike",4,485
-2.53669925120328,-2.68554902149518,-10.4185535359196,"spike",4,486
-2.2299039106958,-3.03233774574388,-10.7947989665938,"spike",4,487
-2.2299039106958,-3.03233774574388,-10.7947989665938,"spike",4,488
-2.2299039106958,-3.03233774574388,-10.7947989665938,"spike",4,489
-2.26151471563883,-3.00585441442073,-10.6586595910883,"spike",4,490
-1.60159341802964,-2.62703190631243,-11.0345952026871,"spike",4,491
-2.34574707016307,-2.73042662400728,-10.2790556223838,"spike",4,492
-2.34574707016307,-2.73042662400728,-10.2790556223838,"spike",4,493
-2.22414720745824,-2.88819261412681,-9.9730486446017,"spike",4,494
-2.66471617799265,-2.69974783836728,-11.1179303032461,"spike",4,495
-2.79458871665714,-2.91261725428603,-11.1347631853918,"spike",4,496
-2.79458871665714,-2.91261725428603,-11.1347631853918,"spike",4,497
-2.79458871665714,-2.91261725428603,-11.1347631853918,"spike",4,498
-1.75480133094523,-2.92471352756981,-11.133703725344,"spike",4,499
-2.42163042126087,-2.68563442946507,-11.3175262272914,"spike",4,500
-3.38863604466959,-2.82810760074576,-10.5348847666364,"spike",4,501
-3.13980509944993,-2.5892439871501,-10.6523680659224,"spike",4,502
-3.13980509944993,-2.5892439871501,-10.6523680659224,"spike",4,503
-2.84010393753434,-2.70144096933805,-11.2673150890949,"spike",4,504
-2.84010393753434,-2.70144096933805,-11.2673150890949,"spike",4,505
-2.11781081932296,-2.81073942040635,-11.1408678654486,"spike",4,506
-2.11781081932296,-2.81073942040635,-11.1408678654486,"spike",4,507
-1.74236429806709,-2.71693353140148,-11.0645151679657,"spike",4,508
-3.00274761652536,-2.88904461861549,-10.5927327729152,"spike",4,509
-3.00274761652536,-2.88904461861549,-10.5927327729152,"spike",4,510
-2.24603464069447,-2.84385833919281,-11.4527747056818,"spike",4,511
-2.20328430933198,-2.84530109986669,-11.1858529302672,"spike",4,512
-2.78647624608914,-2.92409894307586,-10.4189044826145,"spike",4,513
-2.78647624608914,-2.92409894307586,-10.4189044826145,"spike",4,514
-2.5107229658666,-2.83629794390359,-11.110398833197,"spike",4,515
-2.5107229658666,-2.83629794390359,-11.110398833197,"spike",4,516
-2.52313585848408,-3.04102983568805,-10.4410277635224,"spike",4,517
-2.67336093880709,-2.98823081987223,-10.3900479028375,"spike",4,518
-2.67336093880709,-2.98823081987223,-10.3900479028375,"spike",4,519
-2.67336093880709,-2.98823081987223,-10.3900479028375,"spike",4,520
-2.67336093880709,-2.98823081987223,-10.3900479028375,"spike",4,521
-2.67336093880709,-2.98823081987223,-10.3900479028375,"spike",4,522
-2.97657445749643,-2.750419999864,-10.5650487097519,"spike",4,523
-1.64386431667866,-2.75937780467424,-10.4436115744796,"spike",4,524
-1.76366598639455,-2.83170919563503,-11.2339227226767,"spike",4,525
-1.87334927658945,-3.01644678935204,-10.8506578263465,"spike",4,526
-1.87334927658945,-3.01644678935204,-10.8506578263465,"spike",4,527
-1.87334927658945,-3.01644678935204,-10.8506578263465,"spike",4,528
-2.31050466687298,-2.96102254132177,-10.9377135581669,"spike",4,529
-2.31050466687298,-2.96102254132177,-10.9377135581669,"spike",4,530
-2.36443675164305,-3.02216272438752,-11.026679344123,"spike",4,531
-1.59984734429978,-2.71018095680635,-10.855763111573,"spike",4,532
-2.46645523832901,-2.99968277646261,-10.5756890945218,"spike",4,533
-2.46645523832901,-2.99968277646261,-10.5756890945218,"spike",4,534
-3.01044321719501,-2.97782538402262,-10.7638361356463,"spike",4,535
-2.83330810743158,-2.96896897694342,-10.6184325842745,"spike",4,536
-2.47147264590574,-2.97858659191873,-10.5902673376522,"spike",4,537
-2.47147264590574,-2.97858659191873,-10.5902673376522,"spike",4,538
-2.62227609512444,-3.02164392255926,-10.7681703999851,"spike",4,539
-1.9993200953828,-2.78948076764649,-10.3621134942314,"spike",4,540
-2.94403007083712,-3.0393703917511,-11.2335738886714,"spike",4,541
-2.44825617243287,-3.12811102716702,-10.9903312920416,"spike",4,542
-2.44825617243287,-3.12811102716702,-10.9903312920416,"spike",4,543
-2.3530801850614,-3.01430367151489,-10.5239589093588,"spike",4,544
-1.51624883862043,-2.72215218537448,-10.2891951990546,"spike",4,545
-2.54406450585119,-2.86110517875795,-10.4466618215213,"spike",4,546
-2.54406450585119,-2.86110517875795,-10.4466618215213,"spike",4,547
-2.15361616733924,-2.99360240794746,-10.5254132508399,"spike",4,548
-2.15361616733924,-2.99360240794746,-10.5254132508399,"spike",4,549
-2.25335867362545,-2.79531081912677,-11.2019445860021,"spike",4,550
-3.25110846029735,-2.7439480747498,-10.7268586951256,"spike",4,551
-2.94346742846753,-3.1096972244144,-10.5245953826131,"spike",4,552
-2.94346742846753,-3.1096972244144,-10.5245953826131,"spike",4,553
-2.87015958107056,-3.04122830642254,-11.0889438309486,"spike",4,554
-1.69202159538047,-2.60543014450572,-10.1748039254868,"spike",4,555
-1.67155626704141,-2.6809534519249,-10.1842351075098,"spike",4,556
-1.67155626704141,-2.6809534519249,-10.1842351075098,"spike",4,557
-2.90443417076968,-3.05661185751507,-10.8730568067353,"spike",4,558
-2.05083552412319,-3.04766553546738,-10.4167425347162,"spike",4,559
-2.68306292491238,-3.13275929861387,-10.5953642159383,"spike",4,560
-2.68306292491238,-3.13275929861387,-10.5953642159383,"spike",4,561
-2.04461909411581,-2.91735785904704,-10.5800764927113,"spike",4,562
-2.04461909411581,-2.91735785904704,-10.5800764927113,"spike",4,563
-2.31455965974005,-2.69526583714893,-10.8703108142407,"spike",4,564
-2.57694849838004,-2.73206035393148,-11.0950565245056,"spike",4,565
-2.84008874321285,-2.80943650914504,-11.0893910642718,"spike",4,566
-2.78566572824975,-2.83075364638249,-10.6162416386805,"spike",4,567
-1.8793344613132,-2.78325412336719,-10.8485951577709,"spike",4,568
-2.18704081230691,-2.95685811620923,-10.2662923988034,"spike",4,569
-2.18704081230691,-2.95685811620923,-10.2662923988034,"spike",4,570
-2.18704081230691,-2.95685811620923,-10.2662923988034,"spike",4,571
-2.37814947841168,-2.9448863813487,-11.4307798521264,"spike",4,572
-2.37814947841168,-2.9448863813487,-11.4307798521264,"spike",4,573
-2.73531005213754,-2.87247168127537,-10.6802100343469,"spike",4,574
-2.27434237700759,-3.00361487122065,-10.7478907735999,"spike",4,575
-2.27434237700759,-3.00361487122065,-10.7478907735999,"spike",4,576
-2.36691709338543,-2.88544940462858,-10.6944529578798,"spike",4,577
-2.36691709338543,-2.88544940462858,-10.6944529578798,"spike",4,578
-2.35905646431382,-2.88997153869348,-10.5874028019552,"spike",4,579
-2.35905646431382,-2.88997153869348,-10.5874028019552,"spike",4,580
-2.18162888341687,-2.9953872442764,-10.5258225087514,"spike",4,581
-1.5481364509211,-2.79048633908971,-10.722082607736,"spike",4,582
-3.04928814709508,-2.54673118871328,-10.4936463165295,"spike",4,583
-0.690237439336758,-2.24509537312516,-11.0564371201602,"spike",4,584
-0.0192036918666909,-2.02844708220169,-10.7133311347087,"spike",4,585
-0.257571560324514,-2.05215499885223,-10.7086931231096,"spike",4,586
-0.257571560324514,-2.05215499885223,-10.7086931231096,"spike",4,587
-0.257571560324514,-2.05215499885223,-10.7086931231096,"spike",4,588
-0.257571560324514,-2.05215499885223,-10.7086931231096,"spike",4,589
-0.257571560324514,-2.05215499885223,-10.7086931231096,"spike",4,590
-0.257571560324514,-2.05215499885223,-10.7086931231096,"spike",4,591
-0.257571560324514,-2.05215499885223,-10.7086931231096,"spike",4,592
-0.257571560324514,-2.05215499885223,-10.7086931231096,"spike",4,593
-0.257571560324514,-2.05215499885223,-10.7086931231096,"spike",4,594
-0.257571560324514,-2.05215499885223,-10.7086931231096,"spike",4,595
-0.257571560324514,-2.05215499885223,-10.7086931231096,"spike",4,596
-0.257571560324514,-2.05215499885223,-10.7086931231096,"spike",4,597
-0.613545043324484,-2.27070274079632,-10.992061725963,"spike",4,598
-1.86580971792248,-2.68660863184887,-11.4211460366742,"spike",4,599
-1.86580971792248,-2.68660863184887,-11.4211460366742,"spike",4,600
-1.86580971792248,-2.68660863184887,-11.4211460366742,"spike",4,601
-1.56205067678586,-2.54756109724393,-10.3394178387675,"spike",4,602
-1.65222068488485,-2.51026490565606,-10.5128217895902,"spike",4,603
-1.32654762259093,-2.63842557536932,-11.0743139263641,"spike",4,604
-1.32654762259093,-2.63842557536932,-11.0743139263641,"spike",4,605
-1.40229456597549,-2.5786132698566,-10.9335083245813,"spike",4,606
-1.87901445223418,-3.0010470373387,-10.4022474148694,"spike",4,607
-1.87901445223418,-3.0010470373387,-10.4022474148694,"spike",4,608
-1.87901445223418,-3.0010470373387,-10.4022474148694,"spike",4,609
-1.87901445223418,-3.0010470373387,-10.4022474148694,"spike",4,610
-2.75825143492667,-3.11978294563291,-10.7706537508508,"spike",4,611
-2.75825143492667,-3.11978294563291,-10.7706537508508,"spike",4,612
-3.13801725862207,-2.84978004162597,-10.8328271189744,"spike",4,613
-3.12403034044044,-2.7438435407395,-10.9398713378644,"spike",4,614
-3.12403034044044,-2.7438435407395,-10.9398713378644,"spike",4,615
-2.18391787159138,-2.9573273221355,-10.9875708968256,"spike",4,616
-1.98003914434797,-2.84125026100158,-10.3953452038731,"spike",4,617
-2.9219015184019,-2.79741456040816,-10.3984299304575,"spike",4,618
-2.55047632566056,-2.99304669279515,-11.3336490327316,"spike",4,619
-2.50941931005806,-2.84436310059489,-11.2734254613523,"spike",4,620
-2.50941931005806,-2.84436310059489,-11.2734254613523,"spike",4,621
-2.50941931005806,-2.84436310059489,-11.2734254613523,"spike",4,622
-2.50941931005806,-2.84436310059489,-11.2734254613523,"spike",4,623
-1.81808471671993,-2.71649997648934,-11.2309129026037,"spike",4,624
-1.94271081249018,-2.7957495163263,-10.1221468756545,"spike",4,625
-1.94271081249018,-2.7957495163263,-10.1221468756545,"spike",4,626
-2.18569293516073,-2.89973554927571,-10.2064758519493,"spike",4,627
-2.631167737747,-3.10694997367613,-10.9307469404883,"spike",4,628
-2.631167737747,-3.10694997367613,-10.9307469404883,"spike",4,629
-2.631167737747,-3.10694997367613,-10.9307469404883,"spike",4,630
-2.91455660675615,-3.06330074924048,-10.7288692945191,"spike",4,631
-2.88726480650483,-2.90074571884411,-10.4209210483447,"spike",4,632
-2.00146840153756,-2.92539414997761,-10.2717532849875,"spike",4,633
-2.00146840153756,-2.92539414997761,-10.2717532849875,"spike",4,634
-2.10364454443697,-2.84285385655142,-11.0369575144021,"spike",4,635
-1.9525010228574,-2.79616235137858,-10.9729438645969,"spike",4,636
-1.9525010228574,-2.79616235137858,-10.9729438645969,"spike",4,637
-1.9525010228574,-2.79616235137858,-10.9729438645969,"spike",4,638
-1.92385200374113,-2.76357620292847,-10.7166455527783,"spike",4,639
-1.92385200374113,-2.76357620292847,-10.7166455527783,"spike",4,640
-1.92385200374113,-2.76357620292847,-10.7166455527783,"spike",4,641
-2.72603176158434,-2.90857759207314,-10.4192441878184,"spike",4,642
-2.29576179873885,-2.93203788192228,-10.5184588173648,"spike",4,643
-2.48601819211164,-3.0564332182668,-11.3184149275107,"spike",4,644
-2.48601819211164,-3.0564332182668,-11.3184149275107,"spike",4,645
-2.57471799460089,-3.14335474418013,-11.148629889114,"spike",4,646
-3.25906506476059,-2.81169318397545,-11.0244781057488,"spike",4,647
-3.25906506476059,-2.81169318397545,-11.0244781057488,"spike",4,648
-2.67932135715645,-2.70987864895485,-11.1449869267948,"spike",4,649
-2.8246723616855,-2.67830272785693,-10.5961605829155,"spike",4,650
-3.16884971755685,-2.88742574347377,-10.6993462724941,"spike",4,651
-3.16884971755685,-2.88742574347377,-10.6993462724941,"spike",4,652
-2.88157793883605,-2.96981267222264,-11.0508564798943,"spike",4,653
-3.10584817074642,-2.85174475897988,-11.0792986570967,"spike",4,654
-2.43445953687287,-2.94763050651069,-11.0304622493173,"spike",4,655
-2.43445953687287,-2.94763050651069,-11.0304622493173,"spike",4,656
-2.34279408507172,-3.08766394136068,-10.8847249386517,"spike",4,657
-2.34279408507172,-3.08766394136068,-10.8847249386517,"spike",4,658
-1.7777054774222,-2.64010684985623,-10.5564948935152,"spike",4,659
-1.60101604418021,-2.65654836546857,-10.3112939040053,"spike",4,660
-1.60101604418021,-2.65654836546857,-10.3112939040053,"spike",4,661
-2.48456733301587,-2.62186434767003,-10.7627446770533,"spike",4,662
-2.48456733301587,-2.62186434767003,-10.7627446770533,"spike",4,663
-2.43247911650725,-2.83293643173696,-10.8104582581355,"spike",4,664
-2.70134897693993,-3.01740963169303,-11.0211167063646,"spike",4,665
-2.70134897693993,-3.01740963169303,-11.0211167063646,"spike",4,666
-2.70134897693993,-3.01740963169303,-11.0211167063646,"spike",4,667
-2.70134897693993,-3.01740963169303,-11.0211167063646,"spike",4,668
-2.70134897693993,-3.01740963169303,-11.0211167063646,"spike",4,669
-1.63917156222359,-2.80865999949067,-10.223173671945,"spike",4,670
-2.39839909313385,-2.93916648231534,-10.3747986219524,"spike",4,671
-2.39839909313385,-2.93916648231534,-10.3747986219524,"spike",4,672
-2.45061518072459,-2.93102803822751,-11.2652815964075,"spike",4,673
-2.57979047893851,-3.04874439360093,-10.3773325999043,"spike",4,674
-1.68034367686646,-2.71906546262591,-10.5178570726139,"spike",4,675
-2.12535694591826,-2.82703869416225,-10.7871379824864,"spike",4,676
-2.73921539903873,-2.85292788332649,-11.0213881613614,"spike",4,677
-2.73921539903873,-2.85292788332649,-11.0213881613614,"spike",4,678
-2.73921539903873,-2.85292788332649,-11.0213881613614,"spike",4,679
-2.34390635663594,-2.88731041172982,-11.2937538372999,"spike",4,680
-2.34390635663594,-2.88731041172982,-11.2937538372999,"spike",4,681
-2.31292001757651,-2.9195172443467,-11.7323837105212,"spike",4,682
-2.14323416100369,-3.13147419869012,-11.0749973221141,"spike",4,683
-2.32284569172276,-3.18898445444631,-11.5122304799223,"spike",4,684
-2.54322217843624,-2.94519822081765,-11.9992949455581,"spike",4,685
-2.53829497778137,-2.94344087236902,-10.8535771514919,"spike",4,686
-2.53829497778137,-2.94344087236902,-10.8535771514919,"spike",4,687
-2.76020440151222,-2.90033390902881,-10.6033124025181,"spike",4,688
-2.76020440151222,-2.90033390902881,-10.6033124025181,"spike",4,689
-2.76020440151222,-2.90033390902881,-10.6033124025181,"spike",4,690
-2.76020440151222,-2.90033390902881,-10.6033124025181,"spike",4,691
-2.76020440151222,-2.90033390902881,-10.6033124025181,"spike",4,692
-2.79539017516816,-3.02652663430524,-11.0364945375644,"spike",4,693
-2.79539017516816,-3.02652663430524,-11.0364945375644,"spike",4,694
-2.41921285975733,-2.72745587109321,-10.7825222436579,"spike",4,695
-2.41921285975733,-2.72745587109321,-10.7825222436579,"spike",4,696
-2.42839844931946,-2.83931870331355,-10.6655545938197,"spike",4,697
-2.42839844931946,-2.83931870331355,-10.6655545938197,"spike",4,698
-2.42839844931946,-2.83931870331355,-10.6655545938197,"spike",4,699
-2.42839844931946,-2.83931870331355,-10.6655545938197,"spike",4,700
-2.42839844931946,-2.83931870331355,-10.6655545938197,"spike",4,701
-2.42839844931946,-2.83931870331355,-10.6655545938197,"spike",4,702
-2.42839844931946,-2.83931870331355,-10.6655545938197,"spike",4,703
-2.42839844931946,-2.83931870331355,-10.6655545938197,"spike",4,704
-2.42839844931946,-2.83931870331355,-10.6655545938197,"spike",4,705
-2.42839844931946,-2.83931870331355,-10.6655545938197,"spike",4,706
-2.56705479020466,-2.95467692846212,-10.5976102958915,"spike",4,707
-2.85098766169645,-2.80044970695777,-10.6592173337855,"spike",4,708
-2.85098766169645,-2.80044970695777,-10.6592173337855,"spike",4,709
-2.85098766169645,-2.80044970695777,-10.6592173337855,"spike",4,710
-2.85098766169645,-2.80044970695777,-10.6592173337855,"spike",4,711
-2.85098766169645,-2.80044970695777,-10.6592173337855,"spike",4,712
-2.74318619951211,-2.84495581403448,-10.4923900468285,"spike",4,713
-2.72347292138567,-3.03273299259651,-11.133078745388,"spike",4,714
-2.84411336583742,-2.90180624273057,-10.8932922335318,"spike",4,715
-2.42764970439536,-2.7286034550217,-10.6407073221545,"spike",4,716
-2.44942277466511,-2.64665002409525,-10.4137497354703,"spike",4,717
-2.44942277466511,-2.64665002409525,-10.4137497354703,"spike",4,718
-2.0620992052129,-2.67763055756242,-10.4535570146708,"spike",4,719
-2.22814260079038,-3.00002236513203,-10.7656275924738,"spike",4,720
-2.22814260079038,-3.00002236513203,-10.7656275924738,"spike",4,721
-2.22814260079038,-3.00002236513203,-10.7656275924738,"spike",4,722
-2.22814260079038,-3.00002236513203,-10.7656275924738,"spike",4,723
-2.22814260079038,-3.00002236513203,-10.7656275924738,"spike",4,724
-2.69669949700524,-3.05970716528872,-11.0599765052432,"spike",4,725
-2.69669949700524,-3.05970716528872,-11.0599765052432,"spike",4,726
-2.69669949700524,-3.05970716528872,-11.0599765052432,"spike",4,727
-3.14530019161165,-2.8246516973814,-10.6914585690403,"spike",4,728
-3.14530019161165,-2.8246516973814,-10.6914585690403,"spike",4,729
-3.14530019161165,-2.8246516973814,-10.6914585690403,"spike",4,730
-2.94415528675976,-2.77848854678233,-10.4386510929487,"spike",4,731
-3.30004746788592,-2.63134360833069,-10.917345414378,"spike",4,732
-3.59742365590791,-2.59565637529005,-10.2233075045179,"spike",4,733
-3.59742365590791,-2.59565637529005,-10.2233075045179,"spike",4,734
-3.20115525231173,-2.68797511578441,-10.0220944553814,"spike",4,735
-1.86407720854218,-2.63265555471353,-11.109720178432,"spike",4,736
-1.64474431553437,-2.75817796287643,-11.0996042984218,"spike",4,737
-2.75372189352798,-2.8304405084299,-11.1545066332609,"spike",4,738
-2.78555174469873,-2.81997086213364,-11.2378960763066,"spike",4,739
-2.78555174469873,-2.81997086213364,-11.2378960763066,"spike",4,740
-2.78555174469873,-2.81997086213364,-11.2378960763066,"spike",4,741
-2.00885619182352,-2.91514454775564,-11.428663611083,"spike",4,742
-2.72699297651393,-2.86451277967788,-11.7124228271221,"spike",4,743
-2.72699297651393,-2.86451277967788,-11.7124228271221,"spike",4,744
-2.75919116839767,-3.02169018964029,-10.416359545047,"spike",4,745
-2.10831874346354,-2.95493983893675,-10.2270705710483,"spike",4,746
-2.10831874346354,-2.95493983893675,-10.2270705710483,"spike",4,747
-2.18510865027772,-3.01775003551869,-10.1825673875177,"spike",4,748
-2.3598115950419,-2.95370743295016,-10.5175127499911,"spike",4,749
-2.99567149213825,-2.96501469110796,-11.03081760716,"spike",4,750
-2.99567149213825,-2.96501469110796,-11.03081760716,"spike",4,751
-2.14371639169835,-2.90318619013528,-10.1941523128951,"spike",4,752
-2.4886593861658,-3.01326184588241,-10.6236942269179,"spike",4,753
-2.4886593861658,-3.01326184588241,-10.6236942269179,"spike",4,754
-2.4886593861658,-3.01326184588241,-10.6236942269179,"spike",4,755
-2.4886593861658,-3.01326184588241,-10.6236942269179,"spike",4,756
-2.68809205974445,-2.96416863030692,-11.2578199765636,"spike",4,757
-2.68809205974445,-2.96416863030692,-11.2578199765636,"spike",4,758
-2.68809205974445,-2.96416863030692,-11.2578199765636,"spike",4,759
-2.49094878537049,-3.04309137719111,-10.9024068899874,"spike",4,760
-2.58005524600765,-2.7826221490939,-10.677637865969,"spike",4,761
-2.01886451787621,-2.8101555985184,-10.8666692348875,"spike",4,762
-2.28481363971592,-2.74244653226845,-10.6393494866498,"spike",4,763
-2.28481363971592,-2.74244653226845,-10.6393494866498,"spike",4,764
-2.61185135791045,-2.82605399162022,-10.5457091349308,"spike",4,765
-2.49972104673085,-2.91781122338427,-10.6785134837803,"spike",4,766
-2.49972104673085,-2.91781122338427,-10.6785134837803,"spike",4,767
-2.49972104673085,-2.91781122338427,-10.6785134837803,"spike",4,768
-2.49972104673085,-2.91781122338427,-10.6785134837803,"spike",4,769
-2.49972104673085,-2.91781122338427,-10.6785134837803,"spike",4,770
-2.4673732445197,-2.8362657552238,-11.207895227621,"spike",4,771
-1.56070010526849,-2.74891302687986,-10.7559240170347,"spike",4,772
-2.79248088333285,-2.6685339893114,-11.3736385702155,"spike",4,773
-2.79248088333285,-2.6685339893114,-11.3736385702155,"spike",4,774
-1.93099094074909,-2.88703768170826,-10.4156323245472,"spike",4,775
-1.93099094074909,-2.88703768170826,-10.4156323245472,"spike",4,776
-1.93099094074909,-2.88703768170826,-10.4156323245472,"spike",4,777
-1.93099094074909,-2.88703768170826,-10.4156323245472,"spike",4,778
-1.85830985574671,-2.86230789108862,-10.3660992062883,"spike",4,779
-3.35523877831415,-2.77015901636057,-11.0350688114557,"spike",4,780
-2.30366581814185,-2.85151371847972,-11.0122933400411,"spike",4,781
-2.30366581814185,-2.85151371847972,-11.0122933400411,"spike",4,782
-2.30366581814185,-2.85151371847972,-11.0122933400411,"spike",4,783
-2.30366581814185,-2.85151371847972,-11.0122933400411,"spike",4,784
-2.30366581814185,-2.85151371847972,-11.0122933400411,"spike",4,785
-2.53552857242767,-2.84485592206463,-10.6260186107523,"spike",4,786
-2.53552857242767,-2.84485592206463,-10.6260186107523,"spike",4,787
-2.4106167962495,-2.805247471499,-11.121233494999,"spike",4,788
-0.806770715418127,-2.29453853446329,-10.5094361642438,"spike",4,789
-2.51900207423866,-2.67413994476013,-10.7704202844435,"spike",4,790
-2.46394398762845,-2.71705070630646,-10.8234356929726,"spike",4,791
-2.97477324319417,-2.8464135506276,-10.3414197908424,"spike",4,792
-2.74048818555633,-2.85470858076188,-10.6399781081895,"spike",4,793
-3.09928356448538,-2.88167655476052,-10.5910029757455,"spike",4,794
-3.21976034467378,-2.75089275062588,-10.5908987893635,"spike",4,795
-2.8837203836854,-2.73871590246756,-10.7671040802766,"spike",4,796
-2.55978150981438,-3.00056961024454,-10.797641651953,"spike",4,797
-2.55978150981438,-3.00056961024454,-10.797641651953,"spike",4,798
-2.55978150981438,-3.00056961024454,-10.797641651953,"spike",4,799
-2.19143101665528,-2.92313128339104,-10.8412088662652,"spike",4,800
-2.19143101665528,-2.92313128339104,-10.8412088662652,"spike",4,801
-2.19143101665528,-2.92313128339104,-10.8412088662652,"spike",4,802
-2.19143101665528,-2.92313128339104,-10.8412088662652,"spike",4,803
-2.19143101665528,-2.92313128339104,-10.8412088662652,"spike",4,804
-2.2171735833326,-2.92147730510696,-11.1876778437729,"spike",4,805
-2.2171735833326,-2.92147730510696,-11.1876778437729,"spike",4,806
-2.07852979779186,-2.9263051667316,-10.1960761198002,"spike",4,807
-2.07852979779186,-2.9263051667316,-10.1960761198002,"spike",4,808
-2.46144010544482,-2.85704212018784,-10.1412155121221,"spike",4,809
-2.16234508651076,-2.84839100903227,-11.0931820364588,"spike",4,810
-2.16234508651076,-2.84839100903227,-11.0931820364588,"spike",4,811
-1.92624711514295,-2.94549083250334,-10.6626347922933,"spike",4,812
-2.83336382994439,-2.75172491286425,-11.4211884714195,"spike",4,813
-2.83336382994439,-2.75172491286425,-11.4211884714195,"spike",4,814
-2.83336382994439,-2.75172491286425,-11.4211884714195,"spike",4,815
-2.84243542806418,-2.78914040669436,-11.680760454309,"spike",4,816
-3.12931724249202,-2.79571859341108,-10.1291322182365,"spike",4,817
-3.12931724249202,-2.79571859341108,-10.1291322182365,"spike",4,818
-3.12931724249202,-2.79571859341108,-10.1291322182365,"spike",4,819
-3.27375926790447,-2.69502655238597,-10.49508299592,"spike",4,820
-3.39934244994822,-2.71166435619984,-11.0144078317678,"spike",4,821
-2.62671227191509,-2.82616537413195,-10.802985437784,"spike",4,822
-2.45830522480574,-2.98245270898897,-10.8311754212138,"spike",4,823
-2.45830522480574,-2.98245270898897,-10.8311754212138,"spike",4,824
-2.45830522480574,-2.98245270898897,-10.8311754212138,"spike",4,825
-2.1592424609267,-2.90813269941464,-10.2395980527304,"spike",4,826
-2.04393070016964,-3.00825102504629,-10.5910572075336,"spike",4,827
-2.90499963855565,-2.85778593647605,-10.2367271157384,"spike",4,828
-2.90499963855565,-2.85778593647605,-10.2367271157384,"spike",4,829
-2.51129704949895,-3.10242835460359,-10.0826392203278,"spike",4,830
-2.63996840674697,-2.97441651247458,-10.2205446456531,"spike",4,831
-2.63996840674697,-2.97441651247458,-10.2205446456531,"spike",4,832
-2.63996840674697,-2.97441651247458,-10.2205446456531,"spike",4,833
-2.38148240854801,-2.94596034234868,-10.6739591798726,"spike",4,834
-2.77600932518095,-3.07849562235733,-10.416263160403,"spike",4,835
-3.20883444124036,-2.84335138461941,-10.7438123640964,"spike",4,836
-2.46942166797865,-2.69371167563837,-10.8172031004804,"spike",4,837
-3.17914951231044,-2.72192829781257,-10.6872758220998,"spike",4,838
-1.07807409159264,-2.49353239202205,-11.1398639625862,"spike",4,839
-2.96459483768958,-3.03379354389047,-10.8782342502925,"spike",4,840
-2.5070883347654,-3.18075454596438,-11.0073696514245,"spike",4,841
-2.55341400857389,-2.72228258575461,-11.1553749072348,"spike",4,842
-3.1199711765363,-2.74482757608353,-10.7918980105198,"spike",4,843
-3.1199711765363,-2.74482757608353,-10.7918980105198,"spike",4,844
-3.1199711765363,-2.74482757608353,-10.7918980105198,"spike",4,845
-3.1199711765363,-2.74482757608353,-10.7918980105198,"spike",4,846
-1.25171265020485,-2.48081155487174,-11.3842879382898,"spike",4,847
-1.25171265020485,-2.48081155487174,-11.3842879382898,"spike",4,848
-0.969719955599233,-2.4138442534963,-11.4201253994606,"spike",4,849
-2.84128970693058,-2.84566248311726,-11.3789306409765,"spike",4,850
-2.56863823593098,-2.90999048281434,-11.0188461738985,"spike",4,851
-2.56863823593098,-2.90999048281434,-11.0188461738985,"spike",4,852
-2.56863823593098,-2.90999048281434,-11.0188461738985,"spike",4,853
-2.31581710396078,-3.04013855805176,-11.0990917660694,"spike",4,854
-2.31581710396078,-3.04013855805176,-11.0990917660694,"spike",4,855
-1.73494917376635,-2.80972457973275,-10.8595788534972,"spike",4,856
-2.39878600541292,-3.0536482333609,-11.1676117663224,"spike",4,857
-1.79728726369855,-2.76788100742648,-10.5063813735063,"spike",4,858
-1.79728726369855,-2.76788100742648,-10.5063813735063,"spike",4,859
-2.17489658653018,-2.90928361208326,-10.4399624584004,"spike",4,860
-1.93484372299149,-2.79822926367867,-11.0025827596406,"spike",4,861
-1.80517180278963,-2.69380783745621,-11.1522368201422,"spike",4,862
-1.6862399259557,-2.73665253278524,-11.4148118729151,"spike",4,863
-1.65222499397056,-2.78333354892641,-11.1086047799186,"spike",4,864
-2.73650221670199,-2.73918541236309,-11.1653721090893,"spike",4,865
-2.73650221670199,-2.73918541236309,-11.1653721090893,"spike",4,866
-1.76241522011917,-2.75637879136419,-11.3325312523991,"spike",4,867
-1.76241522011917,-2.75637879136419,-11.3325312523991,"spike",4,868
-1.76241522011917,-2.75637879136419,-11.3325312523991,"spike",4,869
-1.66360303317177,-2.76586017294529,-10.7452307195963,"spike",4,870
-1.37877097326642,-2.55137710557428,-10.961503329107,"spike",4,871
-1.37877097326642,-2.55137710557428,-10.961503329107,"spike",4,872
-1.37877097326642,-2.55137710557428,-10.961503329107,"spike",4,873
-2.21712671560689,-2.98622914311319,-10.0444793456413,"spike",4,874
-2.57721193430929,-2.84064943400196,-10.6182221682376,"spike",4,875
-2.52746386557834,-2.95643235213504,-10.8804932529849,"spike",4,876
-2.52746386557834,-2.95643235213504,-10.8804932529849,"spike",4,877
-1.95094022151257,-2.82947620920586,-10.6620972416495,"spike",4,878
-2.52117537398315,-2.9044428674163,-10.1841324155738,"spike",4,879
-2.4770182612578,-2.9126611800879,-10.2821198836092,"spike",4,880
-2.52945785667592,-2.95777392785185,-11.4554303783155,"spike",4,881
-2.66390647257334,-2.83820304324278,-11.2924685500548,"spike",4,882
-3.25454459689242,-2.79528264291145,-10.524656763436,"spike",4,883
-3.25454459689242,-2.79528264291145,-10.524656763436,"spike",4,884
-2.89436716553984,-2.93979023650946,-10.4460971329584,"spike",4,885
-2.57939806219904,-2.79967623365828,-10.7969054747902,"spike",4,886
-2.57939806219904,-2.79967623365828,-10.7969054747902,"spike",4,887
-2.57939806219904,-2.79967623365828,-10.7969054747902,"spike",4,888
-2.57939806219904,-2.79967623365828,-10.7969054747902,"spike",4,889
-2.57939806219904,-2.79967623365828,-10.7969054747902,"spike",4,890
-2.57939806219904,-2.79967623365828,-10.7969054747902,"spike",4,891
-2.57939806219904,-2.79967623365828,-10.7969054747902,"spike",4,892
-2.46865430648684,-2.89140659157846,-10.8459642735195,"spike",4,893
-2.46865430648684,-2.89140659157846,-10.8459642735195,"spike",4,894
-2.68267027121899,-2.96061951908335,-10.5669765366428,"spike",4,895
-2.68267027121899,-2.96061951908335,-10.5669765366428,"spike",4,896
-2.68267027121899,-2.96061951908335,-10.5669765366428,"spike",4,897
-1.67486235158961,-2.76874697005171,-10.7323566892574,"spike",4,898
-1.67486235158961,-2.76874697005171,-10.7323566892574,"spike",4,899
-1.67486235158961,-2.76874697005171,-10.7323566892574,"spike",4,900
-2.14552950984088,-2.69122409282059,-10.6633517993956,"spike",4,901
-1.21864504894378,-2.51958284170251,-10.5978301726095,"spike",4,902
-1.45801755953056,-2.68445535366012,-10.7877701652435,"spike",4,903
-1.45801755953056,-2.68445535366012,-10.7877701652435,"spike",4,904
-1.26622149086742,-2.59648345829451,-10.6196578900309,"spike",4,905
-1.71146551853257,-2.80001726723247,-11.1869516608287,"spike",4,906
-1.88015460265519,-2.78678516963468,-10.4890656832668,"spike",4,907
-2.23193916398033,-2.87038652171875,-10.3332508071342,"spike",4,908
-2.69389272185483,-3.01205560393948,-10.5131226293534,"spike",4,909
-2.69389272185483,-3.01205560393948,-10.5131226293534,"spike",4,910
-2.73501059143374,-2.96197801357994,-10.4136938395959,"spike",4,911
-2.73501059143374,-2.96197801357994,-10.4136938395959,"spike",4,912
-2.73501059143374,-2.96197801357994,-10.4136938395959,"spike",4,913
-2.73501059143374,-2.96197801357994,-10.4136938395959,"spike",4,914
-2.25689629370997,-2.99039648716883,-10.3292095433763,"spike",4,915
-2.25689629370997,-2.99039648716883,-10.3292095433763,"spike",4,916
-2.25689629370997,-2.99039648716883,-10.3292095433763,"spike",4,917
-2.25689629370997,-2.99039648716883,-10.3292095433763,"spike",4,918
-2.69446701932089,-3.00909510119491,-10.7602274639667,"spike",4,919
-2.69446701932089,-3.00909510119491,-10.7602274639667,"spike",4,920
-2.68293299189885,-2.86742806423827,-10.0212588515921,"spike",4,921
-2.68293299189885,-2.86742806423827,-10.0212588515921,"spike",4,922
-2.68293299189885,-2.86742806423827,-10.0212588515921,"spike",4,923
-1.16927538147425,-2.45156323914594,-10.4880292485026,"spike",4,924
-1.16927538147425,-2.45156323914594,-10.4880292485026,"spike",4,925
-1.20717630545418,-2.60681702052536,-10.239149798902,"spike",4,926
-1.03899894463472,-2.46271473996074,-10.1863163850828,"spike",4,927
-1.80161549100361,-2.771222506519,-9.97398677275461,"spike",4,928
-1.31062276500428,-2.69860060400418,-10.3196332500357,"spike",4,929
-1.31062276500428,-2.69860060400418,-10.3196332500357,"spike",4,930
-2.01724039406403,-2.82434253600902,-10.5780051923127,"spike",4,931
-2.4194817775932,-2.87873984861691,-11.0174670796149,"spike",4,932
-2.4194817775932,-2.87873984861691,-11.0174670796149,"spike",4,933
-2.4194817775932,-2.87873984861691,-11.0174670796149,"spike",4,934
-2.4194817775932,-2.87873984861691,-11.0174670796149,"spike",4,935
-2.7802776405991,-2.87389475355651,-10.6506198475727,"spike",4,936
-2.08608067758203,-2.7762850536823,-10.7572530967855,"spike",4,937
-2.08608067758203,-2.7762850536823,-10.7572530967855,"spike",4,938
-2.60375129428175,-2.92399308738843,-11.1378313832624,"spike",4,939
-2.26242424072537,-2.76971890076185,-10.3511404461471,"spike",4,940
-2.26242424072537,-2.76971890076185,-10.3511404461471,"spike",4,941
-2.3488978296277,-2.84110921099582,-10.335460103737,"spike",4,942
-1.8644160903762,-2.83201903773492,-10.3565343566062,"spike",4,943
-2.91192087039818,-2.9777220048374,-10.4036603171057,"spike",4,944
-2.91192087039818,-2.9777220048374,-10.4036603171057,"spike",4,945
-2.61150524092825,-3.0749920724403,-11.2741449970119,"spike",4,946
-2.12844754125979,-3.03874626841232,-10.6113282027733,"spike",4,947
-1.53698588164604,-2.70892181775597,-10.8410445579926,"spike",4,948
-1.53698588164604,-2.70892181775597,-10.8410445579926,"spike",4,949
-1.84667293730781,-2.7036137922012,-10.6330881979769,"spike",4,950
-0.784261785886977,-2.38938518593261,-10.6008182146587,"spike",4,951
-0.784261785886977,-2.38938518593261,-10.6008182146587,"spike",4,952
-1.69459293978485,-2.49860408533566,-10.9460642506489,"spike",4,953
-1.15757262991375,-2.61969516044327,-10.3554125569586,"spike",4,954
-1.15757262991375,-2.61969516044327,-10.3554125569586,"spike",4,955
-1.63541175542098,-2.71635329415688,-10.6155565960293,"spike",4,956
-2.68792208852789,-2.79313594422916,-10.4310576595551,"spike",4,957
-2.68792208852789,-2.79313594422916,-10.4310576595551,"spike",4,958
-1.58994167124196,-2.75044688049747,-10.5531583276096,"spike",4,959
-1.47863058616698,-2.60765085060302,-10.4005546642904,"spike",4,960
-1.86008990994331,-2.9665323019799,-10.3350007063668,"spike",4,961
-2.66455454477674,-2.93116638291606,-9.89534296229855,"spike",4,962
-2.78993374026308,-2.90459460142666,-10.9663632396457,"spike",4,963
-2.53123098669495,-3.02323500045283,-10.7637335804757,"spike",4,964
-2.58065646663257,-2.81183533072696,-10.6124821834964,"spike",4,965
-2.58065646663257,-2.81183533072696,-10.6124821834964,"spike",4,966
-2.50372105663376,-2.84376942623543,-10.7512846702083,"spike",4,967
-2.50372105663376,-2.84376942623543,-10.7512846702083,"spike",4,968
-3.20606708742772,-2.91424998885455,-10.4587627861372,"spike",4,969
-3.20606708742772,-2.91424998885455,-10.4587627861372,"spike",4,970
-2.69815003780524,-2.90052630637215,-10.752639078661,"spike",4,971
-2.69815003780524,-2.90052630637215,-10.752639078661,"spike",4,972
-2.69815003780524,-2.90052630637215,-10.752639078661,"spike",4,973
-2.69815003780524,-2.90052630637215,-10.752639078661,"spike",4,974
-2.69815003780524,-2.90052630637215,-10.752639078661,"spike",4,975
-2.69815003780524,-2.90052630637215,-10.752639078661,"spike",4,976
-2.69815003780524,-2.90052630637215,-10.752639078661,"spike",4,977
-2.29576935339212,-2.82965036938845,-10.1797045822688,"spike",4,978
-2.29576935339212,-2.82965036938845,-10.1797045822688,"spike",4,979
-2.29576935339212,-2.82965036938845,-10.1797045822688,"spike",4,980
-2.29547884846837,-2.989084507468,-10.6488228873156,"spike",4,981
-2.22427199548774,-3.01601225877581,-10.2875665744597,"spike",4,982
-2.52843359053412,-2.69487160245159,-11.0872082724723,"spike",4,983
-2.89644238287625,-2.86564057117596,-11.1953627263332,"spike",4,984
-2.67126044130619,-2.89924287385658,-11.7738034497864,"spike",4,985
-2.67126044130619,-2.89924287385658,-11.7738034497864,"spike",4,986
-2.76652402647479,-2.8908018092604,-10.7948020446705,"spike",4,987
-1.95133027958672,-2.79463464218969,-10.7397988374463,"spike",4,988
-1.30747866498028,-2.68686815985442,-10.7710731279458,"spike",4,989
-1.70807657176155,-2.75692162164107,-11.3567138288459,"spike",4,990
-2.44963093926735,-3.00559282795815,-11.3072137875364,"spike",4,991
-2.9295439146278,-3.02057322266897,-11.3373133727014,"spike",4,992
-2.9295439146278,-3.02057322266897,-11.3373133727014,"spike",4,993
-2.9295439146278,-3.02057322266897,-11.3373133727014,"spike",4,994
-2.85916914817118,-2.85972595588527,-10.3945028285469,"spike",4,995
-2.64179503109632,-2.82978986477347,-10.9422572118336,"spike",4,996
-2.64179503109632,-2.82978986477347,-10.9422572118336,"spike",4,997
-2.64179503109632,-2.82978986477347,-10.9422572118336,"spike",4,998
-2.64179503109632,-2.82978986477347,-10.9422572118336,"spike",4,999
-2.64179503109632,-2.82978986477347,-10.9422572118336,"spike",4,1000
-2.64179503109632,-2.82978986477347,-10.9422572118336,"spike",4,1001
-2.64179503109632,-2.82978986477347,-10.9422572118336,"spike",4,1002
-2.64179503109632,-2.82978986477347,-10.9422572118336,"spike",4,1003
-2.21492953204614,-2.84473196934525,-10.6940100405769,"spike",4,1004
-3.31090650117679,-2.90748422339698,-11.254101455313,"spike",4,1005
-3.17511275943925,-2.81788172730443,-10.821131707533,"spike",4,1006
-3.17511275943925,-2.81788172730443,-10.821131707533,"spike",4,1007
-3.17511275943925,-2.81788172730443,-10.821131707533,"spike",4,1008
-2.86418029328173,-2.78815027764538,-11.4491655714401,"spike",4,1009
-2.95919650549572,-2.8762304762279,-11.1340694021385,"spike",4,1010
-2.95919650549572,-2.8762304762279,-11.1340694021385,"spike",4,1011
-2.95919650549572,-2.8762304762279,-11.1340694021385,"spike",4,1012
-3.00358045028793,-2.94007046248738,-10.6313670463704,"spike",4,1013
-2.85184052463514,-3.01935932156435,-10.3253241722862,"spike",4,1014
-2.04850763272061,-2.84209054354224,-9.93929911958997,"spike",4,1015
-1.99289006782003,-3.12223658289644,-10.7505835102507,"spike",4,1016
-3.3811472565464,-2.81988254313823,-11.2125679893769,"spike",4,1017
-2.82852322049921,-2.94970439451615,-11.4231834396391,"spike",4,1018
-2.82852322049921,-2.94970439451615,-11.4231834396391,"spike",4,1019
-2.53088154338046,-2.91782026066633,-11.2700707156983,"spike",4,1020
-2.21297776584459,-2.9969617958729,-10.4535475859555,"spike",4,1021
-2.46569320941237,-2.94197803776761,-10.3013395004229,"spike",4,1022
-2.80391506105019,-2.8455882606327,-10.2641320692123,"spike",4,1023
-2.33618768686065,-2.85095032329448,-10.5009910840721,"spike",4,1024
-2.33618768686065,-2.85095032329448,-10.5009910840721,"spike",4,1025
-2.29313657152178,-2.95324195959922,-11.167549637416,"spike",4,1026
-2.78713178292942,-2.93820058691235,-10.413178217269,"spike",4,1027
-2.78713178292942,-2.93820058691235,-10.413178217269,"spike",4,1028
-2.78713178292942,-2.93820058691235,-10.413178217269,"spike",4,1029
-2.78713178292942,-2.93820058691235,-10.413178217269,"spike",4,1030
-2.70055045830966,-3.03871355923267,-10.2507104149529,"spike",4,1031
-2.70055045830966,-3.03871355923267,-10.2507104149529,"spike",4,1032
-2.27803770301863,-2.87193582561599,-10.9582057453389,"spike",4,1033
-2.75649632581874,-2.69483594770706,-11.1540250984785,"spike",4,1034
-2.56947937120423,-2.73529556624518,-11.3283235113031,"spike",4,1035
-2.25189825891851,-2.9087921789472,-10.8778347412481,"spike",4,1036
-2.28856492912183,-2.9470762225824,-11.2130749913431,"spike",4,1037
-2.28856492912183,-2.9470762225824,-11.2130749913431,"spike",4,1038
-2.28856492912183,-2.9470762225824,-11.2130749913431,"spike",4,1039
-2.15320500113276,-2.65344139166314,-10.6082473978689,"spike",4,1040
-2.87259140849157,-2.76128944732814,-10.898435199463,"spike",4,1041
-2.34231513696061,-3.01473856582834,-10.7395652594383,"spike",4,1042
-2.34231513696061,-3.01473856582834,-10.7395652594383,"spike",4,1043
-2.19861110915224,-2.73951067323114,-10.7250643466636,"spike",4,1044
-2.48300411944269,-2.8030382466789,-10.7382766624314,"spike",4,1045
-2.27482170722925,-2.78804610683054,-11.0802738312075,"spike",4,1046
-2.05804187052059,-2.96978969283746,-10.7341236034496,"spike",4,1047
-2.47913496833394,-2.90818399452081,-10.8587498059803,"spike",4,1048
-3.03459887566255,-2.79325417564155,-10.8426806771804,"spike",4,1049
-3.03459887566255,-2.79325417564155,-10.8426806771804,"spike",4,1050
-2.60802574206257,-2.72246568741324,-10.569640840973,"spike",4,1051
-2.89843896228739,-2.74180558961711,-10.5257680148354,"spike",4,1052
-3.05755556696505,-2.90955604010661,-10.7333267843825,"spike",4,1053
-2.66778889180599,-2.66009545462172,-10.9536156145454,"spike",4,1054
-2.33262427384277,-2.67647519311669,-10.4322718295313,"spike",4,1055
-2.81928856698355,-2.90727690894724,-11.0314232666525,"spike",4,1056
-2.91206338368238,-2.89974099969868,-11.8826911559395,"spike",4,1057
-2.9577749833969,-2.80838322113561,-10.9392767976004,"spike",4,1058
-2.9577749833969,-2.80838322113561,-10.9392767976004,"spike",4,1059
-2.9577749833969,-2.80838322113561,-10.9392767976004,"spike",4,1060
-2.65896051834349,-2.6604569520492,-11.0131955029327,"spike",4,1061
-2.09327136528033,-2.86974890633864,-10.9036929964353,"spike",4,1062
-2.63046537949839,-2.985852794226,-10.4686695739221,"spike",4,1063
-2.11959510597918,-2.87076384793744,-10.6270411420535,"spike",4,1064
-2.11959510597918,-2.87076384793744,-10.6270411420535,"spike",4,1065
-1.98390906154363,-2.86175601748259,-10.8601865856985,"spike",4,1066
-1.98118518782421,-2.77192571041039,-11.2518191389712,"spike",4,1067
-2.86923135258197,-2.60571322747682,-10.4384466343766,"spike",4,1068
-3.91097546177817,-2.56148048220257,-11.1659384333711,"spike",4,1069
-2.76648633486007,-2.55277982984865,-11.4460763953771,"spike",4,1070
-3.00697742418899,-3.02420029257056,-10.9360000406161,"spike",4,1071
-2.30008239856748,-2.79938551065069,-11.1345999938934,"spike",4,1072
-1.84631069767186,-2.80231080146927,-10.7229330657503,"spike",4,1073
-2.51891359725409,-3.05910626024434,-10.6862754572754,"spike",4,1074
-2.51891359725409,-3.05910626024434,-10.6862754572754,"spike",4,1075
-2.51891359725409,-3.05910626024434,-10.6862754572754,"spike",4,1076
-2.10162821455217,-3.01841762131462,-10.0539953341963,"spike",4,1077
-2.10162821455217,-3.01841762131462,-10.0539953341963,"spike",4,1078
-1.80980742215465,-2.84437136063732,-10.3392107559366,"spike",4,1079
-2.42533959866964,-2.99197587129978,-9.69531891761209,"spike",4,1080
-3.24873175601162,-2.84338273226332,-10.0144510705786,"spike",4,1081
-3.23703011932957,-2.68232490846851,-10.7729635764451,"spike",4,1082
-3.3454522459137,-2.67666634415026,-11.406332479927,"spike",4,1083
-3.3454522459137,-2.67666634415026,-11.406332479927,"spike",4,1084
-3.11375142745907,-2.88030421809409,-11.1834187159568,"spike",4,1085
-2.33764519129175,-2.94752307565151,-10.6756282356545,"spike",4,1086
-2.33764519129175,-2.94752307565151,-10.6756282356545,"spike",4,1087
-2.08049776399605,-2.91759775367057,-10.7742104431326,"spike",4,1088
-3.01203114068534,-2.79155995192419,-11.2062594275972,"spike",4,1089
-2.55424400501355,-3.07086631121292,-11.1124321484393,"spike",4,1090
-2.33160568000553,-2.90001537982403,-11.6265605618752,"spike",4,1091
-3.13652319034663,-2.85971791298395,-10.4648621784378,"spike",4,1092
-2.22874716938777,-2.69203260691361,-10.9194321496466,"spike",4,1093
-2.61098570167837,-2.90327700337743,-11.1036854539673,"spike",4,1094
-2.61098570167837,-2.90327700337743,-11.1036854539673,"spike",4,1095
-2.40998348704334,-3.04101430963099,-10.2167334905825,"spike",4,1096
-2.40998348704334,-3.04101430963099,-10.2167334905825,"spike",4,1097
-2.40998348704334,-3.04101430963099,-10.2167334905825,"spike",4,1098
-2.00565430767955,-2.75137539681391,-10.5470778001562,"spike",4,1099
-2.00565430767955,-2.75137539681391,-10.5470778001562,"spike",4,1100
-2.68202941412304,-2.69620245291791,-10.3319699247828,"spike",4,1101
-2.45779707782104,-2.75024388740925,-10.5299178969292,"spike",4,1102
-2.31232293395835,-2.75540751550687,-10.4187484157165,"spike",4,1103
-2.91812270923623,-2.76170669512313,-11.2194673774645,"spike",4,1104
-2.90665281188413,-2.64452314293132,-10.7432086376661,"spike",4,1105
-2.22143466462448,-2.56520362943739,-11.1852336405979,"spike",4,1106
-1.19424771012024,-2.70325391267908,-10.807723721673,"spike",4,1107
-1.27951706884266,-2.74833841894449,-11.1276881868781,"spike",4,1108
-1.27951706884266,-2.74833841894449,-11.1276881868781,"spike",4,1109
-0.969950973097738,-2.43452870317823,-10.6347018070554,"spike",4,1110
-2.32045839689435,-2.67470087453598,-10.1622879199684,"spike",4,1111
-2.72937079829195,-2.78516073659297,-11.0010331429908,"spike",4,1112
-2.66818888856807,-2.95260974809637,-10.2935734097104,"spike",4,1113
-2.66818888856807,-2.95260974809637,-10.2935734097104,"spike",4,1114
-2.81068993248422,-2.86345117404154,-10.8635162638434,"spike",4,1115
-2.60610930085877,-3.01854431457709,-10.4699292416514,"spike",4,1116
-2.36030929603797,-2.8854295737631,-10.8142615762254,"spike",4,1117
-1.83903148717459,-2.77195619608959,-11.2388635049859,"spike",4,1118
-1.83903148717459,-2.77195619608959,-11.2388635049859,"spike",4,1119
-2.42018664347023,-2.74194434232327,-10.7818257164452,"spike",4,1120
-2.43391109458166,-2.78032280488995,-10.6588350004309,"spike",4,1121
-2.43391109458166,-2.78032280488995,-10.6588350004309,"spike",4,1122
-2.43391109458166,-2.78032280488995,-10.6588350004309,"spike",4,1123
-2.76651641748844,-2.93563743166476,-11.0319587450896,"spike",4,1124
-2.76651641748844,-2.93563743166476,-11.0319587450896,"spike",4,1125
-2.76651641748844,-2.93563743166476,-11.0319587450896,"spike",4,1126
-2.76088657802208,-2.74808553558933,-11.0021363689818,"spike",4,1127
-2.02811389070538,-2.91584306088858,-10.9925155767599,"spike",4,1128
-2.02811389070538,-2.91584306088858,-10.9925155767599,"spike",4,1129
-2.75121047040878,-3.09448730684928,-10.5149312921577,"spike",4,1130
-2.75121047040878,-3.09448730684928,-10.5149312921577,"spike",4,1131
-2.68080823013505,-2.86922189418256,-10.3212639034062,"spike",4,1132
-2.68080823013505,-2.86922189418256,-10.3212639034062,"spike",4,1133
-2.68080823013505,-2.86922189418256,-10.3212639034062,"spike",4,1134
-2.40824831211162,-3.03635876779152,-10.3429327959807,"spike",4,1135
-2.40824831211162,-3.03635876779152,-10.3429327959807,"spike",4,1136
-2.40824831211162,-3.03635876779152,-10.3429327959807,"spike",4,1137
-2.40824831211162,-3.03635876779152,-10.3429327959807,"spike",4,1138
-2.40824831211162,-3.03635876779152,-10.3429327959807,"spike",4,1139
-2.57284482864854,-3.02573387652409,-10.8710139252355,"spike",4,1140
-2.57284482864854,-3.02573387652409,-10.8710139252355,"spike",4,1141
-2.50498875091136,-2.887555196696,-10.8407574652401,"spike",4,1142
-2.44003328292626,-2.95559720519852,-10.8352809074531,"spike",4,1143
-2.44003328292626,-2.95559720519852,-10.8352809074531,"spike",4,1144
-2.44003328292626,-2.95559720519852,-10.8352809074531,"spike",4,1145
-2.44003328292626,-2.95559720519852,-10.8352809074531,"spike",4,1146
-2.688453942932,-3.02420189288908,-11.0218224558157,"spike",4,1147
-2.82469669695246,-2.91806756620282,-10.9780375179776,"spike",4,1148
-2.82469669695246,-2.91806756620282,-10.9780375179776,"spike",4,1149
-2.82469669695246,-2.91806756620282,-10.9780375179776,"spike",4,1150
-2.82469669695246,-2.91806756620282,-10.9780375179776,"spike",4,1151
-2.11352549014984,-3.00592050603141,-10.145016593336,"spike",4,1152
-2.11352549014984,-3.00592050603141,-10.145016593336,"spike",4,1153
-1.28459060868669,-2.69760051250456,-10.3925529871833,"spike",4,1154
-1.06644136650905,-2.47690819470916,-10.816640981228,"spike",4,1155
-2.77219298972717,-2.78228518913521,-10.1594821387587,"spike",4,1156
-3.22317274064059,-2.72087060544897,-10.3613885324142,"spike",4,1157
-1.20350563577973,-2.66278603789125,-10.3490226585874,"spike",4,1158
-1.75507320537156,-2.78759843418445,-10.6725851782385,"spike",4,1159
-1.48871193569867,-2.74176461647429,-10.3987542370933,"spike",4,1160
-1.87129051012011,-2.97149872248479,-10.3686901215549,"spike",4,1161
-1.76797405485186,-2.87322104358521,-10.6026010150649,"spike",4,1162
-2.39139929790205,-2.96408944412104,-11.0424668560556,"spike",4,1163
-2.56078660714117,-2.85579474370555,-11.2456738905542,"spike",4,1164
-2.44656915664564,-2.88380730722973,-10.4705363830551,"spike",4,1165
-1.21895522830441,-2.54560639159591,-10.8218296879706,"spike",4,1166
-1.21895522830441,-2.54560639159591,-10.8218296879706,"spike",4,1167
-2.45390504141054,-2.87752341484103,-10.3012025894144,"spike",4,1168
-2.45390504141054,-2.87752341484103,-10.3012025894144,"spike",4,1169
-2.45390504141054,-2.87752341484103,-10.3012025894144,"spike",4,1170
-2.45390504141054,-2.87752341484103,-10.3012025894144,"spike",4,1171
-2.45390504141054,-2.87752341484103,-10.3012025894144,"spike",4,1172
-2.79115831952306,-3.03981941469815,-10.4198075624668,"spike",4,1173
-1.85724821124659,-2.77860578501707,-11.0960083340674,"spike",4,1174
-1.73619604590312,-2.79767007195589,-10.9012675182214,"spike",4,1175
-1.73619604590312,-2.79767007195589,-10.9012675182214,"spike",4,1176
-1.87192382664584,-2.72999110389387,-10.4417802256132,"spike",4,1177
-2.66458796495265,-2.9600307199302,-11.0601357026006,"spike",4,1178
-2.67048005533351,-2.77890925476442,-11.144655067462,"spike",4,1179
-3.03240555960748,-2.61382627134771,-10.5993498068226,"spike",4,1180
-3.03240555960748,-2.61382627134771,-10.5993498068226,"spike",4,1181
-2.41341661280172,-2.66481528199771,-10.922377011024,"spike",4,1182
-1.91346290297397,-2.59546415268161,-10.7053741313298,"spike",4,1183
-1.92819735591735,-2.91093003012852,-10.3452486302552,"spike",4,1184
-3.03547644026472,-2.8387391524448,-10.5687367348811,"spike",4,1185
-2.41307861453392,-2.81701158394952,-10.9326219372161,"spike",4,1186
-2.32693927195134,-2.99141580981411,-10.4714445245007,"spike",4,1187
-2.32693927195134,-2.99141580981411,-10.4714445245007,"spike",4,1188
-2.06441537455934,-2.92578444661832,-10.7715353951709,"spike",4,1189
-2.99210025026526,-2.86474810373111,-11.064966579555,"spike",4,1190
-1.98180304650474,-2.81920389942219,-10.9492826801866,"spike",4,1191
-1.67968314858545,-2.81897421168557,-11.0255597070641,"spike",4,1192
-1.75285425895756,-2.79098952437629,-10.1675508001192,"spike",4,1193
-1.76804779445607,-2.64088103912421,-10.4314464960044,"spike",4,1194
-2.55311299512721,-3.11879766586602,-9.85974638458348,"spike",4,1195
-3.2886285445055,-2.72400871323256,-10.3157618475891,"spike",4,1196
-2.83546359934476,-2.66416637261243,-10.6753568441757,"spike",4,1197
-2.83546359934476,-2.66416637261243,-10.6753568441757,"spike",4,1198
-2.39885360700055,-2.81623809802399,-10.4704073508604,"spike",4,1199
-1.90062337205061,-2.84697487516837,-10.6046198268475,"spike",4,1200
-1.90062337205061,-2.84697487516837,-10.6046198268475,"spike",4,1201
-2.09700325298436,-2.99956525158067,-10.4007547660356,"spike",4,1202
-1.94606878276024,-2.8863046311409,-10.4881563856778,"spike",4,1203
-2.54725100103785,-2.89748895266383,-10.4866831785084,"spike",4,1204
-2.54725100103785,-2.89748895266383,-10.4866831785084,"spike",4,1205
-2.54725100103785,-2.89748895266383,-10.4866831785084,"spike",4,1206
-2.98149916033951,-2.89794312965949,-10.3235070350147,"spike",4,1207
-2.12154463009925,-2.75509564884341,-10.1470442467629,"spike",4,1208
-2.12154463009925,-2.75509564884341,-10.1470442467629,"spike",4,1209
-1.37661243769081,-2.71799574584273,-10.2915964378825,"spike",4,1210
-1.02916856977916,-2.4967879440108,-10.793887302968,"spike",4,1211
-1.26993135783469,-2.61372710024101,-10.3165081530814,"spike",4,1212
-2.08430722991756,-2.87844833551388,-9.99794416906007,"spike",4,1213
-2.888635666942,-2.71677331761616,-10.4067507335104,"spike",4,1214
-2.888635666942,-2.71677331761616,-10.4067507335104,"spike",4,1215
-2.888635666942,-2.71677331761616,-10.4067507335104,"spike",4,1216
-2.30601242387973,-2.69375033745166,-10.8832803649915,"spike",4,1217
-1.06906210178599,-2.41289984962531,-11.1428197918712,"spike",4,1218
-1.06906210178599,-2.41289984962531,-11.1428197918712,"spike",4,1219
-2.54020867132561,-2.66571496914943,-10.4236937437822,"spike",4,1220
-1.54536237726103,-2.54878343473962,-11.0053768882595,"spike",4,1221
-1.54536237726103,-2.54878343473962,-11.0053768882595,"spike",4,1222
-1.24611595752937,-2.66889879460012,-10.5333442081623,"spike",4,1223
-1.24611595752937,-2.66889879460012,-10.5333442081623,"spike",4,1224
-1.6192671682489,-2.65321543287927,-10.1959862514265,"spike",4,1225
-1.99733088438756,-2.77507210008209,-10.3020912731082,"spike",4,1226
-1.65879161687762,-2.75121802104714,-10.4455332383338,"spike",4,1227
-1.65879161687762,-2.75121802104714,-10.4455332383338,"spike",4,1228
-1.65879161687762,-2.75121802104714,-10.4455332383338,"spike",4,1229
-2.45741932648194,-2.74618892595721,-10.7978851235208,"spike",4,1230
-3.21875399294379,-2.8480369926857,-10.9042560047955,"spike",4,1231
-3.25780095981705,-2.77618750536461,-10.4377295194497,"spike",4,1232
-3.25780095981705,-2.77618750536461,-10.4377295194497,"spike",4,1233
-2.6682209444532,-2.79530181725727,-10.3973376231881,"spike",4,1234
-2.43901573666636,-2.86175751689601,-11.4261179818125,"spike",4,1235
-2.60073214221249,-3.10538469155968,-11.096512631496,"spike",4,1236
-2.60073214221249,-3.10538469155968,-11.096512631496,"spike",4,1237
-2.90013160325504,-3.07099941865202,-10.6577940367946,"spike",4,1238
-1.9454391740413,-2.89156136341925,-10.8499212319946,"spike",4,1239
-1.9454391740413,-2.89156136341925,-10.8499212319946,"spike",4,1240
-2.73833706944655,-3.02238800708364,-11.0324574851644,"spike",4,1241
-1.22166466763124,-2.61041546782211,-11.2772435255238,"spike",4,1242
-1.34775824198559,-2.61714742057634,-10.9219080708304,"spike",4,1243
-2.55950413455065,-2.71219128232144,-11.2889519379145,"spike",4,1244
-3.14811188504479,-2.68797787425299,-11.0615889145139,"spike",4,1245
-2.98566858558653,-2.80632399441347,-11.0253407650792,"spike",4,1246
-2.98566858558653,-2.80632399441347,-11.0253407650792,"spike",4,1247
-2.86588951633174,-3.03258666811855,-10.6876487328935,"spike",4,1248
-2.86588951633174,-3.03258666811855,-10.6876487328935,"spike",4,1249
-2.97588412791277,-2.92130136064101,-10.6546129911985,"spike",4,1250
-2.97588412791277,-2.92130136064101,-10.6546129911985,"spike",4,1251
-1.73346618803143,-2.9143685102483,-10.4207248292946,"spike",4,1252
-1.73346618803143,-2.9143685102483,-10.4207248292946,"spike",4,1253
-1.73346618803143,-2.9143685102483,-10.4207248292946,"spike",4,1254
-1.73346618803143,-2.9143685102483,-10.4207248292946,"spike",4,1255
-2.59470512483652,-2.81637040751221,-10.8492368688753,"spike",4,1256
-2.59470512483652,-2.81637040751221,-10.8492368688753,"spike",4,1257
-2.51524278835772,-2.90482446513253,-10.4785167841028,"spike",4,1258
-2.51524278835772,-2.90482446513253,-10.4785167841028,"spike",4,1259
-2.51524278835772,-2.90482446513253,-10.4785167841028,"spike",4,1260
-2.33850056397195,-3.0136175034948,-10.9836455849177,"spike",4,1261
-2.18607722785012,-2.96460200298185,-10.6741935702353,"spike",4,1262
-2.5880897881893,-2.83234868921504,-11.0281463864133,"spike",4,1263
-2.5880897881893,-2.83234868921504,-11.0281463864133,"spike",4,1264
-2.5880897881893,-2.83234868921504,-11.0281463864133,"spike",4,1265
-2.5880897881893,-2.83234868921504,-11.0281463864133,"spike",4,1266
-2.47509340360892,-2.86606627974306,-11.1275754371414,"spike",4,1267
-2.47509340360892,-2.86606627974306,-11.1275754371414,"spike",4,1268
-2.51144296421652,-2.82512692346138,-10.4089092507356,"spike",4,1269
-2.38377283359575,-3.12992508389073,-10.0728052882099,"spike",4,1270
-2.38377283359575,-3.12992508389073,-10.0728052882099,"spike",4,1271
-2.38377283359575,-3.12992508389073,-10.0728052882099,"spike",4,1272
-2.87348582371151,-2.89302350623695,-10.2176359077312,"spike",4,1273
-2.62458178586979,-2.73163219039285,-10.6161816116227,"spike",4,1274
-1.68998940085078,-2.89427236227507,-10.4130189658207,"spike",4,1275
-2.70622268098822,-2.91680212298837,-10.7996219368935,"spike",4,1276
-2.70622268098822,-2.91680212298837,-10.7996219368935,"spike",4,1277
-2.70622268098822,-2.91680212298837,-10.7996219368935,"spike",4,1278
-2.70622268098822,-2.91680212298837,-10.7996219368935,"spike",4,1279
-2.70622268098822,-2.91680212298837,-10.7996219368935,"spike",4,1280
-2.69000870304653,-2.88354603838299,-10.7144438734712,"spike",4,1281
-2.67533249826241,-2.97792549430482,-10.563905646326,"spike",4,1282
-2.67533249826241,-2.97792549430482,-10.563905646326,"spike",4,1283
-1.80162837799793,-2.71687937242626,-10.5102533423052,"spike",4,1284
-1.80162837799793,-2.71687937242626,-10.5102533423052,"spike",4,1285
-2.12526548910652,-2.74029892091532,-10.4925997748915,"spike",4,1286
-2.91609234291339,-2.8669621076905,-10.3837872717378,"spike",4,1287
-2.91609234291339,-2.8669621076905,-10.3837872717378,"spike",4,1288
-2.62645261071945,-3.01534360021039,-11.0352002038987,"spike",4,1289
-2.22340613384222,-2.8668944721302,-10.8291806885746,"spike",4,1290
-2.82198253952012,-3.00552198532012,-11.2301481725076,"spike",4,1291
-1.9767425668417,-2.83553175539115,-10.5610461480511,"spike",4,1292
-1.9767425668417,-2.83553175539115,-10.5610461480511,"spike",4,1293
-1.97832972616599,-2.80724342977961,-10.2680546437859,"spike",4,1294
-2.02715652609023,-2.79945912333742,-10.9456841192964,"spike",4,1295
-2.60370459356752,-2.77360308517081,-10.534272184687,"spike",4,1296
-2.60370459356752,-2.77360308517081,-10.534272184687,"spike",4,1297
-2.38361699117402,-2.94855902442404,-10.4930394852906,"spike",4,1298
-2.38361699117402,-2.94855902442404,-10.4930394852906,"spike",4,1299
-2.38361699117402,-2.94855902442404,-10.4930394852906,"spike",4,1300
-2.38361699117402,-2.94855902442404,-10.4930394852906,"spike",4,1301
-2.61760561685383,-3.08680991261885,-10.347521070337,"spike",4,1302
-2.42218129500884,-2.69932614136973,-10.4346538123845,"spike",4,1303
-1.66902817224021,-2.62869808154451,-10.7750479046327,"spike",4,1304
-1.98239701717028,-2.75843547379979,-10.3481645156829,"spike",4,1305
-1.98239701717028,-2.75843547379979,-10.3481645156829,"spike",4,1306
-2.92605234713414,-2.92681727582846,-10.6233148041981,"spike",4,1307
-3.06356916935894,-2.77205508451013,-11.2045898639686,"spike",4,1308
-1.89291813123931,-2.8107936691631,-11.052919579215,"spike",4,1309
-3.02421439271033,-2.91962400753359,-10.761293285981,"spike",4,1310
-3.02421439271033,-2.91962400753359,-10.761293285981,"spike",4,1311
-2.43737646571727,-3.07689390790304,-10.4359357503973,"spike",4,1312
-2.43737646571727,-3.07689390790304,-10.4359357503973,"spike",4,1313
-2.53591362939852,-3.15146846425785,-10.5291567992987,"spike",4,1314
-2.13172587076048,-2.79731887131778,-10.7164202450983,"spike",4,1315
-2.13172587076048,-2.79731887131778,-10.7164202450983,"spike",4,1316
-2.405715645675,-2.88192770257185,-10.7282759920307,"spike",4,1317
-2.405715645675,-2.88192770257185,-10.7282759920307,"spike",4,1318
-2.91032994996531,-2.82065729885439,-11.1449431179444,"spike",4,1319
-2.91032994996531,-2.82065729885439,-11.1449431179444,"spike",4,1320
-2.81782498151407,-2.7646031714123,-10.7916993328859,"spike",4,1321
-2.77084105707668,-2.80749840558463,-10.7918113979663,"spike",4,1322
-2.77084105707668,-2.80749840558463,-10.7918113979663,"spike",4,1323
-2.53461518894512,-2.94474674495167,-10.3050946131196,"spike",4,1324
-2.53461518894512,-2.94474674495167,-10.3050946131196,"spike",4,1325
-2.08680553125039,-2.81633389153848,-11.2819807849334,"spike",4,1326
-2.31913537510618,-2.69399030942917,-10.8935809559782,"spike",4,1327
-2.31913537510618,-2.69399030942917,-10.8935809559782,"spike",4,1328
-2.41479230787703,-2.75448915547809,-10.5107091034442,"spike",4,1329
-2.41479230787703,-2.75448915547809,-10.5107091034442,"spike",4,1330
-2.41479230787703,-2.75448915547809,-10.5107091034442,"spike",4,1331
-2.56522318026994,-2.96676607194948,-10.0577614285463,"spike",4,1332
-2.56522318026994,-2.96676607194948,-10.0577614285463,"spike",4,1333
-2.56522318026994,-2.96676607194948,-10.0577614285463,"spike",4,1334
-2.26817882108886,-2.97366837592417,-10.162299966134,"spike",4,1335
-2.26817882108886,-2.97366837592417,-10.162299966134,"spike",4,1336
-2.26567905962851,-2.76767869921365,-10.1473616138127,"spike",4,1337
-3.57219555161562,-2.63957827974231,-11.2488456477857,"spike",4,1338
-2.89486717611235,-2.68724197244845,-11.3967405347333,"spike",4,1339
-2.36812720822085,-2.68272742643411,-11.2507310399352,"spike",4,1340
-2.56364295673325,-2.80149732011869,-10.5100885938155,"spike",4,1341
-2.3266558262321,-2.84980792895535,-10.290727153371,"spike",4,1342
-2.61805493741607,-2.98583657661236,-10.1425332134887,"spike",4,1343
-2.77002279650906,-2.71763496299517,-10.9376186942814,"spike",4,1344
-2.87711243690659,-3.06484113172517,-11.0627462315151,"spike",4,1345
-2.5533388701224,-2.9659740991349,-11.2955508612314,"spike",4,1346
-2.5533388701224,-2.9659740991349,-11.2955508612314,"spike",4,1347
-2.50330334979048,-2.99937546784186,-10.7900689023004,"spike",4,1348
-1.63657694056147,-2.82516908123817,-10.8455711322454,"spike",4,1349
-1.88948427244128,-2.92930377116682,-11.0416377327098,"spike",4,1350
-1.88948427244128,-2.92930377116682,-11.0416377327098,"spike",4,1351
-1.75005810927839,-2.64040802376231,-10.8517632096013,"spike",4,1352
-1.21980233907363,-2.66598359780209,-10.6494504959661,"spike",4,1353
-1.22721368489853,-2.86452099413784,-9.95094869779439,"spike",4,1354
-1.22721368489853,-2.86452099413784,-9.95094869779439,"spike",4,1355
-1.03747755778337,-2.71159027744035,-9.92390720822076,"spike",4,1356
-1.59234661071211,-2.55888840525171,-10.523523520613,"spike",4,1357
-2.83681271753438,-2.82584204526085,-9.99581979761395,"spike",4,1358
-2.57331869031637,-2.97212168925317,-10.5440388853288,"spike",4,1359
-2.57331869031637,-2.97212168925317,-10.5440388853288,"spike",4,1360
-2.57331869031637,-2.97212168925317,-10.5440388853288,"spike",4,1361
-2.57331869031637,-2.97212168925317,-10.5440388853288,"spike",4,1362
-2.4366304618553,-2.98589241033228,-10.3523815263539,"spike",4,1363
-2.4366304618553,-2.98589241033228,-10.3523815263539,"spike",4,1364
-2.4366304618553,-2.98589241033228,-10.3523815263539,"spike",4,1365
-2.4366304618553,-2.98589241033228,-10.3523815263539,"spike",4,1366
-2.4366304618553,-2.98589241033228,-10.3523815263539,"spike",4,1367
-2.80152345246924,-2.98536722189961,-10.0079988112165,"spike",4,1368
-2.03491353208937,-2.84786142004047,-10.1590729068489,"spike",4,1369
-2.91853100084476,-3.15384817978651,-10.1143203516308,"spike",4,1370
-2.16383668828347,-2.93805957662273,-10.9209779198881,"spike",4,1371
-2.16383668828347,-2.93805957662273,-10.9209779198881,"spike",4,1372
-1.81947146009995,-2.64071879567985,-10.5560961059741,"spike",4,1373
-2.55043822422588,-3.0810933964698,-10.3780639571585,"spike",4,1374
-2.14273059223489,-2.82668505134938,-10.7521199099291,"spike",4,1375
-1.91844348690571,-2.54288604527026,-10.8751352887423,"spike",4,1376
-1.30376033535265,-2.40512254698004,-10.6615057862567,"spike",4,1377
-1.30376033535265,-2.40512254698004,-10.6615057862567,"spike",4,1378
-0.843080315911502,-2.26183427211377,-10.8259613875229,"spike",4,1379
-1.31071058009203,-2.30144673046608,-10.7904028867361,"spike",4,1380
-0.659585075371724,-2.12127198065407,-10.5661250310184,"spike",4,1381
-0.658674311888694,-2.28246970395149,-10.8558874344943,"spike",4,1382
-1.02111053645662,-2.39050531465059,-10.5602182702572,"spike",4,1383
-1.02111053645662,-2.39050531465059,-10.5602182702572,"spike",4,1384
-1.92247889141075,-2.76528218112048,-11.0130153162126,"spike",4,1385
-1.41194048206172,-2.70213839979889,-10.5320843118746,"spike",4,1386
-2.3633612761117,-2.91650331014508,-9.96836756149073,"spike",4,1387
-2.43768294302448,-3.00163595973952,-10.1769203289281,"spike",4,1388
-1.98870823887823,-2.96902648260286,-10.5931038474106,"spike",4,1389
-1.98870823887823,-2.96902648260286,-10.5931038474106,"spike",4,1390
-1.98870823887823,-2.96902648260286,-10.5931038474106,"spike",4,1391
-2.26599805715626,-3.01397808357437,-10.7294431796314,"spike",4,1392
-2.26599805715626,-3.01397808357437,-10.7294431796314,"spike",4,1393
-2.49729493837891,-2.90339282419949,-10.5386907444302,"spike",4,1394
-2.81319330185645,-2.90836783425157,-10.6178467667747,"spike",4,1395
-2.54904362020488,-2.77003742064163,-10.8389198630626,"spike",4,1396
-2.54904362020488,-2.77003742064163,-10.8389198630626,"spike",4,1397
-2.54904362020488,-2.77003742064163,-10.8389198630626,"spike",4,1398
-2.54904362020488,-2.77003742064163,-10.8389198630626,"spike",4,1399
-2.54904362020488,-2.77003742064163,-10.8389198630626,"spike",4,1400
-2.54904362020488,-2.77003742064163,-10.8389198630626,"spike",4,1401
-2.54904362020488,-2.77003742064163,-10.8389198630626,"spike",4,1402
-2.54904362020488,-2.77003742064163,-10.8389198630626,"spike",4,1403
-2.54904362020488,-2.77003742064163,-10.8389198630626,"spike",4,1404
-2.78675970629597,-2.78183275729833,-10.7911265238861,"spike",4,1405
-2.88637365321906,-2.85446197766483,-10.7226880100817,"spike",4,1406
-2.99037160323925,-2.81596334940765,-10.6524341563867,"spike",4,1407
-2.45034549244894,-2.76182316086188,-10.9669524868721,"spike",4,1408
-2.91091680086666,-2.78284020834834,-11.0650264667191,"spike",4,1409
-2.91091680086666,-2.78284020834834,-11.0650264667191,"spike",4,1410
-2.61933006681652,-2.97893105052912,-10.8854850037392,"spike",4,1411
-2.61933006681652,-2.97893105052912,-10.8854850037392,"spike",4,1412
-2.61933006681652,-2.97893105052912,-10.8854850037392,"spike",4,1413
-2.61933006681652,-2.97893105052912,-10.8854850037392,"spike",4,1414
-2.61933006681652,-2.97893105052912,-10.8854850037392,"spike",4,1415
-2.61933006681652,-2.97893105052912,-10.8854850037392,"spike",4,1416
-2.8404451784442,-3.01633077829255,-10.8534120610972,"spike",4,1417
-2.82941123931038,-2.94464733097082,-10.1177238518347,"spike",4,1418
-2.82941123931038,-2.94464733097082,-10.1177238518347,"spike",4,1419
-2.82941123931038,-2.94464733097082,-10.1177238518347,"spike",4,1420
-2.85948034086849,-2.89588831427834,-10.1663088411742,"spike",4,1421
-2.85948034086849,-2.89588831427834,-10.1663088411742,"spike",4,1422
-2.85948034086849,-2.89588831427834,-10.1663088411742,"spike",4,1423
-2.85948034086849,-2.89588831427834,-10.1663088411742,"spike",4,1424
-3.06355577906958,-2.84432919466407,-10.9744994825642,"spike",4,1425
-2.88940660834452,-2.97205132779549,-11.281890259707,"spike",4,1426
-2.88940660834452,-2.97205132779549,-11.281890259707,"spike",4,1427
-1.9540504628817,-2.89919393570551,-11.2200447214122,"spike",4,1428
-2.96560828413353,-2.95372254124803,-11.2461871365022,"spike",4,1429
-2.96560828413353,-2.95372254124803,-11.2461871365022,"spike",4,1430
-2.17786315069782,-2.79448596785848,-11.0330051831511,"spike",4,1431
-2.17786315069782,-2.79448596785848,-11.0330051831511,"spike",4,1432
-2.47904148169787,-2.8794165190753,-11.2851576920999,"spike",4,1433
-2.47904148169787,-2.8794165190753,-11.2851576920999,"spike",4,1434
-2.47904148169787,-2.8794165190753,-11.2851576920999,"spike",4,1435
-2.47904148169787,-2.8794165190753,-11.2851576920999,"spike",4,1436
-2.47904148169787,-2.8794165190753,-11.2851576920999,"spike",4,1437
-2.52233307476251,-3.04478363994643,-10.4730799107668,"spike",4,1438
-2.11775078484545,-2.68688826443867,-10.6927231663218,"spike",4,1439
-3.02661258366233,-2.80879670907507,-10.2722110824217,"spike",4,1440
-3.02661258366233,-2.80879670907507,-10.2722110824217,"spike",4,1441
-3.02661258366233,-2.80879670907507,-10.2722110824217,"spike",4,1442
-2.67267577111855,-3.00205736920398,-10.7617490673776,"spike",4,1443
-2.67267577111855,-3.00205736920398,-10.7617490673776,"spike",4,1444
-2.67267577111855,-3.00205736920398,-10.7617490673776,"spike",4,1445
-2.67267577111855,-3.00205736920398,-10.7617490673776,"spike",4,1446
-2.67267577111855,-3.00205736920398,-10.7617490673776,"spike",4,1447
-2.67267577111855,-3.00205736920398,-10.7617490673776,"spike",4,1448
-2.67267577111855,-3.00205736920398,-10.7617490673776,"spike",4,1449
-2.67267577111855,-3.00205736920398,-10.7617490673776,"spike",4,1450
-2.27306455508146,-3.08798499436792,-10.6011466085754,"spike",4,1451
-2.27306455508146,-3.08798499436792,-10.6011466085754,"spike",4,1452
-2.27306455508146,-3.08798499436792,-10.6011466085754,"spike",4,1453
-2.63772798297788,-3.00563337579099,-10.7340454539488,"spike",4,1454
-2.63772798297788,-3.00563337579099,-10.7340454539488,"spike",4,1455
-2.63772798297788,-3.00563337579099,-10.7340454539488,"spike",4,1456
-2.45475031909941,-2.93263730412272,-10.6191290555384,"spike",4,1457
-2.45475031909941,-2.93263730412272,-10.6191290555384,"spike",4,1458
-2.45475031909941,-2.93263730412272,-10.6191290555384,"spike",4,1459
-2.81508385261929,-2.90233180208951,-10.6683852609523,"spike",4,1460
-2.37704906156052,-2.86249821764129,-10.8325003707101,"spike",4,1461
-2.37704906156052,-2.86249821764129,-10.8325003707101,"spike",4,1462
-2.37704906156052,-2.86249821764129,-10.8325003707101,"spike",4,1463
-2.37704906156052,-2.86249821764129,-10.8325003707101,"spike",4,1464
-2.37704906156052,-2.86249821764129,-10.8325003707101,"spike",4,1465
-2.37704906156052,-2.86249821764129,-10.8325003707101,"spike",4,1466
-2.37704906156052,-2.86249821764129,-10.8325003707101,"spike",4,1467
-2.37704906156052,-2.86249821764129,-10.8325003707101,"spike",4,1468
-3.22133758021479,-2.89775216542733,-11.2787459550444,"spike",4,1469
-2.16163041540073,-2.87330741326057,-10.8833239563449,"spike",4,1470
-2.16163041540073,-2.87330741326057,-10.8833239563449,"spike",4,1471
-2.06317915906131,-2.92388897590623,-11.0347015933936,"spike",4,1472
-2.4782232235363,-2.86510471509928,-10.5331629709265,"spike",4,1473
-2.33166226014071,-3.02439778574064,-10.3375003838455,"spike",4,1474
-2.17562002554379,-3.01492891096315,-10.2039836974919,"spike",4,1475
-2.68020950737825,-2.88455126734901,-9.96662466178154,"spike",4,1476
-2.76680194558906,-2.92346027187162,-10.7231152101845,"spike",4,1477
-2.76680194558906,-2.92346027187162,-10.7231152101845,"spike",4,1478
-2.46346881292147,-2.86984152348572,-11.0872634366584,"spike",4,1479
-2.46346881292147,-2.86984152348572,-11.0872634366584,"spike",4,1480
-2.07241949379204,-2.80875127737407,-11.0591617968337,"spike",4,1481
-2.07241949379204,-2.80875127737407,-11.0591617968337,"spike",4,1482
-2.07241949379204,-2.80875127737407,-11.0591617968337,"spike",4,1483
-2.07241949379204,-2.80875127737407,-11.0591617968337,"spike",4,1484
-2.07241949379204,-2.80875127737407,-11.0591617968337,"spike",4,1485
-2.07241949379204,-2.80875127737407,-11.0591617968337,"spike",4,1486
-2.07241949379204,-2.80875127737407,-11.0591617968337,"spike",4,1487
-1.63842720433486,-2.7805958434026,-10.9852428423639,"spike",4,1488
-1.84445390310133,-2.96511985709819,-10.9195027982401,"spike",4,1489
-1.84445390310133,-2.96511985709819,-10.9195027982401,"spike",4,1490
-1.84445390310133,-2.96511985709819,-10.9195027982401,"spike",4,1491
-2.0793288553942,-2.95137000859992,-10.9698308068021,"spike",4,1492
-2.46726630089707,-2.84748891804838,-10.7722443076428,"spike",4,1493
-2.46726630089707,-2.84748891804838,-10.7722443076428,"spike",4,1494
-2.46726630089707,-2.84748891804838,-10.7722443076428,"spike",4,1495
-2.52721518744391,-2.7635355071056,-10.3077353616017,"spike",4,1496
-2.66849500453627,-2.82611664080775,-10.2978618986527,"spike",4,1497
-2.66849500453627,-2.82611664080775,-10.2978618986527,"spike",4,1498
-3.02156769284066,-2.85424169687956,-10.2653482476168,"spike",4,1499
-2.96002327817573,-2.84880047087048,-10.2668098048791,"spike",4,1500
